g default
v 0.245965 2.165026 0.594775
v 0.056245 2.263693 0.594775
v 0.245965 2.263693 0.594775
v 0.245965 2.165026 0.604229
v 0.245965 2.263693 0.604229
v 0.056245 2.263693 0.604229
v -1.100551 1.425954 -0.070420
v -1.100551 1.426309 -0.040052
v -1.108153 1.426221 -0.050333
v -1.108153 1.426043 -0.060140
v -1.123319 1.426309 -0.040052
v -1.123319 1.425954 -0.070420
v -1.116676 1.426043 -0.060140
v -1.116676 1.426221 -0.050333
v -1.108154 1.390802 -0.059946
v -1.108153 1.390980 -0.050140
v -1.103634 1.391000 -0.045205
v -1.103593 1.390782 -0.064836
v -1.116676 1.390980 -0.050140
v -1.116676 1.390802 -0.059946
v -1.121236 1.390782 -0.064836
v -1.121196 1.391000 -0.045205
v -0.924759 1.356011 0.652555
v -0.891684 1.356011 0.635290
v -0.883963 1.356011 0.630791
v -0.796754 1.273589 -0.572801
v -0.781454 1.273589 -0.565215
v -0.774926 1.273548 -0.567396
v -0.786874 1.273577 -0.543457
v -0.789077 1.273589 -0.549977
v -0.804377 1.273589 -0.557563
v -0.810901 1.273621 -0.555372
v -0.798926 1.273601 -0.579332
v -0.861212 1.574227 -0.419937
v -0.860451 1.585350 -0.412063
v -0.856674 1.583887 -0.411435
v -0.856639 1.572993 -0.418559
v -0.861092 1.584791 -0.411430
v -0.861853 1.573668 -0.419304
v -0.856959 1.572665 -0.418084
v -0.857315 1.583328 -0.410802
v -0.987063 1.485825 -0.432552
v -0.999868 1.499187 -0.432552
v -0.993466 1.492505 -0.427139
v -0.987063 1.485825 -0.443241
v -0.993466 1.492505 -0.448654
v -0.999868 1.499187 -0.443241
v -0.053672 0.503649 -0.687500
v -0.139302 0.753181 -0.687500
v 0.001429 0.753561 -0.416891
v 0.092922 0.503649 -0.416891
v 0.432905 0.753561 -0.416896
v 0.584026 0.945081 -0.598368
v 0.234141 0.504045 -0.602689
v 0.231633 0.501423 -0.416882
v -1.362606 1.014050 0.000000
v -1.582041 1.010725 0.000000
v -1.553730 1.010725 -0.211553
v -1.346365 1.014050 -0.209770
v -1.282462 1.010725 -0.621898
v -1.338713 1.014050 -0.380525
v -1.508607 1.010725 -0.380154
v -1.404525 1.010725 -0.531962
v -0.701917 1.057253 -0.569158
v -0.759279 1.209782 -0.567438
v -0.759279 1.209782 0.567439
v -0.701917 1.057253 0.569159
v 0.583282 0.944897 -0.340113
v 0.432796 0.753561 -0.340117
v 0.609599 0.753351 -0.340102
v 0.730738 0.913573 -0.340117
v 0.609611 0.753167 -0.156762
v 0.583907 0.945334 -0.646855
v 0.234640 0.503649 -0.647053
v 0.198916 0.503649 -0.648918
v 0.557539 0.950610 -0.647451
v 0.557539 0.950610 -0.598368
v 0.198916 0.503649 -0.602031
v 0.275828 2.042330 -0.603141
v 0.260181 2.031545 -0.603268
v 0.582302 1.219272 -0.598368
v 0.605905 1.218386 -0.598368
v 0.243253 2.090137 -0.602183
v 0.229806 2.074955 -0.602316
v 0.198056 2.132306 -0.602183
v 0.186828 2.115054 -0.602316
v 0.146687 2.166376 -0.602183
v 0.137981 2.147451 -0.602316
v 0.090256 2.191610 -0.602183
v 0.084322 2.171445 -0.602316
v 0.029866 2.207281 -0.602183
v 0.026897 2.186347 -0.602316
v 0.029866 2.207281 -0.643643
v 0.090256 2.191610 -0.643643
v 0.084322 2.171444 -0.643777
v 0.026897 2.186346 -0.643777
v 0.146687 2.166376 -0.643643
v 0.137981 2.147450 -0.643777
v 0.198056 2.132306 -0.643643
v 0.186828 2.115053 -0.643777
v 0.243253 2.090137 -0.643643
v 0.229806 2.074954 -0.643777
v 0.275828 2.042330 -0.642688
v 0.260181 2.031543 -0.642816
v 0.605905 1.218386 -0.647451
v 0.582302 1.219272 -0.647451
v -0.725105 0.994598 -0.598725
v -0.617093 2.190194 -0.598725
v -0.726458 2.184978 -0.601194
v -0.871880 0.994513 -0.599154
v -0.759206 0.994598 -0.644583
v -0.759206 0.994598 -0.670807
v -0.636151 2.242911 -0.664367
v -0.641132 2.213478 -0.644583
v -0.723022 2.242720 -0.664208
v -0.863662 0.994666 -0.670794
v -0.730484 2.194945 -0.642646
v -0.727124 2.213510 -0.642263
v -0.725105 0.994598 -0.644583
v -0.616965 2.191075 -0.644583
v 0.600482 0.965159 -0.647451
v 0.600482 0.965159 -0.598368
v 0.584029 0.945144 -0.575357
v 0.600482 0.965159 -0.575284
v 0.835947 0.883953 -0.674218
v 0.682439 1.215524 -0.674513
v 0.682439 1.215524 -0.575284
v 0.835149 0.883882 -0.575211
v 0.636932 1.217226 -0.664373
v 0.605905 1.218386 -0.674513
v 0.668708 1.216038 -0.643643
v 0.636932 1.217226 -0.581452
v 0.668708 1.216038 -0.602182
v 0.605905 1.218386 -0.575284
v 1.129626 0.792431 -0.674215
v 1.130563 0.781326 -0.687499
v 0.623031 1.220483 -0.284141
v 0.565785 1.224830 -0.284321
v 0.472319 1.232880 -0.284196
v 0.405566 1.167129 -0.284607
v 0.465715 1.091656 -0.121399
v 0.382970 1.195130 -0.116523
v 0.383043 1.195254 -0.284517
v -0.149826 0.753250 -0.664273
v -0.015702 0.753561 -0.410164
v -0.594894 0.756052 -0.687500
v -0.594893 0.756063 -0.664273
v -0.628740 0.763453 -0.687500
v -0.628740 0.763453 -0.664273
v -0.657652 0.780263 -0.687500
v -0.657652 0.780263 -0.664273
v -0.679391 0.804923 -0.687500
v -0.691721 0.835870 -0.687500
v -0.691716 0.835871 -0.664273
v -0.679391 0.804923 -0.664273
v -0.720678 0.994721 -0.687500
v -0.717268 0.973942 -0.664273
v -0.147574 0.774559 -0.671835
v -0.015702 0.774675 -0.410509
v -0.581905 0.776762 -0.671835
v -0.615436 0.784094 -0.671835
v -0.644078 0.800748 -0.671835
v -0.665615 0.825178 -0.671835
v -0.677830 0.855837 -0.671835
v -0.701265 0.973942 -0.664312
v -0.724861 2.212941 0.601007
v -0.726458 2.184978 0.601195
v -0.724861 2.212941 -0.601007
v -0.777589 2.261592 -0.630363
v -0.777584 2.256780 -0.628850
v -0.777584 2.256780 0.628850
v -0.777589 2.261592 0.630363
v -0.782887 2.261578 -0.630394
v -0.782883 2.255444 -0.628881
v -0.782883 2.255444 0.628881
v -0.756403 2.213341 -0.643062
v -0.756403 2.194945 -0.643428
v -0.763381 2.213172 -0.643861
v -0.763381 2.242873 -0.664336
v -0.762620 2.242791 -0.657895
v -0.762980 2.214477 -0.637648
v -0.763381 2.272139 -0.643007
v -0.762589 2.267505 -0.639882
v -0.763381 2.272139 0.643007
v -0.762589 2.267505 0.639882
v -0.757271 2.267509 -0.639874
v -0.757271 2.267509 0.639875
v -0.756403 2.272139 0.643007
v -0.756403 2.272139 -0.643007
v -0.756403 2.242797 -0.664272
v -0.757301 2.242808 -0.657830
v -0.757662 2.214692 -0.636864
v -0.757641 2.194859 -0.637014
v -0.763381 2.194945 -0.644210
v -0.762959 2.194862 -0.637796
v -0.782788 2.184978 -0.628881
v -0.778965 2.194945 -0.638917
v -0.001721 0.774686 -0.416221
v -0.068532 0.987567 -0.416221
v -0.068532 0.987567 0.416221
v -0.001721 0.774686 0.416221
v -0.141142 0.773918 -0.684309
v -0.199178 0.987567 -0.684309
v -0.581905 0.776762 -0.684309
v -0.702206 1.057253 -0.610641
v -0.702206 1.057253 -0.623067
v -0.703275 0.987567 -0.684309
v -0.153124 1.057100 -0.229616
v -0.153124 1.057100 0.229616
v -0.259391 1.057253 -0.623067
v -0.155804 1.057253 -0.410505
v -0.677830 0.855837 -0.684309
v -0.665615 0.825178 -0.684309
v -0.615436 0.784094 -0.684309
v -0.701614 0.994759 -0.569156
v -0.015702 0.774675 0.410509
v -0.889170 0.994721 -0.580161
v -0.885852 1.010725 -0.666770
v -0.846215 1.227363 -0.580161
v -0.966712 0.994721 -0.569156
v -0.966850 0.994721 -0.580161
v -0.939806 1.227882 -0.580161
v -0.936957 1.209834 -0.562413
v -0.724360 0.994721 -0.569156
v -0.936957 1.209834 0.562413
v -1.299237 0.993401 -0.633381
v -1.170679 0.993401 -0.689322
v -1.273116 0.597369 -0.685803
v 0.407043 1.102489 -0.121425
v 0.353722 1.171742 -0.116549
v 0.342888 1.402354 -0.121240
v 0.429397 1.227152 -0.117986
v 0.319876 1.433718 -0.121240
v 0.382963 1.195118 -0.062941
v 0.247267 1.384796 -0.062704
v 0.247273 1.384800 -0.118086
v 0.429397 1.227115 -0.064991
v 0.290695 1.414529 -0.064892
v 0.340585 1.447252 -0.236124
v 0.224020 1.369498 -0.232217
v 0.195018 1.440354 -0.232605
v 0.205295 1.458787 -0.233180
v 0.258417 1.494161 -0.235479
v 0.279716 1.497538 -0.235971
v -0.565533 1.057100 -0.229616
v -0.565533 1.057100 0.229616
v -0.604027 1.123466 -0.267316
v -0.576805 1.118776 -0.216508
v -0.609779 1.123191 -0.135425
v -0.549566 1.109338 -0.244146
v -0.169749 1.108953 -0.243289
v -0.135206 1.108949 -0.279341
v -0.583937 1.109342 -0.280510
v -0.583594 1.118752 -0.244147
v -0.576805 1.109365 -0.216508
v -0.611166 1.109365 -0.252803
v -0.131763 1.108925 -0.214521
v -0.107212 1.108925 -0.250640
v -0.611326 1.290875 -0.267821
v -0.592934 1.262598 -0.327706
v -0.587627 1.142311 -0.327706
v -0.497034 1.241452 -0.267676
v -0.503903 1.225309 -0.327706
v -0.464330 1.123198 -0.267664
v -0.483458 1.142087 -0.327706
v 0.624745 0.772994 -0.155779
v 0.396890 0.780299 -0.182601
v 0.548058 0.908014 -0.182601
v 0.477019 0.854238 -0.155744
v 0.458177 0.838318 -0.155744
v 0.548058 0.908014 -0.108196
v 0.396890 0.780299 -0.108196
v 0.458177 0.838318 -0.135053
v 0.477019 0.854238 -0.135053
v 0.609684 0.753374 -0.134912
v 0.624643 0.773071 -0.135017
v 0.565646 1.225303 -0.536175
v 0.405410 1.167595 -0.536171
v 0.443164 1.181108 -0.496039
v 0.529681 1.212265 -0.495326
v 0.440418 1.179695 -0.291701
v 0.526975 1.210866 -0.290989
v 0.524162 1.218079 -0.290967
v 0.437559 1.187159 -0.291680
v 0.526618 1.219371 -0.495379
v 0.440016 1.188451 -0.496091
v -1.244369 0.597369 -0.685995
v -1.281183 0.597369 -0.663087
v 0.423508 1.144943 -0.571515
v 0.850560 0.878953 -0.536202
v 0.576917 0.937025 -0.687501
v 0.583914 0.945365 -0.674366
v -1.575368 0.205634 -0.393418
v -1.496502 0.205794 -0.533258
v -1.435251 0.205794 -0.484419
v -1.504098 0.205634 -0.367216
v 1.129447 0.791741 -0.447349
v 0.851261 0.878651 -0.447349
v 0.775402 0.772621 -0.415119
v 0.851261 0.776820 -0.447349
v 0.851261 0.776820 -0.413368
v 0.280809 0.139149 -0.415119
v 0.283077 0.340653 -0.415119
v 0.840599 0.138903 -0.415016
v 0.306729 0.449635 -0.415119
v 0.365348 0.549188 -0.415119
v 0.447410 0.633546 -0.415119
v 0.540752 0.700685 -0.415119
v 0.652014 0.747047 -0.415119
v -0.859760 0.994721 -0.687716
v -0.835933 0.974787 -0.687500
v -0.851064 0.961778 -0.687353
v -0.734769 0.962345 -0.687500
v -0.644078 0.800748 -0.684309
v 0.406345 1.214589 -0.117177
v 0.310648 1.488885 -0.236149
v 0.194023 1.411221 -0.232242
v -0.773506 2.194945 -0.645179
v 0.775402 0.772621 -0.687500
v 0.852867 0.776820 -0.687500
v -0.889178 0.994721 -0.668496
v -0.883967 1.029855 -0.682501
v -0.846373 1.227152 -0.648632
v -0.701526 0.973942 -0.569156
v -0.053672 0.503649 0.687500
v 0.092922 0.503649 0.416891
v 0.001429 0.753561 0.416891
v -0.139302 0.753181 0.687500
v 0.432905 0.753561 0.416896
v 0.231633 0.501423 0.416882
v 0.234141 0.504045 0.602689
v 0.584026 0.945081 0.598368
v -1.346365 1.014050 0.209770
v -1.553730 1.010725 0.211553
v -1.282462 1.010725 0.621898
v -1.404525 1.010725 0.531962
v -1.508607 1.010725 0.380154
v -1.338713 1.014050 0.380526
v 0.583282 0.944897 0.340113
v 0.730738 0.913573 0.340117
v 0.609599 0.753351 0.340102
v 0.432796 0.753561 0.340117
v 0.583907 0.945334 0.646855
v 0.557539 0.950610 0.647451
v 0.198916 0.503649 0.648918
v 0.234640 0.503649 0.647053
v 0.198916 0.503649 0.602031
v 0.557539 0.950610 0.598368
v 0.275828 2.042330 0.603141
v 0.605905 1.218386 0.598368
v 0.582302 1.219272 0.598368
v 0.260181 2.031545 0.603269
v 0.229806 2.074955 0.602317
v 0.243253 2.090137 0.602183
v 0.186828 2.115054 0.602317
v 0.198056 2.132306 0.602183
v 0.137981 2.147451 0.602317
v 0.146687 2.166376 0.602183
v 0.084322 2.171445 0.602317
v 0.090256 2.191610 0.602183
v 0.026897 2.186347 0.602317
v 0.029866 2.207281 0.602183
v 0.029866 2.207281 0.643643
v 0.026897 2.186346 0.643777
v 0.084322 2.171444 0.643777
v 0.090256 2.191610 0.643643
v 0.137981 2.147450 0.643777
v 0.146687 2.166376 0.643643
v 0.186828 2.115053 0.643777
v 0.198056 2.132306 0.643643
v 0.229806 2.074954 0.643777
v 0.243253 2.090137 0.643643
v 0.260181 2.031543 0.642816
v 0.275828 2.042330 0.642688
v 0.582302 1.219272 0.647451
v 0.605905 1.218386 0.647451
v -0.725105 0.994598 0.598725
v -0.871880 0.994513 0.599154
v -0.617093 2.190194 0.598725
v -0.725105 0.994598 0.644583
v -0.616965 2.191075 0.644583
v -0.641132 2.213478 0.644583
v -0.759206 0.994598 0.644583
v -0.636151 2.242911 0.664367
v -0.759206 0.994598 0.670808
v -0.723022 2.242720 0.664208
v -0.727124 2.213510 0.642263
v -0.730484 2.194945 0.642646
v -0.863662 0.994666 0.670794
v 0.600482 0.965159 0.647451
v 0.600482 0.965159 0.598368
v 0.600482 0.965159 0.575284
v 0.584029 0.945144 0.575357
v 0.835947 0.883953 0.674218
v 0.835149 0.883882 0.575211
v 0.682439 1.215524 0.575285
v 0.682439 1.215524 0.674513
v 0.636932 1.217226 0.664373
v 0.605905 1.218386 0.674513
v 0.668708 1.216038 0.643643
v 0.636932 1.217226 0.581452
v 0.605905 1.218386 0.575285
v 1.129626 0.792431 0.674215
v 1.130563 0.781326 0.687499
v 0.623031 1.220483 0.284141
v 0.472319 1.232880 0.284196
v 0.565795 1.224460 0.284287
v 0.405364 1.167339 0.284571
v 0.383043 1.195254 0.284518
v 0.382970 1.195130 0.116523
v 0.465715 1.091656 0.121399
v -0.015702 0.753561 0.410164
v -0.149826 0.753250 0.664273
v -0.594893 0.756063 0.664273
v -0.594894 0.756052 0.687500
v -0.628740 0.763453 0.664273
v -0.628740 0.763453 0.687500
v -0.657652 0.780263 0.664273
v -0.657652 0.780263 0.687500
v -0.679391 0.804923 0.687500
v -0.679391 0.804923 0.664273
v -0.691716 0.835871 0.664273
v -0.691721 0.835870 0.687500
v -0.717268 0.973942 0.664273
v -0.720678 0.994721 0.687500
v -0.147574 0.774559 0.671835
v -0.581905 0.776762 0.671835
v -0.615436 0.784094 0.671835
v -0.644078 0.800748 0.671835
v -0.665615 0.825178 0.671835
v -0.677830 0.855837 0.671835
v -0.701265 0.973942 0.664312
v -0.782887 2.261578 0.630394
v -0.756403 2.213341 0.643062
v -0.756403 2.194945 0.643428
v -0.763381 2.213172 0.643861
v -0.762980 2.214477 0.637648
v -0.762620 2.242791 0.657895
v -0.763381 2.242873 0.664336
v -0.757301 2.242808 0.657830
v -0.756403 2.242797 0.664272
v -0.757662 2.214692 0.636864
v -0.757641 2.194859 0.637014
v -0.763381 2.194945 0.644210
v -0.762959 2.194862 0.637796
v -0.782788 2.184978 0.628881
v -0.778965 2.194945 0.638917
v -0.141142 0.773918 0.684309
v -0.199178 0.987567 0.684309
v -0.581905 0.776762 0.684309
v -0.703275 0.987567 0.684309
v -0.702206 1.057253 0.623067
v -0.702206 1.057253 0.610641
v -0.155804 1.057253 0.410505
v -0.259391 1.057253 0.623067
v -0.677830 0.855837 0.684309
v -0.665615 0.825178 0.684309
v -0.644078 0.800748 0.684309
v -0.615436 0.784094 0.684309
v -0.701614 0.994759 0.569157
v -0.889170 0.994721 0.580161
v -0.846215 1.227363 0.580161
v -0.885852 1.010725 0.666770
v -0.966712 0.994721 0.569157
v -0.939806 1.227882 0.580161
v -0.966850 0.994721 0.580161
v -0.724360 0.994721 0.569157
v 0.353722 1.171742 0.116549
v 0.407043 1.102489 0.121425
v 0.342888 1.402354 0.121240
v 0.429397 1.227152 0.117986
v 0.472346 1.232587 0.119477
v 0.247273 1.384800 0.118087
v 0.247267 1.384796 0.062704
v 0.382963 1.195118 0.062942
v 0.290695 1.414529 0.064892
v 0.429397 1.227115 0.064991
v 0.224020 1.369498 0.232218
v 0.340585 1.447252 0.236124
v 0.319876 1.433718 0.121240
v 0.195018 1.440354 0.232606
v 0.279716 1.497538 0.235972
v 0.258417 1.494161 0.235479
v 0.205295 1.458787 0.233181
v -0.604027 1.123466 0.267316
v -0.609779 1.123191 0.135425
v -0.576805 1.118776 0.216508
v -0.549566 1.109338 0.244147
v -0.583937 1.109342 0.280510
v -0.135206 1.108949 0.279341
v -0.169749 1.108953 0.243290
v -0.583594 1.118752 0.244147
v -0.576805 1.109365 0.216508
v -0.611166 1.109365 0.252803
v -0.107212 1.108925 0.250640
v -0.131763 1.108925 0.214522
v -0.611326 1.290875 0.267821
v -0.587627 1.142311 0.327706
v -0.592934 1.262598 0.327706
v -0.503903 1.225309 0.327706
v -0.497034 1.241452 0.267677
v -0.464330 1.123198 0.267664
v -0.483458 1.142087 0.327706
v 0.624745 0.772994 0.155779
v 0.609599 0.753351 0.156689
v 0.424762 0.804945 0.182601
v 0.462018 0.858153 0.155744
v 0.476167 0.878359 0.155744
v 0.513424 0.931567 0.108196
v 0.476167 0.878359 0.135053
v 0.462018 0.858153 0.135053
v 0.424762 0.804945 0.108196
v 0.609684 0.753374 0.134863
v 0.624643 0.773071 0.135017
v 0.565800 1.224870 0.536180
v 0.529843 1.211792 0.495379
v 0.443275 1.180838 0.496091
v 0.405444 1.167498 0.536176
v 0.440382 1.179830 0.291680
v 0.527008 1.210755 0.290967
v 0.449627 1.189105 0.445941
v 0.449627 1.189105 0.343117
v 0.437559 1.187159 0.291680
v 0.441417 1.185407 0.496091
v 0.483080 1.201681 0.301532
v 0.524162 1.218079 0.290967
v 0.518712 1.213794 0.341037
v 0.485259 1.201218 0.485446
v 0.528020 1.216327 0.495379
v 0.518712 1.213794 0.443861
v 0.483080 1.201681 0.404356
v 0.485259 1.201218 0.382622
v -1.244369 0.597369 0.685995
v -1.273116 0.597369 0.685803
v -1.281183 0.597369 0.663087
v 0.423508 1.144943 0.571515
v 0.850560 0.878953 0.536203
v 0.576917 0.937025 0.687501
v 0.583914 0.945365 0.674366
v -1.575368 0.205634 0.393418
v -1.504098 0.205634 0.367216
v -1.435251 0.205794 0.484419
v -1.496502 0.205794 0.533258
v 1.129447 0.791741 0.447349
v 0.851261 0.878651 0.447349
v 0.775402 0.772621 0.415119
v 0.851261 0.776820 0.413368
v 0.851261 0.776820 0.447349
v 0.280809 0.139149 0.415119
v 0.840599 0.138903 0.415016
v 0.283077 0.340653 0.415119
v 0.306729 0.449635 0.415119
v 0.365348 0.549188 0.415119
v 0.447410 0.633546 0.415119
v 0.540752 0.700685 0.415119
v 0.652014 0.747047 0.415119
v 0.406345 1.214589 0.117177
v 0.194023 1.411221 0.232242
v 0.310648 1.488885 0.236149
v -0.773506 2.194945 0.645179
v 0.852867 0.776820 0.687500
v 0.775402 0.772621 0.687500
v -0.889178 0.994721 0.668496
v -0.846373 1.227152 0.648632
v -0.883967 1.029855 0.682501
v -0.701526 0.973942 0.569157
v 0.472346 1.232587 -0.119476
v -0.723022 2.241709 -0.581459
v -0.723022 2.241709 0.581459
v -0.741050 0.958758 -0.693132
v -0.713438 0.794560 -0.693114
v -0.721169 0.789782 -0.695171
v -0.863135 0.788255 -0.691343
v -0.870089 0.796298 -0.691184
v -0.844743 0.958259 -0.693086
v -0.833402 0.968011 -0.693207
v -0.752509 0.968403 -0.693167
v -0.835408 0.973647 -0.676365
v -0.750360 0.974060 -0.676358
v -0.751996 0.969544 -0.676350
v -0.833727 0.969148 -0.676384
v -0.735724 0.961741 -0.676352
v -0.739895 0.959359 -0.676322
v -0.707138 0.791751 -0.676322
v -0.712088 0.793998 -0.676334
v -0.719436 0.784150 -0.678352
v -0.720734 0.788644 -0.678378
v -0.865593 0.782577 -0.674511
v -0.863551 0.787107 -0.674524
v -0.875975 0.794582 -0.674320
v -0.871198 0.795950 -0.674357
v -0.849902 0.961185 -0.676222
v -0.845705 0.958849 -0.676259
v -0.750047 0.975204 -0.687500
v -0.705987 0.791190 -0.687500
v -0.719203 0.783014 -0.689517
v -0.866210 0.781433 -0.685649
v -0.877283 0.794238 -0.685452
v 1.135915 0.723622 -0.687500
v 1.135915 0.723622 -0.447349
v -0.719383 0.973942 -0.569156
v -0.565533 1.076387 -0.229616
v -0.565533 1.076387 0.229616
v -0.611144 1.076401 0.252825
v -0.611144 1.076401 -0.252825
v -0.169749 1.118420 -0.243290
v -0.131763 1.118397 -0.214795
v -0.930367 0.597369 -0.687001
v 0.306729 0.449635 -0.687500
v 0.283077 0.340653 -0.687500
v 0.234640 0.503649 -0.687500
v 0.365348 0.549188 -0.687500
v 0.447410 0.633546 -0.687500
v 0.544078 0.700685 -0.687500
v 0.652014 0.747047 -0.687500
v 1.135915 0.723622 0.447349
v 1.135915 0.723622 0.687500
v 0.668708 1.216038 0.602183
v -0.719383 0.973942 0.569157
v -0.169749 1.118420 0.243290
v -0.131763 1.118397 0.214795
v 0.513424 0.931567 0.182601
v -0.958424 0.597369 -0.687677
v -0.885064 0.993959 -0.687189
v -0.883832 0.994721 -0.673413
v -0.955826 0.597369 -0.671607
v -0.864852 0.994721 -0.674435
v -0.936165 0.597369 -0.671668
v 0.569778 0.971190 -0.598368
v 0.573608 0.970812 -0.647451
v 0.585895 0.989410 -0.598368
v 0.585895 0.989410 -0.647451
v -1.165919 1.010725 -0.671246
v -1.163964 1.029855 -0.687747
v -1.292091 1.029855 -0.631259
v -1.407855 1.029855 -0.536927
v -1.513441 1.029855 -0.380374
v -1.559001 1.029855 -0.209866
v -1.588127 1.029855 0.000000
v -1.559001 1.029855 0.209866
v -1.513441 1.029855 0.380375
v -1.407855 1.029855 0.536927
v -1.292091 1.029855 0.631260
v -1.163964 1.029855 0.687747
v -1.165919 1.010725 0.671246
v 0.343149 1.402068 -0.202014
v 0.472470 1.232521 -0.202014
v 0.444384 1.463726 -0.202014
v 0.623030 1.220335 -0.202014
v 0.472470 1.232521 0.202014
v 0.623030 1.220335 0.202014
v 0.444384 1.463726 0.202014
v 0.343149 1.402068 0.202014
v 0.338346 1.437816 -0.158618
v 0.403488 1.478757 -0.158607
v 0.403488 1.478757 0.158607
v 0.338346 1.437816 0.158618
v 0.429394 1.227409 -0.284288
v 0.406367 1.214808 -0.284381
v -1.345121 0.895462 -0.518381
v -1.311723 0.993401 -0.535355
v -1.376970 0.894270 -0.515341
v -1.356132 0.866011 -0.506415
v -1.397375 0.869686 -0.505249
v -1.363067 0.843077 -0.490526
v -1.419082 0.849118 -0.490391
v -1.380657 0.827503 -0.472696
v -1.442770 0.832161 -0.471742
v -1.384381 0.816247 -0.449463
v -1.462805 0.820564 -0.447447
v -1.505954 0.812241 -0.380525
v -1.393176 0.809746 -0.380525
v -1.398574 0.809777 -0.209770
v -1.565098 0.814536 -0.206257
v -1.418223 0.809817 0.000000
v -1.592328 0.815759 0.000000
v -1.565098 0.814536 0.206257
v -1.398574 0.809777 0.209770
v -1.505954 0.812241 0.380526
v -1.393176 0.809746 0.380526
v -1.384381 0.816247 0.449463
v -1.462805 0.820564 0.447447
v -1.442770 0.832161 0.471742
v -1.380657 0.827503 0.472696
v -1.419082 0.849118 0.490391
v -1.363067 0.843077 0.490526
v -1.397375 0.869686 0.505249
v -1.356132 0.866011 0.506415
v -1.376970 0.894270 0.515341
v -1.345121 0.895462 0.518381
v -1.311723 0.993401 0.535355
v -0.583915 1.076377 -0.280530
v -0.153124 1.075974 -0.229616
v -0.135178 1.075984 -0.279314
v -0.107185 1.075960 -0.250611
v -0.955002 0.597369 -0.343624
v 0.694253 1.215268 -0.536180
v 0.694253 1.215268 0.536180
v 0.675366 1.187898 0.571512
v 0.571322 1.195827 0.571512
v 0.675366 1.187898 -0.571512
v 0.571322 1.195827 -0.571512
v -0.958424 0.597369 0.687677
v -0.885064 0.993959 0.687189
v -1.170679 0.993401 0.689322
v -1.110293 1.227882 0.650959
v -1.229982 1.227882 0.579374
v -1.110293 1.227882 -0.650959
v 0.234640 0.503649 0.687500
v 0.600482 0.965159 0.674513
v 0.569778 0.971190 0.598368
v 0.613677 1.073082 0.647451
v -0.777959 2.215207 0.640262
v -0.779191 2.241725 0.656508
v -0.779079 2.266500 0.630559
v -1.576250 0.521276 0.187169
v -1.576250 0.597369 0.187169
v -1.598556 0.597369 0.000000
v -1.598556 0.517505 0.000000
v -1.576250 0.521276 -0.187169
v -1.576250 0.597369 -0.187169
v -1.416481 0.597369 0.586236
v -1.446853 0.597369 0.517817
v -1.463797 0.597369 0.541239
v -1.496311 0.597369 0.501026
v -1.572279 0.597369 0.380364
v -1.538010 0.597369 0.357648
v -1.523142 0.597369 0.457818
v -1.625039 0.597369 0.205225
v -1.653480 0.597369 0.000000
v -1.625039 0.597369 -0.205225
v -1.572279 0.597369 -0.380364
v -1.523142 0.597369 -0.457818
v -1.538010 0.597369 -0.357648
v -1.446853 0.597369 -0.517817
v -1.496311 0.597369 -0.501026
v -1.463797 0.597369 -0.541238
v -1.416481 0.597369 -0.586236
v -1.425853 0.276307 0.479788
v -1.487105 0.276307 0.528628
v -1.416297 0.338912 0.485998
v -1.477548 0.338912 0.534838
v -1.406595 0.383564 0.492457
v -1.467601 0.383341 0.542336
v -1.394439 0.426331 0.500658
v -1.455101 0.425218 0.552453
v -1.381462 0.469510 0.508920
v -1.441242 0.467428 0.564165
v -1.398456 0.521276 0.561524
v -1.361031 0.521276 0.522461
v -1.421149 0.521435 0.582260
v -1.338697 0.543508 0.543709
v -1.446853 0.521276 0.517817
v -1.376121 0.543508 0.582771
v -1.488251 0.521106 0.525955
v -1.291430 0.575013 0.597795
v -1.538010 0.521276 0.357648
v -1.317054 0.580719 0.635877
v -1.576407 0.521276 0.393418
v -1.629368 0.521276 0.212965
v -1.660610 0.517505 0.000000
v -1.629368 0.521276 -0.212965
v -1.488251 0.521106 -0.525954
v -1.576407 0.521276 -0.393418
v -1.538010 0.521276 -0.357648
v -1.446853 0.521276 -0.517817
v -1.421149 0.521435 -0.582260
v -1.398456 0.521276 -0.561524
v -1.441242 0.467428 -0.564165
v -1.381462 0.469510 -0.508919
v -1.455101 0.425218 -0.552453
v -1.361031 0.521276 -0.522461
v -1.394439 0.426331 -0.500658
v -1.338697 0.543508 -0.543709
v -1.467601 0.383341 -0.542336
v -1.376121 0.543508 -0.582771
v -1.406595 0.383564 -0.492457
v -1.291430 0.575013 -0.597795
v -1.477548 0.338912 -0.534838
v -1.317054 0.580719 -0.635877
v -1.416297 0.338912 -0.485998
v -1.487105 0.276307 -0.528627
v -1.425853 0.276307 -0.479788
v -0.583915 1.076377 0.280530
v -0.135178 1.075984 0.279315
v -0.107185 1.075960 0.250611
v -0.936165 0.597369 0.671668
v -0.955826 0.597369 0.671607
v -0.955002 0.597369 0.343625
v 0.652014 0.747047 0.687500
v 0.544078 0.700685 0.687500
v 0.447410 0.633546 0.687500
v -0.779079 2.266500 -0.630559
v -0.779191 2.241725 -0.656508
v -0.777959 2.215207 -0.640262
v 0.600482 0.965159 -0.674513
v 0.613677 1.073082 -0.647451
v -0.774233 2.272005 0.633791
v -0.774233 2.272005 -0.633791
v 0.640510 1.071381 -0.674513
v 0.636829 1.040393 -0.674513
v 0.627557 1.007748 -0.674513
v 0.612769 0.983757 -0.674513
v -0.883832 0.994721 0.673413
v -0.864852 0.994721 0.674435
v -0.859760 0.994721 0.687716
v -0.930367 0.597369 0.687001
v 0.573608 0.970812 0.647451
v 0.585895 0.989410 0.598368
v 0.585895 0.989410 0.647451
v 0.429394 1.227409 0.284288
v 0.406367 1.214808 0.284381
v -0.153124 1.075974 0.229616
v 0.640510 1.071381 0.674513
v 0.636829 1.040393 0.674513
v 0.627557 1.007748 0.674513
v 0.612769 0.983757 0.674513
v 0.283077 0.340653 0.687500
v 0.306729 0.449635 0.687500
v 0.365348 0.549188 0.687500
v -0.723022 2.272139 -0.643007
v -0.795979 2.195261 -0.628978
v -0.796074 2.245100 -0.628978
v -0.796074 2.245100 0.628978
v -0.795979 2.195261 0.628978
v -1.374524 0.871849 -0.589489
v -1.405771 0.838062 -0.567956
v -1.440875 0.804198 -0.541233
v -1.478387 0.779081 -0.508499
v -1.519380 0.764402 -0.457669
v -1.568596 0.762047 -0.380483
v -1.519380 0.764402 0.457669
v -1.478387 0.779081 0.508499
v -1.440875 0.804198 0.541233
v -1.405771 0.838062 0.567956
v -1.374524 0.871849 0.589489
v -1.299237 0.993401 0.633381
v -0.843020 0.568550 -0.343624
v -0.842931 0.568819 -0.687344
v -0.774384 0.529543 -0.343624
v -0.774384 0.529543 -0.687500
v -0.729898 0.490987 -0.343624
v -0.729898 0.490987 -0.687500
v -0.679686 0.429909 -0.681598
v -0.679613 0.429781 -0.343624
v -0.642140 0.364058 -0.670401
v -0.642213 0.364185 -0.343624
v -0.620060 0.287401 -0.343624
v -0.617999 0.289571 -0.669890
v -0.606927 0.139149 -0.687500
v -0.620060 0.287401 0.343625
v -0.606927 0.139149 0.687500
v -0.617999 0.289571 0.669891
v -0.642140 0.364058 0.670401
v -0.642213 0.364185 0.343625
v -0.679613 0.429781 0.343625
v -0.679686 0.429909 0.681598
v -0.729898 0.490987 0.343625
v -0.729898 0.490987 0.687500
v -0.774384 0.529543 0.343625
v -0.774384 0.529543 0.687500
v -0.842931 0.568819 0.687345
v -0.843020 0.568550 0.343625
v -0.723022 2.272139 0.643007
v -1.351853 0.993401 -0.209770
v -1.368094 0.993401 0.000000
v -1.350173 0.996661 0.000000
v -1.337508 0.996661 -0.209439
v -1.346882 1.010725 0.000000
v -1.344201 0.993401 -0.380525
v -1.332020 1.010725 -0.209434
v -1.321160 0.996661 -0.378576
v -1.315676 1.010725 -0.378525
v -1.287079 0.996661 -0.623503
v -1.169213 0.996661 -0.671194
v 0.300930 2.055336 -0.583367
v 0.326032 2.068343 -0.603141
v 0.265203 2.110049 -0.581452
v 0.326032 2.068343 -0.642688
v 0.287153 2.129960 -0.602183
v 0.216416 2.155567 -0.581452
v 0.300930 2.055336 -0.662462
v 0.160974 2.192339 -0.581452
v 0.265203 2.110049 -0.664373
v 0.287153 2.129960 -0.643643
v 0.216416 2.155567 -0.664373
v 0.234776 2.178829 -0.643643
v 0.234776 2.178829 -0.602183
v 0.175261 2.218302 -0.602183
v 0.175261 2.218302 -0.643643
v 0.160974 2.192339 -0.664373
v 0.100061 2.219577 -0.581452
v 0.109866 2.247543 -0.602183
v 0.034864 2.236495 -0.581452
v 0.039861 2.265710 -0.602183
v -0.723022 2.271538 -0.601553
v 0.109866 2.247543 -0.643643
v 0.039861 2.265710 -0.643643
v 0.100061 2.219577 -0.664373
v 0.034864 2.236496 -0.664373
v -0.773602 2.242751 -0.664479
v -0.772424 2.213592 -0.645939
v -0.214035 1.123543 -0.259523
v -0.133602 1.134054 -0.256895
v -0.221128 1.236198 -0.267279
v -0.494945 1.226247 -0.135425
v -0.140172 1.228670 -0.248866
v -0.084390 1.193135 -0.236174
v -0.092307 1.150604 -0.222633
v -0.219859 1.203988 -0.135425
v -0.140306 1.224413 -0.135425
v -0.082269 1.193437 -0.135425
v -0.140306 1.217773 -0.094730
v -0.113775 1.187763 -0.094730
v -0.083556 1.149580 -0.135425
v -0.131763 1.118397 -0.140703
v -0.117893 1.149580 -0.094730
v -0.131763 1.118397 -0.094124
v -0.131763 1.118397 0.140703
v -0.131763 1.118397 0.094124
v -0.117893 1.149580 0.094731
v -0.083556 1.149580 0.135425
v -0.113775 1.187763 0.094730
v -0.082269 1.193437 0.135425
v -0.140306 1.217773 0.094730
v -0.140306 1.224413 0.135425
v -0.219859 1.203988 0.135425
v -0.084390 1.193135 0.236174
v -0.092307 1.150604 0.222633
v -0.133602 1.134054 0.256895
v -0.140172 1.228670 0.248866
v -0.214035 1.123543 0.259523
v -0.221128 1.236198 0.267279
v -0.494945 1.226247 0.135425
v -1.351853 0.993401 0.209770
v -1.337508 0.996661 0.209439
v -1.344201 0.993401 0.380526
v -1.321160 0.996661 0.378576
v -1.332020 1.010725 0.209434
v -1.315676 1.010725 0.378525
v -1.287079 0.996661 0.623503
v -1.169213 0.996661 0.671194
v 0.300930 2.055336 0.583367
v 0.265203 2.110049 0.581453
v 0.326032 2.068343 0.603141
v 0.216416 2.155567 0.581453
v 0.287153 2.129960 0.602183
v 0.326032 2.068343 0.642688
v 0.160974 2.192339 0.581453
v 0.300930 2.055336 0.662461
v 0.287153 2.129960 0.643643
v 0.265203 2.110049 0.664373
v 0.234776 2.178829 0.602183
v 0.234776 2.178829 0.643643
v 0.216416 2.155567 0.664373
v 0.175261 2.218302 0.602183
v 0.175261 2.218302 0.643643
v 0.160974 2.192339 0.664373
v 0.100061 2.219577 0.581453
v 0.100061 2.219577 0.664373
v 0.034864 2.236495 0.581453
v 0.109866 2.247543 0.602183
v 0.039861 2.265710 0.602183
v -0.723022 2.271538 0.601553
v 0.109866 2.247543 0.643643
v 0.039861 2.265710 0.643643
v 0.034864 2.236496 0.664373
v -0.773602 2.242751 0.664479
v -0.772424 2.213592 0.645939
v 0.430973 1.313111 0.444942
v 0.441385 1.317185 0.432584
v 0.441385 1.317185 0.457301
v 0.430973 1.313111 0.342118
v 0.441385 1.317185 0.329760
v 0.441385 1.317185 0.354477
v -1.446216 0.597369 -0.343624
v -1.449642 0.287401 -0.343624
v 0.640510 1.071381 -0.575284
v 0.636829 1.040393 -0.575284
v 0.627557 1.007748 -0.575284
v 0.612769 0.983758 -0.575284
v 0.612769 0.983758 0.575284
v 0.627557 1.007748 0.575284
v 0.636829 1.040393 0.575285
v 0.640510 1.071381 0.575285
v -1.446216 0.597369 0.343625
v -1.449642 0.287401 0.343625
v -0.458422 1.306772 -0.261641
v -0.506767 1.303022 -0.123020
v -0.503783 1.369584 -0.122494
v -0.419308 1.371284 -0.279316
v -0.402014 1.452968 -0.291253
v -0.458422 1.306772 0.261641
v -0.506767 1.303022 0.123021
v -0.503783 1.369584 0.122494
v -0.419308 1.371284 0.279316
v -0.402014 1.452968 0.291253
v -0.516301 1.425461 -0.119034
v -0.516301 1.425461 0.119034
v -0.532796 1.492446 -0.118194
v -0.426477 1.513896 -0.291304
v -0.532796 1.492446 0.118194
v -0.426477 1.513896 0.291304
v -0.556407 1.578351 -0.116059
v -0.514632 1.596657 -0.277130
v -0.556407 1.578351 0.116059
v -0.514632 1.596657 0.277130
v -0.556535 1.693369 -0.100580
v -0.542918 1.697021 -0.212822
v -0.556535 1.693369 0.100580
v -0.542918 1.697021 0.212822
v -0.657080 1.581280 0.287570
v -0.664663 1.707798 0.227123
v -0.673774 1.706715 0.156772
v -0.672402 1.576342 0.171904
v -0.672402 1.576342 -0.171904
v -0.673774 1.706715 -0.156772
v -0.664663 1.707798 -0.227123
v -0.657080 1.581280 -0.287570
v -0.656227 1.467222 -0.171904
v -0.639913 1.470966 -0.302938
v -0.627746 1.403856 -0.301648
v -0.643175 1.399369 -0.172521
v -0.656227 1.467222 0.171904
v -0.639913 1.470966 0.302938
v -0.643175 1.399369 0.172521
v -0.627746 1.403856 0.301648
v -0.631725 1.348609 0.173808
v -0.619027 1.356738 0.291060
v -0.612583 1.192156 0.135425
v -0.612583 1.192156 -0.135425
v -0.631725 1.348609 -0.173808
v -0.619027 1.356738 -0.291059
v 0.245965 2.165026 -0.594775
v 0.245965 2.263693 -0.594775
v 0.056245 2.263693 -0.594775
v 0.245965 2.165026 -0.604229
v 0.056245 2.263693 -0.604229
v 0.245965 2.263693 -0.604229
v 0.609955 1.042907 0.598368
v 0.636829 1.040393 0.598368
v 0.627557 1.007748 0.598368
v 0.613677 1.073082 0.598368
v 0.640510 1.071381 0.598368
v 0.640510 1.071381 -0.647451
v 0.609955 1.042907 -0.647451
v 0.636829 1.040393 -0.647451
v 0.600683 1.013400 -0.647451
v 0.374132 1.820836 0.656203
v 0.364472 1.845966 0.656203
v 0.290233 1.760289 0.656202
v 0.320134 1.756673 0.656203
v 0.458342 1.601771 0.656203
v 0.447632 1.629633 0.656203
v 0.367025 1.634691 0.656203
v 0.347283 1.611878 0.656202
v 0.290233 1.760289 0.643232
v 0.364472 1.845966 0.643233
v 0.374132 1.820836 0.643233
v 0.320135 1.756673 0.643233
v 0.367025 1.634692 0.643233
v 0.447632 1.629633 0.643233
v 0.458342 1.601771 0.643233
v 0.347284 1.611878 0.643232
v -0.847033 1.602967 -0.418304
v -0.847033 1.602967 -0.504545
v -0.852654 1.592224 -0.504545
v -0.852654 1.592224 -0.418304
v -1.002434 1.333805 -0.504545
v -1.002434 1.333805 -0.418304
v -0.995940 1.344044 -0.418304
v -0.995940 1.344044 -0.504545
v -0.781010 1.468134 -0.418304
v -0.781010 1.468134 -0.504545
v -0.769333 1.468386 -0.504545
v -0.769333 1.468386 -0.418304
v -1.067584 1.468134 -0.504545
v -1.067584 1.468134 -0.418304
v -1.080135 1.468386 -0.418304
v -1.080135 1.468386 -0.504545
v -0.995940 1.592224 -0.418304
v -0.995940 1.592224 -0.504545
v -1.002434 1.602967 -0.504545
v -1.002434 1.602967 -0.418304
v -0.852654 1.344044 -0.504545
v -0.852654 1.344044 -0.418304
v -0.847033 1.333805 -0.418304
v -0.847033 1.333805 -0.504545
v -1.121236 1.350356 -0.045055
v -1.121196 1.350138 -0.064687
v -1.103634 1.350138 -0.064687
v -1.103593 1.350356 -0.045055
v -1.100551 1.557507 -0.016030
v -1.100551 1.557533 -0.021630
v -1.123319 1.557533 -0.021630
v -1.123319 1.557507 -0.016030
v -1.100551 1.556825 -0.089124
v -1.100551 1.556797 -0.095056
v -1.123319 1.556797 -0.095056
v -1.123319 1.556825 -0.089124
v -0.916267 1.496136 0.671265
v -0.916464 1.358440 0.671380
v -0.926755 1.358440 0.653719
v -0.926559 1.496136 0.653604
v -0.914467 1.356011 0.670216
v -0.924759 1.498687 0.652555
v -0.914467 1.498687 0.670216
v -0.919501 1.356307 0.673150
v -0.929793 1.356307 0.655489
v -0.927234 1.352574 0.653998
v -0.916942 1.352574 0.671659
v -0.929793 1.498391 0.655489
v -0.919501 1.498391 0.673150
v -0.916942 1.502124 0.671659
v -0.927234 1.502124 0.653998
v -0.895408 1.525598 0.645253
v -0.895408 1.527485 0.645253
v -0.894500 1.527485 0.632522
v -0.894500 1.525598 0.632522
v -0.883021 1.527485 0.626942
v -0.883021 1.525598 0.626942
v -0.872449 1.527485 0.634094
v -0.872449 1.525598 0.634094
v -0.873357 1.527485 0.646825
v -0.873357 1.525598 0.646825
v -0.884837 1.527485 0.652404
v -0.884837 1.525598 0.652404
v -0.883974 1.352574 0.627926
v -0.883974 1.356011 0.627926
v -0.873730 1.352574 0.633785
v -0.873730 1.356011 0.633785
v -0.873683 1.352574 0.645587
v -0.873683 1.356011 0.645587
v -0.883089 1.498687 0.627902
v -0.883089 1.502124 0.627902
v -0.873314 1.498687 0.634515
v -0.873314 1.502124 0.634515
v -0.874154 1.498687 0.646286
v -0.874154 1.502124 0.646286
v -0.770403 1.339176 0.274360
v -0.770403 1.339176 0.532869
v -1.075065 1.339176 0.532869
v -1.075065 1.339176 0.274360
v -1.075065 1.345793 0.526749
v -0.770403 1.345793 0.526749
v -0.770403 1.345793 0.281983
v -1.075065 1.345793 0.281983
v -0.894826 1.531733 -0.650547
v -0.903761 1.531733 -0.632163
v -0.903965 1.501342 -0.632262
v -0.895030 1.501342 -0.650647
v -0.892952 1.498913 -0.649636
v -0.901887 1.498913 -0.631252
v -0.892952 1.534284 -0.649636
v -0.901887 1.534284 -0.631252
v -0.898049 1.587219 -0.640750
v -0.896764 1.587219 -0.622725
v -0.896764 1.589105 -0.622725
v -0.898049 1.589105 -0.640750
v -0.880511 1.587219 -0.614825
v -0.880511 1.589105 -0.614825
v -0.865543 1.587219 -0.624951
v -0.865543 1.589105 -0.624951
v -0.866828 1.587219 -0.642977
v -0.866828 1.589105 -0.642977
v -0.883082 1.587219 -0.650876
v -0.883082 1.589105 -0.650876
v -0.871182 1.495476 -0.627692
v -0.871182 1.498913 -0.627692
v -0.880957 1.498913 -0.621079
v -0.880957 1.495476 -0.621079
v -0.872022 1.495476 -0.639464
v -0.872022 1.498913 -0.639464
v -0.871182 1.534284 -0.627692
v -0.871182 1.537721 -0.627692
v -0.880957 1.537721 -0.621079
v -0.880957 1.534284 -0.621079
v -0.872022 1.534284 -0.639464
v -0.872022 1.537721 -0.639464
v -0.898192 1.499208 -0.652183
v -0.895528 1.495476 -0.650889
v -0.904463 1.495476 -0.632504
v -0.907127 1.499208 -0.633799
v -0.907127 1.533988 -0.633799
v -0.904463 1.537721 -0.632504
v -0.895528 1.537721 -0.650889
v -0.898192 1.533988 -0.652183
v -1.059348 1.439403 -0.429092
v -1.052283 1.429629 -0.417080
v -1.044044 1.420821 -0.429092
v -1.051110 1.430595 -0.441105
v -0.961560 1.504535 -0.432587
v -0.984200 1.482839 -0.432587
v -0.984200 1.482839 -0.443206
v -0.961560 1.504535 -0.443206
v -1.002729 1.502175 -0.432587
v -0.980089 1.523870 -0.432587
v -0.980089 1.523870 -0.443206
v -1.002729 1.502175 -0.443206
v -1.055195 1.465596 -0.424456
v -1.039088 1.448787 -0.411015
v -1.028400 1.459029 -0.411015
v -1.044507 1.475838 -0.424456
v -1.055195 1.465596 -0.451338
v -1.044507 1.475838 -0.451338
v -1.039088 1.448787 -0.464779
v -1.028400 1.459029 -0.464779
v -1.022981 1.431978 -0.451338
v -1.012293 1.442220 -0.451338
v -1.022981 1.431978 -0.424456
v -1.012293 1.442220 -0.424456
v 0.936049 0.882467 -0.352740
v 0.925076 0.886677 -0.343711
v 0.944709 0.855787 -0.328550
v 0.950819 0.859227 -0.341335
v 0.964342 0.824896 -0.343711
v 0.965589 0.835988 -0.352740
v 0.972473 0.812102 -0.380312
v 0.971708 0.826364 -0.380275
v 0.964341 0.824898 -0.416914
v 0.965589 0.835988 -0.407811
v 0.944709 0.855787 -0.432074
v 0.950819 0.859227 -0.419216
v 0.925076 0.886678 -0.416913
v 0.936049 0.882467 -0.407811
v 0.916945 0.899473 -0.380312
v 0.929930 0.892092 -0.380275
v 0.936049 0.882467 0.358947
v 0.950819 0.859227 0.347542
v 0.944709 0.855787 0.334757
v 0.925076 0.886677 0.349918
v 0.965589 0.835988 0.358947
v 0.964341 0.824895 0.349918
v 0.971707 0.826364 0.386482
v 0.972473 0.812102 0.386519
v 0.965589 0.835988 0.414018
v 0.964341 0.824898 0.423121
v 0.950819 0.859227 0.425423
v 0.944709 0.855787 0.438281
v 0.936049 0.882467 0.414018
v 0.925076 0.886678 0.423120
v 0.929930 0.892092 0.386482
v 0.916944 0.899473 0.386519
v 0.640510 1.071381 -0.598368
v 0.636829 1.040393 -0.598368
v 0.627557 1.007748 -0.598368
v 0.612769 0.983758 -0.598368
v -1.495505 0.597369 -0.349831
v -1.404348 0.597369 -0.510000
v -1.404348 0.521276 -0.510000
v -1.495505 0.521276 -0.349831
v 0.391169 0.787070 -0.108196
v 0.391169 0.787070 -0.182601
v 0.542337 0.914786 -0.182601
v 0.542337 0.914786 -0.108196
v -1.660610 0.336646 0.000000
v -1.634133 0.337589 -0.122992
v -1.596473 0.337589 -0.122992
v -1.603997 0.336646 0.000000
v -1.634133 0.254427 -0.122992
v -1.660610 0.253485 0.000000
v -1.603997 0.253485 0.000000
v -1.596473 0.254427 -0.122992
v 0.612769 0.983758 0.598368
v -1.495505 0.597369 0.349831
v -1.495505 0.521276 0.349831
v -1.404348 0.521276 0.510000
v -1.404348 0.597369 0.510000
v 0.415803 0.811217 0.182601
v 0.415803 0.811217 0.108196
v 0.504465 0.937840 0.108196
v 0.504465 0.937840 0.182601
v -1.596473 0.337589 0.122992
v -1.634133 0.337589 0.122992
v -1.634133 0.254427 0.122992
v -1.596473 0.254427 0.122992
v 0.600683 1.013400 -0.598368
v 0.609955 1.042907 -0.598368
v 0.613677 1.073082 -0.598368
v 0.612769 0.983757 0.647451
v 0.627557 1.007748 0.647451
v 0.636829 1.040393 0.647451
v 0.640510 1.071381 0.647451
v 0.609955 1.042907 0.647451
v 0.600683 1.013400 0.647451
v -1.568596 0.762047 0.380483
v 0.280809 0.139149 0.687500
v 0.612769 0.983757 -0.647451
v 0.627557 1.007748 -0.647451
v 0.280809 0.139149 -0.687500
v 0.600683 1.013400 0.598368
v 0.374132 1.820836 -0.656203
v 0.320134 1.756673 -0.656203
v 0.290233 1.760289 -0.656202
v 0.364472 1.845966 -0.656203
v 0.458342 1.601771 -0.656203
v 0.347283 1.611878 -0.656202
v 0.367025 1.634691 -0.656203
v 0.447632 1.629633 -0.656203
v 0.290233 1.760289 -0.643232
v 0.320135 1.756673 -0.643233
v 0.374132 1.820836 -0.643233
v 0.364472 1.845966 -0.643233
v 0.367025 1.634692 -0.643233
v 0.347284 1.611878 -0.643232
v 0.458342 1.601771 -0.643233
v 0.447632 1.629633 -0.643233
v -0.834405 1.313487 -0.022785
v -0.834405 1.313487 -0.088350
v -0.825912 1.303365 -0.088350
v -0.825912 1.303365 -0.022785
v -1.105884 1.505203 -0.088350
v -1.105884 1.505203 -0.022785
v -1.130684 1.520114 -0.022785
v -1.130684 1.520114 -0.088350
v -1.019476 1.634039 -0.022785
v -1.019476 1.634039 -0.088350
v -1.033148 1.642378 -0.088350
v -1.033148 1.642378 -0.022785
v -1.113241 1.519633 -0.022785
v -1.071481 1.590647 -0.022785
v -1.071481 1.590647 -0.088350
v -1.113241 1.519633 -0.088350
v -1.028556 1.626665 -0.022785
v -1.028556 1.626665 -0.088350
v -1.036013 1.634755 -0.022785
v -1.036013 1.634755 -0.088350
v -1.080030 1.597821 -0.022785
v -1.080030 1.597821 -0.088350
v -1.122662 1.525297 -0.022785
v -1.122662 1.525297 -0.088350
v -1.019469 1.322184 -0.089102
v -1.019469 1.322184 -0.017362
v -1.023022 1.318622 -0.017362
v -1.023022 1.318622 -0.089102
v -1.114847 1.346926 -0.017362
v -1.117127 1.343064 -0.017362
v -1.117127 1.343064 -0.043413
v -1.114847 1.346926 -0.043413
v -1.117127 1.343064 -0.089102
v -1.114847 1.346926 -0.089102
v -1.114847 1.346926 -0.063051
v -1.117127 1.343064 -0.063051
v -1.096198 1.394007 -0.063051
v -1.098249 1.389778 -0.063051
v -1.098249 1.389778 -0.043413
v -1.096198 1.394007 -0.043413
v -0.552791 2.232122 -0.601941
v -0.552791 2.232122 0.601941
v -0.576928 2.232122 0.601941
v -0.576928 2.232122 -0.601941
v -0.552791 2.256520 -0.601941
v -0.576928 2.256520 -0.601941
v -0.576928 2.256520 0.601941
v -0.552791 2.256520 0.601941
v 0.186628 2.235747 -0.427646
v -0.218929 2.235747 -0.427646
v -0.218929 2.235747 -0.448270
v 0.186628 2.235747 -0.448270
v 0.186628 2.252894 -0.427646
v 0.186628 2.252894 -0.448270
v -0.218929 2.252894 -0.448270
v -0.218929 2.252894 -0.427646
v 0.186628 2.235747 -0.111468
v -0.218928 2.235747 -0.111468
v -0.218928 2.235747 -0.132093
v 0.186628 2.235747 -0.132093
v 0.186628 2.252894 -0.111468
v 0.186628 2.252894 -0.132093
v -0.218928 2.252894 -0.132093
v -0.218928 2.252894 -0.111468
v 0.186628 2.235747 -0.268996
v -0.218928 2.235747 -0.268996
v -0.218928 2.235747 -0.289620
v 0.186628 2.235747 -0.289620
v 0.186628 2.252894 -0.268996
v 0.186628 2.252894 -0.289620
v -0.218928 2.252894 -0.289620
v -0.218928 2.252894 -0.268996
v 0.186628 2.235747 0.268996
v 0.186628 2.235747 0.289621
v -0.218928 2.235747 0.289621
v -0.218928 2.235747 0.268996
v 0.186628 2.252894 0.268996
v -0.218928 2.252894 0.268996
v -0.218928 2.252894 0.289621
v 0.186628 2.252894 0.289621
v -0.391190 2.232122 -0.601941
v -0.391190 2.232122 0.601941
v -0.415326 2.232122 0.601941
v -0.415326 2.232122 -0.601941
v -0.391190 2.256520 -0.601941
v -0.415326 2.256520 -0.601941
v -0.415326 2.256520 0.601941
v -0.391190 2.256520 0.601941
v -0.205686 2.232122 -0.601941
v -0.205686 2.232122 0.601941
v -0.229823 2.232122 0.601941
v -0.229823 2.232122 -0.601941
v -0.205686 2.256520 -0.601941
v -0.229823 2.256520 -0.601941
v -0.229823 2.256520 0.601941
v -0.205686 2.256520 0.601941
v 0.207711 2.232122 -0.571493
v 0.207711 2.232122 0.571493
v 0.183574 2.232122 0.571493
v 0.183574 2.232122 -0.571493
v 0.207711 2.256520 -0.571493
v 0.183574 2.256520 -0.571493
v 0.183574 2.256520 0.571493
v 0.207711 2.256520 0.571493
v -0.729742 2.224948 0.594337
v -0.729742 2.224948 0.569959
v 0.245965 2.224948 0.569959
v 0.245965 2.224948 0.594337
v -0.729742 2.263693 0.594337
v 0.245965 2.263693 0.594337
v 0.245965 2.263693 0.569959
v -0.729742 2.263693 0.569959
v 0.463324 1.884904 -0.786658
v 0.463324 2.103695 -0.786658
v 0.463324 2.103695 -0.659031
v 0.463324 1.884904 -0.659031
v 0.457370 1.876321 -0.666822
v 0.457370 1.876321 -0.778868
v -0.729742 2.224948 -0.594336
v 0.245965 2.224948 -0.594336
v 0.245965 2.224948 -0.569959
v -0.729742 2.224948 -0.569959
v -0.729742 2.263693 -0.594336
v -0.729742 2.263693 -0.569959
v 0.245965 2.263693 -0.569959
v 0.245965 2.263693 -0.594336
v 0.186628 2.235747 0.111468
v 0.186628 2.235747 0.132093
v -0.218928 2.235747 0.132093
v -0.218928 2.235747 0.111468
v 0.186628 2.252894 0.111468
v -0.218928 2.252894 0.111468
v -0.218928 2.252894 0.132093
v 0.186628 2.252894 0.132093
v 0.186628 2.235747 0.427646
v 0.186628 2.235747 0.448271
v -0.218929 2.235747 0.448271
v -0.218929 2.235747 0.427646
v 0.186628 2.252894 0.427646
v -0.218929 2.252894 0.427646
v -0.218929 2.252894 0.448271
v 0.186628 2.252894 0.448271
v -0.789652 1.419127 -0.378124
v -0.814533 1.376031 -0.378124
v -0.852654 1.344044 -0.378124
v -0.781010 1.468134 -0.378124
v -0.899416 1.327024 -0.378124
v -0.789652 1.517141 -0.378124
v -0.949178 1.327024 -0.378124
v -0.814533 1.560237 -0.378124
v -0.995940 1.344044 -0.378124
v -0.852654 1.592224 -0.378124
v -1.034061 1.376031 -0.378124
v -0.899416 1.609244 -0.378124
v -1.058942 1.419127 -0.378124
v -0.949179 1.609244 -0.378124
v -1.067584 1.468134 -0.378124
v -0.995940 1.592224 -0.378124
v -1.034061 1.560237 -0.378124
v -1.058942 1.517141 -0.378124
v -0.891966 1.502124 0.643580
v -0.892085 1.523092 0.643638
v -0.891440 1.523092 0.634592
v -0.891331 1.502124 0.634666
v -0.883284 1.523092 0.630627
v -0.883293 1.502124 0.630759
v -0.875772 1.523092 0.635709
v -0.875891 1.502124 0.635767
v -0.876417 1.523092 0.644755
v -0.876527 1.502124 0.644681
v -0.884574 1.523092 0.648720
v -0.884564 1.502124 0.648588
v -0.891526 1.323615 0.643847
v -0.891648 1.352574 0.644227
v -0.891684 1.352574 0.635290
v -0.890891 1.323615 0.634933
v -0.883963 1.352574 0.630791
v -0.882853 1.323615 0.631026
v -0.876205 1.352574 0.635228
v -0.875451 1.323615 0.636034
v -0.876169 1.352574 0.644165
v -0.876086 1.323615 0.644948
v -0.883891 1.352574 0.648664
v -0.884124 1.323615 0.648855
v -0.891648 1.356011 0.644227
v -0.883891 1.356011 0.648664
v -0.876169 1.356011 0.644165
v -0.876205 1.356011 0.635228
v -1.093681 1.290099 0.535831
v -1.093681 1.290099 0.551147
v -1.107351 1.315395 0.551147
v -1.107351 1.315395 0.535831
v -1.112189 1.340525 0.551147
v -1.112189 1.340525 0.535831
v -1.106790 1.363184 0.551147
v -1.106790 1.363184 0.535831
v -1.093400 1.386808 0.551147
v -1.093400 1.386808 0.535831
v -0.978265 1.387538 0.551147
v -0.978265 1.387538 0.535831
v -0.952702 1.475950 0.551147
v -0.952702 1.475950 0.535831
v -0.941182 1.483882 0.551147
v -0.941182 1.483882 0.535831
v -0.923975 1.487069 0.551147
v -0.923975 1.487069 0.535831
v -0.906666 1.483940 0.551147
v -0.906666 1.483940 0.535831
v -0.894956 1.476115 0.551147
v -0.894956 1.476115 0.535831
v -0.871317 1.387538 0.551147
v -0.871317 1.387538 0.535831
v -0.758818 1.386810 0.551147
v -0.758818 1.386810 0.535831
v -0.744795 1.363188 0.551147
v -0.744795 1.363188 0.535831
v -0.739412 1.340525 0.551147
v -0.739412 1.340525 0.535831
v -0.744690 1.315429 0.551147
v -0.744690 1.315429 0.535831
v -0.758517 1.290208 0.551147
v -0.758517 1.290208 0.535831
v -0.758517 1.290208 -0.546754
v -0.758517 1.290208 -0.531438
v -0.853600 1.290177 -0.531438
v -1.093681 1.290099 -0.546754
v -0.997746 1.290130 -0.531438
v -1.093681 1.290099 -0.531438
v -0.806576 1.341512 0.535831
v -0.806576 1.341512 -0.531438
v -0.806576 1.311161 -0.531438
v -0.806576 1.311161 0.535831
v -0.776225 1.311161 -0.531438
v -0.776225 1.311161 0.535831
v -0.776225 1.341512 -0.531438
v -0.776225 1.341512 0.535831
v -1.070670 1.341512 0.535831
v -1.070670 1.341512 -0.531438
v -1.070670 1.311161 -0.531438
v -1.070670 1.311161 0.535831
v -1.040319 1.311161 -0.531438
v -1.040319 1.311161 0.535831
v -1.040319 1.341512 -0.531438
v -1.040319 1.341512 0.535831
v -0.889198 1.322706 -0.627843
v -0.889198 1.384544 -0.627843
v -0.889834 1.384544 -0.636758
v -0.889834 1.322706 -0.636758
v -0.882432 1.384544 -0.641765
v -0.882432 1.322706 -0.641765
v -0.874394 1.384544 -0.637859
v -0.874394 1.322706 -0.637859
v -0.873758 1.384544 -0.628944
v -0.873758 1.322706 -0.628944
v -0.881161 1.384544 -0.623937
v -0.881161 1.322706 -0.623937
v -0.889198 1.498913 -0.627843
v -0.889198 1.534284 -0.627843
v -0.889834 1.534284 -0.636758
v -0.889834 1.498913 -0.636758
v -0.882432 1.534284 -0.641765
v -0.882432 1.498913 -0.641765
v -0.874394 1.534284 -0.637859
v -0.874394 1.498913 -0.637859
v -0.873758 1.534284 -0.628944
v -0.873758 1.498913 -0.628944
v -0.881161 1.534284 -0.623937
v -0.881161 1.498913 -0.623937
v -0.882855 1.384544 -0.647700
v -0.882855 1.467695 -0.647700
v -0.869465 1.467695 -0.641192
v -0.869466 1.384544 -0.641193
v -0.868407 1.467695 -0.626343
v -0.868407 1.384544 -0.626343
v -0.880737 1.467695 -0.618001
v -0.880737 1.384544 -0.618001
v -0.894127 1.467695 -0.624509
v -0.894127 1.384544 -0.624509
v -0.895186 1.467695 -0.639359
v -0.895186 1.384544 -0.639359
v -0.811225 1.206727 -0.555372
v -0.787268 1.206554 -0.543454
v -0.775351 1.206461 -0.567401
v -0.799293 1.206643 -0.579329
v -0.896779 1.580068 -0.385794
v -0.890403 1.583080 -0.391443
v -0.899292 1.577903 -0.398708
v -0.910378 1.570314 -0.385794
v -0.899993 1.567641 -0.405972
v -0.913097 1.553801 -0.385794
v -0.892097 1.558305 -0.408981
v -0.903343 1.540202 -0.385794
v -0.880228 1.555363 -0.405972
v -0.886830 1.537483 -0.385794
v -0.871339 1.560539 -0.398708
v -0.873231 1.547237 -0.385794
v -0.870638 1.570801 -0.391443
v -0.870512 1.563750 -0.385794
v -0.878534 1.580138 -0.388434
v -0.880266 1.577349 -0.385794
v -0.890449 1.560957 -0.406485
v -0.889032 1.563239 -0.409846
v -0.880046 1.561012 -0.407568
v -0.881464 1.558730 -0.404207
v -0.873317 1.564930 -0.402068
v -0.874735 1.562648 -0.398708
v -0.872786 1.572699 -0.396569
v -0.874203 1.570417 -0.393208
v -0.878764 1.579768 -0.394290
v -0.880181 1.577486 -0.390930
v -0.887749 1.581995 -0.396568
v -0.889167 1.579713 -0.393208
v -0.894478 1.578076 -0.402068
v -0.895896 1.575794 -0.398708
v -0.895010 1.570307 -0.407568
v -0.896427 1.568025 -0.404207
v -0.965624 1.530646 -0.479255
v -0.954189 1.518713 -0.479255
v -0.950643 1.504256 -0.479255
v -0.979917 1.534804 -0.479255
v -0.955260 1.488386 -0.479255
v -0.995969 1.530868 -0.479255
v -0.966008 1.478087 -0.479255
v -1.006716 1.520569 -0.479255
v -0.982060 1.474151 -0.479255
v -1.011333 1.504699 -0.479255
v -1.007788 1.490242 -0.479255
v -0.996352 1.478309 -0.479255
v 0.792137 0.823843 -0.380312
v 0.800270 0.811047 -0.343710
v 0.819902 0.780156 -0.328550
v 0.839535 0.749265 -0.343710
v 0.847667 0.736472 -0.380311
v 0.839534 0.749267 -0.416914
v 0.819902 0.780156 -0.432074
v 0.800270 0.811047 -0.416913
v -1.629368 0.205634 0.212965
v -1.545001 0.205634 0.212965
v -1.660610 0.205634 0.000000
v -1.576243 0.205634 0.000000
v -1.545001 0.205634 -0.212965
v -1.629368 0.205634 -0.212965
v -1.229982 1.227882 -0.579374
v -1.324713 1.227882 -0.504334
v -1.324713 1.227882 0.504334
v -1.408174 1.227882 -0.380374
v -1.408174 1.227882 0.380375
v -1.452856 1.227882 -0.209866
v -1.452856 1.227882 0.209866
v -1.481784 1.227882 0.000000
v -1.060349 1.582756 -0.088350
v -1.060349 1.582756 -0.022785
v -1.012870 1.622596 -0.088350
v -1.012870 1.622596 -0.022785
v -0.954627 1.643794 -0.088350
v -0.954627 1.643794 -0.022785
v -0.892647 1.643794 -0.088350
v -0.892647 1.643794 -0.022785
v -0.834405 1.622596 -0.088350
v -0.834405 1.622596 -0.022785
v -0.786926 1.582756 -0.088350
v -0.786926 1.582756 -0.022785
v -0.755936 1.529080 -0.088350
v -0.755936 1.529080 -0.022785
v -0.745173 1.468041 -0.088350
v -0.745173 1.468042 -0.022785
v -0.755936 1.407003 -0.088350
v -0.755936 1.407003 -0.022785
v -0.786926 1.353327 -0.088350
v -0.786926 1.353327 -0.022785
v -1.119350 1.393194 -0.043413
v -1.119258 1.398039 -0.043413
v -1.132893 1.388405 -0.043413
v -1.137050 1.391950 -0.043413
v -1.142116 1.376492 -0.043413
v -1.147816 1.377884 -0.043413
v -1.146742 1.363200 -0.043413
v -1.141436 1.364736 -0.043413
v -1.134999 1.351015 -0.043413
v -1.131746 1.354441 -0.043413
v -1.131746 1.354441 -0.063051
v -1.134999 1.351015 -0.063051
v -1.141436 1.364736 -0.063051
v -1.146742 1.363200 -0.063051
v -1.142116 1.376492 -0.063051
v -1.147816 1.377884 -0.063051
v -1.137050 1.391950 -0.063051
v -1.132893 1.388405 -0.063051
v -1.119258 1.398039 -0.063051
v -1.119350 1.393194 -0.063051
v -1.082555 1.364229 -0.089102
v -1.080548 1.368878 -0.089102
v -1.098249 1.389778 -0.089102
v -1.096198 1.394007 -0.089102
v -1.119258 1.398039 -0.089102
v -1.119350 1.393194 -0.089102
v -1.137050 1.391950 -0.089102
v -1.132893 1.388405 -0.089102
v -1.147816 1.377884 -0.089102
v -1.142116 1.376492 -0.089102
v -1.146742 1.363200 -0.089102
v -1.141436 1.364736 -0.089102
v -1.134999 1.351015 -0.089102
v -1.131746 1.354441 -0.089102
v 0.334193 1.876321 -0.666822
v 0.334193 1.876321 -0.778868
v 0.266113 2.062840 -0.666822
v 0.266113 2.062840 -0.778868
v 0.392351 2.112278 -0.666822
v 0.392351 2.112278 -0.778868
v 0.454741 2.112278 -0.778868
v 0.454741 2.112278 -0.666822
v -0.897667 1.497118 0.669714
v -0.897667 1.485067 0.669714
v -0.836637 1.485067 0.669714
v -0.834238 1.497118 0.669714
v -0.827702 1.481362 0.669714
v -0.818480 1.490585 0.669714
v -0.823998 1.472427 0.669714
v -0.811947 1.474826 0.669714
v -0.834030 1.383242 0.669714
v -0.821979 1.380843 0.669714
v -0.837734 1.374308 0.669714
v -0.828512 1.365085 0.669714
v -0.846669 1.370603 0.669714
v -0.844270 1.358552 0.669714
v -0.898739 1.370603 0.669714
v -0.898739 1.358552 0.669714
v -0.897667 1.485067 0.609633
v -0.897667 1.497118 0.609634
v -0.834238 1.497118 0.609633
v -0.836637 1.485067 0.609633
v -0.818480 1.490585 0.609633
v -0.827702 1.481362 0.609633
v -0.811947 1.474826 0.609633
v -0.823998 1.472427 0.609633
v -0.821979 1.380843 0.609633
v -0.834030 1.383242 0.609633
v -0.828512 1.365085 0.609633
v -0.837734 1.374308 0.609633
v -0.844270 1.358552 0.609633
v -0.846669 1.370603 0.609633
v -0.898739 1.358552 0.609633
v -0.898739 1.370603 0.609633
v -0.869331 1.383665 -0.662159
v -0.896976 1.383665 -0.662159
v -0.909596 1.383665 -0.647436
v -0.856711 1.383665 -0.647436
v -0.923883 1.383665 -0.570563
v -0.842424 1.383665 -0.570563
v -0.842424 1.387369 -0.561628
v -0.923883 1.387369 -0.561628
v -0.842424 1.396304 -0.557923
v -0.923883 1.396304 -0.557923
v -0.842424 1.456087 -0.557868
v -0.923883 1.456087 -0.557868
v -0.842424 1.465022 -0.561572
v -0.923883 1.465022 -0.561572
v -0.842424 1.468726 -0.570507
v -0.923883 1.468726 -0.570507
v -0.909596 1.468726 -0.646635
v -0.856711 1.468726 -0.646635
v -0.869331 1.468726 -0.661358
v -0.896976 1.468726 -0.661358
v -0.896976 1.371614 -0.662159
v -0.869331 1.371614 -0.662159
v -0.856711 1.371614 -0.647435
v -0.909596 1.371614 -0.647436
v -0.842424 1.371614 -0.568164
v -0.923883 1.371614 -0.568164
v -0.923883 1.378147 -0.552406
v -0.842424 1.378147 -0.552406
v -0.923883 1.393905 -0.545872
v -0.842424 1.393905 -0.545872
v -0.923883 1.458486 -0.545817
v -0.842424 1.458486 -0.545817
v -0.923883 1.474244 -0.552350
v -0.842424 1.474244 -0.552350
v -0.923883 1.480777 -0.568108
v -0.842424 1.480777 -0.568108
v -0.856711 1.480777 -0.646635
v -0.909596 1.480777 -0.646635
v -0.896976 1.480777 -0.661358
v -0.869331 1.480777 -0.661358
v -0.895534 1.483496 -0.602811
v -0.895534 1.495547 -0.602811
v -0.915348 1.495547 -0.621339
v -0.915348 1.483496 -0.621339
v -0.915348 1.495547 -0.644363
v -0.915348 1.483496 -0.644363
v -0.895534 1.495547 -0.662891
v -0.895534 1.483496 -0.662891
v -0.896607 1.369033 -0.662891
v -0.896607 1.356982 -0.662891
v -0.916420 1.356982 -0.644363
v -0.916420 1.369033 -0.644363
v -0.916420 1.356982 -0.621339
v -0.916420 1.369033 -0.621339
v -0.896607 1.356982 -0.602811
v -0.896607 1.369033 -0.602811
v -0.844537 1.369033 -0.602811
v -0.844537 1.369033 -0.662891
v -0.835602 1.372737 -0.662891
v -0.835602 1.372737 -0.602811
v -0.842138 1.356982 -0.662891
v -0.842138 1.356982 -0.602811
v -0.826379 1.363515 -0.602811
v -0.826379 1.363515 -0.662891
v -1.043777 1.368497 -0.504545
v -1.034061 1.376031 -0.504545
v -1.070763 1.415236 -0.504545
v -1.058942 1.419127 -0.504545
v -0.778705 1.415236 -0.504545
v -0.789652 1.419127 -0.504545
v -0.805690 1.368497 -0.504545
v -0.814533 1.376031 -0.504545
v -0.897749 1.621426 -0.418304
v -0.899416 1.609244 -0.418304
v -0.951719 1.621426 -0.418304
v -0.949179 1.609244 -0.418304
v -0.899416 1.609244 -0.504545
v -0.897749 1.621426 -0.504545
v -0.949179 1.609244 -0.504545
v -0.951719 1.621426 -0.504545
v -0.789652 1.419127 -0.418304
v -0.778705 1.415236 -0.418304
v -0.814533 1.376031 -0.418304
v -0.805690 1.368497 -0.418304
v -1.100551 1.468626 -0.016030
v -1.123319 1.468626 -0.016030
v -1.100551 1.445444 -0.021715
v -1.123319 1.445444 -0.021715
v -1.123319 1.468568 -0.021630
v -1.100551 1.468568 -0.021630
v -1.123318 1.447335 -0.026424
v -1.100551 1.447335 -0.026424
v -1.123319 1.431068 -0.041992
v -1.100551 1.431068 -0.041992
v -1.123319 1.430833 -0.068841
v -1.100551 1.430833 -0.068841
v -1.123318 1.443975 -0.083054
v -1.100551 1.443975 -0.083054
v -1.123319 1.467860 -0.089124
v -1.100551 1.467860 -0.089124
v -1.123319 1.467916 -0.095057
v -1.100551 1.467916 -0.095057
v -1.123319 1.442469 -0.087654
v -1.100551 1.442469 -0.087654
v -0.891966 1.498687 0.643580
v -0.891331 1.498687 0.634666
v -0.883293 1.498687 0.630759
v -0.875891 1.498687 0.635767
v -0.876527 1.498687 0.644681
v -0.884564 1.498687 0.648588
v -1.075065 1.422311 0.274360
v -1.030873 1.422311 0.274360
v -0.976225 1.360572 0.274360
v -0.869243 1.360572 0.274360
v -0.814594 1.422311 0.274360
v -0.770403 1.422311 0.274360
v -0.770403 1.422311 0.281983
v -0.814594 1.422311 0.281983
v -0.869243 1.360572 0.281983
v -0.976225 1.360572 0.281983
v -1.030873 1.422311 0.281983
v -1.075065 1.422311 0.281983
v -1.075065 1.422311 0.526749
v -1.030873 1.422311 0.526749
v -0.976225 1.360572 0.526749
v -0.869243 1.360572 0.526749
v -0.814594 1.422311 0.526749
v -0.770403 1.422311 0.526749
v -0.770403 1.422311 0.532869
v -0.814594 1.422311 0.532869
v -0.869243 1.360572 0.532869
v -0.976225 1.360572 0.532869
v -1.030873 1.422311 0.532869
v -1.075065 1.422311 0.532869
v -0.853600 1.290177 0.535831
v -0.997746 1.290130 0.535831
v -1.107351 1.315395 -0.546754
v -1.107351 1.315395 -0.531438
v -1.112189 1.340525 -0.546754
v -1.112189 1.340525 -0.531438
v -1.106790 1.363184 -0.546754
v -1.106790 1.363184 -0.531438
v -1.093400 1.386808 -0.546754
v -1.093400 1.386808 -0.531438
v -0.978265 1.387538 -0.546754
v -0.978265 1.387538 -0.531438
v -0.952702 1.475950 -0.546754
v -0.952702 1.475950 -0.531438
v -0.941182 1.483882 -0.546754
v -0.941182 1.483882 -0.531438
v -0.923975 1.487069 -0.546754
v -0.923975 1.487069 -0.531438
v -0.906666 1.483940 -0.546754
v -0.906666 1.483940 -0.531438
v -0.894956 1.476115 -0.531438
v -0.894956 1.476115 -0.546754
v -0.871317 1.387538 -0.546754
v -0.871317 1.387538 -0.531438
v -0.758818 1.386810 -0.546754
v -0.758818 1.386810 -0.531438
v -0.744795 1.363188 -0.546754
v -0.744795 1.363188 -0.531438
v -0.739412 1.340525 -0.546754
v -0.739412 1.340525 -0.531438
v -0.744690 1.315430 -0.546754
v -0.744690 1.315430 -0.531438
v -0.892393 1.547716 -0.625682
v -0.880886 1.547716 -0.620090
v -0.880883 1.580926 -0.620043
v -0.892432 1.580926 -0.625656
v -0.893303 1.547716 -0.638443
v -0.893345 1.580926 -0.638464
v -0.882706 1.547716 -0.645612
v -0.882710 1.580926 -0.645659
v -0.871200 1.547716 -0.640020
v -0.871161 1.580926 -0.640046
v -0.870290 1.547716 -0.627258
v -0.870248 1.580926 -0.627238
v -0.889834 1.537721 -0.636758
v -0.889198 1.537721 -0.627843
v -0.889198 1.547716 -0.627843
v -0.889834 1.547716 -0.636758
v -0.882432 1.537721 -0.641765
v -0.882432 1.547716 -0.641765
v -0.874394 1.537721 -0.637859
v -0.874394 1.547716 -0.637859
v -0.873758 1.537721 -0.628944
v -0.873758 1.547716 -0.628944
v -0.881161 1.537721 -0.623937
v -0.881161 1.547716 -0.623937
v -0.889834 1.467695 -0.636758
v -0.889198 1.467695 -0.627843
v -0.889198 1.495476 -0.627843
v -0.889834 1.495476 -0.636758
v -0.882432 1.467695 -0.641765
v -0.882432 1.495476 -0.641765
v -0.874394 1.467695 -0.637859
v -0.874394 1.495476 -0.637859
v -0.873758 1.467695 -0.628944
v -0.873758 1.495476 -0.628944
v -0.881161 1.467695 -0.623937
v -0.881161 1.495476 -0.623937
v -0.875848 1.584462 -0.377434
v -0.862359 1.565655 -0.377434
v -0.898684 1.588221 -0.377434
v -0.917491 1.574732 -0.377434
v -0.921250 1.551896 -0.377434
v -0.907761 1.533089 -0.377434
v -0.884925 1.529330 -0.377434
v -0.866118 1.542819 -0.377434
v -0.852265 1.571182 -0.414970
v -0.851693 1.571438 -0.415325
v -0.850094 1.567765 -0.409812
v -0.849417 1.567803 -0.409798
v -0.851778 1.563795 -0.403230
v -0.851166 1.563679 -0.402964
v -0.856421 1.560615 -0.398189
v -0.856046 1.560337 -0.397666
v -0.863686 1.559514 -0.396954
v -0.863785 1.559164 -0.396350
v -0.873518 1.561809 -0.401863
v -0.873836 1.561509 -0.401368
v -0.852940 1.582015 -0.407958
v -0.850867 1.578827 -0.403184
v -0.852504 1.574953 -0.396762
v -0.857075 1.571817 -0.391790
v -0.864280 1.570723 -0.390560
v -0.874099 1.573014 -0.395462
v -0.852367 1.582271 -0.408312
v -0.850190 1.578864 -0.403170
v -0.851892 1.574838 -0.396496
v -0.856700 1.571539 -0.391266
v -0.864380 1.570373 -0.389956
v -0.874416 1.572715 -0.394967
v -1.007788 1.490242 -0.466775
v -1.011333 1.504699 -0.466775
v -0.996352 1.478309 -0.466775
v -0.982060 1.474151 -0.466775
v -0.966008 1.478087 -0.466775
v -0.955260 1.488386 -0.466775
v -0.950643 1.504256 -0.466775
v -0.954189 1.518713 -0.466775
v -0.965624 1.530646 -0.466775
v -0.979917 1.534804 -0.466775
v -0.995969 1.530868 -0.466775
v -1.006716 1.520569 -0.466775
v -0.971780 1.513301 -0.398861
v -0.968743 1.500915 -0.398861
v -0.968743 1.500915 -0.466775
v -0.971780 1.513301 -0.466775
v -0.984026 1.516863 -0.398861
v -0.984026 1.516863 -0.466775
v -0.993234 1.508040 -0.398861
v -0.993234 1.508040 -0.466775
v -0.990196 1.495654 -0.398861
v -0.990196 1.495654 -0.466775
v -0.977951 1.492092 -0.398861
v -0.977951 1.492092 -0.466775
v -1.009919 1.489642 -0.432518
v -1.003474 1.482916 -0.427139
v -1.009919 1.489642 -0.443275
v -1.003474 1.482916 -0.448654
v -0.997028 1.476189 -0.443275
v -0.997028 1.476189 -0.432518
v -1.047689 1.457763 -0.445074
v -1.039088 1.448787 -0.452251
v -1.056067 1.432299 -0.452251
v -1.064668 1.441274 -0.445074
v -1.047689 1.457763 -0.430719
v -1.064668 1.441274 -0.430719
v -1.039088 1.448787 -0.423542
v -1.056067 1.432299 -0.423542
v -1.030487 1.439811 -0.430719
v -1.047466 1.423323 -0.430719
v -1.030487 1.439811 -0.445074
v -1.047466 1.423323 -0.445074
v -1.012075 1.491891 -0.445074
v -1.003474 1.482916 -0.452251
v -1.028400 1.459029 -0.452251
v -1.037001 1.468005 -0.445074
v -1.012075 1.491891 -0.430719
v -1.037001 1.468005 -0.430719
v -1.003474 1.482916 -0.423542
v -1.028400 1.459029 -0.423542
v -0.994873 1.473940 -0.430719
v -1.019799 1.450054 -0.430719
v -0.994873 1.473940 -0.445074
v -1.019799 1.450054 -0.445074
v 0.800270 0.811047 0.349918
v 0.792137 0.823843 0.386519
v 0.819902 0.780156 0.334757
v 0.839535 0.749265 0.349918
v 0.847667 0.736472 0.386519
v 0.839534 0.749267 0.423121
v 0.819902 0.780156 0.438281
v 0.800269 0.811047 0.423120
v -1.620932 0.762102 -0.205140
v -1.648906 0.762161 0.000000
v -1.620932 0.762102 0.205140
v 1.127267 0.792055 -0.151624
v 0.766385 0.742375 -0.151624
v 0.766385 0.742375 0.154358
v 1.127267 0.792055 0.154358
v 1.142489 0.778297 -0.151624
v 1.142489 0.778297 0.154358
v 1.141752 0.672418 -0.151624
v 1.141752 0.672418 0.154358
v 0.766385 0.622741 -0.151624
v 0.766385 0.622740 0.154358
v 1.037143 0.756234 -0.414652
v 1.023289 0.732237 -0.414652
v 1.023289 0.732237 -0.151624
v 1.037143 0.756234 -0.151624
v 1.064853 0.756234 -0.414652
v 1.064853 0.756234 -0.151624
v 1.078707 0.732237 -0.414652
v 1.078708 0.732237 -0.151624
v 1.064853 0.708240 -0.414652
v 1.064853 0.708240 -0.151624
v 1.037143 0.708240 -0.414652
v 1.037143 0.708240 -0.151624
v 1.037143 0.756234 0.154358
v 1.023288 0.732237 0.154358
v 1.023289 0.732237 0.417386
v 1.037143 0.756234 0.417386
v 1.064853 0.756234 0.154358
v 1.064853 0.756234 0.417386
v 1.078707 0.732237 0.154358
v 1.078708 0.732237 0.417386
v 1.064853 0.708240 0.154358
v 1.064853 0.708240 0.417386
v 1.037143 0.708240 0.154358
v 1.037143 0.708240 0.417386
v -1.082855 1.601640 -0.088350
v -1.082855 1.601640 -0.022785
v -0.956922 1.656807 -0.088350
v -0.956922 1.656807 -0.022785
v -0.890353 1.656807 -0.088350
v -0.890353 1.656807 -0.022785
v -0.827799 1.634039 -0.088350
v -0.827799 1.634039 -0.022785
v -0.776804 1.591249 -0.088350
v -0.776804 1.591249 -0.022785
v -0.743519 1.533599 -0.088350
v -0.743519 1.533599 -0.022785
v -0.731960 1.468041 -0.088350
v -0.731960 1.468042 -0.022785
v -0.743519 1.402484 -0.088350
v -0.743519 1.402484 -0.022785
v -0.776804 1.344833 -0.088350
v -0.776804 1.344833 -0.022785
v -1.134999 1.351015 -0.017362
v -1.131746 1.354441 -0.017362
v -1.146742 1.363200 -0.017362
v -1.141436 1.364736 -0.017362
v -1.147816 1.377884 -0.017362
v -1.142116 1.376492 -0.017362
v -1.137050 1.391950 -0.017362
v -1.132893 1.388405 -0.017362
v -1.119258 1.398039 -0.017362
v -1.119350 1.393194 -0.017362
v -1.096198 1.394007 -0.017362
v -1.098249 1.389778 -0.017362
v -1.080548 1.368878 -0.017362
v -1.082555 1.364229 -0.017362
v -0.917480 1.497118 0.628162
v -0.917480 1.485067 0.628162
v -0.917480 1.497118 0.651185
v -0.917480 1.485067 0.651185
v -0.918553 1.358552 0.651185
v -0.918553 1.370603 0.651185
v -0.918553 1.358552 0.628162
v -0.918553 1.370603 0.628162
v -0.834505 1.483496 -0.662891
v -0.832106 1.495547 -0.662891
v -0.825570 1.479792 -0.662891
v -0.816348 1.489014 -0.662891
v -0.821865 1.470857 -0.662891
v -0.809814 1.473256 -0.662891
v -0.831897 1.381672 -0.662891
v -0.819846 1.379273 -0.662891
v -0.832106 1.495547 -0.602811
v -0.834505 1.483496 -0.602811
v -0.816348 1.489014 -0.602811
v -0.825570 1.479792 -0.602811
v -0.809814 1.473256 -0.602811
v -0.821865 1.470857 -0.602811
v -0.819846 1.379273 -0.602811
v -0.831897 1.381672 -0.602811
v 0.334193 1.876321 0.666822
v 0.457370 1.876321 0.666822
v 0.457370 1.876321 0.778868
v 0.334193 1.876321 0.778868
v 0.266113 2.062840 0.666822
v 0.266113 2.062840 0.778868
v 0.392351 2.112278 0.666822
v 0.392351 2.112278 0.778868
v 0.454741 2.112278 0.778868
v 0.454741 2.112278 0.666822
v 0.463324 2.103695 0.786658
v 0.463324 2.103695 0.659031
v 0.394823 2.104059 0.659031
v 0.276393 2.057648 0.659031
v 0.463324 1.884904 0.659031
v 0.340777 1.884904 0.659031
v 0.463324 1.884904 0.786658
v 0.340777 1.884904 0.786659
v 0.394823 2.104059 0.786658
v 0.276393 2.057648 0.786658
v -0.911728 1.385235 0.654258
v -0.899109 1.385235 0.668981
v -0.871464 1.385235 0.668981
v -0.858844 1.385235 0.654258
v -0.926016 1.385235 0.577385
v -0.844556 1.385235 0.577385
v -0.844556 1.388940 0.568450
v -0.926016 1.388940 0.568450
v -0.844556 1.397875 0.564746
v -0.926016 1.397875 0.564746
v -0.844556 1.457657 0.564690
v -0.926016 1.457657 0.564690
v -0.844556 1.466592 0.568394
v -0.926016 1.466592 0.568394
v -0.844556 1.470297 0.577330
v -0.926016 1.470297 0.577330
v -0.911728 1.470297 0.653457
v -0.858844 1.470297 0.653457
v -0.871463 1.470297 0.668180
v -0.899108 1.470297 0.668180
v -0.858844 1.373184 0.654258
v -0.871464 1.373184 0.668981
v -0.899109 1.373184 0.668981
v -0.911728 1.373184 0.654258
v -0.844556 1.373184 0.574986
v -0.926016 1.373184 0.574986
v -0.926016 1.379717 0.559228
v -0.844556 1.379717 0.559228
v -0.926016 1.395476 0.552695
v -0.844556 1.395476 0.552695
v -0.926016 1.460056 0.552639
v -0.844556 1.460056 0.552639
v -0.926016 1.475814 0.559172
v -0.844556 1.475814 0.559172
v -0.926016 1.482347 0.574931
v -0.844556 1.482347 0.574931
v -0.858844 1.482347 0.653457
v -0.911728 1.482347 0.653457
v -0.899108 1.482347 0.668180
v -0.871463 1.482347 0.668180
v -0.929352 1.443296 -0.440095
v -0.938286 1.446996 -0.440095
v -0.938286 1.446996 -0.446922
v -0.929352 1.443296 -0.446922
v -0.919242 1.443296 -0.440095
v -0.919242 1.443296 -0.446922
v -0.910308 1.446996 -0.440095
v -0.910308 1.446996 -0.446922
v -0.903159 1.454145 -0.440095
v -0.903159 1.454145 -0.446922
v -0.899459 1.463079 -0.440095
v -0.899459 1.463079 -0.446922
v -0.899459 1.473189 -0.440095
v -0.899459 1.473189 -0.446922
v -0.903159 1.482123 -0.440095
v -0.903159 1.482123 -0.446922
v -0.910308 1.489272 -0.440095
v -0.910308 1.489272 -0.446922
v -0.919242 1.492973 -0.440095
v -0.919242 1.492973 -0.446922
v -0.929352 1.492973 -0.440095
v -0.929352 1.492973 -0.446922
v -0.938286 1.489272 -0.440095
v -0.938286 1.489272 -0.446922
v -0.945435 1.482123 -0.440095
v -0.945435 1.482123 -0.446922
v -0.949136 1.473189 -0.440095
v -0.949136 1.473189 -0.446922
v -0.949136 1.463079 -0.440095
v -0.949136 1.463079 -0.446922
v -0.945435 1.454145 -0.440095
v -0.945435 1.454145 -0.446922
v -0.934684 1.478521 -0.392751
v -0.924297 1.482823 -0.392751
v -0.924297 1.482823 -0.440095
v -0.934684 1.478521 -0.440095
v -0.938986 1.468134 -0.392751
v -0.938986 1.468134 -0.440095
v -0.934684 1.457747 -0.392751
v -0.934684 1.457747 -0.440095
v -0.924297 1.453445 -0.392751
v -0.924297 1.453445 -0.440095
v -0.913910 1.457748 -0.392751
v -0.913910 1.457748 -0.440095
v -0.909608 1.468134 -0.392751
v -0.909608 1.468134 -0.440095
v -0.913910 1.478521 -0.392751
v -0.913910 1.478521 -0.440095
v -1.309346 0.580445 -0.620941
v -1.304514 0.583977 -0.635785
v -1.303887 0.586666 -0.636952
v -1.303468 0.598291 -0.634384
v -1.319342 0.567013 -0.592317
v -1.347905 0.623734 -0.478131
v -1.327332 0.561708 -0.584461
v -1.354668 0.544429 -0.556584
v -1.367865 0.532707 -0.546972
v -1.292575 0.627033 -0.660770
v -1.300742 0.598291 -0.643436
v -1.295358 0.598291 -0.661319
v -1.275009 0.662473 -0.669801
v -1.255858 0.705323 -0.673648
v -1.188515 0.994887 -0.670400
v -1.188646 0.994322 -0.672943
v -1.187894 0.997582 -0.655343
v -1.185889 1.006470 -0.481908
v -1.187304 1.000119 -0.654960
v -1.185887 1.006212 -0.654978
v -1.185889 1.006470 -0.361160
v -1.416384 0.623734 -0.362495
v -1.457333 0.623734 -0.210819
v -1.185890 1.006470 -0.202777
v -1.490326 0.510542 -0.362687
v -1.355613 0.791003 0.000000
v -1.185890 1.006470 0.000000
v -1.185890 1.006470 0.202777
v -1.531275 0.510542 -0.211011
v -1.457333 0.623734 0.210819
v -1.185889 1.006470 0.361161
v -1.487371 0.623734 -0.007437
v -1.561342 0.510542 -0.007437
v -1.486273 0.623734 0.000000
v -1.560243 0.510542 0.000000
v -1.487371 0.623734 0.007438
v -1.561342 0.510542 0.007438
v -1.566888 0.406565 -0.007437
v -1.531275 0.510542 0.211012
v -1.536821 0.406565 -0.211011
v -1.566888 0.406565 0.007438
v -1.565789 0.406565 0.000000
v -1.576747 0.304086 0.000000
v -1.416384 0.623734 0.362495
v -1.536821 0.406565 0.211012
v -1.490326 0.510542 0.362687
v -1.347905 0.623734 0.478131
v -1.185889 1.006470 0.481908
v -1.185887 1.006212 0.654978
v -1.187304 1.000119 0.654960
v -1.187894 0.997582 0.655343
v -1.255858 0.705323 0.673648
v -1.188515 0.994887 0.670400
v -1.188646 0.994322 0.672943
v -1.275009 0.662473 0.669801
v -1.292575 0.627033 0.660770
v -1.295358 0.598291 0.661319
v -1.300742 0.598291 0.643436
v -1.303468 0.598291 0.634384
v -1.319342 0.567013 0.592317
v -1.309346 0.580445 0.620941
v -1.303887 0.586666 0.636952
v -1.304514 0.583977 0.635785
v -1.327332 0.561708 0.584461
v -1.354668 0.544429 0.556584
v -1.367865 0.532707 0.546972
v -1.421847 0.510542 0.478323
v -1.379697 0.522197 0.538354
v -1.387820 0.509717 0.538426
v -1.382796 0.488639 0.519200
v -1.383987 0.485252 0.518174
v -1.389826 0.470058 0.513063
v -1.392283 0.462514 0.510974
v -1.495872 0.406565 0.362687
v -1.427393 0.406565 0.478323
v -1.401758 0.427075 0.503265
v -1.403705 0.420432 0.501647
v -1.407312 0.406533 0.498734
v -1.410145 0.396744 0.496919
v -1.413703 0.384451 0.494639
v -1.415458 0.377434 0.493617
v -1.424272 0.339833 0.488746
v -1.438350 0.304086 0.478323
v -1.426241 0.328972 0.487925
v -1.430753 0.304074 0.486044
v -1.437410 0.277228 0.485429
v -1.439841 0.260931 0.486692
v -1.460299 0.206697 0.478323
v -1.447927 0.206715 0.490891
v -1.476428 0.206665 0.451100
v -1.506829 0.304086 0.362687
v -1.523794 0.206555 0.371158
v -1.528810 0.206555 0.362687
v -1.541875 0.206555 0.314296
v -1.547778 0.304086 0.211012
v -1.569759 0.206555 0.211012
v -1.569819 0.206555 0.210605
v -1.570504 0.206555 0.205965
v -1.555552 0.205715 0.140828
v -1.577845 0.304086 0.007438
v -1.574572 0.205623 0.000000
v -1.577845 0.304086 -0.007437
v -1.555552 0.205715 -0.140828
v -1.547778 0.304086 -0.211011
v -1.570504 0.206555 -0.205965
v -1.569819 0.206555 -0.210605
v -1.569759 0.206555 -0.211011
v -1.541875 0.206555 -0.314296
v -1.495872 0.406565 -0.362687
v -1.506829 0.304086 -0.362687
v -1.528810 0.206555 -0.362687
v -1.523794 0.206555 -0.371158
v -1.476428 0.206665 -0.451100
v -1.421847 0.510542 -0.478323
v -1.379697 0.522197 -0.538354
v -1.387820 0.509717 -0.538426
v -1.382796 0.488639 -0.519200
v -1.383987 0.485252 -0.518174
v -1.389826 0.470058 -0.513063
v -1.392283 0.462514 -0.510974
v -1.427393 0.406565 -0.478323
v -1.401758 0.427075 -0.503265
v -1.403705 0.420432 -0.501647
v -1.407312 0.406533 -0.498734
v -1.410145 0.396744 -0.496919
v -1.413703 0.384451 -0.494639
v -1.415458 0.377434 -0.493617
v -1.424272 0.339833 -0.488746
v -1.438350 0.304086 -0.478323
v -1.426241 0.328972 -0.487925
v -1.430753 0.304074 -0.486044
v -1.437410 0.277228 -0.485429
v -1.460299 0.206697 -0.478323
v -1.439841 0.260931 -0.486691
v -1.447927 0.206715 -0.490891
v -1.034061 1.376031 -0.418304
v -1.043777 1.368497 -0.418304
v -1.070763 1.415236 -0.418304
v -1.058942 1.419127 -0.418304
v -0.867989 1.573216 -0.394194
v -0.876548 1.583335 -0.390933
v -0.869010 1.595469 -0.408801
v -0.889412 1.586524 -0.394194
v -0.881874 1.598658 -0.412063
v -0.899046 1.580913 -0.402068
v -0.891508 1.593047 -0.419937
v -0.892269 1.581924 -0.427811
v -0.899807 1.569791 -0.409942
v -0.891248 1.559671 -0.413203
v -0.883710 1.571805 -0.431072
v -0.878384 1.556483 -0.409942
v -0.870846 1.568617 -0.427811
v -0.868750 1.562093 -0.402068
v -0.968885 1.524786 -0.377434
v -0.968886 1.524787 -0.398861
v -0.980308 1.528110 -0.398861
v -0.980309 1.528110 -0.377434
v -0.992526 1.525113 -0.377434
v -0.992525 1.525114 -0.398861
v -1.001115 1.516882 -0.398861
v -1.001114 1.516883 -0.377434
v -1.004628 1.504806 -0.377434
v -1.004628 1.504804 -0.398861
v -1.001794 1.493250 -0.398861
v -1.001794 1.493250 -0.377434
v -0.993091 1.484168 -0.377434
v -0.993091 1.484168 -0.398861
v -0.981668 1.480845 -0.398861
v -0.981668 1.480845 -0.377434
v -0.969452 1.483841 -0.377434
v -0.969452 1.483841 -0.398861
v -0.960863 1.492072 -0.398861
v -0.960863 1.492072 -0.377434
v -0.957349 1.504150 -0.377434
v -0.957349 1.504150 -0.398861
v -0.960183 1.515705 -0.398861
v -0.960182 1.515705 -0.377434
v -0.951719 1.315346 -0.418304
v -0.951719 1.315346 -0.378124
v -1.002434 1.333805 -0.378124
v -1.043777 1.368497 -0.378124
v -0.951719 1.315346 -0.504545
v -1.070763 1.415236 -0.378124
v -1.080135 1.468386 -0.378124
v -1.070763 1.521536 -0.378124
v -1.070763 1.521536 -0.418304
v -1.043778 1.568276 -0.378124
v -1.043778 1.568276 -0.418304
v -1.002434 1.602967 -0.378124
v -1.070763 1.521536 -0.504545
v -0.951719 1.621426 -0.378124
v -0.897749 1.621426 -0.378124
v -0.847033 1.602967 -0.378124
v -0.805690 1.568276 -0.378124
v -1.043778 1.568276 -0.504545
v -0.805690 1.568276 -0.418304
v -0.778705 1.521536 -0.378124
v -0.778705 1.521536 -0.418304
v -0.769333 1.468386 -0.378124
v -0.805690 1.568276 -0.504545
v -0.778705 1.415236 -0.378124
v -0.805690 1.368497 -0.378124
v -0.847033 1.333805 -0.378124
v -0.897749 1.315346 -0.378124
v -0.778705 1.521536 -0.504545
v -0.897749 1.315346 -0.418304
v -0.897749 1.315346 -0.504545
v -0.951719 1.315346 -0.532282
v -0.897749 1.315346 -0.532282
v -0.847033 1.333805 -0.532282
v -0.899416 1.327024 -0.532282
v -0.949178 1.327024 -0.532282
v -0.852654 1.344044 -0.532282
v -0.805690 1.368497 -0.532282
v -0.814533 1.376031 -0.532282
v -0.778705 1.415236 -0.532282
v -0.789652 1.419127 -0.532282
v -0.899416 1.327024 -0.504545
v -0.949178 1.327024 -0.504545
v -0.949178 1.327024 -0.418304
v -0.899416 1.327024 -0.418304
v -0.789652 1.517141 -0.418304
v -0.789652 1.517141 -0.504545
v -0.814533 1.560237 -0.418304
v -0.814533 1.560237 -0.504545
v -0.781010 1.468134 -0.532282
v -1.034061 1.560237 -0.418304
v -1.034061 1.560237 -0.504545
v -1.058942 1.517141 -0.418304
v -1.058942 1.517141 -0.504545
v -0.995940 1.344044 -0.532282
v -1.034061 1.376031 -0.532282
v -1.002434 1.333805 -0.532282
v -1.043777 1.368497 -0.532282
v -1.070763 1.415236 -0.532282
v -1.058942 1.419127 -0.532282
v -1.080135 1.468386 -0.532282
v -1.067584 1.468134 -0.532282
v -1.070763 1.521536 -0.532282
v -1.058942 1.517141 -0.532282
v -1.043778 1.568276 -0.532282
v -1.034061 1.560237 -0.532282
v -1.002434 1.602967 -0.532282
v -0.995940 1.592224 -0.532282
v -0.951719 1.621426 -0.532282
v -0.949179 1.609244 -0.532282
v -0.897749 1.621426 -0.532282
v -0.899416 1.609244 -0.532282
v -0.847033 1.602967 -0.532282
v -0.852654 1.592224 -0.532282
v -0.805690 1.568276 -0.532282
v -0.814533 1.560237 -0.532282
v -0.778705 1.521536 -0.532282
v -0.789652 1.517141 -0.532282
v -0.769333 1.468386 -0.532282
v -0.955701 1.292764 -0.336766
v -1.013899 1.313947 -0.336766
v -0.955701 1.292764 0.209154
v -1.061344 1.353757 -0.336766
v -1.013899 1.313946 0.209154
v -0.953962 1.302622 0.234532
v -1.008894 1.322616 0.234532
v -1.053675 1.360191 0.234533
v -1.061344 1.353757 0.209154
v -1.082904 1.410817 0.234533
v -1.092310 1.407393 -0.336766
v -1.092310 1.407393 0.209154
v -1.093055 1.468386 0.234533
v -1.103065 1.468386 -0.336766
v -1.103065 1.468386 0.209154
v -1.082904 1.525955 0.234533
v -1.092311 1.529379 -0.336766
v -1.092311 1.529379 0.209154
v -1.053675 1.576581 0.234533
v -1.061344 1.583016 -0.336766
v -1.061344 1.583015 0.209154
v -1.008894 1.614156 0.234533
v -1.013900 1.622826 -0.336766
v -1.013900 1.622826 0.209154
v -0.953962 1.634150 0.234533
v -0.955701 1.644008 -0.336766
v -0.955701 1.644008 0.209154
v -0.895505 1.634150 0.234533
v -0.893767 1.644008 -0.336766
v -0.893767 1.644008 0.209154
v -0.840573 1.614156 0.234533
v -0.835568 1.622826 -0.336766
v -0.835568 1.622826 0.209154
v -0.795792 1.576581 0.234533
v -0.788124 1.583016 -0.336766
v -0.788124 1.583015 0.209154
v -0.766564 1.525955 0.234533
v -0.757157 1.529379 -0.336766
v -0.757157 1.529379 0.209154
v -0.756413 1.468386 0.234533
v -0.746402 1.468386 -0.336766
v -0.746402 1.468386 0.209154
v -0.766564 1.410817 0.234533
v -0.757157 1.407393 -0.336766
v -0.757157 1.407393 0.209154
v -0.795792 1.360192 0.234533
v -0.788124 1.353757 -0.336766
v -0.788124 1.353757 0.209154
v -0.840573 1.322616 0.234532
v -0.835568 1.313947 -0.336766
v -0.835568 1.313947 0.209154
v -0.895505 1.302622 0.234532
v -0.893767 1.292764 -0.336766
v -0.893767 1.292764 0.209154
v -1.086204 1.404282 -0.431760
v -1.077352 1.394004 -0.442529
v -1.107284 1.386511 -0.429917
v -1.067109 1.388106 -0.429655
v -1.106992 1.372902 -0.440207
v -1.146670 1.388365 -0.428966
v -1.075960 1.398385 -0.418886
v -1.105240 1.362545 -0.426679
v -1.149136 1.374831 -0.439113
v -1.195728 1.397724 -0.421816
v -1.105532 1.376155 -0.416389
v -1.149177 1.364631 -0.425485
v -1.201967 1.384865 -0.431349
v -1.232768 1.408895 -0.402252
v -1.146710 1.378164 -0.415338
v -1.200138 1.374371 -0.417949
v -1.242604 1.397028 -0.409732
v -1.253445 1.412513 -0.371487
v -1.193900 1.387229 -0.408416
v -1.235710 1.385146 -0.398901
v -1.264827 1.400740 -0.376276
v -1.247982 1.396139 -0.334815
v -1.225875 1.397014 -0.391421
v -1.251145 1.387893 -0.375293
v -1.259076 1.383865 -0.338824
v -1.213105 1.352291 -0.301178
v -1.239762 1.399666 -0.370505
v -1.247123 1.376618 -0.350002
v -1.225316 1.341559 -0.306680
v -1.194265 1.321249 -0.297146
v -1.236029 1.388891 -0.345992
v -1.217827 1.340371 -0.322248
v -1.209577 1.315677 -0.303413
v -1.185488 1.289740 -0.312981
v -1.205616 1.351103 -0.316746
v -1.205639 1.320510 -0.319713
v -1.202285 1.289455 -0.316530
v -1.184173 1.263143 -0.341869
v -1.190327 1.326082 -0.313446
v -1.199999 1.300033 -0.329960
v -1.201085 1.265102 -0.342923
v -1.186976 1.242827 -0.379521
v -1.183202 1.300318 -0.326411
v -1.198998 1.278929 -0.352835
v -1.203784 1.245537 -0.379123
v -1.191315 1.230822 -0.422423
v -1.182086 1.276970 -0.351782
v -1.201472 1.261191 -0.385659
v -1.208105 1.233560 -0.421779
v -1.193312 1.225871 -0.479361
v -1.184664 1.258481 -0.386057
v -1.205494 1.250156 -0.424976
v -1.210158 1.228449 -0.480077
v -1.187488 1.227897 -0.530595
v -1.188703 1.247419 -0.425619
v -1.207485 1.245304 -0.480378
v -1.204007 1.230565 -0.534225
v -1.173063 1.234651 -0.569679
v -1.190639 1.242726 -0.479662
v -1.201653 1.247322 -0.531933
v -1.187674 1.238172 -0.578508
v -1.150049 1.243712 -0.590373
v -1.185134 1.244654 -0.528303
v -1.186490 1.254407 -0.573160
v -1.157592 1.249953 -0.605600
v -1.116462 1.253613 -0.588725
v -1.171879 1.250886 -0.564331
v -1.159692 1.264932 -0.597374
v -1.115991 1.262130 -0.603616
v -1.045792 1.268238 -0.567068
v -1.152149 1.258691 -0.582148
v -1.120954 1.276311 -0.595604
v -1.043852 1.277006 -0.581543
v -0.953332 1.279487 -0.555719
v -1.121425 1.267794 -0.580713
v -1.048194 1.291344 -0.573394
v -0.952559 1.288100 -0.570391
v -0.853162 1.282987 -0.553939
v -1.050135 1.282576 -0.558920
v -0.954970 1.302694 -0.561915
v -0.853996 1.291518 -0.568647
v -0.804054 1.282959 -0.557563
v -0.955743 1.294080 -0.547243
v -0.852913 1.297717 -0.545404
v -0.796394 1.291623 -0.572801
v -0.853747 1.306248 -0.560112
v -0.781031 1.306275 -0.565215
v -0.788691 1.297610 -0.549977
v 0.451797 1.321259 0.444942
v 0.451797 1.321259 0.342118
v 0.394823 2.104059 -0.659031
v 0.276393 2.057648 -0.659031
v 0.340777 1.884904 -0.659031
v -0.549252 1.754040 0.177445
v -0.659041 1.763360 0.176019
v -0.567315 1.776030 0.160981
v -0.646617 1.782229 0.160653
v -0.668384 1.765219 0.132936
v -0.668384 1.765219 -0.132936
v -0.649429 1.785250 0.075657
v -0.659041 1.763360 -0.176019
v -0.649429 1.785250 -0.075656
v -0.549252 1.754040 -0.177445
v -0.567315 1.776030 -0.160981
v -0.646617 1.782229 -0.160653
v -0.582530 1.779556 -0.075625
v -0.582530 1.779556 0.075625
v -0.562971 1.756447 0.076068
v -0.562971 1.756447 -0.076068
v 0.340777 1.884904 -0.786658
v 0.394823 2.104059 -0.786658
v 0.276393 2.057648 -0.786658
v -0.963494 1.468134 -0.377434
v -0.952014 1.495851 -0.377434
v -0.941521 1.485358 -0.392751
v -0.948655 1.468134 -0.392751
v -0.924297 1.492492 -0.392751
v -0.952014 1.440418 -0.377434
v -0.924297 1.507331 -0.377434
v -0.941521 1.450910 -0.392751
v -0.907073 1.485358 -0.392751
v -0.924297 1.428937 -0.377434
v -0.896581 1.495851 -0.377434
v -0.924297 1.443776 -0.392751
v -0.899939 1.468134 -0.392751
v -0.896581 1.440418 -0.377434
v -0.885100 1.468134 -0.377434
v -0.907073 1.450910 -0.392751
v -0.924297 1.468134 -0.452803
v -1.075374 1.468386 0.256709
v -1.066289 1.519908 0.256709
v -1.066289 1.416864 0.256709
v -1.040131 1.565216 0.256709
v -1.036246 1.468386 0.279319
v -1.000054 1.598844 0.256709
v -1.029521 1.506526 0.279319
v -1.029521 1.430247 0.279319
v -1.010157 1.540065 0.279319
v -1.010157 1.396707 0.279319
v -1.040131 1.371557 0.256709
v -0.980490 1.371814 0.279319
v -1.000054 1.337928 0.256709
v -0.980490 1.564959 0.279319
v -0.944098 1.358568 0.279319
v -0.950892 1.320035 0.256709
v -0.950892 1.616738 0.256709
v -0.944098 1.578205 0.279319
v -0.898575 1.616738 0.256709
v -0.905370 1.358568 0.279319
v -0.905370 1.578205 0.279319
v -0.849414 1.598844 0.256709
v -0.898575 1.320035 0.256709
v -0.809337 1.565216 0.256709
v -0.849414 1.337928 0.256709
v -0.868977 1.371814 0.279319
v -0.809337 1.371557 0.256709
v -0.839310 1.396707 0.279319
v -0.868977 1.564959 0.279319
v -0.839310 1.540065 0.279319
v -0.819946 1.430247 0.279319
v -0.783178 1.416864 0.256709
v -0.819946 1.506526 0.279319
v -0.774094 1.468386 0.256709
v -0.813221 1.468386 0.279319
v -0.783178 1.519908 0.256709
vt 0.353027 0.746094
vt 0.379639 0.760010
vt 0.353027 0.760010
vt 0.353516 0.745117
vt 0.364746 0.737305
vt 0.380127 0.759033
vt 0.481934 0.674316
vt 0.481934 0.678223
vt 0.480957 0.676758
vt 0.480957 0.675781
vt 0.479004 0.678223
vt 0.479004 0.674316
vt 0.479980 0.675781
vt 0.479980 0.676758
vt 0.565430 0.685791
vt 0.563965 0.685791
vt 0.563477 0.685303
vt 0.565918 0.685303
vt 0.563965 0.687012
vt 0.565430 0.687012
vt 0.565918 0.687500
vt 0.563477 0.687500
vt 0.491211 0.587158
vt 0.491211 0.592041
vt 0.491455 0.593018
vt 0.462646 0.601807
vt 0.460205 0.601807
vt 0.460205 0.600342
vt 0.457520 0.600342
vt 0.457520 0.601807
vt 0.455322 0.601807
vt 0.455322 0.600342
vt 0.462646 0.600342
vt 0.465820 0.600342
vt 0.465820 0.601807
vt 0.589355 0.604004
vt 0.589355 0.606201
vt 0.588867 0.606201
vt 0.588867 0.604004
vt 0.589355 0.601318
vt 0.589355 0.603760
vt 0.588867 0.603760
vt 0.588867 0.601318
vt 0.582031 0.610107
vt 0.579102 0.611816
vt 0.580078 0.610107
vt 0.584961 0.611816
vt 0.585938 0.610107
vt 0.587891 0.610107
vt 0.948242 0.257324
vt 0.937012 0.291504
vt 0.899902 0.272461
vt 0.911133 0.237793
vt 0.910645 0.174805
vt 0.936035 0.141602
vt 0.936035 0.218750
vt 0.911133 0.218750
vt 0.812500 0.281738
vt 0.842773 0.281738
vt 0.841309 0.310547
vt 0.812988 0.310547
vt 0.805176 0.367188
vt 0.812012 0.333984
vt 0.834961 0.333984
vt 0.822266 0.354980
vt 0.954590 0.353027
vt 0.967773 0.353516
vt 0.966309 0.514404
vt 0.953125 0.514404
vt 0.820801 0.087402
vt 0.847168 0.066895
vt 0.847168 0.090820
vt 0.825195 0.107422
vt 0.872559 0.091309
vt 0.949219 0.141602
vt 0.950195 0.218750
vt 0.946289 0.221680
vt 0.946289 0.143555
vt 0.939453 0.143555
vt 0.939941 0.221680
vt 0.012726 0.828369
vt 0.009674 0.828369
vt 0.009674 0.703613
vt 0.012726 0.701660
vt 0.012726 0.837158
vt 0.009674 0.837158
vt 0.012726 0.846558
vt 0.009674 0.846558
vt 0.012726 0.855835
vt 0.009674 0.855835
vt 0.012726 0.865112
vt 0.009674 0.865112
vt 0.012726 0.874390
vt 0.009674 0.874390
vt 0.037048 0.874390
vt 0.037048 0.865112
vt 0.039825 0.865112
vt 0.039825 0.874390
vt 0.037048 0.855835
vt 0.039825 0.855835
vt 0.037048 0.846558
vt 0.039825 0.846558
vt 0.037048 0.837158
vt 0.039825 0.837158
vt 0.037048 0.828369
vt 0.039825 0.828369
vt 0.037048 0.700439
vt 0.039825 0.701904
vt 0.158447 0.711426
vt 0.158447 0.879639
vt 0.140747 0.878113
vt 0.140747 0.708496
vt 0.167969 0.710693
vt 0.170654 0.710693
vt 0.170654 0.886536
vt 0.167969 0.882385
vt 0.184692 0.884460
vt 0.185059 0.708496
vt 0.187256 0.877686
vt 0.187744 0.880310
vt 0.163696 0.711426
vt 0.163696 0.879761
vt 0.584961 0.839111
vt 0.584961 0.835815
vt 0.589355 0.835815
vt 0.597656 0.839111
vt 0.597656 0.835815
vt 0.600586 0.835815
vt 0.600586 0.839111
vt 0.565918 0.870117
vt 0.565430 0.920349
vt 0.552246 0.919739
vt 0.552734 0.870483
vt 0.490234 0.755493
vt 0.494873 0.754150
vt 0.494873 0.757568
vt 0.485352 0.758057
vt 0.483398 0.754150
vt 0.490234 0.765747
vt 0.483398 0.766479
vt 0.485352 0.763184
vt 0.494873 0.763184
vt 0.494873 0.766479
vt 0.500488 0.095215
vt 0.500488 0.093750
vt 0.539551 0.107910
vt 0.713379 0.203125
vt 0.697266 0.203125
vt 0.713379 0.166504
vt 0.900391 0.175293
vt 0.931641 0.141602
vt 0.358154 0.927307
vt 0.358154 0.935303
vt 0.355713 0.936584
vt 0.358154 0.959106
vt 0.335449 0.972549
vt 0.335449 0.954132
vt 0.358154 0.954132
vt 0.825195 0.358398
vt 0.845215 0.320312
vt 0.846680 0.323242
vt 0.827148 0.359375
vt 0.873047 0.295898
vt 0.937988 0.295898
vt 0.937988 0.298828
vt 0.874512 0.298828
vt 0.944336 0.297363
vt 0.942871 0.300293
vt 0.948730 0.300293
vt 0.947266 0.302734
vt 0.953125 0.304199
vt 0.955566 0.309082
vt 0.953125 0.310547
vt 0.950684 0.306152
vt 0.956055 0.309570
vt 0.962402 0.332031
vt 0.958496 0.330566
vt 0.850098 0.324219
vt 0.830078 0.360840
vt 0.936035 0.302246
vt 0.874023 0.302246
vt 0.940918 0.303223
vt 0.945312 0.305664
vt 0.948730 0.309082
vt 0.951172 0.313965
vt 0.955566 0.330566
vt 0.195557 0.708496
vt 0.192627 0.877869
vt 0.294922 0.574707
vt 0.297607 0.574463
vt 0.297607 0.724121
vt 0.294922 0.724121
vt 0.274170 0.727783
vt 0.273438 0.727539
vt 0.273438 0.571045
vt 0.274170 0.570801
vt 0.507324 0.767700
vt 0.506348 0.767578
vt 0.506836 0.766846
vt 0.507324 0.766968
vt 0.272461 0.727539
vt 0.272461 0.571045
vt 0.304688 0.736816
vt 0.300293 0.736816
vt 0.300781 0.734131
vt 0.304688 0.734131
vt 0.306885 0.736816
vt 0.306885 0.741699
vt 0.306152 0.741699
vt 0.306152 0.736816
vt 0.306885 0.746338
vt 0.306152 0.745850
vt 0.278809 0.729492
vt 0.278809 0.569336
vt 0.279541 0.569824
vt 0.279541 0.729004
vt 0.280273 0.729004
vt 0.280273 0.569824
vt 0.281006 0.569336
vt 0.281006 0.729492
vt 0.304688 0.746338
vt 0.304688 0.741699
vt 0.305420 0.741699
vt 0.305420 0.745850
vt 0.305420 0.736816
vt 0.305420 0.734131
vt 0.306885 0.734131
vt 0.306152 0.734131
vt 0.302246 0.728516
vt 0.302246 0.729492
vt 0.298096 0.729248
vt 0.306396 0.727539
vt 0.305420 0.728760
vt 0.303223 0.728760
vt 0.829590 0.373535
vt 0.861328 0.373535
vt 0.860352 0.492676
vt 0.828613 0.491699
vt 0.852051 0.323730
vt 0.881836 0.333984
vt 0.832031 0.361816
vt 0.935547 0.304199
vt 0.873047 0.304199
vt 0.364258 0.764160
vt 0.363037 0.777466
vt 0.361572 0.776367
vt 0.361084 0.763794
vt 0.876953 0.400879
vt 0.875977 0.465332
vt 0.891602 0.346191
vt 0.876953 0.375488
vt 0.954102 0.333984
vt 0.949707 0.314453
vt 0.947754 0.310547
vt 0.940430 0.304688
vt 0.372803 0.774414
vt 0.367432 0.781006
vt 0.827637 0.374512
vt 0.826660 0.491211
vt 0.417236 0.759033
vt 0.432617 0.758301
vt 0.423340 0.783691
vt 0.565430 0.297363
vt 0.562988 0.296875
vt 0.568848 0.277344
vt 0.571289 0.280762
vt 0.961914 0.335449
vt 0.958984 0.344238
vt 0.958984 0.335449
vt 0.994629 0.354004
vt 0.993652 0.514160
vt 0.553711 0.366699
vt 0.534668 0.367188
vt 0.545898 0.312012
vt 0.439941 0.819214
vt 0.439453 0.800903
vt 0.445068 0.807129
vt 0.445068 0.819214
vt 0.607422 0.976334
vt 0.612793 0.949677
vt 0.607422 0.982315
vt 0.620117 0.950043
vt 0.627441 0.950226
vt 0.627441 0.982315
vt 0.620117 0.982315
vt 0.635254 0.950287
vt 0.635254 0.982315
vt 0.457031 0.873657
vt 0.472656 0.877258
vt 0.472900 0.889343
vt 0.457031 0.892883
vt 0.455811 0.904358
vt 0.457031 0.906921
vt 0.457031 0.915588
vt 0.455811 0.918457
vt 0.935547 0.401367
vt 0.934570 0.465820
vt 0.808594 0.663330
vt 0.801270 0.667236
vt 0.790039 0.662842
vt 0.806641 0.399414
vt 0.754395 0.399414
vt 0.749512 0.394531
vt 0.811523 0.394531
vt 0.805176 0.666504
vt 0.816895 0.399414
vt 0.816895 0.394531
vt 0.749512 0.401367
vt 0.743652 0.401367
vt 0.744141 0.394531
vt 0.312988 0.780884
vt 0.304932 0.776978
vt 0.304199 0.759155
vt 0.311768 0.755981
vt 0.305908 0.785522
vt 0.289062 0.778564
vt 0.291992 0.771484
vt 0.280762 0.757690
vt 0.288818 0.759155
vt 0.285156 0.775269
vt 0.306641 0.751465
vt 0.286133 0.751465
vt 0.847168 0.118652
vt 0.872559 0.095215
vt 0.581055 0.026367
vt 0.581055 0.002930
vt 0.584961 0.012695
vt 0.584961 0.016602
vt 0.592285 0.002930
vt 0.592285 0.026367
vt 0.588379 0.016602
vt 0.588379 0.012695
vt 0.566406 0.031738
vt 0.563477 0.031738
vt 0.563477 0.007812
vt 0.566406 0.007812
vt 0.575684 0.031738
vt 0.572266 0.031738
vt 0.572266 0.007812
vt 0.575684 0.007812
vt 0.569336 0.031738
vt 0.569336 0.007812
vt 0.393311 0.935303
vt 0.393311 0.959106
vt 0.387695 0.953583
vt 0.387695 0.940796
vt 0.359131 0.953583
vt 0.359131 0.940796
vt 0.343750 0.747314
vt 0.343750 0.734619
vt 0.344971 0.734619
vt 0.344971 0.747314
vt 0.315430 0.747314
vt 0.343750 0.748535
vt 0.315430 0.748535
vt 0.315430 0.734619
vt 0.314209 0.747314
vt 0.314209 0.734619
vt 0.315430 0.733398
vt 0.343750 0.733398
vt 0.218872 0.872070
vt 0.224365 0.868774
vt 0.223022 0.872070
vt 0.398193 0.963135
vt 0.398193 0.998734
vt 0.365967 0.998645
vt 0.690918 0.200684
vt 0.574219 0.114746
vt 0.573242 0.116211
vt 0.277588 0.797119
vt 0.249512 0.797119
vt 0.249512 0.789551
vt 0.277588 0.789551
vt 0.675781 0.164551
vt 0.675781 0.195801
vt 0.417236 0.556152
vt 0.404785 0.539795
vt 0.429688 0.539795
vt 0.737793 0.357422
vt 0.737793 0.385254
vt 0.661133 0.357422
vt 0.734375 0.400391
vt 0.726562 0.414062
vt 0.714844 0.425781
vt 0.702148 0.435059
vt 0.687012 0.441406
vt 0.669922 0.444824
vt 0.659668 0.445312
vt 0.765137 0.122559
vt 0.762207 0.120117
vt 0.764160 0.118164
vt 0.746582 0.122559
vt 0.748535 0.118164
vt 0.743164 0.101074
vt 0.944336 0.307129
vt 0.037048 0.961731
vt 0.039825 0.957947
vt 0.616211 0.950226
vt 0.452393 0.921326
vt 0.452637 0.901978
vt 0.445312 0.921448
vt 0.445557 0.902100
vt 0.009674 0.957947
vt 0.012665 0.973831
vt 0.010284 0.973816
vt 0.304688 0.729736
vt 0.303223 0.729492
vt 0.900391 0.142090
vt 0.379883 0.556152
vt 0.379883 0.543457
vt 0.432129 0.755493
vt 0.436035 0.760864
vt 0.434814 0.780884
vt 0.374756 0.771729
vt 0.996582 0.336426
vt 0.846680 0.257324
vt 0.883301 0.237793
vt 0.895020 0.272461
vt 0.857910 0.291504
vt 0.883789 0.174805
vt 0.883789 0.218750
vt 0.858887 0.218750
vt 0.858887 0.141602
vt 0.812500 0.252930
vt 0.841309 0.252930
vt 0.805176 0.196289
vt 0.821777 0.208496
vt 0.834961 0.229492
vt 0.811523 0.229492
vt 0.967285 0.087402
vt 0.963379 0.107422
vt 0.941406 0.090820
vt 0.941406 0.066895
vt 0.845703 0.141602
vt 0.848633 0.143555
vt 0.848633 0.221680
vt 0.844727 0.218750
vt 0.854980 0.221680
vt 0.855469 0.143555
vt 0.072998 0.828369
vt 0.072998 0.701660
vt 0.076050 0.703613
vt 0.076050 0.828369
vt 0.076050 0.837158
vt 0.072998 0.837158
vt 0.076050 0.846558
vt 0.072998 0.846558
vt 0.076050 0.855835
vt 0.072998 0.855835
vt 0.076050 0.865112
vt 0.072998 0.865112
vt 0.076050 0.874390
vt 0.072998 0.874390
vt 0.048645 0.874390
vt 0.045868 0.874390
vt 0.045868 0.865112
vt 0.048645 0.865112
vt 0.045868 0.855835
vt 0.048645 0.855835
vt 0.045868 0.846558
vt 0.048645 0.846558
vt 0.045868 0.837158
vt 0.048645 0.837158
vt 0.045868 0.828369
vt 0.048645 0.828369
vt 0.045868 0.701904
vt 0.048645 0.700439
vt 0.120483 0.711182
vt 0.138184 0.708252
vt 0.138184 0.877930
vt 0.120483 0.879517
vt 0.115234 0.711182
vt 0.115234 0.879639
vt 0.111023 0.882202
vt 0.111023 0.710693
vt 0.108398 0.886353
vt 0.108398 0.710449
vt 0.094360 0.884338
vt 0.091248 0.880188
vt 0.091736 0.877563
vt 0.094360 0.708252
vt 0.573242 0.822998
vt 0.577637 0.822998
vt 0.577637 0.826172
vt 0.564941 0.826172
vt 0.562012 0.826172
vt 0.562012 0.822998
vt 0.564941 0.822998
vt 0.610840 0.882751
vt 0.624512 0.883057
vt 0.625000 0.932373
vt 0.611816 0.933044
vt 0.501953 0.755493
vt 0.497314 0.757568
vt 0.497314 0.754150
vt 0.508789 0.754150
vt 0.506836 0.758057
vt 0.501953 0.765747
vt 0.497314 0.766479
vt 0.497314 0.763184
vt 0.832031 0.184570
vt 0.791992 0.197266
vt 0.832031 0.182617
vt 0.763672 0.173828
vt 0.763672 0.137207
vt 0.779785 0.174805
vt 0.863281 0.141602
vt 0.894531 0.175293
vt 0.279541 0.927307
vt 0.282227 0.936584
vt 0.279541 0.935303
vt 0.279541 0.959106
vt 0.279785 0.954132
vt 0.302490 0.954132
vt 0.302490 0.972549
vt 0.823730 0.507080
vt 0.826172 0.506104
vt 0.845215 0.542236
vt 0.843262 0.545654
vt 0.870605 0.570557
vt 0.872070 0.567139
vt 0.935547 0.568359
vt 0.935547 0.571533
vt 0.940430 0.567139
vt 0.941895 0.570068
vt 0.945312 0.564941
vt 0.946777 0.567383
vt 0.950684 0.563477
vt 0.948730 0.561279
vt 0.950684 0.556885
vt 0.953613 0.558350
vt 0.954102 0.557861
vt 0.956543 0.536865
vt 0.960449 0.535889
vt 0.828613 0.504639
vt 0.848145 0.541504
vt 0.872070 0.563965
vt 0.933594 0.565186
vt 0.938965 0.564209
vt 0.943359 0.561768
vt 0.946777 0.558105
vt 0.948730 0.553711
vt 0.953613 0.536865
vt 0.086426 0.877747
vt 0.083923 0.708252
vt 0.484131 0.767700
vt 0.483887 0.766968
vt 0.484619 0.766846
vt 0.485107 0.767578
vt 0.291504 0.736328
vt 0.291504 0.733643
vt 0.295410 0.733643
vt 0.295898 0.736328
vt 0.289307 0.736328
vt 0.290039 0.736328
vt 0.290039 0.741211
vt 0.289307 0.741211
vt 0.290039 0.745361
vt 0.289307 0.746094
vt 0.291504 0.746094
vt 0.291016 0.745361
vt 0.291016 0.741211
vt 0.291504 0.741211
vt 0.291016 0.736328
vt 0.291016 0.733643
vt 0.289307 0.733643
vt 0.290039 0.733643
vt 0.298096 0.569336
vt 0.302246 0.569336
vt 0.302246 0.570068
vt 0.306396 0.571045
vt 0.303223 0.570068
vt 0.305420 0.569824
vt 0.850098 0.541748
vt 0.830566 0.503418
vt 0.879883 0.532471
vt 0.933594 0.563232
vt 0.870605 0.562256
vt 0.357666 0.764160
vt 0.360840 0.763794
vt 0.360352 0.776367
vt 0.358887 0.777466
vt 0.875977 0.490723
vt 0.890137 0.520508
vt 0.953125 0.521484
vt 0.952148 0.533691
vt 0.947266 0.552979
vt 0.945312 0.557129
vt 0.942383 0.560303
vt 0.937988 0.562500
vt 0.349121 0.774414
vt 0.354492 0.781006
vt 0.458984 0.759521
vt 0.453125 0.784180
vt 0.443848 0.758789
vt 0.754883 0.295898
vt 0.750488 0.280762
vt 0.752930 0.277344
vt 0.757812 0.294922
vt 0.960449 0.532227
vt 0.957031 0.532227
vt 0.957031 0.523438
vt 0.483154 0.819214
vt 0.477783 0.819214
vt 0.477783 0.807129
vt 0.483398 0.800903
vt 0.496094 0.976334
vt 0.490723 0.949677
vt 0.496094 0.946594
vt 0.483398 0.950043
vt 0.483398 0.982315
vt 0.475830 0.982315
vt 0.475830 0.950226
vt 0.468262 0.982315
vt 0.468262 0.950287
vt 0.505371 0.889343
vt 0.521484 0.892883
vt 0.498047 0.889343
vt 0.521484 0.873657
vt 0.505859 0.877258
vt 0.522461 0.904358
vt 0.522949 0.918457
vt 0.521484 0.915588
vt 0.521484 0.906921
vt 0.733887 0.663330
vt 0.752441 0.662842
vt 0.741211 0.667236
vt 0.755371 0.422852
vt 0.750977 0.417969
vt 0.812500 0.417969
vt 0.808105 0.422852
vt 0.737305 0.666504
vt 0.745605 0.422852
vt 0.745605 0.417969
vt 0.812988 0.424805
vt 0.818359 0.417969
vt 0.818848 0.424805
vt 0.316895 0.781494
vt 0.317871 0.756592
vt 0.325684 0.759644
vt 0.324707 0.777466
vt 0.323975 0.786133
vt 0.337891 0.771973
vt 0.340820 0.779053
vt 0.349121 0.758301
vt 0.344482 0.775757
vt 0.340820 0.759766
vt 0.323242 0.751953
vt 0.343750 0.751953
vt 0.941406 0.118652
vt 0.916016 0.095215
vt 0.916016 0.091309
vt 0.607422 0.024414
vt 0.603516 0.015625
vt 0.603516 0.012207
vt 0.597168 0.002930
vt 0.600586 0.012207
vt 0.600586 0.015625
vt 0.597168 0.024414
vt 0.558594 0.032227
vt 0.558594 0.007324
vt 0.561523 0.007324
vt 0.561523 0.032227
vt 0.549316 0.032227
vt 0.549316 0.007324
vt 0.552734 0.007324
vt 0.552734 0.032227
vt 0.555664 0.007324
vt 0.555664 0.032227
vt 0.244629 0.935303
vt 0.250244 0.940796
vt 0.250244 0.953583
vt 0.244629 0.959106
vt 0.278564 0.953583
vt 0.278564 0.940796
vt 0.462646 0.826294
vt 0.448486 0.826294
vt 0.441650 0.824829
vt 0.469727 0.824829
vt 0.443115 0.831543
vt 0.441650 0.837524
vt 0.448486 0.836548
vt 0.468262 0.831055
vt 0.469727 0.837524
vt 0.462891 0.836182
vt 0.457275 0.831177
vt 0.454102 0.831543
vt 0.440430 0.837524
vt 0.440430 0.824829
vt 0.469727 0.838745
vt 0.441650 0.838745
vt 0.470947 0.824829
vt 0.470947 0.837524
vt 0.441650 0.823608
vt 0.469727 0.823608
vt 0.449219 0.872070
vt 0.445068 0.872070
vt 0.443848 0.868774
vt 0.239624 0.963135
vt 0.239624 0.998734
vt 0.271729 0.998645
vt 0.786133 0.170898
vt 0.756836 0.204590
vt 0.757812 0.205566
vt 0.390381 0.797119
vt 0.390381 0.789551
vt 0.418701 0.789551
vt 0.418701 0.797119
vt 0.801270 0.135254
vt 0.801270 0.166504
vt 0.499512 0.556152
vt 0.487061 0.539795
vt 0.511719 0.539795
vt 0.578125 0.357422
vt 0.655273 0.357422
vt 0.578613 0.385254
vt 0.582031 0.400391
vt 0.589844 0.414062
vt 0.601074 0.425293
vt 0.614258 0.434570
vt 0.629395 0.441406
vt 0.646484 0.444824
vt 0.656738 0.445312
vt 0.048676 0.961731
vt 0.045868 0.957947
vt 0.496094 0.982315
vt 0.487061 0.950226
vt 0.525879 0.901978
vt 0.526367 0.921326
vt 0.533203 0.902100
vt 0.533203 0.921448
vt 0.076050 0.957947
vt 0.075439 0.973816
vt 0.073059 0.973831
vt 0.304688 0.569092
vt 0.303223 0.569336
vt 0.894531 0.142090
vt 0.536621 0.543457
vt 0.536621 0.556152
vt 0.444092 0.755981
vt 0.441650 0.781372
vt 0.440430 0.761353
vt 0.346924 0.771729
vt 0.994629 0.531982
vt 0.607422 0.946594
vt 0.480713 0.889343
vt 0.875488 0.095215
vt 0.913086 0.095215
vt 0.290527 0.721680
vt 0.290527 0.576904
vt 0.913086 0.091309
vt 0.875488 0.091309
vt 0.749512 0.117188
vt 0.746094 0.096680
vt 0.747559 0.095703
vt 0.765137 0.095215
vt 0.766113 0.096680
vt 0.763184 0.116699
vt 0.761230 0.118652
vt 0.751465 0.118652
vt 0.762207 0.120117
vt 0.750488 0.120117
vt 0.750488 0.120117
vt 0.762207 0.120117
vt 0.748535 0.118164
vt 0.748535 0.118164
vt 0.744629 0.095215
vt 0.744629 0.095215
vt 0.746582 0.093750
vt 0.746582 0.093750
vt 0.766113 0.093750
vt 0.766113 0.093750
vt 0.767578 0.095215
vt 0.767578 0.095215
vt 0.764160 0.118164
vt 0.764160 0.118164
vt 0.750488 0.120117
vt 0.744629 0.095215
vt 0.746582 0.093750
vt 0.766113 0.093750
vt 0.767578 0.095215
vt 0.379883 0.525146
vt 0.406250 0.525146
vt 0.801758 0.039062
vt 0.802246 0.019531
vt 0.836914 0.007324
vt 0.836914 0.066895
vt 0.455078 0.853882
vt 0.457764 0.850586
vt 0.458252 0.867065
vt 0.455322 0.867188
vt 0.405762 0.784546
vt 0.403809 0.759644
vt 0.748047 0.453613
vt 0.811035 0.454102
vt 0.814453 0.459961
vt 0.744629 0.459961
vt 0.749512 0.402344
vt 0.743652 0.402344
vt 0.741211 0.096680
vt 0.738281 0.093750
vt 0.774902 0.068359
vt 0.609863 0.048340
vt 0.613281 0.033691
vt 0.658203 0.055664
vt 0.619629 0.055664
vt 0.602051 0.062012
vt 0.591309 0.073730
vt 0.578613 0.082520
vt 0.563965 0.088867
vt 0.547852 0.092285
vt 0.537109 0.093262
vt 0.499756 0.085938
vt 0.510254 0.525146
vt 0.536621 0.525146
vt 0.986328 0.039062
vt 0.951660 0.066895
vt 0.951660 0.007324
vt 0.986328 0.019531
vt 0.508789 0.766479
vt 0.506836 0.763184
vt 0.530762 0.854004
vt 0.530273 0.867310
vt 0.527344 0.867188
vt 0.527832 0.850708
vt 0.470459 0.785034
vt 0.472412 0.760132
vt 0.812500 0.426270
vt 0.818848 0.426270
vt 0.607422 0.002930
vt 0.954102 0.517334
vt 0.958008 0.517334
vt 0.957031 0.520752
vt 0.954102 0.520752
vt 0.778320 0.068359
vt 0.768555 0.122559
vt 0.768555 0.122559
vt 0.778320 0.068359
vt 0.766113 0.122559
vt 0.775391 0.068359
vt 0.594238 0.835815
vt 0.594238 0.839111
vt 0.589355 0.839111
vt 0.594238 0.842285
vt 0.589355 0.842285
vt 0.544922 0.516113
vt 0.541504 0.517578
vt 0.522949 0.483398
vt 0.525879 0.482422
vt 0.515137 0.466797
vt 0.518066 0.465332
vt 0.508301 0.446777
vt 0.511230 0.445801
vt 0.502441 0.421387
vt 0.504883 0.420898
vt 0.499756 0.396973
vt 0.502441 0.396484
vt 0.497803 0.367188
vt 0.500488 0.367188
vt 0.502441 0.338379
vt 0.499756 0.337402
vt 0.504883 0.313965
vt 0.502441 0.313477
vt 0.511230 0.289062
vt 0.508301 0.288086
vt 0.518066 0.269531
vt 0.515625 0.268066
vt 0.525879 0.252441
vt 0.522949 0.251465
vt 0.544922 0.218750
vt 0.541504 0.217285
vt 0.596191 0.976410
vt 0.596191 0.946503
vt 0.580078 0.975113
vt 0.579590 0.932861
vt 0.507324 0.946503
vt 0.523926 0.932861
vt 0.523438 0.975113
vt 0.507324 0.976410
vt 0.573730 0.992027
vt 0.573730 0.981247
vt 0.581543 0.977463
vt 0.581543 0.994072
vt 0.521973 0.977463
vt 0.529785 0.981247
vt 0.529297 0.992027
vt 0.521973 0.994072
vt 0.580078 0.995609
vt 0.568848 0.995689
vt 0.534668 0.995689
vt 0.523438 0.995609
vt 0.500000 0.860352
vt 0.489014 0.860352
vt 0.489014 0.839600
vt 0.500000 0.839600
vt 0.489014 0.833618
vt 0.511719 0.839600
vt 0.511719 0.833618
vt 0.489014 0.829956
vt 0.511719 0.829956
vt 0.511719 0.825806
vt 0.489014 0.825806
vt 0.989746 0.319336
vt 0.993164 0.333496
vt 0.985352 0.318359
vt 0.988770 0.314941
vt 0.982910 0.314453
vt 0.988281 0.311035
vt 0.980469 0.311035
vt 0.985840 0.307617
vt 0.977051 0.307617
vt 0.985352 0.303711
vt 0.974609 0.303711
vt 0.968750 0.294434
vt 0.984375 0.294434
vt 0.983398 0.270996
vt 0.960449 0.270508
vt 0.980469 0.241699
vt 0.956543 0.242188
vt 0.960449 0.213379
vt 0.983398 0.212891
vt 0.968262 0.189453
vt 0.983887 0.189453
vt 0.984863 0.180176
vt 0.974121 0.180176
vt 0.977051 0.176270
vt 0.985352 0.176270
vt 0.979980 0.172852
vt 0.987793 0.172852
vt 0.982910 0.168945
vt 0.988281 0.169434
vt 0.985352 0.165527
vt 0.989746 0.164551
vt 0.993164 0.150879
vt 0.809082 0.382812
vt 0.816895 0.389648
vt 0.811523 0.389648
vt 0.752441 0.382812
vt 0.749512 0.389648
vt 0.744141 0.389648
vt 0.541016 0.597168
vt 0.578125 0.596924
vt 0.539551 0.597412
vt 0.541016 0.594971
vt 0.393311 0.917603
vt 0.346924 0.927307
vt 0.244629 0.917603
vt 0.291016 0.927307
vt 0.258057 0.866455
vt 0.244629 0.866333
vt 0.379883 0.866455
vt 0.393311 0.866333
vt 0.238525 0.914062
vt 0.238892 0.868530
vt 0.213257 0.889648
vt 0.226318 0.921021
vt 0.228394 0.926880
vt 0.205322 0.923401
vt 0.204590 0.929565
vt 0.399414 0.914062
vt 0.398926 0.868530
vt 0.424561 0.889648
vt 0.411621 0.921021
vt 0.409424 0.926880
vt 0.432617 0.923401
vt 0.433105 0.929565
vt 0.816406 0.068359
vt 0.820312 0.068359
vt 0.806641 0.122559
vt 0.715332 0.155273
vt 0.715332 0.165039
vt 0.675781 0.155273
vt 0.953125 0.141602
vt 0.955078 0.143066
vt 0.955566 0.218262
vt 0.547852 0.157227
vt 0.557617 0.212402
vt 0.519043 0.212402
vt 0.508789 0.157227
vt 0.504883 0.157227
vt 0.571777 0.227539
vt 0.554199 0.259277
vt 0.546875 0.277344
vt 0.554199 0.475586
vt 0.571777 0.507324
vt 0.839355 0.218262
vt 0.839844 0.143066
vt 0.841797 0.141602
vt 0.852051 0.223145
vt 0.858887 0.223145
vt 0.080994 0.704102
vt 0.080994 0.828369
vt 0.080994 0.874390
vt 0.080994 0.957947
vt 0.580078 0.822998
vt 0.580078 0.826172
vt 0.568359 0.822998
vt 0.568359 0.826172
vt 0.577637 0.868408
vt 0.573242 0.868408
vt 0.573242 0.848633
vt 0.494141 0.767578
vt 0.494141 0.768799
vt 0.491211 0.769287
vt 0.487061 0.770996
vt 0.483398 0.767944
vt 0.363281 0.851685
vt 0.363281 0.864258
vt 0.333984 0.864258
vt 0.333984 0.851685
vt 0.304688 0.851685
vt 0.304688 0.864258
vt 0.767090 0.310547
vt 0.769531 0.312500
vt 0.745605 0.312012
vt 0.736328 0.306641
vt 0.736816 0.311035
vt 0.729980 0.311035
vt 0.710938 0.310547
vt 0.709961 0.305176
vt 0.723145 0.310547
vt 0.684570 0.303223
vt 0.686035 0.310547
vt 0.657715 0.310059
vt 0.629883 0.310059
vt 0.630859 0.303223
vt 0.604980 0.310059
vt 0.592773 0.310547
vt 0.605957 0.304688
vt 0.579590 0.306152
vt 0.585938 0.310547
vt 0.579102 0.310547
vt 0.570312 0.311523
vt 0.548828 0.310059
vt 0.429932 0.797119
vt 0.430664 0.808960
vt 0.418945 0.808350
vt 0.430664 0.817993
vt 0.418945 0.817749
vt 0.431152 0.824463
vt 0.419434 0.824707
vt 0.432373 0.830933
vt 0.420410 0.831299
vt 0.433594 0.837891
vt 0.421631 0.838135
vt 0.426270 0.849121
vt 0.434326 0.846069
vt 0.424072 0.846436
vt 0.436035 0.850098
vt 0.416260 0.851685
vt 0.429443 0.854614
vt 0.413086 0.844238
vt 0.442383 0.858887
vt 0.390381 0.851685
vt 0.438477 0.864258
vt 0.390381 0.844238
vt 0.363281 0.844238
vt 0.333984 0.844238
vt 0.304688 0.844238
vt 0.255127 0.844238
vt 0.277588 0.844238
vt 0.277588 0.851685
vt 0.251709 0.851685
vt 0.244019 0.846436
vt 0.241821 0.849121
vt 0.246460 0.838135
vt 0.234497 0.837891
vt 0.247559 0.831299
vt 0.233643 0.846069
vt 0.235840 0.830933
vt 0.232056 0.850098
vt 0.248657 0.824707
vt 0.238770 0.854614
vt 0.236938 0.824463
vt 0.225708 0.858887
vt 0.249146 0.817749
vt 0.229736 0.864258
vt 0.237427 0.817993
vt 0.249023 0.808350
vt 0.237427 0.808960
vt 0.238159 0.797119
vt 0.808105 0.424316
vt 0.750977 0.424316
vt 0.745605 0.424316
vt 0.745605 0.413574
vt 0.750977 0.413574
vt 0.812500 0.413574
vt 0.818359 0.413574
vt 0.692383 0.594971
vt 0.692383 0.597168
vt 0.655273 0.597412
vt 0.693848 0.598145
vt 0.801270 0.125977
vt 0.761230 0.125977
vt 0.761230 0.135254
vt 0.499512 0.569824
vt 0.536621 0.569824
vt 0.536621 0.582764
vt 0.499512 0.583008
vt 0.536621 0.595459
vt 0.499512 0.595459
vt 0.508301 0.767944
vt 0.504395 0.770996
vt 0.500488 0.769287
vt 0.497314 0.767578
vt 0.497314 0.768799
vt 0.942871 0.223145
vt 0.936035 0.223145
vt 0.004677 0.828369
vt 0.004677 0.704102
vt 0.004677 0.957947
vt 0.004677 0.874390
vt 0.582520 0.839111
vt 0.582520 0.835815
vt 0.589355 0.861450
vt 0.589355 0.881287
vt 0.584961 0.881287
vt 0.277100 0.570557
vt 0.277100 0.728271
vt 0.275879 0.570801
vt 0.275879 0.727783
vt 0.274902 0.570801
vt 0.274902 0.727783
vt 0.811523 0.400391
vt 0.754395 0.400391
vt 0.816895 0.400391
vt 0.379883 0.582764
vt 0.379883 0.569824
vt 0.417236 0.569824
vt 0.417236 0.583008
vt 0.379883 0.595459
vt 0.417236 0.595459
vt 0.579590 0.905151
vt 0.575195 0.925964
vt 0.582031 0.901367
vt 0.584961 0.897766
vt 0.588379 0.895630
vt 0.591309 0.893982
vt 0.594727 0.892517
vt 0.761719 0.254883
vt 0.769043 0.291016
vt 0.757812 0.293457
vt 0.560059 0.254883
vt 0.563965 0.293457
vt 0.552734 0.291016
vt 0.558105 0.212402
vt 0.548340 0.157227
vt 0.560547 0.212402
vt 0.550781 0.157227
vt 0.561035 0.212402
vt 0.551758 0.157227
vt 0.573242 0.826172
vt 0.568359 0.829468
vt 0.573242 0.829468
vt 0.547852 0.841187
vt 0.547852 0.861938
vt 0.536621 0.861938
vt 0.536621 0.841187
vt 0.547852 0.835205
vt 0.524902 0.841187
vt 0.524902 0.835205
vt 0.547852 0.831665
vt 0.524902 0.831665
vt 0.524902 0.827393
vt 0.547852 0.827393
vt 0.810059 0.406738
vt 0.753418 0.406738
vt 0.597656 0.917847
vt 0.602051 0.938690
vt 0.595215 0.914124
vt 0.591797 0.910522
vt 0.588867 0.908386
vt 0.585938 0.906738
vt 0.582520 0.905273
vt 0.583984 0.190430
vt 0.580078 0.212402
vt 0.670898 0.144043
vt 0.716797 0.121094
vt 0.720215 0.136719
vt 0.710449 0.144043
vt 0.728027 0.150391
vt 0.739258 0.162109
vt 0.752441 0.171387
vt 0.767090 0.178223
vt 0.783691 0.181641
vt 0.794434 0.182129
vt 0.833008 0.174805
vt 0.299805 0.741699
vt 0.300049 0.746582
vt 0.479736 0.850098
vt 0.483154 0.826782
vt 0.488037 0.825928
vt 0.486816 0.839233
vt 0.837891 0.660156
vt 0.837891 0.666260
vt 0.835938 0.667725
vt 0.835938 0.658447
vt 0.996582 0.667725
vt 0.994629 0.666260
vt 0.994629 0.660156
vt 0.996582 0.658447
vt 0.254883 0.857422
vt 0.567383 0.369629
vt 0.565430 0.349121
vt 0.574707 0.354980
vt 0.577637 0.351562
vt 0.570801 0.344238
vt 0.581055 0.348633
vt 0.576660 0.339355
vt 0.584961 0.346191
vt 0.583496 0.335938
vt 0.589844 0.344727
vt 0.592285 0.333496
vt 0.604492 0.333008
vt 0.726074 0.344727
vt 0.723145 0.333984
vt 0.732422 0.336426
vt 0.730469 0.346191
vt 0.738770 0.339844
vt 0.734863 0.348633
vt 0.745117 0.344727
vt 0.738281 0.351562
vt 0.750000 0.349609
vt 0.740723 0.355469
vt 0.748535 0.370117
vt 0.761719 0.367188
vt 0.578125 0.583984
vt 0.540039 0.594238
vt 0.540039 0.583984
vt 0.578125 0.574951
vt 0.540039 0.574951
vt 0.578125 0.568359
vt 0.540039 0.568359
vt 0.540039 0.559570
vt 0.578125 0.559326
vt 0.540039 0.551025
vt 0.578125 0.550781
vt 0.578125 0.541992
vt 0.540039 0.541992
vt 0.540039 0.525146
vt 0.655273 0.541992
vt 0.693359 0.525146
vt 0.693359 0.541992
vt 0.693359 0.551025
vt 0.655273 0.550781
vt 0.655273 0.559326
vt 0.693359 0.559570
vt 0.655273 0.568359
vt 0.693359 0.568359
vt 0.655273 0.574951
vt 0.693359 0.574951
vt 0.693359 0.583984
vt 0.655273 0.583984
vt 0.693359 0.594238
vt 0.296387 0.741211
vt 0.296387 0.746094
vt 0.548828 0.827515
vt 0.553711 0.828491
vt 0.557129 0.851685
vt 0.549805 0.840942
vt 0.413086 0.857422
vt 0.716797 0.292480
vt 0.746582 0.292480
vt 0.747070 0.294922
vt 0.716797 0.294922
vt 0.746582 0.296875
vt 0.692383 0.292480
vt 0.716797 0.296875
vt 0.746582 0.299316
vt 0.716797 0.299316
vt 0.692383 0.294922
vt 0.669922 0.292480
vt 0.692383 0.296875
vt 0.692383 0.299316
vt 0.656738 0.296875
vt 0.656738 0.294922
vt 0.656738 0.292480
vt 0.634766 0.292480
vt 0.634766 0.294922
vt 0.634766 0.296875
vt 0.595215 0.294922
vt 0.595215 0.296875
vt 0.595215 0.292480
vt 0.594727 0.293945
vt 0.017563 0.698730
vt 0.017563 0.828369
vt 0.022430 0.696045
vt 0.022430 0.828369
vt 0.027328 0.695801
vt 0.017563 0.837158
vt 0.027328 0.828369
vt 0.032440 0.698242
vt 0.022430 0.837158
vt 0.017563 0.846558
vt 0.032440 0.828369
vt 0.017563 0.855835
vt 0.032440 0.837158
vt 0.027328 0.837158
vt 0.032440 0.846558
vt 0.027328 0.846558
vt 0.022430 0.846558
vt 0.022430 0.855835
vt 0.027328 0.855835
vt 0.032440 0.855835
vt 0.017563 0.865112
vt 0.022430 0.865112
vt 0.017563 0.874390
vt 0.012726 0.973984
vt 0.017563 0.973984
vt 0.022430 0.874390
vt 0.022430 0.973984
vt 0.027328 0.865112
vt 0.027328 0.874390
vt 0.027328 0.973984
vt 0.032440 0.865112
vt 0.032440 0.874390
vt 0.032440 0.961609
vt 0.032440 0.973984
vt 0.037048 0.961609
vt 0.308350 0.746826
vt 0.308350 0.741699
vt 0.309326 0.746338
vt 0.309326 0.741699
vt 0.308350 0.736816
vt 0.309326 0.736816
vt 0.308350 0.734131
vt 0.309326 0.734131
vt 0.605957 0.436523
vt 0.608887 0.433105
vt 0.609863 0.452637
vt 0.610840 0.487793
vt 0.609375 0.494629
vt 0.625977 0.447754
vt 0.613770 0.499512
vt 0.625488 0.485352
vt 0.644043 0.448242
vt 0.626465 0.496094
vt 0.626465 0.504883
vt 0.619629 0.506348
vt 0.643555 0.486816
vt 0.642578 0.497559
vt 0.641113 0.505371
vt 0.648438 0.498535
vt 0.648438 0.504395
vt 0.641602 0.510254
vt 0.629395 0.511719
vt 0.626953 0.523438
vt 0.625000 0.518066
vt 0.631348 0.518799
vt 0.642578 0.517578
vt 0.648438 0.510498
vt 0.648926 0.515381
vt 0.681641 0.517578
vt 0.674805 0.515381
vt 0.675293 0.510498
vt 0.682617 0.510254
vt 0.675781 0.504395
vt 0.683105 0.505371
vt 0.675781 0.498535
vt 0.681641 0.497559
vt 0.680176 0.486816
vt 0.697754 0.504883
vt 0.694824 0.511719
vt 0.692383 0.518799
vt 0.697266 0.523438
vt 0.698730 0.518066
vt 0.709961 0.499512
vt 0.704590 0.506348
vt 0.697266 0.496094
vt 0.713379 0.487793
vt 0.714844 0.494629
vt 0.698730 0.485352
vt 0.680176 0.448242
vt 0.697754 0.447754
vt 0.718262 0.436523
vt 0.713867 0.452637
vt 0.715332 0.433105
vt 0.480225 0.852661
vt 0.480957 0.853394
vt 0.480957 0.865601
vt 0.477539 0.852539
vt 0.476807 0.850708
vt 0.574707 0.286621
vt 0.574707 0.284668
vt 0.604492 0.284668
vt 0.604492 0.286621
vt 0.628906 0.284668
vt 0.574707 0.289062
vt 0.628906 0.286621
vt 0.651367 0.284668
vt 0.604492 0.289062
vt 0.574707 0.291016
vt 0.604492 0.291016
vt 0.628906 0.289062
vt 0.628906 0.291016
vt 0.664551 0.289062
vt 0.664551 0.286621
vt 0.664551 0.284668
vt 0.686523 0.284668
vt 0.686523 0.286621
vt 0.686523 0.289062
vt 0.726074 0.286621
vt 0.726074 0.289062
vt 0.726074 0.284668
vt 0.726562 0.286133
vt 0.068115 0.698730
vt 0.068115 0.828369
vt 0.063293 0.696045
vt 0.068115 0.837158
vt 0.063293 0.828369
vt 0.058380 0.695801
vt 0.068115 0.846558
vt 0.063293 0.837158
vt 0.058380 0.828369
vt 0.053253 0.698242
vt 0.068115 0.855835
vt 0.053253 0.828369
vt 0.058380 0.837158
vt 0.053253 0.837158
vt 0.063293 0.846558
vt 0.058380 0.846558
vt 0.053253 0.846558
vt 0.063293 0.855835
vt 0.058380 0.855835
vt 0.053253 0.855835
vt 0.068115 0.865112
vt 0.053253 0.865112
vt 0.068115 0.874390
vt 0.072998 0.973984
vt 0.068115 0.973984
vt 0.063293 0.865112
vt 0.063293 0.874390
vt 0.063293 0.973984
vt 0.058380 0.865112
vt 0.058380 0.874390
vt 0.058380 0.973984
vt 0.053253 0.874390
vt 0.053253 0.961609
vt 0.053253 0.973984
vt 0.048645 0.961609
vt 0.287842 0.746582
vt 0.287842 0.741211
vt 0.286865 0.745850
vt 0.286865 0.741211
vt 0.287842 0.736328
vt 0.286865 0.736328
vt 0.287842 0.733887
vt 0.286865 0.733643
vt 0.496094 0.070312
vt 0.509766 0.056152
vt 0.507812 0.056641
vt 0.517578 0.073242
vt 0.512207 0.056641
vt 0.524414 0.070312
vt 0.526367 0.070312
vt 0.540039 0.056152
vt 0.538086 0.056641
vt 0.547852 0.073242
vt 0.542480 0.056641
vt 0.554688 0.070312
vt 0.285889 0.574463
vt 0.286133 0.569336
vt 0.285889 0.724121
vt 0.286133 0.729492
vt 0.516113 0.773438
vt 0.516113 0.778687
vt 0.508789 0.778687
vt 0.491455 0.778687
vt 0.484131 0.773560
vt 0.484619 0.778320
vt 0.742188 0.037598
vt 0.742188 0.019043
vt 0.754883 0.037598
vt 0.743164 0.014648
vt 0.744629 0.011719
vt 0.783203 0.228027
vt 0.782227 0.206543
vt 0.796387 0.208984
vt 0.800781 0.210449
vt 0.803711 0.212891
vt 0.806641 0.215332
vt 0.808105 0.218262
vt 0.809570 0.228027
vt 0.783691 0.251465
vt 0.810059 0.251465
vt 0.783203 0.280273
vt 0.810059 0.280273
vt 0.810059 0.309082
vt 0.783691 0.309082
vt 0.810059 0.332520
vt 0.783203 0.332520
vt 0.808594 0.341797
vt 0.807129 0.344727
vt 0.804199 0.347656
vt 0.801270 0.349609
vt 0.796875 0.351562
vt 0.782715 0.354004
vt 0.542969 0.924500
vt 0.539062 0.904297
vt 0.536621 0.900696
vt 0.533691 0.897156
vt 0.530762 0.894958
vt 0.528320 0.893372
vt 0.524902 0.891785
vt 0.652344 0.904419
vt 0.648926 0.906006
vt 0.646484 0.907593
vt 0.643066 0.909790
vt 0.640137 0.913330
vt 0.638184 0.916931
vt 0.634277 0.937134
vt 0.795410 0.037598
vt 0.782715 0.037598
vt 0.795410 0.019043
vt 0.794434 0.014648
vt 0.792969 0.011719
vt 0.791504 0.009766
vt 0.789062 0.007812
vt 0.786133 0.006348
vt 0.782715 0.005371
vt 0.789551 0.482910
vt 0.807617 0.482910
vt 0.808594 0.492676
vt 0.788086 0.493164
vt 0.788574 0.502686
vt 0.812988 0.501465
vt 0.816895 0.511963
vt 0.734375 0.492676
vt 0.734863 0.482910
vt 0.752930 0.482910
vt 0.754395 0.493164
vt 0.753906 0.502686
vt 0.729492 0.501465
vt 0.726074 0.511963
vt 0.787598 0.510742
vt 0.754883 0.510742
vt 0.787598 0.520508
vt 0.815918 0.520264
vt 0.754883 0.520508
vt 0.726562 0.520264
vt 0.787109 0.532959
vt 0.810059 0.535400
vt 0.755371 0.532959
vt 0.732422 0.535400
vt 0.785156 0.548828
vt 0.800781 0.549072
vt 0.757324 0.548828
vt 0.741699 0.549072
vt 0.701172 0.606934
vt 0.715332 0.594238
vt 0.732910 0.601074
vt 0.740723 0.584229
vt 0.750000 0.583496
vt 0.748047 0.601318
vt 0.794434 0.601318
vt 0.792480 0.583496
vt 0.801758 0.584229
vt 0.809570 0.601074
vt 0.827148 0.594238
vt 0.841309 0.606934
vt 0.794922 0.616211
vt 0.812500 0.615234
vt 0.812988 0.623779
vt 0.844238 0.617920
vt 0.794922 0.625244
vt 0.748047 0.616211
vt 0.729980 0.615234
vt 0.747559 0.625244
vt 0.729980 0.623779
vt 0.698242 0.617920
vt 0.747070 0.632080
vt 0.730469 0.630127
vt 0.702637 0.630859
vt 0.709961 0.640381
vt 0.732910 0.639893
vt 0.716797 0.648438
vt 0.751953 0.653564
vt 0.790527 0.653564
vt 0.809570 0.639893
vt 0.795410 0.632080
vt 0.812012 0.630127
vt 0.839844 0.630859
vt 0.832520 0.640381
vt 0.825684 0.648438
vt 0.399658 0.766968
vt 0.399658 0.780884
vt 0.373047 0.780884
vt 0.399170 0.765991
vt 0.372559 0.779907
vt 0.387695 0.758057
vt 0.568359 0.838379
vt 0.564941 0.838379
vt 0.564941 0.833740
vt 0.568359 0.848633
vt 0.564941 0.848633
vt 0.568359 0.868408
vt 0.564941 0.868408
vt 0.584961 0.861450
vt 0.589355 0.851196
vt 0.584961 0.851196
vt 0.589355 0.846558
vt 0.247925 0.776489
vt 0.243530 0.778809
vt 0.243530 0.756958
vt 0.247925 0.760254
vt 0.243530 0.704590
vt 0.248779 0.707275
vt 0.248779 0.722900
vt 0.243530 0.726318
vt 0.241455 0.756958
vt 0.241455 0.778809
vt 0.236572 0.776367
vt 0.236572 0.760132
vt 0.236694 0.722900
vt 0.236694 0.707275
vt 0.241455 0.704590
vt 0.241455 0.726318
vt 0.248657 0.754272
vt 0.248657 0.729004
vt 0.236328 0.754150
vt 0.236328 0.729004
vt 0.250732 0.729004
vt 0.250732 0.754272
vt 0.250000 0.760254
vt 0.250000 0.776489
vt 0.250000 0.781738
vt 0.247925 0.781616
vt 0.250732 0.701660
vt 0.250732 0.707275
vt 0.248779 0.701416
vt 0.250732 0.722900
vt 0.379639 0.761108
vt 0.353027 0.761108
vt 0.351807 0.760010
vt 0.351807 0.746094
vt 0.645508 0.736328
vt 0.645508 0.747559
vt 0.644531 0.746582
vt 0.644531 0.737793
vt 0.579102 0.747559
vt 0.579102 0.736328
vt 0.580078 0.737305
vt 0.580078 0.746094
vt 0.668945 0.737793
vt 0.668945 0.746582
vt 0.667480 0.747559
vt 0.667480 0.736328
vt 0.600098 0.746094
vt 0.600098 0.737305
vt 0.601562 0.736328
vt 0.601562 0.747559
vt 0.624512 0.737793
vt 0.624512 0.746582
vt 0.623535 0.747559
vt 0.623535 0.736328
vt 0.688965 0.746582
vt 0.688965 0.737793
vt 0.689941 0.736328
vt 0.689941 0.747559
vt 0.558594 0.687500
vt 0.556152 0.687500
vt 0.556152 0.685303
vt 0.558594 0.685303
vt 0.481934 0.694824
vt 0.481934 0.695557
vt 0.479004 0.695557
vt 0.479004 0.694824
vt 0.481934 0.656982
vt 0.481934 0.657715
vt 0.479004 0.657715
vt 0.479004 0.656982
vt 0.493652 0.569336
vt 0.493652 0.586914
vt 0.491211 0.586914
vt 0.490967 0.569336
vt 0.493652 0.587158
vt 0.490967 0.569092
vt 0.493652 0.569092
vt 0.494141 0.586914
vt 0.496826 0.586914
vt 0.496582 0.587402
vt 0.494141 0.587402
vt 0.496826 0.569336
vt 0.494141 0.569336
vt 0.494141 0.568848
vt 0.496826 0.568848
vt 0.489502 0.573242
vt 0.489258 0.573242
vt 0.489258 0.571289
vt 0.489502 0.571289
vt 0.489258 0.569580
vt 0.489502 0.569580
vt 0.489258 0.567627
vt 0.489502 0.567627
vt 0.489258 0.565674
vt 0.489502 0.565674
vt 0.489258 0.563965
vt 0.489502 0.563965
vt 0.489502 0.575195
vt 0.489258 0.575195
vt 0.496826 0.593750
vt 0.497070 0.587646
vt 0.497314 0.593750
vt 0.495605 0.594482
vt 0.497070 0.593994
vt 0.495605 0.594727
vt 0.494141 0.593750
vt 0.495361 0.594727
vt 0.493896 0.593994
vt 0.497314 0.562500
vt 0.497314 0.568848
vt 0.496826 0.562500
vt 0.495605 0.561523
vt 0.497070 0.562012
vt 0.495361 0.562012
vt 0.493896 0.562256
vt 0.495117 0.561523
vt 0.494141 0.562744
vt 0.562012 0.473145
vt 0.562012 0.440918
vt 0.601074 0.440918
vt 0.601074 0.473145
vt 0.577148 0.413574
vt 0.538574 0.413574
vt 0.538574 0.382812
vt 0.577148 0.382812
vt 0.473389 0.616211
vt 0.473389 0.613770
vt 0.477295 0.613770
vt 0.477295 0.616211
vt 0.477783 0.616211
vt 0.477783 0.613770
vt 0.473145 0.616211
vt 0.473145 0.613770
vt 0.483643 0.609375
vt 0.483643 0.611572
vt 0.483398 0.611572
vt 0.483398 0.609375
vt 0.483643 0.613770
vt 0.483398 0.613770
vt 0.483643 0.615967
vt 0.483398 0.615967
vt 0.483643 0.618408
vt 0.483398 0.618408
vt 0.483643 0.620605
vt 0.483398 0.620605
vt 0.483643 0.607178
vt 0.483398 0.607178
vt 0.482178 0.612061
vt 0.482666 0.612305
vt 0.481934 0.613525
vt 0.481445 0.613281
vt 0.481445 0.610840
vt 0.481689 0.610352
vt 0.482666 0.611816
vt 0.468262 0.612305
vt 0.468750 0.612061
vt 0.469482 0.613281
vt 0.468994 0.613525
vt 0.468994 0.610596
vt 0.469482 0.610840
vt 0.468262 0.611816
vt 0.477539 0.610840
vt 0.478271 0.610840
vt 0.478271 0.613281
vt 0.477539 0.613281
vt 0.473145 0.613281
vt 0.472656 0.613281
vt 0.472656 0.610840
vt 0.473145 0.610840
vt 0.456787 0.721436
vt 0.456055 0.720703
vt 0.457031 0.719971
vt 0.457764 0.720703
vt 0.589355 0.601318
vt 0.588867 0.601318
vt 0.605469 0.603027
vt 0.605469 0.597168
vt 0.607422 0.597168
vt 0.607422 0.603027
vt 0.600586 0.597168
vt 0.600586 0.603027
vt 0.598633 0.603027
vt 0.598633 0.597168
vt 0.598633 0.604980
vt 0.593750 0.604980
vt 0.593750 0.603027
vt 0.598633 0.596436
vt 0.600586 0.596436
vt 0.605469 0.596436
vt 0.607422 0.596436
vt 0.617676 0.616699
vt 0.622559 0.616699
vt 0.622559 0.619385
vt 0.617676 0.619385
vt 0.612793 0.616699
vt 0.612793 0.619385
vt 0.607910 0.616699
vt 0.607910 0.619385
vt 0.603027 0.616699
vt 0.603027 0.619385
vt 0.598145 0.616699
vt 0.598145 0.619385
vt 0.592773 0.616699
vt 0.592773 0.619385
vt 0.093445 0.654785
vt 0.092590 0.654053
vt 0.093872 0.651123
vt 0.094971 0.650879
vt 0.092651 0.647949
vt 0.093445 0.647217
vt 0.089661 0.646729
vt 0.089722 0.645752
vt 0.086731 0.647949
vt 0.085938 0.647217
vt 0.085510 0.651123
vt 0.084412 0.650879
vt 0.086792 0.653809
vt 0.085938 0.654785
vt 0.089661 0.655029
vt 0.089722 0.656250
vt 0.008240 0.653564
vt 0.006691 0.649902
vt 0.007812 0.649902
vt 0.009056 0.652832
vt 0.008247 0.646240
vt 0.009018 0.646973
vt 0.011986 0.644531
vt 0.011986 0.645752
vt 0.015732 0.646240
vt 0.014954 0.646973
vt 0.017288 0.649902
vt 0.016144 0.649902
vt 0.015732 0.653564
vt 0.014915 0.652832
vt 0.011986 0.655273
vt 0.011986 0.654053
vt 0.491455 0.786499
vt 0.508789 0.786499
vt 0.508789 0.818970
vt 0.491455 0.818970
vt 0.847168 0.139160
vt 0.941406 0.139160
vt 0.597656 0.881287
vt 0.597656 0.861450
vt 0.600586 0.861450
vt 0.600586 0.881287
vt 0.597656 0.851196
vt 0.600586 0.851196
vt 0.597656 0.846558
vt 0.600586 0.846558
vt 0.597656 0.842285
vt 0.600586 0.842285
vt 0.823730 0.490723
vt 0.824707 0.374512
vt 0.954590 0.346191
vt 0.549805 0.789673
vt 0.524414 0.789673
vt 0.524414 0.779175
vt 0.549805 0.779175
vt 0.518555 0.789673
vt 0.518555 0.779175
vt 0.526367 0.773560
vt 0.551758 0.773560
vt 0.555664 0.779175
vt 0.555664 0.789673
vt 0.551758 0.795288
vt 0.526367 0.795288
vt 0.445068 0.798828
vt 0.477783 0.798828
vt 0.521484 0.899963
vt 0.457031 0.899963
vt 0.754883 0.005371
vt 0.745117 0.442383
vt 0.745117 0.437988
vt 0.812012 0.437988
vt 0.812012 0.442383
vt 0.807129 0.446289
vt 0.750000 0.446289
vt 0.752441 0.380371
vt 0.809082 0.380371
vt 0.747559 0.431152
vt 0.747559 0.428711
vt 0.809570 0.428711
vt 0.809570 0.431152
vt 0.750000 0.470703
vt 0.750000 0.469238
vt 0.809082 0.469238
vt 0.809082 0.470703
vt 0.744629 0.464844
vt 0.814453 0.464844
vt 0.748047 0.451172
vt 0.811035 0.451172
vt 0.592285 0.027832
vt 0.581055 0.027832
vt 0.581055 0.053223
vt 0.581055 0.051758
vt 0.592285 0.051758
vt 0.592285 0.053223
vt 0.579102 0.027832
vt 0.579102 0.051758
vt 0.594238 0.027832
vt 0.594238 0.051758
vt 0.587402 0.794067
vt 0.587402 0.809814
vt 0.580566 0.809814
vt 0.580566 0.794067
vt 0.562500 0.809814
vt 0.562500 0.794067
vt 0.569824 0.794067
vt 0.569824 0.809814
vt 0.562500 0.820557
vt 0.569824 0.820557
vt 0.754883 0.050293
vt 0.782715 0.050293
vt 0.664062 0.194336
vt 0.668457 0.159668
vt 0.958496 0.346680
vt 0.955566 0.346680
vt 0.955566 0.350586
vt 0.959473 0.350586
vt 0.562012 0.868408
vt 0.562012 0.848633
vt 0.562012 0.838379
vt 0.562012 0.833740
vt 0.562012 0.829468
vt 0.564941 0.829468
vt 0.527344 0.815674
vt 0.527344 0.805176
vt 0.552734 0.805176
vt 0.552734 0.815674
vt 0.558594 0.815674
vt 0.558594 0.805176
vt 0.550781 0.799561
vt 0.525391 0.799561
vt 0.520996 0.805176
vt 0.520996 0.815674
vt 0.525391 0.821411
vt 0.550781 0.821411
vt 0.753418 0.403809
vt 0.810059 0.403809
vt 0.607422 0.025879
vt 0.597168 0.025879
vt 0.607422 0.048828
vt 0.597168 0.048828
vt 0.597168 0.047363
vt 0.607422 0.047363
vt 0.608887 0.025879
vt 0.608887 0.047363
vt 0.595703 0.047363
vt 0.595703 0.025879
vt 0.580566 0.778442
vt 0.587402 0.778442
vt 0.562500 0.778442
vt 0.569824 0.778442
vt 0.562500 0.767578
vt 0.569824 0.767578
vt 0.812500 0.164551
vt 0.808594 0.130371
vt 0.086548 0.888611
vt 0.200684 0.888611
vt 0.200562 0.976608
vt 0.086731 0.976608
vt 0.480469 0.882080
vt 0.498291 0.882080
vt 0.594238 0.846558
vt 0.594238 0.851196
vt 0.594238 0.861450
vt 0.594238 0.881287
vt 0.568848 0.997437
vt 0.534668 0.997437
vt 0.521484 0.930115
vt 0.457031 0.930115
vt 0.457031 0.923035
vt 0.521484 0.923035
vt 0.457031 0.918579
vt 0.521484 0.918579
vt 0.521484 0.903992
vt 0.457031 0.903992
vt 0.578125 0.648193
vt 0.539551 0.625732
vt 0.080994 0.837158
vt 0.080994 0.846558
vt 0.080994 0.855835
vt 0.080994 0.865112
vt 0.580078 0.829468
vt 0.577637 0.829468
vt 0.580078 0.833740
vt 0.577637 0.833740
vt 0.580078 0.838379
vt 0.577637 0.838379
vt 0.580078 0.848633
vt 0.577637 0.848633
vt 0.580078 0.868408
vt 0.573242 0.838379
vt 0.573242 0.833740
vt 0.390381 0.864258
vt 0.277588 0.864258
vt 0.657715 0.302246
vt 0.710938 0.333496
vt 0.655273 0.648682
vt 0.693848 0.626221
vt 0.536621 0.608154
vt 0.499512 0.608154
vt 0.536621 0.620850
vt 0.499512 0.620850
vt 0.536621 0.632812
vt 0.499512 0.632812
vt 0.536621 0.654785
vt 0.499512 0.654785
vt 0.004677 0.837158
vt 0.004677 0.846558
vt 0.004677 0.855835
vt 0.004677 0.865112
vt 0.582520 0.842285
vt 0.584961 0.842285
vt 0.582520 0.846558
vt 0.584961 0.846558
vt 0.582520 0.851196
vt 0.582520 0.861450
vt 0.582520 0.881287
vt 0.379883 0.608154
vt 0.417236 0.608154
vt 0.379883 0.620850
vt 0.416992 0.620850
vt 0.379883 0.632812
vt 0.416992 0.632812
vt 0.379883 0.654785
vt 0.416992 0.654785
vt 0.568359 0.833740
vt 0.994629 0.668701
vt 0.837891 0.668701
vt 0.837891 0.657471
vt 0.994629 0.657471
vt 0.531738 0.107910
vt 0.534180 0.125488
vt 0.510742 0.125488
vt 0.513184 0.107910
vt 0.373047 0.781982
vt 0.399658 0.781982
vt 0.400635 0.780884
vt 0.400635 0.766968
vt 0.256348 0.776367
vt 0.256348 0.760254
vt 0.260742 0.756958
vt 0.260742 0.778809
vt 0.260742 0.704590
vt 0.260742 0.726318
vt 0.255615 0.722900
vt 0.255615 0.707275
vt 0.262939 0.756958
vt 0.267822 0.760132
vt 0.267822 0.776367
vt 0.262939 0.778809
vt 0.267578 0.722900
vt 0.262939 0.726318
vt 0.262939 0.704590
vt 0.267578 0.707275
vt 0.255615 0.754272
vt 0.255615 0.729004
vt 0.268066 0.729004
vt 0.268066 0.754150
vt 0.253662 0.729004
vt 0.253662 0.754272
vt 0.254150 0.760254
vt 0.254150 0.776489
vt 0.256348 0.781616
vt 0.254150 0.781616
vt 0.253418 0.701660
vt 0.255615 0.701416
vt 0.253418 0.707275
vt 0.253418 0.722900
vt 0.487793 0.676025
vt 0.487793 0.667725
vt 0.489502 0.667725
vt 0.489502 0.676025
vt 0.486572 0.700928
vt 0.486572 0.692871
vt 0.489990 0.692871
vt 0.489990 0.700928
vt 0.511719 0.692871
vt 0.511719 0.700928
vt 0.509277 0.700928
vt 0.509277 0.692871
vt 0.532715 0.681152
vt 0.542969 0.681152
vt 0.542969 0.689453
vt 0.532715 0.689453
vt 0.549805 0.681152
vt 0.549805 0.689453
vt 0.513672 0.681152
vt 0.513672 0.689453
vt 0.512207 0.689453
vt 0.512207 0.681152
vt 0.520508 0.681152
vt 0.520508 0.689453
vt 0.531250 0.681152
vt 0.531250 0.689453
vt 0.514160 0.693848
vt 0.514160 0.703613
vt 0.513184 0.703613
vt 0.513184 0.693848
vt 0.541016 0.704102
vt 0.541016 0.703613
vt 0.541016 0.700195
vt 0.541016 0.699951
vt 0.541016 0.693848
vt 0.541016 0.693359
vt 0.541016 0.697998
vt 0.541016 0.697510
vt 0.526855 0.697510
vt 0.527344 0.697998
vt 0.527344 0.699951
vt 0.526855 0.700195
vt 0.315674 0.579346
vt 0.315674 0.729736
vt 0.312012 0.729736
vt 0.312012 0.579346
vt 0.319336 0.579346
vt 0.322998 0.579346
vt 0.322998 0.729736
vt 0.319336 0.729736
vt 0.308105 0.729736
vt 0.308105 0.579346
vt 0.403076 0.971054
vt 0.462402 0.971054
vt 0.462402 0.973495
vt 0.403076 0.973495
vt 0.403076 0.968597
vt 0.403076 0.966125
vt 0.462402 0.966125
vt 0.462402 0.968597
vt 0.462402 0.975967
vt 0.403076 0.975967
vt 0.403076 0.936096
vt 0.462402 0.936096
vt 0.462402 0.938538
vt 0.403076 0.938538
vt 0.403076 0.933655
vt 0.403076 0.931213
vt 0.462402 0.931213
vt 0.462402 0.933655
vt 0.462402 0.941010
vt 0.403076 0.941010
vt 0.403076 0.993366
vt 0.462402 0.993366
vt 0.462402 0.995811
vt 0.403076 0.995811
vt 0.403076 0.990898
vt 0.403076 0.988449
vt 0.462402 0.988449
vt 0.462402 0.990898
vt 0.462402 0.998279
vt 0.403076 0.998279
vt 0.462402 0.982208
vt 0.462402 0.984650
vt 0.403076 0.984650
vt 0.403076 0.982208
vt 0.462402 0.979736
vt 0.403076 0.979736
vt 0.403076 0.977295
vt 0.462402 0.977295
vt 0.462402 0.987122
vt 0.403076 0.987122
vt 0.347412 0.579346
vt 0.347412 0.729736
vt 0.343750 0.729736
vt 0.343750 0.579346
vt 0.351074 0.579346
vt 0.354736 0.579346
vt 0.354736 0.729736
vt 0.351074 0.729736
vt 0.340088 0.729736
vt 0.340088 0.579346
vt 0.331543 0.579346
vt 0.331543 0.729736
vt 0.327881 0.729736
vt 0.327881 0.579346
vt 0.335205 0.579346
vt 0.338867 0.579346
vt 0.338867 0.729736
vt 0.335205 0.729736
vt 0.324219 0.729736
vt 0.324219 0.579346
vt 0.363525 0.722168
vt 0.363525 0.579346
vt 0.367188 0.579346
vt 0.367188 0.722168
vt 0.359619 0.722168
vt 0.355957 0.722168
vt 0.355957 0.579346
vt 0.359619 0.579346
vt 0.370850 0.579346
vt 0.370850 0.722168
vt 0.207397 0.827271
vt 0.204468 0.827271
vt 0.204468 0.697510
vt 0.207397 0.697510
vt 0.212891 0.827271
vt 0.212891 0.697510
vt 0.215820 0.697510
vt 0.215820 0.827271
vt 0.198975 0.827271
vt 0.198975 0.697510
vt 0.212891 0.691895
vt 0.215820 0.691895
vt 0.849609 0.603027
vt 0.881836 0.603027
vt 0.881836 0.618408
vt 0.849609 0.618408
vt 0.848145 0.617432
vt 0.848145 0.604004
vt 0.226562 0.827026
vt 0.226562 0.697266
vt 0.229370 0.697266
vt 0.229370 0.827026
vt 0.220947 0.827026
vt 0.218140 0.827026
vt 0.218140 0.697266
vt 0.220947 0.697266
vt 0.234863 0.697266
vt 0.234863 0.827026
vt 0.218140 0.691650
vt 0.220947 0.691650
vt 0.462402 0.947754
vt 0.462402 0.950195
vt 0.403076 0.950195
vt 0.403076 0.947754
vt 0.462402 0.945282
vt 0.403076 0.945282
vt 0.403076 0.942841
vt 0.462402 0.942841
vt 0.462402 0.952667
vt 0.403076 0.952667
vt 0.462402 0.959167
vt 0.462402 0.961609
vt 0.403076 0.961609
vt 0.403076 0.959167
vt 0.462402 0.956696
vt 0.403076 0.956696
vt 0.403076 0.954254
vt 0.462402 0.954254
vt 0.462402 0.964081
vt 0.403076 0.964081
vt 0.478271 0.722168
vt 0.481445 0.716797
vt 0.486084 0.712646
vt 0.477295 0.728271
vt 0.492188 0.710693
vt 0.478271 0.734619
vt 0.498291 0.710693
vt 0.481445 0.739990
vt 0.503906 0.712646
vt 0.486084 0.743896
vt 0.508789 0.716797
vt 0.492188 0.746094
vt 0.512207 0.722168
vt 0.498291 0.746094
vt 0.513184 0.728271
vt 0.503906 0.743896
vt 0.508789 0.739990
vt 0.512207 0.734619
vt 0.564453 0.657715
vt 0.568848 0.657715
vt 0.568848 0.658936
vt 0.564453 0.658936
vt 0.568848 0.659912
vt 0.564453 0.660156
vt 0.564453 0.661377
vt 0.568848 0.661133
vt 0.568848 0.662354
vt 0.564453 0.662354
vt 0.497314 0.586914
vt 0.497314 0.569336
vt 0.488770 0.587891
vt 0.488770 0.590576
vt 0.487793 0.590576
vt 0.487793 0.587891
vt 0.486572 0.590576
vt 0.486572 0.587891
vt 0.485596 0.590576
vt 0.485596 0.587891
vt 0.484619 0.590576
vt 0.484619 0.587891
vt 0.483398 0.590576
vt 0.483398 0.587891
vt 0.482422 0.590576
vt 0.482422 0.587891
vt 0.488770 0.563721
vt 0.488770 0.567627
vt 0.487793 0.567627
vt 0.487793 0.563721
vt 0.486572 0.567627
vt 0.486572 0.563721
vt 0.485596 0.567627
vt 0.485596 0.563721
vt 0.484619 0.567627
vt 0.484619 0.563721
vt 0.483398 0.567627
vt 0.483398 0.563721
vt 0.482422 0.567627
vt 0.482422 0.563721
vt 0.492188 0.591309
vt 0.493408 0.592041
vt 0.493652 0.593262
vt 0.493408 0.593018
vt 0.492432 0.593994
vt 0.492432 0.593750
vt 0.490967 0.593262
vt 0.420654 0.712891
vt 0.418701 0.712891
vt 0.418701 0.709717
vt 0.420654 0.709717
vt 0.418701 0.706787
vt 0.420654 0.706787
vt 0.418701 0.704102
vt 0.420654 0.704102
vt 0.418701 0.700928
vt 0.420654 0.700928
vt 0.418701 0.687988
vt 0.420654 0.687988
vt 0.418701 0.677734
vt 0.420654 0.677734
vt 0.418701 0.676025
vt 0.420654 0.676025
vt 0.418701 0.674072
vt 0.420654 0.674072
vt 0.418701 0.672119
vt 0.420654 0.672119
vt 0.418701 0.670410
vt 0.420654 0.670410
vt 0.418701 0.660156
vt 0.420654 0.660156
vt 0.418701 0.647461
vt 0.420654 0.647461
vt 0.418701 0.644287
vt 0.420654 0.644287
vt 0.418701 0.641846
vt 0.420654 0.641846
vt 0.418701 0.638916
vt 0.420654 0.638916
vt 0.418701 0.635742
vt 0.420654 0.635742
vt 0.375244 0.736084
vt 0.375244 0.733643
vt 0.386963 0.733643
vt 0.416992 0.736084
vt 0.405029 0.733643
vt 0.416992 0.733643
vt 0.423340 0.744629
vt 0.423340 0.594971
vt 0.426758 0.594971
vt 0.426758 0.744629
vt 0.430176 0.594971
vt 0.430176 0.744629
vt 0.433594 0.594971
vt 0.433594 0.744629
vt 0.437012 0.744629
vt 0.437012 0.594971
vt 0.439453 0.744629
vt 0.439453 0.594971
vt 0.442871 0.594971
vt 0.442871 0.744629
vt 0.446289 0.594971
vt 0.446289 0.744629
vt 0.449707 0.594971
vt 0.449707 0.744629
vt 0.453125 0.744629
vt 0.453125 0.594971
vt 0.491211 0.598145
vt 0.491211 0.606201
vt 0.490234 0.606201
vt 0.490234 0.598145
vt 0.489014 0.606201
vt 0.489014 0.598145
vt 0.487793 0.606201
vt 0.487793 0.598145
vt 0.486816 0.606201
vt 0.486816 0.598145
vt 0.485840 0.606201
vt 0.485840 0.598145
vt 0.484619 0.606201
vt 0.484619 0.598145
vt 0.484619 0.621094
vt 0.484619 0.618652
vt 0.486572 0.617676
vt 0.486572 0.622314
vt 0.488525 0.618896
vt 0.488525 0.621094
vt 0.491211 0.610840
vt 0.491211 0.615479
vt 0.490234 0.615479
vt 0.490234 0.610840
vt 0.489014 0.615479
vt 0.489014 0.610840
vt 0.488037 0.615479
vt 0.488037 0.610840
vt 0.486816 0.615479
vt 0.486816 0.610840
vt 0.485840 0.615479
vt 0.485840 0.610840
vt 0.484619 0.615479
vt 0.484619 0.610840
vt 0.480713 0.609131
vt 0.469971 0.609131
vt 0.469971 0.607422
vt 0.480713 0.607422
vt 0.469971 0.605469
vt 0.480713 0.605469
vt 0.469971 0.603516
vt 0.480713 0.603516
vt 0.469971 0.601807
vt 0.480713 0.601807
vt 0.469971 0.599854
vt 0.480713 0.599854
vt 0.469971 0.598145
vt 0.480713 0.598145
vt 0.455322 0.594971
vt 0.457520 0.594971
vt 0.460205 0.594971
vt 0.462646 0.594971
vt 0.465820 0.594971
vt 0.593262 0.635498
vt 0.593262 0.636719
vt 0.591797 0.635986
vt 0.592285 0.633545
vt 0.589844 0.635498
vt 0.590820 0.631836
vt 0.588379 0.635498
vt 0.588379 0.631348
vt 0.586426 0.635742
vt 0.585938 0.631836
vt 0.584961 0.635986
vt 0.583984 0.633545
vt 0.583496 0.636963
vt 0.583008 0.635742
vt 0.582031 0.638184
vt 0.581543 0.637695
vt 0.580566 0.639160
vt 0.579590 0.638428
vt 0.626465 0.593750
vt 0.626465 0.594482
vt 0.624512 0.594482
vt 0.624512 0.593750
vt 0.623047 0.594482
vt 0.623047 0.593750
vt 0.621094 0.594482
vt 0.621094 0.593750
vt 0.619629 0.594482
vt 0.619629 0.593750
vt 0.617676 0.594482
vt 0.617676 0.593750
vt 0.616211 0.594482
vt 0.616211 0.593750
vt 0.614258 0.594482
vt 0.614258 0.593750
vt 0.612305 0.594482
vt 0.612305 0.593750
vt 0.603516 0.637451
vt 0.604492 0.639404
vt 0.604492 0.641602
vt 0.601562 0.636475
vt 0.603516 0.643555
vt 0.599609 0.636475
vt 0.601562 0.644531
vt 0.597656 0.637451
vt 0.599609 0.644531
vt 0.596191 0.639404
vt 0.596191 0.641602
vt 0.597656 0.643555
vt 0.593750 0.597168
vt 0.594727 0.597168
vt 0.598145 0.597168
vt 0.055328 0.645752
vt 0.068115 0.645752
vt 0.068115 0.651367
vt 0.055328 0.651367
vt 0.068115 0.656982
vt 0.055328 0.656982
vt 0.068115 0.662598
vt 0.055328 0.662598
vt 0.068115 0.668213
vt 0.055328 0.668213
vt 0.068115 0.673828
vt 0.055328 0.673828
vt 0.068115 0.679443
vt 0.055328 0.679443
vt 0.068115 0.685059
vt 0.055328 0.685059
vt 0.068115 0.690918
vt 0.055328 0.690918
vt 0.781250 0.367676
vt 0.954590 0.347656
vt 0.807617 0.447266
vt 0.797363 0.447266
vt 0.791016 0.447266
vt 0.766113 0.447266
vt 0.759766 0.447266
vt 0.750000 0.447266
vt 0.363281 0.797119
vt 0.363281 0.789551
vt 0.333984 0.797119
vt 0.333984 0.789673
vt 0.304688 0.789551
vt 0.304688 0.797119
vt 0.950684 0.004883
vt 0.837891 0.004883
vt 0.570801 0.237305
vt 0.750977 0.237305
vt 0.582031 0.224121
vt 0.739746 0.224121
vt 0.600586 0.213379
vt 0.720703 0.213379
vt 0.626953 0.206055
vt 0.694824 0.206055
vt 0.660645 0.202637
vt 0.585938 0.186035
vt 0.563477 0.153320
vt 0.588867 0.182617
vt 0.572754 0.147461
vt 0.592773 0.180176
vt 0.579102 0.142090
vt 0.597168 0.179199
vt 0.585938 0.133789
vt 0.590820 0.124512
vt 0.659180 0.178711
vt 0.594238 0.114258
vt 0.716309 0.093262
vt 0.595703 0.093262
vt 0.491455 0.865601
vt 0.491455 0.867065
vt 0.544922 0.125488
vt 0.544922 0.152832
vt 0.500000 0.152832
vt 0.500000 0.125488
vt 0.333984 0.803711
vt 0.349854 0.803711
vt 0.349854 0.817871
vt 0.333984 0.817871
vt 0.318359 0.817871
vt 0.318359 0.803711
vt 0.489990 0.689209
vt 0.489990 0.681152
vt 0.500977 0.681152
vt 0.500977 0.689209
vt 0.510254 0.681152
vt 0.510254 0.689209
vt 0.562012 0.657715
vt 0.562012 0.666016
vt 0.553711 0.666016
vt 0.553711 0.657715
vt 0.545898 0.666016
vt 0.545898 0.657715
vt 0.537598 0.666016
vt 0.537598 0.657715
vt 0.529785 0.666016
vt 0.529785 0.657715
vt 0.521484 0.666016
vt 0.521484 0.657715
vt 0.513672 0.666016
vt 0.513672 0.657715
vt 0.505371 0.666016
vt 0.505371 0.657715
vt 0.497559 0.666016
vt 0.497559 0.657715
vt 0.489502 0.666016
vt 0.489502 0.657715
vt 0.529785 0.699951
vt 0.529785 0.700195
vt 0.532227 0.699951
vt 0.532227 0.700195
vt 0.534668 0.699951
vt 0.534668 0.700195
vt 0.536621 0.700195
vt 0.536621 0.699951
vt 0.538574 0.700195
vt 0.538574 0.699951
vt 0.538574 0.697998
vt 0.538574 0.697510
vt 0.536621 0.697998
vt 0.536621 0.697510
vt 0.534668 0.697998
vt 0.534668 0.697510
vt 0.532227 0.697510
vt 0.532227 0.697998
vt 0.529785 0.697510
vt 0.529785 0.697998
vt 0.514160 0.693359
vt 0.523438 0.693359
vt 0.523438 0.693848
vt 0.526855 0.693359
vt 0.526855 0.693848
vt 0.529785 0.693848
vt 0.529785 0.693359
vt 0.532227 0.693848
vt 0.532227 0.693359
vt 0.534668 0.693848
vt 0.534668 0.693359
vt 0.536621 0.693848
vt 0.536621 0.693359
vt 0.538574 0.693848
vt 0.538574 0.693359
vt 0.958984 0.604004
vt 0.958984 0.617432
vt 0.941406 0.617432
vt 0.941406 0.604004
vt 0.912109 0.617432
vt 0.912109 0.604004
vt 0.892578 0.617432
vt 0.892578 0.604004
vt 0.883301 0.604004
vt 0.883301 0.617432
vt 0.606934 0.546875
vt 0.607910 0.546387
vt 0.608398 0.554688
vt 0.606934 0.554688
vt 0.608398 0.556641
vt 0.606934 0.556641
vt 0.608398 0.558594
vt 0.606934 0.558594
vt 0.608887 0.570557
vt 0.606934 0.570312
vt 0.608398 0.572266
vt 0.606934 0.572266
vt 0.608887 0.574219
vt 0.606934 0.574219
vt 0.608398 0.581543
vt 0.606934 0.580811
vt 0.598145 0.546387
vt 0.599121 0.546875
vt 0.599121 0.554688
vt 0.597656 0.554932
vt 0.599121 0.556641
vt 0.597656 0.556641
vt 0.599121 0.558594
vt 0.597656 0.558594
vt 0.599121 0.570312
vt 0.597656 0.570557
vt 0.599609 0.572266
vt 0.598145 0.572510
vt 0.599609 0.574219
vt 0.597656 0.574219
vt 0.599609 0.580811
vt 0.598145 0.581543
vt 0.589844 0.557373
vt 0.597656 0.557373
vt 0.589844 0.558838
vt 0.589844 0.570557
vt 0.597656 0.571777
vt 0.589844 0.571777
vt 0.636719 0.623779
vt 0.633301 0.623779
vt 0.631348 0.621826
vt 0.638672 0.621826
vt 0.629395 0.611572
vt 0.640625 0.611572
vt 0.640625 0.610107
vt 0.629395 0.610107
vt 0.640625 0.608887
vt 0.629395 0.608887
vt 0.640625 0.600830
vt 0.629395 0.600830
vt 0.640625 0.599365
vt 0.629395 0.599365
vt 0.640625 0.598145
vt 0.629395 0.598145
vt 0.631348 0.587891
vt 0.638672 0.587891
vt 0.636719 0.585693
vt 0.633301 0.585693
vt 0.648926 0.623291
vt 0.645508 0.623291
vt 0.644043 0.621582
vt 0.650391 0.621582
vt 0.642090 0.612305
vt 0.652344 0.612305
vt 0.651855 0.610352
vt 0.642090 0.610352
vt 0.652344 0.608643
vt 0.642090 0.608643
vt 0.652344 0.600830
vt 0.642090 0.600830
vt 0.651855 0.599121
vt 0.642090 0.599121
vt 0.652344 0.597412
vt 0.642090 0.597412
vt 0.644043 0.587891
vt 0.650391 0.587891
vt 0.648438 0.586426
vt 0.645508 0.586426
vt 0.618164 0.581299
vt 0.619629 0.580811
vt 0.621582 0.583008
vt 0.621094 0.584229
vt 0.624512 0.583008
vt 0.625000 0.584229
vt 0.626953 0.580811
vt 0.627930 0.581543
vt 0.628418 0.546387
vt 0.627441 0.546875
vt 0.625000 0.544678
vt 0.625488 0.543457
vt 0.622070 0.544678
vt 0.621582 0.543457
vt 0.619629 0.546875
vt 0.618652 0.546143
vt 0.612305 0.546143
vt 0.615234 0.546143
vt 0.617676 0.548584
vt 0.609863 0.548584
vt 0.617676 0.554932
vt 0.609863 0.554932
vt 0.609863 0.555908
vt 0.617676 0.555908
vt 0.627441 0.553467
vt 0.619629 0.553467
vt 0.619629 0.555420
vt 0.626953 0.555420
vt 0.586426 0.747559
vt 0.586426 0.746094
vt 0.593750 0.747559
vt 0.593750 0.746094
vt 0.675293 0.747559
vt 0.675293 0.746582
vt 0.682617 0.747559
vt 0.682617 0.746582
vt 0.638184 0.736328
vt 0.638184 0.737793
vt 0.630859 0.736328
vt 0.630859 0.737793
vt 0.638184 0.746582
vt 0.638184 0.747559
vt 0.630859 0.746582
vt 0.630859 0.747559
vt 0.675293 0.737793
vt 0.675293 0.736328
vt 0.682617 0.737793
vt 0.682617 0.736328
vt 0.481934 0.684082
vt 0.479004 0.684082
vt 0.481934 0.681396
vt 0.479004 0.681396
vt 0.478271 0.684082
vt 0.478271 0.694824
vt 0.475342 0.694824
vt 0.475342 0.684082
vt 0.478271 0.681396
vt 0.475342 0.681396
vt 0.478271 0.678223
vt 0.475342 0.678223
vt 0.478271 0.674316
vt 0.475342 0.674316
vt 0.478271 0.671631
vt 0.475342 0.671631
vt 0.478271 0.668457
vt 0.475342 0.668457
vt 0.478271 0.657715
vt 0.475342 0.657715
vt 0.479004 0.668457
vt 0.481934 0.668457
vt 0.479004 0.671631
vt 0.481934 0.671631
vt 0.558594 0.682861
vt 0.558594 0.680420
vt 0.563477 0.680420
vt 0.563477 0.682861
vt 0.563477 0.689941
vt 0.558594 0.689941
vt 0.487549 0.594727
vt 0.486084 0.593994
vt 0.486084 0.592285
vt 0.487549 0.591553
vt 0.488770 0.593994
vt 0.488770 0.592285
vt 0.487793 0.568115
vt 0.488770 0.568115
vt 0.488770 0.587402
vt 0.487793 0.587402
vt 0.486572 0.568115
vt 0.486572 0.587402
vt 0.485596 0.568115
vt 0.485596 0.587402
vt 0.484619 0.568115
vt 0.484619 0.587402
vt 0.483398 0.568115
vt 0.483398 0.587402
vt 0.482422 0.568115
vt 0.482422 0.587402
vt 0.601074 0.483398
vt 0.595703 0.483887
vt 0.588379 0.476074
vt 0.574707 0.476074
vt 0.567383 0.483887
vt 0.562012 0.483398
vt 0.538574 0.373047
vt 0.544434 0.373047
vt 0.551270 0.380859
vt 0.564453 0.380859
vt 0.571289 0.373047
vt 0.577148 0.373047
vt 0.577148 0.423340
vt 0.571289 0.423340
vt 0.564453 0.415527
vt 0.551270 0.415527
vt 0.544434 0.423340
vt 0.538574 0.423340
vt 0.562012 0.430664
vt 0.567383 0.430176
vt 0.574707 0.437988
vt 0.588379 0.437988
vt 0.595703 0.430176
vt 0.601074 0.430664
vt 0.397705 0.656494
vt 0.393311 0.656494
vt 0.395508 0.656250
vt 0.391846 0.657471
vt 0.399170 0.657471
vt 0.402100 0.668701
vt 0.388672 0.668701
vt 0.404297 0.680664
vt 0.410156 0.678223
vt 0.410156 0.674316
vt 0.416260 0.668701
vt 0.414062 0.678223
vt 0.414062 0.674316
vt 0.417969 0.671631
vt 0.418701 0.674561
vt 0.417969 0.677734
vt 0.416260 0.680664
vt 0.386230 0.680664
vt 0.381104 0.674316
vt 0.381104 0.678223
vt 0.374268 0.680664
vt 0.377197 0.674316
vt 0.377197 0.678223
vt 0.374268 0.668701
vt 0.372559 0.677734
vt 0.372803 0.671631
vt 0.372070 0.674561
vt 0.416260 0.683105
vt 0.374268 0.683105
vt 0.418701 0.560791
vt 0.418701 0.557617
vt 0.420898 0.557617
vt 0.420898 0.560791
vt 0.418701 0.563721
vt 0.420898 0.563721
vt 0.418701 0.566406
vt 0.420898 0.566406
vt 0.418701 0.569336
vt 0.420898 0.569336
vt 0.418701 0.582520
vt 0.420898 0.582520
vt 0.418701 0.592773
vt 0.420898 0.592773
vt 0.418701 0.594482
vt 0.420898 0.594482
vt 0.418701 0.596436
vt 0.420898 0.596436
vt 0.418701 0.598389
vt 0.420898 0.598389
vt 0.420898 0.599854
vt 0.418701 0.599854
vt 0.418701 0.610352
vt 0.420898 0.610352
vt 0.418701 0.623047
vt 0.420898 0.623047
vt 0.418701 0.625977
vt 0.420898 0.625977
vt 0.418701 0.628662
vt 0.420898 0.628662
vt 0.418701 0.631592
vt 0.420898 0.631592
vt 0.418701 0.634766
vt 0.420898 0.634766
vt 0.393799 0.709473
vt 0.395752 0.709229
vt 0.397949 0.709473
vt 0.399414 0.710449
vt 0.392334 0.710449
vt 0.389160 0.721680
vt 0.402588 0.721680
vt 0.381104 0.731201
vt 0.381104 0.727295
vt 0.375244 0.721680
vt 0.377441 0.731201
vt 0.377441 0.727295
vt 0.373535 0.724609
vt 0.372803 0.727539
vt 0.373535 0.730713
vt 0.410400 0.727295
vt 0.410400 0.731201
vt 0.414062 0.727295
vt 0.414062 0.731201
vt 0.416992 0.721680
vt 0.418701 0.730469
vt 0.418701 0.724609
vt 0.419434 0.727539
vt 0.393799 0.760254
vt 0.397949 0.760254
vt 0.395752 0.760620
vt 0.399414 0.759277
vt 0.392334 0.759277
vt 0.389160 0.748291
vt 0.402588 0.748291
vt 0.375244 0.748291
vt 0.373535 0.739258
vt 0.416992 0.748291
vt 0.373535 0.745361
vt 0.372803 0.742432
vt 0.418701 0.739258
vt 0.418701 0.745361
vt 0.419434 0.742432
vt 0.393311 0.707275
vt 0.397705 0.707275
vt 0.395508 0.707764
vt 0.391846 0.706299
vt 0.399170 0.706299
vt 0.402100 0.695312
vt 0.388672 0.695312
vt 0.416260 0.695312
vt 0.417969 0.686279
vt 0.374268 0.695312
vt 0.417969 0.692383
vt 0.418701 0.689453
vt 0.372559 0.686279
vt 0.372803 0.692383
vt 0.372070 0.689453
vt 0.496582 0.599854
vt 0.496582 0.598633
vt 0.497559 0.598145
vt 0.498535 0.598633
vt 0.497559 0.600342
vt 0.498535 0.599854
vt 0.495850 0.605957
vt 0.495850 0.607666
vt 0.491699 0.607666
vt 0.491699 0.605957
vt 0.495850 0.604492
vt 0.491699 0.604492
vt 0.495850 0.602783
vt 0.491699 0.602783
vt 0.495850 0.601318
vt 0.491699 0.601318
vt 0.495850 0.599609
vt 0.491699 0.599609
vt 0.495850 0.598145
vt 0.491699 0.598145
vt 0.490234 0.615723
vt 0.491211 0.615723
vt 0.491211 0.617188
vt 0.490234 0.617188
vt 0.489014 0.615723
vt 0.489014 0.617188
vt 0.488037 0.615723
vt 0.488037 0.617188
vt 0.486816 0.615723
vt 0.486816 0.617188
vt 0.485840 0.615723
vt 0.485840 0.617188
vt 0.484619 0.615723
vt 0.484619 0.617188
vt 0.490234 0.606689
vt 0.491211 0.606689
vt 0.491211 0.610352
vt 0.490234 0.610352
vt 0.489014 0.606689
vt 0.489014 0.610352
vt 0.488037 0.606689
vt 0.488037 0.610352
vt 0.486816 0.606689
vt 0.486816 0.610352
vt 0.485840 0.606689
vt 0.485840 0.610352
vt 0.484619 0.606689
vt 0.484619 0.610352
vt 0.594238 0.638428
vt 0.592285 0.640869
vt 0.591309 0.639404
vt 0.592773 0.637695
vt 0.594727 0.635498
vt 0.593750 0.632568
vt 0.591309 0.630371
vt 0.588379 0.629639
vt 0.585449 0.630371
vt 0.583008 0.632568
vt 0.581543 0.635254
vt 0.587402 0.603760
vt 0.587402 0.604004
vt 0.586426 0.603760
vt 0.586426 0.604004
vt 0.584961 0.603760
vt 0.584961 0.604004
vt 0.583496 0.603760
vt 0.583496 0.604004
vt 0.582031 0.603760
vt 0.582031 0.604004
vt 0.580078 0.603760
vt 0.580078 0.604004
vt 0.587402 0.601318
vt 0.586426 0.601318
vt 0.584961 0.601318
vt 0.583496 0.601318
vt 0.582031 0.601318
vt 0.580078 0.601318
vt 0.587402 0.601318
vt 0.586426 0.601318
vt 0.584961 0.601318
vt 0.583496 0.601318
vt 0.582031 0.601318
vt 0.580078 0.601318
vt 0.587402 0.606201
vt 0.586426 0.606201
vt 0.584961 0.606201
vt 0.583496 0.606201
vt 0.582031 0.606201
vt 0.580078 0.606201
vt 0.625000 0.613037
vt 0.627441 0.613037
vt 0.627441 0.615234
vt 0.625000 0.615234
vt 0.622070 0.613037
vt 0.622070 0.615234
vt 0.619141 0.613037
vt 0.619141 0.615234
vt 0.616211 0.613037
vt 0.616211 0.615234
vt 0.613281 0.613037
vt 0.613281 0.615234
vt 0.610352 0.613037
vt 0.610352 0.615234
vt 0.607422 0.613037
vt 0.607422 0.615234
vt 0.604492 0.613037
vt 0.604492 0.615234
vt 0.601562 0.613037
vt 0.601562 0.615234
vt 0.598633 0.613037
vt 0.598633 0.615234
vt 0.596191 0.613037
vt 0.596191 0.615234
vt 0.592773 0.613037
vt 0.592773 0.615234
vt 0.592773 0.597656
vt 0.592773 0.600098
vt 0.580078 0.600098
vt 0.580078 0.597656
vt 0.592773 0.595215
vt 0.580078 0.595215
vt 0.592773 0.593018
vt 0.580078 0.593018
vt 0.592773 0.590576
vt 0.580078 0.590576
vt 0.592773 0.588379
vt 0.580078 0.588379
vt 0.592773 0.585938
vt 0.580078 0.585938
vt 0.589844 0.607666
vt 0.591797 0.607666
vt 0.591797 0.610107
vt 0.589844 0.610107
vt 0.587891 0.607666
vt 0.585938 0.607666
vt 0.583984 0.607666
vt 0.583984 0.610107
vt 0.582031 0.607666
vt 0.580078 0.607666
vt 0.604980 0.597168
vt 0.601562 0.597168
vt 0.611816 0.605469
vt 0.608887 0.605469
vt 0.608887 0.601074
vt 0.611816 0.601074
vt 0.614258 0.605469
vt 0.614258 0.601074
vt 0.617188 0.605469
vt 0.617188 0.601074
vt 0.619629 0.605469
vt 0.619629 0.601074
vt 0.622070 0.605469
vt 0.622070 0.601074
vt 0.625000 0.605469
vt 0.625000 0.601074
vt 0.625488 0.586182
vt 0.627930 0.586182
vt 0.627930 0.592529
vt 0.625488 0.592529
vt 0.622559 0.586182
vt 0.622559 0.592529
vt 0.620117 0.586182
vt 0.620117 0.592529
vt 0.617676 0.586182
vt 0.617676 0.592529
vt 0.614746 0.586182
vt 0.614746 0.592529
vt 0.612305 0.586182
vt 0.612305 0.592529
vt 0.047089 0.685059
vt 0.047089 0.690674
vt 0.034271 0.690674
vt 0.034271 0.685059
vt 0.047089 0.679443
vt 0.034271 0.679443
vt 0.047089 0.673828
vt 0.034271 0.673828
vt 0.047089 0.668213
vt 0.034271 0.668213
vt 0.047089 0.662598
vt 0.034271 0.662598
vt 0.047089 0.656982
vt 0.034271 0.656982
vt 0.047089 0.651367
vt 0.034271 0.651367
vt 0.047089 0.645752
vt 0.034271 0.645752
vt 0.629883 0.333008
vt 0.657715 0.333496
vt 0.686035 0.333008
vt 0.541016 0.293457
vt 0.536133 0.313477
vt 0.533203 0.337891
vt 0.531738 0.367188
vt 0.533203 0.396973
vt 0.536133 0.421387
vt 0.541016 0.441406
vt 0.546875 0.457520
vt 0.953125 0.520020
vt 0.082092 0.990646
vt 0.082092 0.976608
vt 0.205200 0.990646
vt 0.205200 0.976608
vt 0.601562 0.343750
vt 0.627930 0.343262
vt 0.657715 0.344238
vt 0.687500 0.343262
vt 0.714355 0.343750
vt 0.154663 0.690186
vt 0.104858 0.690186
vt 0.104858 0.647461
vt 0.154663 0.647461
vt 0.157471 0.690186
vt 0.157471 0.647461
vt 0.171875 0.690186
vt 0.171875 0.647461
vt 0.223633 0.690186
vt 0.223633 0.647461
vt 0.252686 0.610840
vt 0.252686 0.615479
vt 0.222656 0.615479
vt 0.222656 0.610840
vt 0.252686 0.606445
vt 0.222656 0.606445
vt 0.252686 0.601807
vt 0.222656 0.601807
vt 0.252686 0.597412
vt 0.222656 0.597412
vt 0.252686 0.592773
vt 0.222656 0.592773
vt 0.252686 0.588379
vt 0.222656 0.588379
vt 0.222778 0.564453
vt 0.222778 0.559814
vt 0.252686 0.559814
vt 0.252686 0.564453
vt 0.222778 0.568848
vt 0.252686 0.569092
vt 0.222778 0.573486
vt 0.252686 0.573486
vt 0.222778 0.577881
vt 0.252686 0.578125
vt 0.222778 0.582520
vt 0.252686 0.582520
vt 0.222656 0.586914
vt 0.252686 0.587158
vt 0.501465 0.700928
vt 0.501465 0.692871
vt 0.553711 0.667725
vt 0.562012 0.667725
vt 0.562012 0.676025
vt 0.553711 0.676025
vt 0.545898 0.667725
vt 0.545898 0.676025
vt 0.537598 0.667725
vt 0.537598 0.676025
vt 0.529785 0.667725
vt 0.529785 0.676025
vt 0.521484 0.667725
vt 0.521484 0.676025
vt 0.513672 0.667725
vt 0.513672 0.676025
vt 0.505371 0.667725
vt 0.505371 0.676025
vt 0.497559 0.667725
vt 0.497559 0.676025
vt 0.562012 0.677490
vt 0.553711 0.677490
vt 0.545898 0.677490
vt 0.537598 0.677490
vt 0.529785 0.677490
vt 0.521484 0.677490
vt 0.513672 0.677490
vt 0.505371 0.677490
vt 0.497559 0.677490
vt 0.489502 0.677490
vt 0.538574 0.703613
vt 0.538574 0.704102
vt 0.536621 0.703613
vt 0.536621 0.704102
vt 0.534668 0.703613
vt 0.534668 0.704102
vt 0.532227 0.703613
vt 0.532227 0.704102
vt 0.529785 0.703613
vt 0.529785 0.704102
vt 0.526855 0.703613
vt 0.526855 0.704102
vt 0.523438 0.703613
vt 0.523438 0.704102
vt 0.514160 0.704102
vt 0.565918 0.693848
vt 0.568359 0.693848
vt 0.568359 0.697021
vt 0.565918 0.697021
vt 0.563965 0.693848
vt 0.563965 0.697021
vt 0.562500 0.693848
vt 0.562500 0.697021
vt 0.560547 0.693848
vt 0.560547 0.697021
vt 0.558594 0.693848
vt 0.558594 0.697021
vt 0.556152 0.693848
vt 0.556152 0.697021
vt 0.552246 0.693848
vt 0.556152 0.699463
vt 0.542969 0.702637
vt 0.542969 0.693848
vt 0.552246 0.702637
vt 0.556152 0.702637
vt 0.558594 0.702637
vt 0.558594 0.699463
vt 0.560547 0.702637
vt 0.560547 0.699463
vt 0.562500 0.702637
vt 0.562500 0.699463
vt 0.563965 0.702637
vt 0.563965 0.699463
vt 0.565918 0.702637
vt 0.565918 0.699463
vt 0.568359 0.702637
vt 0.568359 0.699463
vt 0.601562 0.544678
vt 0.601074 0.543457
vt 0.604492 0.544678
vt 0.604980 0.543457
vt 0.604492 0.583008
vt 0.604980 0.584229
vt 0.602051 0.583008
vt 0.601562 0.584473
vt 0.597656 0.579102
vt 0.595215 0.581543
vt 0.592285 0.581543
vt 0.589844 0.579102
vt 0.597656 0.572998
vt 0.589844 0.572998
vt 0.628906 0.572998
vt 0.626953 0.572998
vt 0.628418 0.571045
vt 0.626953 0.571045
vt 0.628906 0.569336
vt 0.626953 0.569336
vt 0.628906 0.557129
vt 0.627441 0.557373
vt 0.628906 0.555420
vt 0.628906 0.553711
vt 0.619141 0.572998
vt 0.617676 0.572998
vt 0.619629 0.571045
vt 0.617676 0.571045
vt 0.619629 0.569092
vt 0.617676 0.569092
vt 0.619629 0.557373
vt 0.617676 0.557129
vt 0.618164 0.555420
vt 0.618164 0.553467
vt 0.617676 0.570312
vt 0.609863 0.570312
vt 0.609863 0.569092
vt 0.609863 0.557129
vt 0.903809 0.593018
vt 0.885742 0.593018
vt 0.885742 0.579590
vt 0.903809 0.579590
vt 0.932617 0.593018
vt 0.932617 0.579590
vt 0.952637 0.593018
vt 0.952637 0.579590
vt 0.961426 0.579590
vt 0.961426 0.593018
vt 0.963379 0.578613
vt 0.963379 0.593994
vt 0.961914 0.604492
vt 0.961426 0.595459
vt 0.963379 0.604004
vt 0.969238 0.622803
vt 0.970215 0.621094
vt 0.996582 0.612793
vt 0.995117 0.593994
vt 0.995117 0.611816
vt 0.997070 0.594971
vt 0.995117 0.578613
vt 0.996582 0.593018
vt 0.996582 0.579590
vt 0.996582 0.559814
vt 0.997070 0.577881
vt 0.995117 0.561035
vt 0.969238 0.549805
vt 0.963379 0.568848
vt 0.961426 0.577393
vt 0.961914 0.568359
vt 0.970215 0.551514
vt 0.631836 0.546875
vt 0.633301 0.544922
vt 0.637207 0.544922
vt 0.638672 0.546875
vt 0.629883 0.557373
vt 0.640625 0.557373
vt 0.640625 0.558594
vt 0.629883 0.558594
vt 0.640625 0.560059
vt 0.629883 0.559814
vt 0.640625 0.567871
vt 0.629883 0.567871
vt 0.640625 0.569336
vt 0.629883 0.569336
vt 0.640625 0.570557
vt 0.629883 0.570557
vt 0.631836 0.580811
vt 0.638672 0.580811
vt 0.637207 0.583008
vt 0.633301 0.582764
vt 0.644043 0.547119
vt 0.645508 0.545654
vt 0.648926 0.545654
vt 0.650391 0.547119
vt 0.642090 0.556396
vt 0.652344 0.556396
vt 0.652344 0.558350
vt 0.642578 0.558350
vt 0.652344 0.560059
vt 0.642090 0.560059
vt 0.652344 0.567871
vt 0.642090 0.567871
vt 0.652344 0.569580
vt 0.642578 0.569580
vt 0.652344 0.571289
vt 0.642090 0.571289
vt 0.644043 0.580811
vt 0.650391 0.580811
vt 0.648926 0.582275
vt 0.645508 0.582275
vt 0.594727 0.622070
vt 0.592773 0.622070
vt 0.592773 0.620850
vt 0.594727 0.620850
vt 0.596680 0.622070
vt 0.596680 0.620850
vt 0.598145 0.622070
vt 0.598145 0.620850
vt 0.600098 0.622070
vt 0.600098 0.620850
vt 0.602051 0.622070
vt 0.602051 0.620850
vt 0.604004 0.622070
vt 0.604004 0.620850
vt 0.605469 0.622070
vt 0.605469 0.620850
vt 0.607422 0.622070
vt 0.607422 0.620850
vt 0.609375 0.622070
vt 0.609375 0.620850
vt 0.610840 0.622070
vt 0.610840 0.620850
vt 0.612793 0.622070
vt 0.612793 0.620850
vt 0.614746 0.622070
vt 0.614746 0.620850
vt 0.616699 0.622070
vt 0.616699 0.620850
vt 0.618164 0.622070
vt 0.618164 0.620850
vt 0.620117 0.622070
vt 0.620117 0.620850
vt 0.622070 0.622070
vt 0.622070 0.620850
vt 0.608887 0.586182
vt 0.610840 0.586182
vt 0.610840 0.594727
vt 0.608887 0.594727
vt 0.606445 0.586182
vt 0.606445 0.594727
vt 0.604492 0.586182
vt 0.604492 0.594727
vt 0.602539 0.586182
vt 0.602539 0.594727
vt 0.600586 0.586182
vt 0.600586 0.594727
vt 0.598145 0.586182
vt 0.598145 0.594727
vt 0.596191 0.586182
vt 0.596191 0.594727
vt 0.594238 0.586182
vt 0.594238 0.594727
vt 0.583984 0.255859
vt 0.582031 0.255371
vt 0.582031 0.255371
vt 0.582031 0.254395
vt 0.587402 0.256836
vt 0.601074 0.251953
vt 0.588379 0.257324
vt 0.591797 0.258789
vt 0.592773 0.259766
vt 0.579102 0.251953
vt 0.581055 0.254395
vt 0.579102 0.254395
vt 0.578125 0.248535
vt 0.577637 0.245117
vt 0.578125 0.220215
vt 0.577637 0.220215
vt 0.579590 0.220215
vt 0.600586 0.219238
vt 0.579590 0.219727
vt 0.579590 0.219238
vt 0.615723 0.219238
vt 0.615234 0.251953
vt 0.633789 0.251953
vt 0.634766 0.219238
vt 0.615234 0.261719
vt 0.659668 0.237793
vt 0.659668 0.219238
vt 0.684082 0.219238
vt 0.633789 0.261719
vt 0.685059 0.251953
vt 0.703125 0.219238
vt 0.658691 0.251953
vt 0.658691 0.261719
vt 0.659668 0.251953
vt 0.659668 0.261719
vt 0.660156 0.251953
vt 0.660156 0.261719
vt 0.658691 0.270508
vt 0.685059 0.261719
vt 0.633789 0.270508
vt 0.660156 0.270508
vt 0.659668 0.270508
vt 0.659668 0.279297
vt 0.703613 0.251953
vt 0.685059 0.270508
vt 0.703613 0.261719
vt 0.717773 0.251953
vt 0.717773 0.219238
vt 0.739258 0.219238
vt 0.739258 0.219727
vt 0.739258 0.220215
vt 0.741211 0.245117
vt 0.741211 0.220215
vt 0.741211 0.220215
vt 0.740723 0.248535
vt 0.739746 0.251953
vt 0.739746 0.254395
vt 0.737793 0.254395
vt 0.736816 0.254395
vt 0.731445 0.256836
vt 0.734863 0.255859
vt 0.736816 0.255371
vt 0.736816 0.255371
vt 0.730469 0.257324
vt 0.727051 0.258789
vt 0.726074 0.259766
vt 0.717773 0.261719
vt 0.725098 0.260742
vt 0.725098 0.261719
vt 0.722656 0.263672
vt 0.722656 0.263672
vt 0.721680 0.265137
vt 0.721680 0.265625
vt 0.703613 0.270508
vt 0.717773 0.270508
vt 0.720703 0.269043
vt 0.720215 0.269531
vt 0.720215 0.270508
vt 0.719727 0.271484
vt 0.719727 0.272461
vt 0.719238 0.272949
vt 0.718750 0.276367
vt 0.717773 0.279297
vt 0.718750 0.277344
vt 0.718262 0.279297
vt 0.718262 0.281738
vt 0.718750 0.283203
vt 0.717773 0.287598
vt 0.719238 0.287598
vt 0.714355 0.287598
vt 0.703613 0.279297
vt 0.704590 0.287598
vt 0.703613 0.287598
vt 0.697754 0.287598
vt 0.685059 0.279297
vt 0.685059 0.287598
vt 0.685059 0.287598
vt 0.684570 0.287598
vt 0.676758 0.287598
vt 0.660156 0.279297
vt 0.659668 0.287598
vt 0.658691 0.279297
vt 0.642090 0.287598
vt 0.633789 0.279297
vt 0.634277 0.287598
vt 0.633789 0.287598
vt 0.633789 0.287598
vt 0.621094 0.287598
vt 0.615234 0.270508
vt 0.615234 0.279297
vt 0.615234 0.287598
vt 0.614258 0.287598
vt 0.604492 0.287598
vt 0.601074 0.261719
vt 0.593750 0.260742
vt 0.593750 0.261719
vt 0.596191 0.263672
vt 0.596191 0.263672
vt 0.597168 0.265137
vt 0.597168 0.265625
vt 0.601074 0.270508
vt 0.598145 0.269043
vt 0.598633 0.269531
vt 0.598633 0.270508
vt 0.599121 0.271484
vt 0.599121 0.272461
vt 0.599609 0.272949
vt 0.600098 0.276367
vt 0.601074 0.279297
vt 0.600098 0.277344
vt 0.600098 0.279297
vt 0.600586 0.281738
vt 0.601074 0.287598
vt 0.600098 0.283203
vt 0.599609 0.287598
vt 0.586426 0.737305
vt 0.586426 0.736328
vt 0.593750 0.736328
vt 0.593750 0.737305
vt 0.493652 0.593750
vt 0.493652 0.587646
vt 0.493652 0.568848
vt 0.493652 0.562744
vt 0.481201 0.596191
vt 0.481201 0.594971
vt 0.482178 0.594482
vt 0.482178 0.596680
vt 0.483154 0.596191
vt 0.483154 0.594971
vt 0.601562 0.430176
vt 0.602051 0.440918
vt 0.602051 0.473145
vt 0.601562 0.483887
vt 0.561523 0.430176
vt 0.561523 0.440918
vt 0.561523 0.473145
vt 0.561523 0.483887
vt 0.567871 0.429688
vt 0.575195 0.437012
vt 0.588379 0.437012
vt 0.595703 0.429688
vt 0.595703 0.484375
vt 0.588379 0.477051
vt 0.575195 0.477051
vt 0.567383 0.484375
vt 0.481445 0.613770
vt 0.478271 0.613770
vt 0.472656 0.613770
vt 0.469482 0.613770
vt 0.481445 0.610352
vt 0.478271 0.610352
vt 0.477295 0.610352
vt 0.473389 0.610352
vt 0.472656 0.610352
vt 0.469482 0.610352
vt 0.628418 0.595703
vt 0.628418 0.600098
vt 0.625488 0.595703
vt 0.628418 0.600098
vt 0.625488 0.600098
vt 0.623047 0.595703
vt 0.623047 0.600098
vt 0.620605 0.595703
vt 0.620605 0.600098
vt 0.618164 0.600098
vt 0.618164 0.595703
vt 0.615723 0.595703
vt 0.615723 0.600098
vt 0.613281 0.595703
vt 0.613281 0.600098
vt 0.610840 0.600098
vt 0.610840 0.600098
vt 0.610840 0.595703
vt 0.609375 0.595703
vt 0.609375 0.600098
vt 0.600098 0.647461
vt 0.600098 0.649170
vt 0.598633 0.650635
vt 0.598633 0.645996
vt 0.596680 0.645996
vt 0.596680 0.650635
vt 0.595215 0.649170
vt 0.595215 0.647461
vt 0.620117 0.607422
vt 0.620117 0.611572
vt 0.618164 0.611572
vt 0.618164 0.607422
vt 0.615723 0.607422
vt 0.615723 0.611572
vt 0.613770 0.611572
vt 0.613770 0.607422
vt 0.611328 0.607422
vt 0.611328 0.611572
vt 0.609375 0.611572
vt 0.609375 0.607422
vt 0.606934 0.607422
vt 0.606934 0.611572
vt 0.604492 0.611572
vt 0.604492 0.607422
vt 0.602539 0.607422
vt 0.602539 0.611572
vt 0.600098 0.611572
vt 0.600098 0.607422
vt 0.597656 0.607422
vt 0.597656 0.611572
vt 0.595703 0.611572
vt 0.595703 0.607422
vt 0.593262 0.607422
vt 0.593262 0.611572
vt 0.607910 0.633301
vt 0.606934 0.635010
vt 0.604492 0.635010
vt 0.603516 0.633301
vt 0.604980 0.631592
vt 0.606934 0.631592
vt 0.763184 0.064941
vt 0.753906 0.059570
vt 0.734375 0.091309
vt 0.748047 0.054199
vt 0.729980 0.090332
vt 0.741211 0.045898
vt 0.736328 0.036621
vt 0.669434 0.089844
vt 0.732910 0.026855
vt 0.613281 0.006348
vt 0.731445 0.006348
vt 0.746094 0.009766
vt 0.748535 0.007812
vt 0.751465 0.006348
vt 0.254395 0.630859
vt 0.250488 0.633301
vt 0.246582 0.630859
vt 0.246582 0.626465
vt 0.250488 0.624268
vt 0.254395 0.626465
vt 0.246582 0.641113
vt 0.246582 0.636719
vt 0.250488 0.634521
vt 0.254395 0.636719
vt 0.254395 0.641113
vt 0.250488 0.643555
vt 0.592285 0.546631
vt 0.595215 0.546631
vt 0.597656 0.549072
vt 0.589844 0.549072
vt 0.589844 0.556396
vt 0.597656 0.556396
vt 0.617676 0.578857
vt 0.615234 0.581055
vt 0.612305 0.581055
vt 0.609863 0.578857
vt 0.609863 0.571533
vt 0.617676 0.571533
vt 0.571777 0.736328
vt 0.571777 0.731201
vt 0.579102 0.731201
vt 0.586426 0.731201
vt 0.571777 0.747559
vt 0.593750 0.731201
vt 0.601562 0.731201
vt 0.608887 0.731201
vt 0.608887 0.736328
vt 0.616211 0.731201
vt 0.616211 0.736328
vt 0.623535 0.731201
vt 0.608887 0.747559
vt 0.630859 0.731201
vt 0.638184 0.731201
vt 0.645508 0.731201
vt 0.652832 0.731201
vt 0.616211 0.747559
vt 0.652832 0.736328
vt 0.660156 0.731201
vt 0.660156 0.736328
vt 0.667480 0.731201
vt 0.652832 0.747559
vt 0.675293 0.731201
vt 0.682617 0.731201
vt 0.689941 0.731201
vt 0.697266 0.731201
vt 0.660156 0.747559
vt 0.697266 0.736328
vt 0.704590 0.731201
vt 0.704590 0.736328
vt 0.697266 0.747559
vt 0.704590 0.747559
vt 0.704590 0.751099
vt 0.697266 0.751099
vt 0.689941 0.751099
vt 0.697266 0.753540
vt 0.704590 0.753540
vt 0.689941 0.753540
vt 0.682617 0.751099
vt 0.682617 0.753540
vt 0.675293 0.751099
vt 0.675293 0.753540
vt 0.682617 0.757568
vt 0.675293 0.757568
vt 0.689941 0.757568
vt 0.667480 0.757568
vt 0.697266 0.757568
vt 0.704590 0.757568
vt 0.704590 0.770508
vt 0.697266 0.770508
vt 0.704590 0.776367
vt 0.689941 0.770508
vt 0.697266 0.776367
vt 0.689941 0.776367
vt 0.682617 0.770508
vt 0.682617 0.776367
vt 0.675293 0.770508
vt 0.675293 0.776367
vt 0.667480 0.770508
vt 0.667480 0.776367
vt 0.660156 0.770508
vt 0.660156 0.776367
vt 0.660156 0.757568
vt 0.652832 0.770508
vt 0.652832 0.776367
vt 0.652832 0.757568
vt 0.667480 0.753540
vt 0.645508 0.770508
vt 0.645508 0.776367
vt 0.638184 0.770508
vt 0.638184 0.776367
vt 0.645508 0.757568
vt 0.630859 0.770508
vt 0.630859 0.776367
vt 0.623535 0.770508
vt 0.623535 0.776367
vt 0.616211 0.770508
vt 0.616211 0.776367
vt 0.616211 0.757568
vt 0.623535 0.757568
vt 0.608887 0.770508
vt 0.608887 0.776367
vt 0.608887 0.757568
vt 0.601562 0.770508
vt 0.601562 0.776367
vt 0.593750 0.770508
vt 0.593750 0.776367
vt 0.601562 0.757568
vt 0.586426 0.770508
vt 0.586426 0.776367
vt 0.579102 0.770508
vt 0.579102 0.776367
vt 0.571777 0.776367
vt 0.571777 0.770508
vt 0.571777 0.757568
vt 0.579102 0.757568
vt 0.579102 0.753540
vt 0.571777 0.753540
vt 0.586426 0.753540
vt 0.586426 0.757568
vt 0.579102 0.751099
vt 0.571777 0.751099
vt 0.586426 0.751099
vt 0.593750 0.751099
vt 0.593750 0.753540
vt 0.593750 0.757568
vt 0.601562 0.751099
vt 0.601562 0.753540
vt 0.608887 0.751099
vt 0.608887 0.753540
vt 0.616211 0.751099
vt 0.616211 0.753540
vt 0.623535 0.751099
vt 0.623535 0.753540
vt 0.630859 0.751099
vt 0.630859 0.753540
vt 0.630859 0.757568
vt 0.638184 0.751099
vt 0.638184 0.753540
vt 0.638184 0.757568
vt 0.645508 0.751099
vt 0.645508 0.753540
vt 0.652832 0.751099
vt 0.652832 0.753540
vt 0.660156 0.751099
vt 0.660156 0.753540
vt 0.667480 0.751099
vt 0.571777 0.724854
vt 0.579102 0.724854
vt 0.571777 0.658447
vt 0.586426 0.724854
vt 0.579102 0.658447
vt 0.571777 0.655762
vt 0.579102 0.655762
vt 0.586426 0.655762
vt 0.586426 0.658447
vt 0.593750 0.655762
vt 0.593750 0.724854
vt 0.593750 0.658447
vt 0.601562 0.655762
vt 0.601562 0.724854
vt 0.601562 0.658447
vt 0.608887 0.655762
vt 0.608887 0.724854
vt 0.608887 0.658447
vt 0.616211 0.655762
vt 0.616211 0.724854
vt 0.616211 0.658447
vt 0.623535 0.655762
vt 0.623535 0.724854
vt 0.623535 0.658447
vt 0.630859 0.655762
vt 0.630859 0.724854
vt 0.630859 0.658447
vt 0.638184 0.655762
vt 0.638184 0.724854
vt 0.638184 0.658447
vt 0.645508 0.655762
vt 0.645508 0.724854
vt 0.645508 0.658447
vt 0.652832 0.655762
vt 0.652832 0.724854
vt 0.652832 0.658447
vt 0.660156 0.655762
vt 0.660156 0.724854
vt 0.660156 0.658447
vt 0.667480 0.655762
vt 0.667480 0.724854
vt 0.667480 0.658447
vt 0.675293 0.655762
vt 0.675293 0.724854
vt 0.675293 0.658447
vt 0.682617 0.655762
vt 0.682617 0.724854
vt 0.682617 0.658447
vt 0.689941 0.655762
vt 0.689941 0.724854
vt 0.689941 0.658447
vt 0.697266 0.655762
vt 0.697266 0.724854
vt 0.704590 0.724854
vt 0.697266 0.658447
vt 0.704590 0.655762
vt 0.704590 0.658447
vt 0.465820 0.714355
vt 0.465820 0.719238
vt 0.462646 0.719238
vt 0.462646 0.714355
vt 0.460205 0.719238
vt 0.465820 0.710938
vt 0.460205 0.714355
vt 0.457520 0.719238
vt 0.462646 0.710938
vt 0.465820 0.707520
vt 0.457520 0.714355
vt 0.455322 0.719238
vt 0.455322 0.714355
vt 0.460205 0.710938
vt 0.462646 0.707520
vt 0.465820 0.702393
vt 0.457520 0.710938
vt 0.455322 0.710938
vt 0.460205 0.707520
vt 0.462646 0.702393
vt 0.465820 0.697266
vt 0.457520 0.707520
vt 0.455322 0.707520
vt 0.460205 0.702393
vt 0.462646 0.697266
vt 0.465820 0.693115
vt 0.457520 0.702393
vt 0.455322 0.702393
vt 0.460205 0.697266
vt 0.462646 0.693115
vt 0.465820 0.689453
vt 0.457520 0.697266
vt 0.455322 0.697266
vt 0.460205 0.693115
vt 0.462646 0.689453
vt 0.465820 0.684570
vt 0.457520 0.693115
vt 0.455322 0.693115
vt 0.460205 0.689453
vt 0.462646 0.684570
vt 0.465820 0.679932
vt 0.457520 0.689453
vt 0.455322 0.689453
vt 0.460205 0.684570
vt 0.462646 0.679932
vt 0.465820 0.676514
vt 0.457520 0.684570
vt 0.455322 0.684570
vt 0.460205 0.679932
vt 0.462646 0.676514
vt 0.465820 0.673096
vt 0.457520 0.679932
vt 0.455322 0.679932
vt 0.460205 0.676514
vt 0.462646 0.673096
vt 0.465820 0.668945
vt 0.457520 0.676514
vt 0.455322 0.676514
vt 0.460205 0.673096
vt 0.462646 0.668945
vt 0.465820 0.664551
vt 0.457520 0.673096
vt 0.455322 0.673096
vt 0.460205 0.668945
vt 0.462646 0.664551
vt 0.465820 0.659180
vt 0.457520 0.668945
vt 0.455322 0.668945
vt 0.460205 0.664551
vt 0.462646 0.659180
vt 0.465820 0.653320
vt 0.457520 0.664551
vt 0.455322 0.664551
vt 0.460205 0.659180
vt 0.462646 0.653320
vt 0.465820 0.647949
vt 0.457520 0.659180
vt 0.455322 0.659180
vt 0.460205 0.653320
vt 0.462646 0.647949
vt 0.465820 0.643799
vt 0.457520 0.653320
vt 0.455322 0.653320
vt 0.460205 0.647949
vt 0.462646 0.643799
vt 0.465820 0.639893
vt 0.457520 0.647949
vt 0.455322 0.647949
vt 0.460205 0.643799
vt 0.462646 0.639893
vt 0.465820 0.634033
vt 0.457520 0.643799
vt 0.455322 0.643799
vt 0.460205 0.639893
vt 0.462646 0.634033
vt 0.465820 0.624756
vt 0.457520 0.639893
vt 0.455322 0.639893
vt 0.460205 0.634033
vt 0.462646 0.624756
vt 0.465820 0.614258
vt 0.457520 0.634033
vt 0.455322 0.634033
vt 0.460205 0.624756
vt 0.462646 0.614258
vt 0.465820 0.605713
vt 0.457520 0.624756
vt 0.455322 0.624756
vt 0.457520 0.614258
vt 0.455322 0.614258
vt 0.462646 0.605713
vt 0.460205 0.614258
vt 0.460205 0.605713
vt 0.457520 0.605713
vt 0.455322 0.605713
vt 0.502930 0.073242
vt 0.509766 0.056641
vt 0.510254 0.074219
vt 0.533203 0.073242
vt 0.540527 0.056641
vt 0.540527 0.074219
vt 0.504883 0.865601
vt 0.504883 0.853394
vt 0.505371 0.852661
vt 0.508301 0.852539
vt 0.494141 0.865479
vt 0.494385 0.867065
vt 0.508789 0.850708
vt 0.883789 0.619873
vt 0.882812 0.628906
vt 0.881348 0.628418
vt 0.875488 0.647217
vt 0.874512 0.645508
vt 0.848145 0.637207
vt 0.849609 0.636230
vt 0.848145 0.619385
vt 0.725586 0.577637
vt 0.732422 0.569336
vt 0.746582 0.575684
vt 0.736816 0.567139
vt 0.748047 0.571777
vt 0.752930 0.575195
vt 0.789551 0.575195
vt 0.760742 0.571289
vt 0.795898 0.575684
vt 0.782227 0.571289
vt 0.816895 0.577637
vt 0.810059 0.569336
vt 0.805664 0.567139
vt 0.794434 0.571777
vt 0.781738 0.562256
vt 0.793945 0.560547
vt 0.795898 0.556885
vt 0.760742 0.562256
vt 0.748535 0.560547
vt 0.746582 0.556885
vt 0.760742 0.557861
vt 0.781738 0.557861
vt 0.848145 0.602295
vt 0.848145 0.584229
vt 0.849609 0.585449
vt 0.875488 0.574463
vt 0.881348 0.593262
vt 0.883789 0.601807
vt 0.882812 0.592773
vt 0.874512 0.576172
vt 0.494629 0.592529
vt 0.494629 0.593506
vt 0.495605 0.591797
vt 0.495605 0.593994
vt 0.496582 0.592529
vt 0.496582 0.593506
vt 0.493652 0.563232
vt 0.493164 0.563232
vt 0.492432 0.562744
vt 0.493164 0.564453
vt 0.492432 0.562256
vt 0.491211 0.563232
vt 0.492188 0.564941
vt 0.490967 0.562988
vt 0.491211 0.564209
vt 0.496582 0.562744
vt 0.495361 0.562256
vt 0.496582 0.563721
vt 0.494629 0.562744
vt 0.495605 0.564453
vt 0.494629 0.563965
vt 0.480225 0.611084
vt 0.479492 0.612061
vt 0.481201 0.611084
vt 0.480225 0.613037
vt 0.481689 0.612061
vt 0.481201 0.613037
vt 0.618652 0.636719
vt 0.618652 0.635254
vt 0.620117 0.635986
vt 0.617188 0.635254
vt 0.619629 0.638428
vt 0.617188 0.636719
vt 0.621094 0.637451
vt 0.615723 0.635986
vt 0.621094 0.639160
vt 0.614746 0.637451
vt 0.618652 0.639893
vt 0.616211 0.638428
vt 0.620117 0.640625
vt 0.614746 0.639160
vt 0.618652 0.641602
vt 0.615723 0.640625
vt 0.617188 0.639893
vt 0.617188 0.641602
vt 0.597656 0.626465
vt 0.595215 0.625732
vt 0.597168 0.624023
vt 0.594727 0.627686
vt 0.599609 0.625977
vt 0.597656 0.628174
vt 0.599121 0.623535
vt 0.595703 0.629883
vt 0.601074 0.624023
vt 0.597168 0.631348
vt 0.601074 0.627197
vt 0.598633 0.629395
vt 0.602539 0.625488
vt 0.599121 0.632080
vt 0.603516 0.627686
vt 0.601074 0.631348
vt 0.600586 0.628906
vt 0.603027 0.629639
vt 0.651367 0.587158
vt 0.648926 0.585205
vt 0.653320 0.597168
vt 0.645020 0.585205
vt 0.653320 0.599121
vt 0.642578 0.587158
vt 0.653809 0.600830
vt 0.640625 0.597168
vt 0.653809 0.608643
vt 0.640625 0.599121
vt 0.653320 0.610596
vt 0.653320 0.612305
vt 0.651367 0.622314
vt 0.640625 0.610596
vt 0.648926 0.624512
vt 0.640625 0.612305
vt 0.645020 0.624512
vt 0.642578 0.622314
vt 0.643066 0.581543
vt 0.640625 0.571533
vt 0.645020 0.583496
vt 0.641113 0.569580
vt 0.649414 0.583496
vt 0.651855 0.581543
vt 0.653809 0.571533
vt 0.641113 0.558105
vt 0.653809 0.569580
vt 0.641113 0.556396
vt 0.653809 0.567871
vt 0.643066 0.546387
vt 0.653809 0.560059
vt 0.645508 0.544434
vt 0.653809 0.558350
vt 0.649414 0.544434
vt 0.653809 0.556396
vt 0.651855 0.546387
vt 0.479492 0.614014
vt 0.478760 0.614990
vt 0.480469 0.614014
vt 0.480713 0.613770
vt 0.479492 0.615967
vt 0.481201 0.614990
vt 0.480713 0.616211
vt 0.481445 0.614990
vt 0.480469 0.615967
vt 0.469727 0.614990
vt 0.470215 0.615967
vt 0.470215 0.616211
vt 0.471436 0.615967
vt 0.469482 0.614990
vt 0.470215 0.614014
vt 0.471924 0.614990
vt 0.470215 0.613770
vt 0.471436 0.614014
vt 0.468994 0.612061
vt 0.469482 0.613037
vt 0.470703 0.613037
vt 0.469482 0.611084
vt 0.471191 0.612061
vt 0.470703 0.611084
vt 0.145508 0.693848
vt 0.141724 0.693359
vt 0.146973 0.697510
vt 0.156372 0.692383
vt 0.139404 0.696289
vt 0.144653 0.700439
vt 0.102661 0.706543
vt 0.154297 0.706787
vt 0.140869 0.699951
vt 0.139404 0.641357
vt 0.141724 0.644287
vt 0.140869 0.637939
vt 0.102661 0.631348
vt 0.145508 0.643799
vt 0.144653 0.637207
vt 0.156372 0.645264
vt 0.154297 0.631104
vt 0.146973 0.640381
vt 0.510254 0.692139
vt 0.509277 0.692383
vt 0.509277 0.690918
vt 0.501465 0.692383
vt 0.500977 0.690918
vt 0.491211 0.692383
vt 0.491211 0.690918
vt 0.509277 0.703369
vt 0.508301 0.702881
vt 0.508301 0.704590
vt 0.508301 0.701416
vt 0.500977 0.702881
vt 0.500977 0.704590
vt 0.501465 0.701416
vt 0.491211 0.702881
vt 0.489990 0.704590
vt 0.491211 0.701416
vt 0.607422 0.623535
vt 0.608887 0.623535
vt 0.608887 0.625000
vt 0.610352 0.624023
vt 0.607422 0.625000
vt 0.609863 0.626221
vt 0.606445 0.624023
vt 0.611328 0.625000
vt 0.605469 0.625000
vt 0.611816 0.626221
vt 0.606445 0.626221
vt 0.609863 0.627686
vt 0.604492 0.626221
vt 0.611816 0.627686
vt 0.604492 0.627686
vt 0.611328 0.628906
vt 0.606445 0.627686
vt 0.608887 0.628906
vt 0.605469 0.628906
vt 0.610352 0.629883
vt 0.606445 0.629883
vt 0.608887 0.630371
vt 0.607422 0.628906
vt 0.607422 0.630371
vt 0.485107 0.592529
vt 0.485596 0.592285
vt 0.485596 0.593994
vt 0.485107 0.593750
vt 0.484131 0.591797
vt 0.483887 0.594727
vt 0.484131 0.591309
vt 0.483887 0.594238
vt 0.482910 0.592529
vt 0.482178 0.593750
vt 0.482422 0.592041
vt 0.482666 0.593750
vt 0.496338 0.607178
vt 0.497314 0.607666
vt 0.497314 0.608154
vt 0.498779 0.607422
vt 0.496338 0.606201
vt 0.498291 0.607178
vt 0.498779 0.605713
vt 0.497314 0.605713
vt 0.498291 0.605957
vt 0.497314 0.605225
vt 0.478760 0.620850
vt 0.478760 0.618896
vt 0.479492 0.618408
vt 0.479736 0.621094
vt 0.476562 0.617188
vt 0.477051 0.622070
vt 0.476807 0.617920
vt 0.477051 0.622803
vt 0.474121 0.618652
vt 0.475098 0.621094
vt 0.474854 0.619141
vt 0.474365 0.621582
vt 0.483154 0.604248
vt 0.482178 0.603516
vt 0.482178 0.602783
vt 0.483887 0.603760
vt 0.483154 0.605225
vt 0.481201 0.604004
vt 0.483887 0.605713
vt 0.482178 0.605713
vt 0.481201 0.604980
vt 0.482178 0.606445
vt 0.467285 0.608643
vt 0.468262 0.609131
vt 0.468262 0.609863
vt 0.466553 0.608887
vt 0.467285 0.607422
vt 0.469238 0.608643
vt 0.466553 0.607178
vt 0.468262 0.606934
vt 0.469238 0.607666
vt 0.468262 0.606201
vt 0.589355 0.637939
vt 0.590332 0.639160
vt 0.589844 0.639404
vt 0.589355 0.638428
vt 0.589844 0.640625
vt 0.587402 0.637939
vt 0.590332 0.640869
vt 0.587891 0.638428
vt 0.589355 0.641602
vt 0.586426 0.639160
vt 0.589355 0.642090
vt 0.586914 0.639404
vt 0.587891 0.641602
vt 0.586426 0.640869
vt 0.587402 0.642090
vt 0.586914 0.640625
vt 0.590332 0.649170
vt 0.588867 0.647949
vt 0.589355 0.647705
vt 0.590332 0.648438
vt 0.589355 0.646240
vt 0.591797 0.649170
vt 0.588867 0.645996
vt 0.591797 0.648438
vt 0.590332 0.645264
vt 0.593262 0.647949
vt 0.590332 0.644531
vt 0.592773 0.647705
vt 0.591797 0.645264
vt 0.593262 0.645996
vt 0.591797 0.644531
vt 0.592773 0.646240
vt 0.582520 0.640137
vt 0.583496 0.641357
vt 0.583008 0.641846
vt 0.582031 0.640137
vt 0.584961 0.641846
vt 0.583496 0.638916
vt 0.584961 0.641357
vt 0.583008 0.638428
vt 0.585938 0.640137
vt 0.584961 0.638916
vt 0.585449 0.640137
vt 0.584961 0.638428
vt 0.583008 0.648926
vt 0.584961 0.648926
vt 0.585449 0.650635
vt 0.582031 0.650635
vt 0.587402 0.647217
vt 0.582031 0.647217
vt 0.585938 0.647217
vt 0.580078 0.647217
vt 0.585449 0.644043
vt 0.583008 0.645508
vt 0.584961 0.645508
vt 0.582031 0.644043
vt 0.612793 0.641113
vt 0.611816 0.639404
vt 0.612305 0.637939
vt 0.614258 0.641113
vt 0.608887 0.637939
vt 0.611816 0.642822
vt 0.609863 0.639404
vt 0.612305 0.644287
vt 0.606934 0.641113
vt 0.609863 0.642822
vt 0.608887 0.641113
vt 0.608887 0.644287
vt 0.591797 0.618896
vt 0.589844 0.623535
vt 0.587891 0.621826
vt 0.589355 0.618896
vt 0.585449 0.622803
vt 0.589844 0.614502
vt 0.585449 0.625244
vt 0.587891 0.616211
vt 0.582520 0.621826
vt 0.585449 0.612549
vt 0.580566 0.623535
vt 0.585449 0.614990
vt 0.581543 0.618896
vt 0.580566 0.614502
vt 0.579102 0.618896
vt 0.582520 0.616211
vt 0.586914 0.620605
vt 0.587891 0.618896
vt 0.585449 0.621338
vt 0.586914 0.617188
vt 0.583496 0.620605
vt 0.585449 0.616699
vt 0.583008 0.618896
vt 0.583496 0.617188
vt 0.619629 0.628174
vt 0.619141 0.629395
vt 0.616211 0.627441
vt 0.619629 0.626709
vt 0.618164 0.630371
vt 0.619141 0.625488
vt 0.617188 0.631104
vt 0.618164 0.624512
vt 0.615723 0.631104
vt 0.617188 0.624023
vt 0.614258 0.630371
vt 0.615723 0.624023
vt 0.613281 0.629395
vt 0.614258 0.624512
vt 0.612793 0.628174
vt 0.613281 0.625488
vt 0.612793 0.626709
vt 0.518555 0.749023
vt 0.517578 0.741455
vt 0.520996 0.741455
vt 0.521973 0.747803
vt 0.522461 0.755859
vt 0.521973 0.734863
vt 0.518555 0.733887
vt 0.525391 0.753662
vt 0.528809 0.760986
vt 0.526855 0.741455
vt 0.530762 0.757935
vt 0.536621 0.763672
vt 0.527832 0.746094
vt 0.527832 0.736572
vt 0.530273 0.750122
vt 0.529785 0.732422
vt 0.525391 0.729004
vt 0.522461 0.727051
vt 0.533691 0.729248
vt 0.530273 0.724609
vt 0.528320 0.721680
vt 0.533691 0.753296
vt 0.538086 0.727539
vt 0.537109 0.722168
vt 0.536133 0.718750
vt 0.537109 0.760254
vt 0.544922 0.763672
vt 0.538086 0.754883
vt 0.543945 0.760254
vt 0.552734 0.760742
vt 0.542969 0.727539
vt 0.542969 0.754761
vt 0.550781 0.757812
vt 0.558594 0.755493
vt 0.543945 0.722168
vt 0.544434 0.718750
vt 0.555664 0.753418
vt 0.562500 0.748779
vt 0.550293 0.724365
vt 0.552246 0.721436
vt 0.547363 0.729248
vt 0.555664 0.728760
vt 0.558594 0.726562
vt 0.550781 0.732178
vt 0.547363 0.753174
vt 0.551270 0.750000
vt 0.553223 0.736328
vt 0.559082 0.734619
vt 0.562500 0.733398
vt 0.553223 0.745850
vt 0.560059 0.740967
vt 0.554199 0.741211
vt 0.563477 0.740967
vt 0.559082 0.747559
vn 0.0000 0.0000 -1.0000
vn 0.0000 0.0000 1.0000
vn -0.0079 -0.9999 0.0079
vn 0.0158 -0.9998 0.0158
vn 0.0158 -0.9998 0.0157
vn 0.0158 0.9997 -0.0158
vn -0.0079 0.9999 -0.0079
vn -0.0001 1.0000 -0.0091
vn -0.0060 0.9999 -0.0106
vn 0.0157 0.9998 -0.0158
vn -0.0002 1.0000 -0.0091
vn -0.0057 0.9999 -0.0108
vn 0.0000 1.0000 -0.0000
vn 0.0000 1.0000 0.0001
vn -0.0007 1.0000 -0.0039
vn -0.0007 1.0000 -0.0026
vn -0.0002 1.0000 -0.0040
vn 0.0031 1.0000 -0.0024
vn -0.0006 1.0000 -0.0039
vn -0.0009 1.0000 -0.0043
vn 0.0005 1.0000 -0.0054
vn 0.0032 1.0000 -0.0025
vn 0.3315 0.5288 -0.7813
vn 0.3315 0.5289 -0.7813
vn 0.3689 0.5101 -0.7770
vn -0.3069 -0.5352 0.7870
vn -0.3391 -0.5363 0.7729
vn 0.0001 -0.7490 -0.6625
vn -0.0236 -0.8184 -0.5742
vn 0.7226 0.6913 0.0000
vn 0.7227 0.6911 0.0000
vn 0.8493 0.2910 -0.4404
vn 0.8349 0.3072 -0.4568
vn -0.7825 0.6227 -0.0005
vn -0.7826 0.6225 -0.0002
vn -0.7816 0.6238 0.0000
vn -0.7816 0.6237 -0.0000
vn 0.0156 -0.9999 -0.0000
vn 0.0158 -0.9999 -0.0000
vn 0.0132 -0.9999 0.0012
vn 0.0158 -0.9999 0.0001
vn 0.0157 -0.9998 0.0157
vn 0.0135 -0.9999 0.0053
vn 0.0146 -0.9998 0.0126
vn 0.0000 -1.0000 0.0000
vn 0.9354 0.3537 0.0000
vn 0.9353 0.3538 -0.0000
vn -0.0000 0.0001 1.0000
vn -0.0001 0.0000 1.0000
vn 0.0550 -0.0393 -0.9977
vn 0.0236 -0.0157 -0.9996
vn 0.0000 -0.0079 1.0000
vn 0.0028 -0.0012 1.0000
vn 0.0017 -0.0020 1.0000
vn 0.0158 -0.0236 0.9996
vn -0.0018 0.0046 1.0000
vn -0.0079 0.0000 1.0000
vn -0.0043 0.0002 1.0000
vn -0.0001 0.0065 1.0000
vn 0.0079 -0.0158 0.9998
vn 0.0077 -0.0156 0.9998
vn 0.0079 -0.0157 0.9998
vn 0.0078 -0.0158 0.9998
vn -0.0079 -0.0079 0.9999
vn -0.0018 -0.0094 1.0000
vn -0.0059 -0.0095 0.9999
vn -0.0078 -0.0079 0.9999
vn -0.0000 0.0079 -1.0000
vn 0.0000 0.0078 -1.0000
vn -0.0020 0.0041 -1.0000
vn 0.0060 0.0095 -0.9999
vn 0.0018 0.0094 -1.0000
vn 0.0079 0.0079 -0.9999
vn 0.0158 -0.0079 -0.9998
vn 0.0157 -0.0079 -0.9998
vn 0.0157 -0.0080 -0.9998
vn -0.0008 0.0059 -1.0000
vn -0.0002 0.0076 -1.0000
vn -0.0236 0.0000 0.9997
vn -0.0239 -0.0053 0.9997
vn -0.0245 -0.0058 0.9997
vn 0.9955 -0.0949 -0.0000
vn 0.9895 -0.0942 0.1099
vn -0.9895 0.1099 -0.0943
vn -0.9895 0.1099 -0.0942
vn -0.9834 0.1731 0.0550
vn 0.9962 -0.0870 -0.0000
vn 0.0157 -0.0393 -0.9991
vn -0.7708 0.6371 -0.0000
vn -0.7708 0.6370 -0.0000
vn 0.9082 0.4185 0.0017
vn 0.9082 0.4186 -0.0000
vn 0.9085 0.4177 0.0057
vn 0.9081 0.4186 0.0079
vn 0.0393 0.9992 0.0000
vn 0.2357 0.7543 -0.6128
vn 0.2996 0.9541 0.0000
vn -0.7847 0.6199 0.0000
vn 0.0316 0.4022 -0.9150
vn -0.7816 -0.6237 -0.0000
vn -0.7816 -0.6237 0.0013
vn -0.7817 -0.6237 0.0000
vn 0.0070 1.0000 0.0018
vn 0.0010 1.0000 0.0017
vn 0.0079 1.0000 0.0000
vn 0.2128 0.9771 -0.0000
vn 0.2127 0.9771 0.0000
vn 0.5027 0.8645 0.0000
vn 0.9290 0.3700 -0.0001
vn 0.9290 0.3701 -0.0002
vn 0.9290 0.3700 0.0000
vn 0.9834 0.1809 0.0158
vn 0.9835 0.1810 0.0000
vn 0.8576 -0.2518 -0.4484
vn 0.8928 -0.0078 -0.4504
vn 0.0033 -0.3363 -0.9418
vn -0.0000 -0.3399 -0.9405
vn 0.0005 -0.3337 -0.9427
vn -0.0000 -0.3304 -0.9438
vn -0.0628 -0.3062 -0.9499
vn -0.1501 -0.2528 -0.9558
vn -0.2281 -0.2046 -0.9519
vn -0.2281 -0.2045 -0.9519
vn -0.3232 -0.1261 -0.9379
vn -0.3231 -0.1261 -0.9379
vn -0.4407 -0.0315 -0.8971
vn -0.9868 0.1184 -0.1105
vn -0.9868 0.1105 0.1184
vn 0.9985 -0.0556 0.0000
vn 0.9985 -0.0550 0.0000
vn -1.0000 -0.0000 0.0000
vn -0.0631 0.2365 0.9696
vn -0.0079 0.2996 0.9540
vn -0.2445 0.9696 0.0000
vn 0.0248 0.0224 -0.9994
vn 0.0236 0.0157 -0.9996
vn 0.0266 0.0231 -0.9994
vn 0.0315 0.0236 -0.9992
vn 0.9899 -0.0785 -0.1178
vn 0.9974 -0.0471 -0.0550
vn 0.9893 0.0863 -0.1177
vn 0.9893 0.0864 -0.1178
vn 0.9893 0.0863 -0.1178
vn 0.9862 0.1657 0.0000
vn 0.9862 0.1656 -0.0000
vn -0.9835 0.1809 -0.0000
vn -0.9835 0.1810 0.0000
vn -0.9857 0.0998 -0.1356
vn -0.9857 0.1025 -0.1340
vn -0.9863 0.0981 -0.1324
vn -0.9864 0.0947 -0.1341
vn -0.9768 -0.1260 -0.1733
vn -0.9871 -0.0869 -0.1342
vn -0.9815 -0.0005 -0.1913
vn -0.9821 -0.0000 -0.1886
vn -0.9810 -0.0021 -0.1941
vn -0.9803 0.0000 -0.1976
vn 0.9980 0.0000 -0.0629
vn -0.2365 -0.9696 -0.0631
vn 0.0079 -0.9715 -0.2369
vn 0.0473 -0.7180 -0.6944
vn 0.2211 -0.8609 -0.4581
vn 0.0472 -0.9530 -0.2993
vn 0.9541 0.2994 0.0000
vn 0.8738 0.2362 -0.4251
vn 0.8541 0.2664 -0.4467
vn -1.0000 -0.0079 0.0000
vn -1.0000 -0.0060 0.0043
vn -0.9964 -0.0471 0.0706
vn 0.6371 0.7708 0.0000
vn 0.6370 0.7708 0.0000
vn 0.5852 0.7592 -0.2847
vn 0.5853 0.7592 -0.2847
vn -0.0078 -1.0000 0.0000
vn -0.0079 -0.9989 0.0472
vn -0.9821 -0.1886 -0.0000
vn -0.9816 -0.1885 -0.0314
vn -0.9290 -0.3701 -0.0000
vn -0.2128 -0.9771 -0.0000
vn -0.2127 -0.9771 -0.0000
vn -1.0000 -0.0085 0.0042
vn -0.9999 -0.0079 0.0079
vn 0.0001 -1.0000 0.0000
vn -0.0472 -0.9986 0.0236
vn 0.9835 -0.1810 0.0079
vn 0.9836 -0.1802 0.0070
vn 0.9834 -0.1813 0.0054
vn 0.9929 -0.1182 -0.0157
vn 0.9530 -0.1260 -0.2756
vn -0.0158 0.0078 -0.9998
vn -0.0157 0.0078 -0.9998
vn 0.0003 1.0000 0.0000
vn -0.3941 0.0946 -0.9142
vn 0.0079 0.0550 -0.9985
vn -0.0315 0.0471 -0.9984
vn -0.0790 -0.0553 -0.9953
vn -0.8121 -0.5835 0.0000
vn -0.8122 -0.5834 -0.0000
vn -0.8121 -0.5834 -0.0000
vn 0.0315 0.0236 0.9992
vn 0.5521 -0.8338 -0.0014
vn 0.5601 -0.8284 0.0000
vn 0.5570 -0.8305 -0.0003
vn 0.5511 -0.8345 0.0000
vn -0.0393 -0.0079 -0.9992
vn -0.0158 -0.0315 -0.9994
vn -0.0000 1.0000 0.0002
vn 0.0001 1.0000 0.0001
vn 0.0001 1.0000 0.0000
vn -0.0001 1.0000 0.0001
vn -0.1580 -0.9874 -0.0079
vn -0.3059 -0.9488 0.0785
vn 0.0002 1.0000 -0.0002
vn 0.0001 1.0000 -0.0001
vn 0.0002 1.0000 0.0001
vn -0.9605 -0.0393 -0.2756
vn -0.9605 -0.0394 -0.2755
vn 0.3778 0.8815 -0.2833
vn 0.3693 0.8800 -0.2986
vn 0.9463 0.2287 -0.2287
vn 0.9482 0.2608 -0.1817
vn -0.0000 -0.9541 -0.2996
vn -0.0001 -0.9541 -0.2996
vn -0.7945 0.6072 0.0048
vn -0.7952 0.6063 -0.0000
vn -0.7940 0.6079 0.0050
vn -0.7952 0.6063 0.0079
vn 0.6352 -0.7528 0.1725
vn 0.6352 -0.7528 -0.1725
vn 0.6352 -0.7528 -0.1726
vn -0.4867 -0.8735 0.0051
vn -0.4877 -0.8730 -0.0000
vn -0.4873 -0.8732 0.0027
vn -0.4876 -0.8730 0.0079
vn -0.0001 0.0002 -1.0000
vn 0.0157 0.0393 -0.9991
vn 0.4818 0.8763 -0.0001
vn 0.4818 0.8763 0.0000
vn 0.4817 0.8763 -0.0002
vn 0.4816 0.8764 -0.0001
vn -0.3398 0.9405 0.0000
vn -0.3399 0.9405 -0.0000
vn -0.3399 0.9405 -0.0001
vn 0.9316 0.3632 0.0157
vn 0.9194 0.3929 0.0157
vn 0.0079 0.0000 -1.0000
vn -0.9194 -0.3929 -0.0157
vn -0.9353 -0.3536 -0.0157
vn -0.7817 -0.6237 -0.0001
vn -0.7804 -0.6253 0.0021
vn -0.7791 -0.6269 0.0014
vn 0.1888 0.7789 -0.5980
vn 0.1576 0.5514 -0.8192
vn 0.0552 -0.9985 0.0002
vn 0.0551 -0.9985 0.0000
vn 0.0553 -0.9985 -0.0000
vn 0.0002 -0.0000 -1.0000
vn 0.0001 -0.0001 -1.0000
vn 0.0002 -0.0001 -1.0000
vn 0.0000 -0.0002 -1.0000
vn 0.0236 0.0000 -0.9997
vn 0.0000 -0.0079 -1.0000
vn -0.0003 -0.0039 -1.0000
vn -0.0003 -0.0044 -1.0000
vn -0.0009 0.0041 -1.0000
vn -0.0001 -0.0001 -1.0000
vn -0.0236 -0.0236 -0.9994
vn -0.0220 -0.0172 -0.9996
vn -0.0226 -0.0182 -0.9996
vn -0.0236 -0.0315 -0.9992
vn -0.0157 -0.0158 -0.9998
vn -0.0157 -0.0315 -0.9994
vn -0.0315 -0.0079 -0.9995
vn -0.0236 -0.0158 -0.9996
vn -0.0236 -0.0157 -0.9996
vn -0.0236 -0.0079 0.9997
vn 0.0079 0.1259 0.9920
vn -0.0041 -0.9999 -0.0141
vn 0.0000 -0.9999 -0.0157
vn -0.0064 -0.9999 -0.0136
vn -0.0079 -0.9999 -0.0079
vn 0.6237 0.7816 -0.0079
vn 0.0549 -0.9985 0.0000
vn 0.9787 -0.2052 -0.0000
vn 0.9805 -0.1726 -0.0942
vn 0.9835 -0.1810 0.0000
vn -0.0315 0.0315 -0.9990
vn -0.0000 0.0077 -1.0000
vn 0.8349 0.3072 0.4568
vn 0.8494 0.2910 0.4403
vn -0.7825 0.6227 0.0005
vn -0.7826 0.6225 0.0002
vn 0.0132 -0.9999 -0.0012
vn 0.0157 -0.9998 -0.0157
vn 0.0139 -0.9999 -0.0052
vn 0.0158 -0.9998 -0.0078
vn -0.0000 0.0001 -1.0000
vn -0.0001 0.0000 -1.0000
vn 0.0236 -0.0157 0.9996
vn 0.0550 -0.0393 0.9977
vn 0.0157 -0.0236 -0.9996
vn 0.0017 -0.0020 -1.0000
vn 0.0027 -0.0012 -1.0000
vn -0.0018 0.0046 -1.0000
vn -0.0001 0.0065 -1.0000
vn -0.0043 0.0002 -1.0000
vn -0.0079 0.0000 -1.0000
vn 0.0078 -0.0158 -0.9998
vn 0.0079 -0.0157 -0.9998
vn 0.0078 -0.0157 -0.9998
vn -0.0079 -0.0079 -0.9999
vn -0.0059 -0.0095 -0.9999
vn -0.0018 -0.0094 -1.0000
vn 0.0000 0.0078 1.0000
vn -0.0020 0.0041 1.0000
vn -0.0000 0.0079 1.0000
vn 0.0018 0.0094 1.0000
vn 0.0060 0.0095 0.9999
vn 0.0079 0.0079 0.9999
vn 0.0158 -0.0079 0.9998
vn 0.0157 -0.0079 0.9998
vn -0.0002 0.0076 1.0000
vn -0.0008 0.0059 1.0000
vn -0.0245 -0.0058 -0.9997
vn -0.0239 -0.0053 -0.9997
vn -0.0236 0.0000 -0.9997
vn -0.0001 -0.0001 1.0000
vn -0.0006 0.0048 1.0000
vn 0.9895 -0.0942 -0.1100
vn -0.9834 0.1731 -0.0550
vn -0.9895 0.1099 0.0942
vn 0.0157 -0.0393 0.9991
vn 0.9082 0.4185 -0.0017
vn 0.9082 0.4185 -0.0078
vn 0.9085 0.4177 -0.0057
vn 0.0392 0.9992 -0.0000
vn 0.0394 0.9992 0.0000
vn 0.2357 0.7543 0.6128
vn 0.0158 0.1657 0.9861
vn -0.7814 -0.6240 -0.0017
vn -0.0001 1.0000 0.0004
vn 0.0010 1.0000 -0.0017
vn 0.0070 1.0000 -0.0018
vn 0.5031 0.8642 0.0000
vn 0.5029 0.8643 0.0000
vn 0.9290 0.3700 0.0001
vn 0.9290 0.3701 0.0002
vn 0.9835 0.1809 -0.0000
vn 0.9834 0.1809 -0.0157
vn 0.8928 -0.0078 0.4504
vn 0.8576 -0.2518 0.4484
vn 0.0033 -0.3362 0.9418
vn -0.0000 -0.3304 0.9438
vn 0.0005 -0.3337 0.9427
vn 0.0000 -0.3398 0.9405
vn -0.0628 -0.3062 0.9499
vn -0.1501 -0.2528 0.9558
vn -0.1501 -0.2527 0.9558
vn -0.2281 -0.2046 0.9519
vn -0.3232 -0.1261 0.9379
vn -0.3231 -0.1261 0.9379
vn -0.4407 -0.0315 0.8971
vn -0.9868 0.1105 -0.1184
vn -0.9868 0.1184 0.1105
vn -0.0080 0.2996 -0.9540
vn -0.0630 0.2365 -0.9696
vn 0.0248 0.0224 0.9994
vn 0.0266 0.0231 0.9994
vn 0.0236 0.0157 0.9996
vn 0.9974 -0.0471 0.0550
vn 0.9899 -0.0786 0.1178
vn 0.9893 0.0863 0.1178
vn 0.9893 0.0864 0.1178
vn -0.9857 0.0998 0.1356
vn -0.9864 0.0947 0.1342
vn -0.9863 0.0981 0.1323
vn -0.9857 0.1025 0.1341
vn -0.9871 -0.0869 0.1343
vn -0.9768 -0.1260 0.1732
vn -0.9815 -0.0005 0.1913
vn -0.9803 0.0000 0.1977
vn -0.9810 -0.0021 0.1941
vn -0.9821 -0.0000 0.1886
vn 0.9980 0.0000 0.0629
vn 0.9980 -0.0000 0.0628
vn 0.0079 -0.9715 0.2369
vn -0.2365 -0.9696 0.0632
vn 0.0474 -0.7181 0.6944
vn 0.0472 -0.9530 0.2992
vn 0.2212 -0.8609 0.4581
vn 0.8541 0.2664 0.4467
vn 0.8738 0.2362 0.4251
vn -0.9964 -0.0471 -0.0706
vn -1.0000 -0.0060 -0.0043
vn 0.5852 0.7592 0.2847
vn -0.0000 0.6624 0.7492
vn -0.0000 0.6624 0.7491
vn -0.0079 -0.9989 -0.0472
vn -0.9816 -0.1885 0.0314
vn -0.7491 -0.6624 0.0000
vn -0.5031 -0.8642 -0.0000
vn -0.5027 -0.8645 0.0000
vn -1.0000 -0.0085 -0.0042
vn -0.9999 -0.0079 -0.0079
vn -0.0001 -1.0000 -0.0000
vn -0.0472 -0.9986 -0.0236
vn 0.9835 -0.1809 -0.0079
vn 0.9834 -0.1813 -0.0054
vn 0.9836 -0.1802 -0.0070
vn 0.9530 -0.1260 0.2756
vn 0.9929 -0.1182 0.0157
vn -0.0157 0.0078 0.9998
vn -0.0315 0.0471 0.9984
vn 0.0079 0.0550 0.9985
vn -0.0315 -0.0314 0.9990
vn 0.5570 -0.8305 0.0003
vn 0.5521 -0.8338 0.0014
vn 0.5602 -0.8284 0.0000
vn -0.0158 -0.0315 0.9994
vn -0.0393 -0.0079 0.9992
vn -0.0000 1.0000 -0.0002
vn 0.0000 1.0000 -0.0001
vn -0.1580 -0.9874 0.0079
vn -0.0001 1.0000 -0.0001
vn -0.3058 -0.9488 -0.0784
vn 0.0002 1.0000 0.0002
vn 0.0002 1.0000 -0.0001
vn -0.9605 -0.0393 0.2756
vn -0.9605 -0.0394 0.2755
vn 0.3693 0.8800 0.2986
vn 0.3778 0.8815 0.2833
vn 0.9482 0.2608 0.1817
vn 0.9463 0.2287 0.2287
vn -0.0001 -0.9541 0.2996
vn -0.0000 -0.9541 0.2996
vn -0.7925 0.6099 -0.0046
vn -0.7915 0.6112 -0.0079
vn -0.7917 0.6109 -0.0030
vn -0.7953 0.6063 0.0000
vn 0.8185 -0.5746 0.0000
vn 0.8185 -0.5745 0.0000
vn 0.8186 -0.5744 -0.0000
vn -0.5758 -0.8176 0.0002
vn -0.5745 -0.8185 0.0000
vn -0.5766 -0.8171 0.0011
vn -0.5798 -0.8148 -0.0000
vn 0.0157 0.0314 0.9994
vn -0.0002 0.0001 1.0000
vn 0.5745 0.8185 0.0000
vn 0.0003 0.0059 -1.0000
vn -0.0018 0.0034 -1.0000
vn -0.3378 0.9412 -0.0076
vn -0.3325 0.9431 -0.0018
vn -0.3353 0.9421 -0.0082
vn -0.3349 0.9422 -0.0074
vn -0.3331 0.9429 -0.0014
vn -0.3373 0.9414 -0.0000
vn -0.3372 0.9413 -0.0156
vn -0.3387 0.9409 0.0012
vn -0.3303 0.9439 0.0000
vn -0.1580 0.9874 -0.0000
vn -0.3373 0.9413 0.0157
vn -0.3312 0.9303 0.1577
vn -0.3065 0.9510 0.0393
vn -0.3629 0.9310 0.0395
vn -0.6150 0.7885 -0.0000
vn -0.3537 0.9353 -0.0000
vn -0.2754 0.9602 -0.0472
vn -0.3233 0.9463 -0.0000
vn -0.4177 0.9064 -0.0630
vn -0.0079 -0.0001 -1.0000
vn 0.9306 0.3657 -0.0159
vn 0.9289 0.3700 -0.0157
vn 0.9298 0.3677 -0.0161
vn 0.9316 0.3632 -0.0158
vn 0.0079 0.0000 1.0000
vn -0.9326 -0.3605 0.0157
vn -0.9262 -0.3768 0.0157
vn -0.7809 -0.6247 -0.0019
vn -0.7816 -0.6238 0.0000
vn -0.7791 -0.6269 -0.0014
vn 0.1576 0.5514 0.8192
vn 0.1889 0.7790 0.5980
vn 0.0000 -1.0000 0.0001
vn -0.0000 -1.0000 -0.0001
vn 0.0552 -0.9985 -0.0002
vn 0.0002 -0.0000 1.0000
vn 0.0001 -0.0001 1.0000
vn 0.0002 -0.0001 1.0000
vn -0.0001 0.0002 1.0000
vn 0.0000 -0.0002 1.0000
vn 0.0236 0.0000 0.9997
vn -0.0253 -0.0291 0.9993
vn -0.0236 -0.0315 0.9992
vn -0.0223 -0.0246 0.9994
vn -0.0236 -0.0236 0.9994
vn -0.0158 -0.0157 0.9998
vn -0.0315 -0.0079 0.9995
vn -0.0236 -0.0158 0.9996
vn -0.0236 -0.0157 0.9996
vn -0.0236 -0.0079 -0.9997
vn 0.0079 0.1260 -0.9920
vn -0.0041 -0.9999 0.0141
vn -0.0078 -0.9999 0.0079
vn -0.0064 -0.9999 0.0136
vn -0.0000 -0.9999 0.0158
vn 0.6237 0.7816 0.0079
vn 0.0550 -0.9985 -0.0000
vn 0.9805 -0.1726 0.0942
vn -0.0000 0.0077 1.0000
vn -0.0315 0.0315 0.9990
vn -0.0314 -0.0315 -0.9990
vn -0.0790 -0.0553 0.9953
vn -0.7960 0.6052 -0.0062
vn -0.8019 0.5975 -0.0078
vn -0.7959 0.6054 -0.0065
vn -0.7946 0.6071 0.0024
vn -0.8019 0.5975 0.0079
vn -0.7988 0.6015 0.0080
vn 0.9980 -0.0628 0.0000
vn 0.9980 -0.0629 -0.0000
vn -0.0001 1.0000 -0.0000
vn 0.0157 0.9998 -0.0079
vn 0.2368 0.0395 -0.9708
vn -0.0229 0.0028 -0.9997
vn -0.0218 0.0044 -0.9998
vn -0.0236 0.0079 -0.9997
vn 0.0001 -0.0042 -1.0000
vn 0.0000 -0.0025 -1.0000
vn 0.0007 0.0031 -1.0000
vn -0.0058 -0.0032 -1.0000
vn -0.0001 0.0040 -1.0000
vn -0.0089 0.0057 -0.9999
vn -0.0054 0.0021 -1.0000
vn -0.0080 0.0014 -1.0000
vn -0.0050 -0.0000 -1.0000
vn 0.1413 0.0314 -0.9895
vn 0.1027 0.2132 -0.9716
vn -0.0126 0.0084 -0.9999
vn -0.0177 0.0092 -0.9998
vn -0.0079 0.0079 -0.9999
vn -0.0137 0.0100 -0.9999
vn -0.0127 -0.0075 -0.9999
vn -0.0090 0.0002 -1.0000
vn -0.0063 -0.0055 -1.0000
vn 0.0079 -0.9947 -0.1026
vn -0.6381 -0.7642 -0.0945
vn -0.6381 -0.7641 -0.0945
vn -0.9818 -0.1649 -0.0943
vn -0.9818 -0.1649 -0.0942
vn -0.5134 0.8529 -0.0947
vn -0.5133 0.8529 -0.0948
vn -0.0158 0.9946 -0.1026
vn 0.7484 0.6540 -0.1103
vn 0.7485 0.6539 -0.1103
vn 0.9815 -0.1571 -0.1099
vn 0.9815 -0.1570 -0.1099
vn 0.6455 -0.7558 -0.1102
vn 0.6455 -0.7557 -0.1102
vn -0.0078 0.9975 -0.0707
vn -0.0079 0.9975 -0.0707
vn -0.6527 0.7550 -0.0629
vn -0.9855 0.1577 -0.0631
vn -0.7550 -0.6527 -0.0629
vn -0.7550 -0.6528 -0.0629
vn -0.7550 -0.6526 -0.0630
vn 0.0079 -0.9975 -0.0707
vn 0.5350 -0.8419 -0.0708
vn 0.9837 0.1653 -0.0708
vn 0.9837 0.1653 -0.0709
vn 0.6440 0.7618 -0.0707
vn 0.6439 0.7618 -0.0707
vn 0.6440 0.7617 -0.0707
vn -0.1810 -0.9835 -0.0000
vn -0.1809 -0.9835 0.0000
vn 0.0001 0.0000 -1.0000
vn 0.7491 0.6624 0.0000
vn 0.9801 0.1960 0.0313
vn 0.9712 0.2369 0.0237
vn -0.0001 -1.0000 -0.0001
vn -0.0001 -1.0000 0.0001
vn 0.5973 -0.0236 -0.8016
vn 0.6063 -0.0000 -0.7953
vn 0.0393 0.1808 -0.9827
vn 0.1656 -0.0394 -0.9854
vn 0.0236 -0.0079 -0.9997
vn 0.0001 0.0000 1.0000
vn 0.7492 0.6624 0.0000
vn 0.9713 0.2369 -0.0237
vn 0.9801 0.1960 -0.0313
vn 0.6063 0.0000 0.7953
vn 0.5973 -0.0236 0.8016
vn 0.8185 -0.5744 0.0000
vn 0.9805 -0.1804 -0.0785
vn 0.9720 -0.1739 -0.1580
vn -0.0550 0.0079 -0.9985
vn -0.9212 0.1668 -0.3516
vn -0.9205 0.1652 -0.3540
vn -0.9220 0.1666 -0.3495
vn -0.9231 0.1657 -0.3472
vn -0.8589 0.5122 0.0000
vn -0.7801 0.6225 -0.0630
vn -0.7477 0.6610 -0.0628
vn -0.8345 0.5509 -0.0000
vn 0.1414 0.0079 -0.9899
vn 0.1420 -0.5761 -0.8050
vn 0.0079 -0.5975 -0.8019
vn 0.0061 0.5884 -0.8085
vn 0.0078 0.5885 -0.8085
vn 0.0021 0.5889 -0.8082
vn -0.0000 0.5886 -0.8084
vn 0.0157 -0.6370 -0.7707
vn 0.0158 -0.6540 -0.7564
vn -0.3160 -0.6004 -0.7347
vn -0.3397 -0.5452 -0.7664
vn -0.4888 -0.5678 -0.6623
vn -0.6048 -0.2985 -0.7383
vn -0.7938 -0.2751 -0.5423
vn -0.8118 -0.2128 -0.5438
vn -0.9383 -0.2365 -0.2523
vn -0.9383 -0.2365 -0.2524
vn -0.9596 -0.2517 -0.1258
vn -0.9448 -0.2992 -0.1338
vn -0.9448 -0.2992 0.1338
vn -0.9596 -0.2517 0.1259
vn -0.9383 -0.2365 0.2523
vn -0.9383 -0.2366 0.2523
vn -0.8118 -0.2128 0.5438
vn -0.7938 -0.2751 0.5423
vn -0.6048 -0.2985 0.7383
vn -0.4889 -0.5677 0.6623
vn -0.3397 -0.5452 0.7664
vn -0.3160 -0.6004 0.7347
vn 0.0157 -0.6540 0.7564
vn 0.0157 -0.6370 0.7707
vn -0.7952 -0.6063 -0.0002
vn -0.7952 -0.6064 -0.0004
vn -0.7952 -0.6063 -0.0000
vn -0.7952 -0.6063 -0.0001
vn -0.7952 -0.6063 0.0001
vn -0.7953 -0.6063 -0.0000
vn -0.4176 0.6619 -0.6225
vn -0.4172 0.6771 -0.6062
vn -0.4176 0.6619 0.6225
vn -0.4172 0.6771 0.6062
vn -0.9920 -0.1260 -0.0000
vn -0.9920 -0.1259 -0.0000
vn 0.0793 0.9968 0.0036
vn 0.0785 0.9969 0.0000
vn 0.0765 0.9971 0.0043
vn 0.0785 0.9969 0.0079
vn -0.1260 0.9920 0.0078
vn -0.1198 0.9928 0.0010
vn -0.1237 0.9923 0.0054
vn -0.1201 0.9928 -0.0012
vn -0.1260 0.9920 -0.0000
vn -0.4805 0.8770 -0.0005
vn -0.4816 0.8764 0.0000
vn -0.4800 0.8773 -0.0010
vn -0.4783 0.8782 0.0000
vn -0.6441 0.7650 -0.0018
vn -0.6371 0.7708 0.0000
vn -0.6381 0.7700 -0.0015
vn -0.6456 0.7637 0.0000
vn 0.0868 0.1420 0.9861
vn 0.0783 0.3526 0.9325
vn 0.0553 0.3393 0.9391
vn 0.0614 0.5487 0.8338
vn 0.0711 0.5533 0.8299
vn 0.0689 0.5511 0.8316
vn 0.0631 0.5445 0.8364
vn 0.0788 0.7089 0.7009
vn 0.0627 0.6978 0.7135
vn 0.0712 0.8937 0.4429
vn 0.0628 0.8797 0.4713
vn 0.0552 0.9859 0.1578
vn 0.0237 0.9952 0.0948
vn 0.0313 0.9995 -0.0002
vn 0.0236 0.9997 0.0000
vn 0.0293 0.9996 0.0010
vn 0.0314 0.9995 -0.0000
vn 0.0318 0.9995 0.0000
vn 0.0315 0.9995 -0.0000
vn 0.0313 0.9995 0.0002
vn 0.0293 0.9996 -0.0010
vn 0.0235 0.9997 -0.0000
vn 0.0237 0.9952 -0.0948
vn 0.0552 0.9859 -0.1577
vn 0.0628 0.8798 -0.4713
vn 0.0712 0.8937 -0.4429
vn 0.0627 0.6978 -0.7135
vn 0.0788 0.7088 -0.7010
vn 0.0614 0.5487 -0.8338
vn 0.0631 0.5445 -0.8364
vn 0.0689 0.5511 -0.8316
vn 0.0711 0.5533 -0.8299
vn 0.0553 0.3393 -0.9391
vn 0.0783 0.3526 -0.9325
vn 0.0868 0.1420 -0.9861
vn 0.0728 0.9973 -0.0009
vn 0.0708 0.9975 0.0011
vn 0.0780 0.9969 -0.0049
vn 0.0730 0.9973 0.0009
vn 0.0706 0.9975 -0.0001
vn 0.0707 0.9975 -0.0000
vn 0.9044 0.4266 0.0027
vn 0.9047 0.4260 0.0051
vn 0.9052 0.4250 0.0079
vn 0.9045 0.4265 -0.0047
vn 0.9052 0.4250 -0.0079
vn 0.9046 0.4263 -0.0035
vn 0.7018 0.3312 0.6308
vn 0.8502 0.4487 0.2755
vn 0.0078 0.0157 0.9998
vn 0.0543 0.7750 0.6296
vn 0.0552 0.7735 0.6314
vn 0.0544 0.7752 0.6294
vn 0.0000 0.0157 0.9999
vn -0.0062 0.0163 0.9998
vn -0.0065 0.0168 0.9998
vn 0.0549 0.7766 0.6276
vn -0.0078 0.0157 0.9998
vn -0.2526 0.7262 0.6394
vn -0.2665 0.7449 0.6116
vn 0.7018 0.3311 -0.6308
vn 0.8502 0.4487 -0.2755
vn 0.0062 0.0168 -0.9998
vn 0.0078 0.0157 -0.9998
vn 0.0050 0.0183 -0.9998
vn 0.0584 0.7754 -0.6287
vn 0.0553 0.7735 -0.6314
vn 0.0585 0.7747 -0.6297
vn -0.0001 0.0158 -0.9999
vn 0.0631 0.7731 -0.6311
vn -0.0078 0.0157 -0.9998
vn -0.2513 0.7226 -0.6440
vn -0.2682 0.7414 -0.6152
vn -0.0078 -0.0079 -0.9999
vn 0.9954 0.0959 -0.0049
vn 0.9955 0.0948 -0.0079
vn 0.9953 0.0965 -0.0031
vn 0.9955 0.0947 0.0001
vn 0.9955 0.0948 0.0000
vn -0.7643 0.6449 -0.0001
vn -0.7637 0.6456 0.0000
vn -0.7846 0.6199 0.0057
vn -0.7847 0.6198 0.0078
vn -0.7848 0.6198 0.0023
vn -0.7848 0.6198 0.0000
vn 0.0080 0.0000 1.0000
vn 0.0079 0.1657 0.9862
vn 0.0157 0.1809 0.9834
vn -0.4908 0.2850 0.8234
vn 0.0157 0.1809 -0.9834
vn 0.0079 0.1657 -0.9862
vn -0.7846 0.6199 -0.0057
vn -0.7848 0.6197 -0.0023
vn -0.7844 0.6202 -0.0081
vn -0.7643 0.6449 0.0001
vn -0.0079 0.9998 -0.0157
vn -0.9290 -0.3700 -0.0000
vn -0.0079 -1.0000 -0.0000
vn -0.0079 -0.9998 0.0158
vn -0.7647 0.6444 0.0002
vn -0.7675 0.6410 0.0000
vn -0.9436 0.0236 0.3303
vn -0.9196 -0.0000 0.3930
vn -0.9918 -0.0945 0.0866
vn -0.9925 -0.0315 0.1182
vn -0.6942 0.5207 0.4969
vn -0.9930 0.0000 0.1183
vn -0.9930 0.0000 -0.1183
vn 0.6231 -0.0317 0.7815
vn 0.6134 -0.1730 0.7706
vn 0.6067 -0.2443 0.7564
vn 0.6129 -0.2593 0.7464
vn 0.6004 -0.3160 0.7347
vn 0.6127 -0.3535 0.7069
vn 0.6158 -0.3237 0.7184
vn 0.6300 -0.3937 0.6694
vn 0.6133 -0.4560 0.6449
vn 0.6520 -0.4242 0.6284
vn 0.5993 -0.4495 0.6624
vn 0.4253 -0.8111 0.4016
vn 0.4252 -0.8111 0.4016
vn -0.0050 1.0000 0.0006
vn 0.0011 1.0000 0.0006
vn -0.0011 1.0000 -0.0021
vn 0.2921 -0.9156 0.2763
vn 0.2756 -0.9054 0.3228
vn 0.0865 -0.9751 0.2044
vn -0.5105 -0.2435 0.8247
vn -0.0028 0.9999 -0.0147
vn -0.0079 0.9998 -0.0158
vn -0.0053 0.9999 -0.0146
vn 0.0000 0.9999 -0.0157
vn -0.0028 0.9999 0.0147
vn 0.0000 0.9999 0.0157
vn -0.0053 0.9999 0.0146
vn -0.0079 0.9998 0.0158
vn -0.0011 1.0000 0.0021
vn 0.0011 1.0000 -0.0006
vn -0.0050 1.0000 -0.0006
vn 0.5993 -0.4495 -0.6624
vn 0.6133 -0.4560 -0.6449
vn 0.6300 -0.3938 -0.6694
vn 0.6300 -0.3937 -0.6694
vn 0.6520 -0.4242 -0.6284
vn 0.6158 -0.3237 -0.7184
vn 0.4252 -0.8111 -0.4016
vn 0.6127 -0.3535 -0.7069
vn 0.6126 -0.3535 -0.7069
vn 0.4253 -0.8111 -0.4016
vn 0.6004 -0.3160 -0.7347
vn 0.2921 -0.9156 -0.2762
vn 0.6129 -0.2593 -0.7464
vn 0.2756 -0.9055 -0.3228
vn 0.6067 -0.2443 -0.7564
vn 0.0865 -0.9751 -0.2044
vn -0.5105 -0.2435 -0.8247
vn 0.6134 -0.1730 -0.7706
vn 0.6231 -0.0317 -0.7815
vn 0.6234 -0.0316 -0.7813
vn -0.0007 0.0053 1.0000
vn -0.0008 0.0026 1.0000
vn -0.2679 -0.9614 -0.0631
vn -0.7111 0.0000 0.7031
vn -0.7149 -0.0000 0.6992
vn -0.7150 -0.0000 0.6992
vn 0.7149 0.0000 0.6992
vn 0.7149 -0.0000 0.6993
vn 0.9953 0.0965 0.0031
vn 0.9954 0.0959 0.0049
vn 0.9955 0.0948 0.0079
vn 0.3926 -0.9197 -0.0045
vn 0.3929 -0.9196 0.0000
vn 0.3878 -0.9217 -0.0060
vn 0.3863 -0.9224 -0.0079
vn 0.5692 -0.8222 -0.0079
vn 0.5835 -0.8121 0.0000
vn -0.6942 0.5207 -0.4969
vn -0.9925 -0.0315 -0.1182
vn -0.9918 -0.0945 -0.0866
vn -0.9196 -0.0000 -0.3930
vn -0.9436 0.0236 -0.3303
vn 0.0157 0.9998 0.0079
vn -0.0079 0.9998 0.0157
vn -0.0079 -0.9998 -0.0158
vn -0.7647 0.6444 -0.0002
vn -0.7676 0.6409 -0.0000
vn -0.0158 0.9999 0.0000
vn -0.7491 0.6624 -0.0000
vn -0.7491 0.6625 -0.0000
vn -0.7492 0.6624 0.0000
vn -0.7885 0.6151 -0.0000
vn -0.7885 0.6150 0.0000
vn -0.0008 0.0026 -1.0000
vn -0.0007 0.0053 -1.0000
vn -0.2679 -0.9614 0.0630
vn -0.7111 0.0000 -0.7031
vn -0.7149 -0.0000 -0.6992
vn 0.7148 -0.0000 -0.6993
vn 0.7149 -0.0000 -0.6993
vn 0.7149 -0.0000 -0.6992
vn 0.3878 -0.9217 0.0060
vn 0.3930 -0.9195 -0.0000
vn 0.3927 -0.9197 0.0045
vn 0.3863 -0.9223 0.0079
vn 0.5692 -0.8222 0.0079
vn -0.0020 -0.0019 -1.0000
vn 0.0022 -0.0011 -1.0000
vn 0.0079 0.9998 0.0157
vn 0.0079 0.9998 -0.0157
vn 0.9805 -0.1804 0.0784
vn 0.9720 -0.1739 0.1580
vn -0.0550 0.0079 0.9985
vn -0.9220 0.1666 0.3495
vn -0.9205 0.1652 0.3540
vn -0.9212 0.1668 0.3516
vn -0.9231 0.1657 0.3472
vn -0.7801 0.6225 0.0630
vn -0.7477 0.6611 0.0630
vn -0.8344 0.5512 0.0000
vn 0.1414 0.0079 0.9899
vn 0.1420 -0.5761 0.8049
vn 0.0079 -0.5975 0.8019
vn 0.0022 0.5889 0.8082
vn 0.0079 0.5885 0.8084
vn 0.0061 0.5884 0.8085
vn -0.0001 0.5886 0.8084
vn 0.0765 0.9971 -0.0043
vn 0.0785 0.9969 -0.0079
vn -0.1260 0.9920 -0.0078
vn -0.1237 0.9923 -0.0054
vn -0.1198 0.9928 -0.0010
vn -0.1201 0.9928 0.0012
vn -0.1260 0.9920 0.0001
vn -0.4800 0.8773 0.0010
vn -0.4805 0.8770 0.0005
vn -0.6381 0.7700 0.0015
vn -0.6440 0.7650 0.0018
vn -0.0020 -0.0019 1.0000
vn 0.0022 -0.0011 1.0000
vn 0.0237 -0.5833 -0.8119
vn -0.0000 -0.5975 -0.8019
vn 0.0025 0.5845 -0.8114
vn 0.0000 0.5835 -0.8121
vn -0.0018 0.5865 -0.8099
vn 0.0002 0.0135 -0.9999
vn 0.0000 0.0135 -0.9999
vn -0.0000 0.0156 -0.9999
vn 0.0077 0.0000 -1.0000
vn 0.0078 0.0000 -1.0000
vn 0.0078 0.0000 1.0000
vn -0.6706 0.0000 -0.7418
vn -0.6831 -0.0157 -0.7302
vn -0.6707 0.0079 -0.7417
vn -0.6455 0.1889 -0.7400
vn -0.8626 0.4939 -0.1098
vn -0.8383 0.5140 -0.1819
vn -0.7946 0.5743 -0.1967
vn -0.7777 0.5971 -0.1964
vn -0.7462 0.6284 -0.2199
vn -0.7570 0.6150 -0.2207
vn -0.6936 0.6621 -0.2837
vn -0.6936 0.6621 -0.2838
vn -0.7007 0.6614 -0.2677
vn -0.6387 0.7018 -0.3154
vn -0.6208 0.6915 -0.3693
vn -0.6387 0.7018 0.3154
vn -0.7007 0.6614 0.2677
vn -0.6936 0.6621 0.2837
vn -0.6936 0.6621 0.2838
vn -0.7570 0.6150 0.2207
vn -0.7462 0.6284 0.2199
vn -0.7778 0.5971 0.1964
vn -0.7946 0.5743 0.1967
vn -0.8382 0.5140 0.1819
vn -0.8625 0.4940 0.1098
vn -0.2518 -0.9677 -0.0157
vn -0.1336 -0.9899 -0.0471
vn -0.3068 -0.9518 -0.0000
vn -0.4970 -0.8678 -0.0000
vn -0.4967 -0.8679 -0.0001
vn -0.4972 -0.8677 0.0000
vn -0.7708 -0.6370 -0.0000
vn -0.7708 -0.6371 -0.0000
vn -0.8678 -0.4970 0.0000
vn -0.8677 -0.4970 -0.0000
vn -0.9612 -0.2758 -0.0000
vn -0.9518 -0.3068 -0.0079
vn -0.9975 -0.0707 -0.0078
vn -0.9975 -0.0707 0.0079
vn -0.9517 -0.3068 0.0079
vn -0.4967 -0.8679 0.0001
vn -0.1335 -0.9899 0.0472
vn -0.2518 -0.9677 0.0157
vn 0.0237 -0.5833 0.8119
vn -0.0000 -0.5975 0.8019
vn -0.0019 0.5865 0.8099
vn -0.0000 0.5835 0.8121
vn 0.0025 0.5845 0.8114
vn 0.0000 0.5887 0.8084
vn -0.0033 0.0035 1.0000
vn -0.0021 0.0074 1.0000
vn -0.6706 0.0000 0.7418
vn -0.6831 -0.0157 0.7302
vn -0.6707 0.0079 0.7417
vn -0.6456 0.1889 0.7400
vn -0.1809 0.9834 -0.0157
vn -0.2202 0.9753 -0.0157
vn -0.2174 0.9760 -0.0121
vn -0.2174 0.9760 -0.0122
vn -0.9718 0.2291 -0.0553
vn -0.2202 0.9754 -0.0079
vn -0.9298 0.3625 -0.0631
vn -0.2052 -0.9786 -0.0158
vn -0.2277 -0.9736 -0.0157
vn -0.2298 -0.9730 -0.0198
vn -0.2298 -0.9731 -0.0195
vn -0.1414 0.9898 -0.0157
vn -0.1336 0.9905 -0.0314
vn -0.2276 -0.9735 -0.0235
vn -0.1414 -0.9899 -0.0079
vn -0.1402 -0.9901 -0.0089
vn -0.1408 -0.9900 -0.0091
vn -0.1414 -0.9898 -0.0157
vn -0.2517 0.9673 -0.0315
vn -0.9232 0.3629 -0.1263
vn -0.9379 0.3231 -0.1261
vn -0.2368 0.9710 -0.0316
vn -0.0941 0.9728 -0.2118
vn -0.3623 0.2205 -0.9056
vn -0.0707 0.9824 -0.1729
vn -0.3877 0.0871 -0.9177
vn 0.0079 0.9835 -0.1810
vn 0.0079 -0.0078 -0.9999
vn 0.0158 0.1026 -0.9946
vn -0.0000 0.9992 -0.0394
vn -0.0471 0.9978 -0.0471
vn -0.4735 -0.1894 0.8602
vn -0.5347 -0.2123 0.8179
vn 0.5378 0.2177 0.8144
vn 0.5373 0.2212 0.8139
vn 0.5341 0.2160 0.8174
vn -0.4726 -0.3328 0.8160
vn -0.4705 -0.3372 0.8155
vn -0.4724 -0.3325 0.8163
vn 0.5348 0.2123 0.8179
vn 0.9290 0.3701 0.0000
vn -0.4717 -0.3302 0.8176
vn 0.4978 0.2930 0.8163
vn 0.4957 0.2911 0.8183
vn 0.4993 0.2956 0.8144
vn -0.3937 -0.4174 0.8190
vn 0.5379 0.2175 -0.8145
vn 0.5373 0.2212 -0.8139
vn 0.5340 0.2162 -0.8174
vn 0.4977 0.3002 0.8137
vn 0.3937 0.4174 0.8190
vn -0.3149 -0.4802 0.8187
vn 0.5348 0.2123 -0.8179
vn -0.4735 -0.1894 -0.8602
vn -0.5348 -0.2123 -0.8179
vn -0.3148 -0.4802 0.8187
vn -0.2357 -0.5263 0.8170
vn -0.4667 -0.3393 -0.8168
vn -0.4704 -0.3371 -0.8155
vn -0.4665 -0.3391 -0.8170
vn -0.4643 -0.3384 -0.8185
vn 0.4911 0.3014 -0.8173
vn 0.4886 0.2994 -0.8195
vn 0.4929 0.3030 -0.8156
vn 0.4977 0.3002 -0.8137
vn -0.3937 -0.4174 -0.8190
vn 0.3937 0.4174 -0.8190
vn 0.3938 0.4174 -0.8190
vn 0.3149 0.4802 0.8187
vn 0.3149 0.4802 -0.8187
vn 0.3148 0.4802 -0.8187
vn -0.3149 -0.4802 -0.8187
vn -0.3148 -0.4802 -0.8187
vn 0.2357 0.5263 0.8170
vn -0.1415 -0.5582 0.8176
vn 0.1415 0.5582 0.8176
vn 0.0000 -0.5745 0.8185
vn 0.0000 -0.5602 0.8284
vn 0.0079 0.5745 0.8185
vn 0.0079 0.5601 0.8284
vn 0.2357 0.5263 -0.8170
vn 0.0076 1.0000 0.0000
vn 0.0079 0.9998 0.0158
vn 0.0033 0.9998 0.0185
vn 0.0020 0.9999 0.0170
vn 0.1415 0.5582 -0.8176
vn -0.2357 -0.5263 -0.8170
vn -0.1415 -0.5582 -0.8176
vn 0.0079 0.5745 -0.8185
vn 0.0078 0.6012 -0.7990
vn -0.0079 -0.5745 -0.8184
vn -0.0079 -0.5601 -0.8284
vn -0.5699 0.4828 -0.6649
vn 0.0000 0.7226 -0.6912
vn -0.7866 0.4405 -0.4326
vn 0.0157 -0.5655 -0.8246
vn -0.7456 0.4866 -0.4552
vn 0.1651 -0.5270 -0.8337
vn -0.7331 -0.3863 -0.5597
vn 0.2277 0.0157 -0.9736
vn -0.7098 -0.3944 -0.5836
vn 0.0947 -0.0473 -0.9944
vn -0.7148 0.0157 -0.6991
vn -0.7564 -0.0079 -0.6540
vn -0.0000 -0.9806 -0.1961
vn 0.0079 -0.9874 -0.1580
vn -0.0000 -0.9540 -0.2997
vn 0.0315 0.0079 -0.9995
vn 0.1262 -0.7964 -0.5914
vn 0.0000 -0.0706 -0.9975
vn 0.0158 0.9938 0.1104
vn 0.0235 0.0863 -0.9960
vn 0.2199 -0.0550 -0.9740
vn 0.6771 -0.3385 -0.6534
vn 0.2836 0.1024 -0.9534
vn 0.0787 0.9685 0.2362
vn 0.0394 0.9708 0.2368
vn 0.5361 0.8436 0.0315
vn -0.2516 0.9670 0.0393
vn 0.4722 0.8814 -0.0157
vn -0.2432 0.9572 0.1569
vn 0.4646 0.8741 0.1417
vn 0.6210 0.5503 0.5581
vn 0.9992 -0.0315 -0.0236
vn 0.7950 -0.0236 0.6061
vn 0.9716 -0.2133 -0.1027
vn 0.3862 -0.9221 -0.0236
vn 0.3862 -0.9221 -0.0237
vn 0.4426 -0.6797 -0.5849
vn 0.6324 -0.7747 0.0000
vn 0.5445 -0.8364 -0.0631
vn 0.4667 -0.7910 0.3955
vn 0.7613 -0.0785 0.6436
vn 0.9125 -0.4091 -0.0000
vn 0.9125 -0.4090 0.0000
vn 0.7613 -0.0785 -0.6436
vn 0.4668 -0.7910 -0.3955
vn 0.6210 0.5503 -0.5581
vn 0.7950 -0.0236 -0.6061
vn 0.4646 0.8741 -0.1417
vn -0.2433 0.9572 -0.1569
vn 0.9992 -0.0315 0.0236
vn 0.4722 0.8814 0.0157
vn 0.5445 -0.8364 0.0631
vn 0.9716 -0.2133 0.1026
vn 0.4426 -0.6797 0.5849
vn 0.3862 -0.9221 0.0236
vn 0.6771 -0.3385 0.6534
vn 0.5361 0.8436 -0.0315
vn 0.2837 0.1024 0.9534
vn -0.2516 0.9670 -0.0393
vn 0.0235 0.0863 0.9960
vn 0.1262 -0.7964 0.5914
vn 0.0394 0.9708 -0.2368
vn 0.2199 -0.0550 0.9740
vn 0.0787 0.9685 -0.2362
vn 0.0158 0.9938 -0.1104
vn 0.0000 -0.0706 0.9975
vn -0.0000 -0.9540 0.2997
vn 0.0315 0.0079 0.9995
vn 0.0079 -0.9874 0.1580
vn -0.0000 -0.9806 0.1961
vn -0.1809 0.9834 0.0157
vn -0.2174 0.9760 0.0122
vn -0.2174 0.9760 0.0121
vn -0.2202 0.9753 0.0158
vn -0.2202 0.9754 0.0079
vn -0.9718 0.2291 0.0553
vn -0.1414 0.9898 0.0157
vn -0.1336 0.9905 0.0314
vn -0.9299 0.3625 0.0631
vn -0.2052 -0.9786 0.0158
vn -0.2298 -0.9731 0.0195
vn -0.2298 -0.9730 0.0198
vn -0.2277 -0.9736 0.0157
vn -0.2276 -0.9735 0.0235
vn -0.1408 -0.9900 0.0091
vn -0.1402 -0.9901 0.0089
vn -0.1414 -0.9899 0.0078
vn -0.1414 -0.9898 0.0158
vn -0.9232 0.3629 0.1263
vn -0.9379 0.3231 0.1262
vn -0.2517 0.9673 0.0315
vn -0.2368 0.9710 0.0316
vn -0.0942 0.9728 0.2118
vn -0.0941 0.9728 0.2118
vn -0.3622 0.2205 0.9056
vn -0.0707 0.9824 0.1729
vn -0.3877 0.0871 0.9177
vn 0.0079 0.9835 0.1809
vn 0.0079 -0.0078 0.9999
vn 0.0158 0.1026 0.9946
vn -0.0000 0.9992 0.0394
vn -0.0471 0.9978 0.0471
vn -0.5344 -0.2124 -0.8181
vn -0.4724 -0.3325 -0.8163
vn -0.4726 -0.3328 -0.8160
vn 0.5341 0.2160 -0.8174
vn 0.5378 0.2177 -0.8144
vn -0.4717 -0.3302 -0.8176
vn 0.4993 0.2956 -0.8144
vn 0.4957 0.2911 -0.8183
vn 0.4978 0.2930 -0.8163
vn 0.5340 0.2162 0.8174
vn 0.5379 0.2175 0.8145
vn -0.5348 -0.2123 0.8179
vn 0.4929 0.3030 0.8156
vn 0.4886 0.2994 0.8195
vn 0.4911 0.3014 0.8173
vn -0.4665 -0.3391 0.8169
vn -0.4704 -0.3371 0.8155
vn -0.4667 -0.3393 0.8168
vn -0.4643 -0.3384 0.8185
vn 0.3148 0.4802 0.8187
vn 0.0000 -0.5745 -0.8185
vn -0.0000 -0.5602 -0.8284
vn 0.0079 0.5601 -0.8284
vn 0.0020 0.9999 -0.0170
vn 0.0033 0.9998 -0.0185
vn 0.0079 0.9998 -0.0158
vn 0.0078 0.6012 0.7990
vn -0.0079 -0.5745 0.8184
vn -0.0079 -0.5601 0.8284
vn -0.5699 0.4828 0.6649
vn 0.0000 0.7226 0.6912
vn -0.7866 0.4405 0.4326
vn 0.0157 -0.5654 0.8246
vn -0.7456 0.4866 0.4553
vn 0.1652 -0.5270 0.8337
vn -0.7332 -0.3863 0.5597
vn 0.2277 0.0157 0.9736
vn -0.7098 -0.3944 0.5836
vn 0.0948 -0.0472 0.9944
vn -0.7148 0.0157 0.6991
vn -0.7564 -0.0079 0.6540
vn -0.9867 -0.1500 0.0631
vn -0.9803 -0.0235 0.1961
vn -0.3314 0.2288 -0.9153
vn -0.0079 0.2369 0.9715
vn 0.1027 0.3871 0.9163
vn 0.0157 0.9999 0.0000
vn -0.0000 0.9999 0.0158
vn -0.6238 0.7816 -0.0000
vn -0.6237 0.7817 0.0000
vn -0.6237 0.7816 0.0000
vn -0.6455 -0.0157 -0.7636
vn -0.6370 -0.0020 -0.7709
vn -0.6371 -0.0079 -0.7708
vn -0.6352 -0.0048 -0.7723
vn -0.6285 0.0000 -0.7778
vn -0.6063 -0.0000 -0.7953
vn -0.5745 0.0078 -0.8185
vn 0.3700 0.0158 -0.9289
vn 0.3700 0.0158 0.9289
vn -0.5745 0.0078 0.8185
vn -0.6063 -0.0000 0.7953
vn -0.6285 0.0000 0.7778
vn -0.6443 -0.0090 0.7647
vn -0.6371 -0.0079 0.7708
vn -0.6440 -0.0127 0.7649
vn -0.6455 -0.0157 0.7636
vn -0.9417 0.2767 -0.1913
vn -0.9384 0.2839 -0.1971
vn -0.9395 0.2791 -0.1987
vn -0.9428 0.2750 -0.1885
vn -0.9699 0.2129 -0.1183
vn -0.8004 0.4159 -0.4316
vn -0.9708 0.2368 -0.0395
vn -0.9602 0.2597 -0.1023
vn -0.9651 0.2589 -0.0392
vn -0.9692 0.2443 -0.0315
vn -0.9667 0.2436 -0.0786
vn -0.9617 0.2601 -0.0867
vn -0.9617 0.2601 0.0867
vn -0.9667 0.2436 0.0786
vn -0.9692 0.2443 0.0315
vn -0.9651 0.2589 0.0392
vn -0.9602 0.2597 0.1023
vn -0.9708 0.2368 0.0395
vn -0.8004 0.4159 0.4316
vn -0.9699 0.2129 0.1183
vn -0.9417 0.2767 0.1913
vn -0.9428 0.2750 0.1885
vn -0.9395 0.2791 0.1987
vn -0.9384 0.2839 0.1971
vn -0.0004 -0.0002 1.0000
vn -0.0000 -0.0003 1.0000
vn -0.0001 0.0001 1.0000
vn -0.0004 -0.0002 -1.0000
vn -0.0000 -0.0001 -1.0000
vn 0.8602 -0.5051 -0.0710
vn 0.9388 0.0946 0.3313
vn 0.9428 -0.0471 0.3300
vn 0.8185 -0.3778 0.4329
vn 0.8736 -0.1181 0.4722
vn 0.8602 -0.5051 0.0710
vn 0.9388 0.0946 -0.3313
vn 0.9428 -0.0471 -0.3300
vn 0.8185 -0.3778 -0.4329
vn 0.8736 -0.1181 -0.4722
vn 0.8104 0.1495 0.5665
vn 0.8104 0.1495 -0.5665
vn 0.8023 0.1888 0.5663
vn 0.7884 0.3154 0.5282
vn 0.8023 0.1888 -0.5663
vn 0.7884 0.3154 -0.5282
vn 0.8213 0.2132 0.5291
vn 0.6843 0.6843 0.2517
vn 0.8213 0.2133 -0.5291
vn 0.6843 0.6843 -0.2517
vn 0.9692 -0.0315 0.2443
vn 0.9725 0.1961 0.1255
vn 0.9692 -0.0315 -0.2443
vn 0.9725 0.1961 -0.1255
vn 0.0471 0.2200 0.9744
vn -0.9908 0.0036 0.1351
vn -0.9920 0.0079 0.1259
vn -0.9920 0.0067 0.1257
vn -0.9910 0.0000 0.1337
vn -0.9920 0.0067 -0.1257
vn -0.9920 0.0079 -0.1259
vn -0.9908 0.0036 -0.1351
vn -0.9910 0.0000 -0.1337
vn 0.0472 0.2200 -0.9744
vn -0.9826 -0.1344 -0.1285
vn -0.9806 -0.1424 -0.1345
vn -0.9826 -0.1336 -0.1290
vn 0.0235 0.1414 -0.9897
vn -0.9830 -0.1337 -0.1258
vn 0.0551 -0.0079 -0.9985
vn 0.0394 0.0157 -0.9991
vn -0.9740 -0.1875 -0.1272
vn -0.9740 -0.1885 -0.1257
vn -0.9743 -0.1861 -0.1265
vn -0.9754 -0.1809 -0.1259
vn -0.9826 -0.1336 0.1290
vn -0.9806 -0.1424 0.1345
vn -0.9826 -0.1344 0.1285
vn -0.9830 -0.1337 0.1258
vn 0.0236 0.1414 0.9897
vn -0.9744 -0.1861 0.1265
vn -0.9740 -0.1885 0.1257
vn -0.9740 -0.1876 0.1272
vn 0.0550 -0.0079 0.9985
vn -0.9754 -0.1809 0.1259
vn 0.0394 0.0157 0.9991
vn -0.9698 -0.2089 0.1262
vn -0.9690 -0.2127 0.1260
vn -0.9708 -0.2065 0.1222
vn 0.0865 -0.2045 0.9750
vn -0.9715 -0.2053 0.1184
vn 0.0709 -0.1576 0.9850
vn 0.0791 -0.3082 0.9480
vn 0.0314 0.0707 0.9970
vn 0.0708 -0.3225 0.9439
vn -0.9798 -0.1559 0.1249
vn -0.9793 -0.1580 0.1264
vn -0.9796 -0.1564 0.1260
vn -0.9818 -0.1492 0.1178
vn -0.9978 -0.0460 0.0471
vn -0.9981 -0.0472 0.0393
vn -0.9979 -0.0475 0.0448
vn -0.9981 -0.0393 0.0471
vn -0.9978 -0.0460 -0.0471
vn -0.9981 -0.0393 -0.0472
vn -0.9979 -0.0475 -0.0448
vn -0.9981 -0.0472 -0.0393
vn -0.9708 -0.2065 -0.1222
vn -0.9690 -0.2127 -0.1260
vn -0.9697 -0.2089 -0.1262
vn -0.9798 -0.1560 -0.1249
vn -0.9818 -0.1492 -0.1178
vn -0.9796 -0.1564 -0.1260
vn -0.9715 -0.2054 -0.1185
vn -0.9793 -0.1579 -0.1264
vn 0.0865 -0.2044 -0.9751
vn 0.0709 -0.1576 -0.9850
vn 0.0790 -0.3082 -0.9480
vn 0.0708 -0.3226 -0.9439
vn 0.0314 0.0707 -0.9970
vn 0.9317 0.3632 0.0000
vn -0.9317 -0.3632 -0.0000
vn 0.7638 -0.6455 0.0000
vn 0.7637 -0.6456 0.0000
vn -0.7565 0.6540 -0.0000
vn -0.0948 -0.9955 -0.0000
vn 0.0626 0.9980 0.0000
vn 0.0631 0.9980 -0.0000
vn -0.4629 -0.8864 0.0000
vn -0.4628 -0.8865 -0.0000
vn -0.4628 -0.8864 0.0000
vn 1.0000 0.0000 0.0000
vn -0.8865 0.4628 0.0000
vn -0.8440 0.5364 -0.0000
vn 0.0235 -0.9997 0.0000
vn 0.0236 -0.9997 -0.0000
vn -0.0236 -0.9997 -0.0000
vn 0.8555 0.5179 0.0000
vn 0.8554 0.5180 0.0000
vn 0.8766 0.4812 0.0000
vn 0.8765 0.4815 -0.0000
vn -0.0000 1.0000 -0.0079
vn -0.0000 1.0000 -0.0078
vn 0.0000 -1.0000 0.0078
vn 0.0000 -1.0000 0.0079
vn -0.0000 1.0000 0.0079
vn 0.0000 1.0000 0.0078
vn 0.8643 -0.0000 -0.5029
vn 0.8644 0.0000 -0.5029
vn 0.6274 0.6901 -0.3607
vn 0.6274 0.6901 -0.3608
vn 0.6694 -0.6300 -0.3938
vn 0.6694 -0.6300 -0.3937
vn -0.6770 -0.6219 0.3936
vn -0.6770 -0.6218 0.3937
vn -0.6770 0.6219 0.3937
vn -0.6770 0.6219 0.3936
vn -0.9975 0.0000 -0.0711
vn -0.4409 0.0000 -0.8976
vn -0.4409 0.0000 -0.8975
vn -0.4410 0.0000 -0.8975
vn 0.5603 0.0000 -0.8283
vn 0.9975 0.0000 0.0711
vn 0.4409 0.0000 0.8976
vn 0.4409 0.0000 0.8975
vn -0.5603 0.0000 0.8283
vn -0.0158 -0.0000 -0.9999
vn -0.5179 0.0157 -0.8553
vn -0.5179 0.0156 -0.8553
vn 0.8644 0.0000 -0.5028
vn 0.8730 0.0000 0.4876
vn 0.0313 -0.0000 -0.9995
vn -0.5110 -0.0076 -0.8595
vn -0.5103 -0.0069 -0.8600
vn 0.8975 0.0000 -0.4409
vn 0.8976 0.0000 -0.4409
vn 0.8498 0.0000 0.5272
vn 0.8975 -0.0079 0.4409
vn 0.6515 0.6907 0.3140
vn 0.6515 0.6906 0.3140
vn 0.6514 0.6907 0.3139
vn 0.6959 -0.6325 0.3400
vn 0.6958 -0.6326 0.3400
vn -0.9975 0.0000 0.0711
vn -0.9975 -0.0000 0.0708
vn -0.4409 0.0000 0.8976
vn 0.5600 0.0000 0.8285
vn 0.5599 -0.0000 0.8285
vn 0.5603 0.0000 0.8283
vn 0.9975 0.0000 -0.0711
vn 0.9975 -0.0000 -0.0708
vn 0.4409 0.0000 -0.8975
vn 0.4409 -0.0000 -0.8976
vn -0.5603 0.0000 -0.8283
vn -0.5599 -0.0000 -0.8285
vn 0.8976 0.0000 0.4409
vn 0.0706 0.0000 0.9975
vn 0.0708 -0.0000 0.9975
vn 0.8283 0.0000 -0.5603
vn -0.7034 -0.6243 -0.3398
vn -0.7033 -0.6244 -0.3398
vn -0.7034 0.6243 -0.3398
vn -0.7033 0.6244 -0.3398
vn -0.1732 0.9844 0.0315
vn 0.3469 0.4100 0.8436
vn 0.9897 -0.1414 0.0236
vn 0.4168 0.4561 -0.7863
vn 0.1336 0.6684 0.7317
vn 0.1337 0.6685 0.7316
vn 0.6913 -0.7226 0.0000
vn 0.6912 -0.7227 -0.0000
vn -0.6912 0.7226 0.0000
vn 0.7227 0.6912 0.0000
vn -0.7226 -0.6912 0.0000
vn -0.7226 -0.6913 -0.0000
vn -0.7227 -0.6912 0.0000
vn -0.3462 0.3620 0.8655
vn -0.3462 0.3619 0.8655
vn -0.6913 0.7226 -0.0000
vn -0.6912 0.7227 0.0000
vn -0.3462 0.3619 -0.8655
vn -0.3462 0.3620 -0.8655
vn 0.3462 -0.3620 -0.8655
vn 0.3462 -0.3619 0.8655
vn 0.3462 -0.3620 0.8655
vn 0.6222 0.6301 0.4647
vn 0.6222 0.6300 0.4647
vn 0.8302 0.2926 0.4744
vn 0.9788 0.0553 0.1973
vn 0.9788 0.0552 0.1973
vn 0.9788 0.0553 -0.1973
vn 0.9788 0.0552 -0.1973
vn 0.8302 0.2926 -0.4744
vn 0.6222 0.6300 -0.4647
vn 0.4889 0.8516 -0.1892
vn 0.4889 0.8516 0.1892
vn 0.6222 0.6301 -0.4647
vn 0.8303 0.2925 -0.4744
vn 0.9788 0.0552 0.1974
vn 0.8303 0.2926 0.4744
vn 0.8303 0.2925 0.4744
vn 0.4888 0.8516 0.1892
vn -0.5026 -0.8645 -0.0000
vn -0.8019 -0.5975 0.0000
vn -0.2052 -0.9787 -0.0000
vn -0.9737 -0.2277 0.0000
vn -0.9737 -0.2278 -0.0000
vn -0.9930 0.1180 0.0000
vn -0.9930 0.1184 0.0000
vn -0.9612 0.2758 0.0000
vn -0.9612 0.2757 -0.0000
vn -0.8498 0.5272 0.0000
vn -0.8346 0.5508 -0.0000
vn -0.0000 0.6624 -0.7492
vn -0.0000 0.6624 -0.7491
vn 0.9874 0.1580 0.0000
vn 0.9875 0.1579 -0.0000
vn 0.9874 0.1579 -0.0000
vn -0.8678 0.0000 -0.4970
vn -0.8677 -0.0000 -0.4970
vn -0.1809 0.0000 0.9835
vn 0.1809 0.0000 -0.9835
vn -0.1811 -0.9835 -0.0000
vn -0.8119 -0.5838 0.0000
vn 0.5455 -0.8381 0.0000
vn 0.5456 -0.8380 0.0000
vn -0.1337 -0.9910 -0.0000
vn -0.1338 -0.9910 -0.0000
vn -0.1336 -0.9910 0.0000
vn 1.0000 -0.0001 -0.0000
vn -1.0000 -0.0001 -0.0000
vn -1.0000 0.0001 -0.0000
vn -0.7639 -0.6454 0.0000
vn 0.7639 0.6454 0.0000
vn -0.6454 0.7639 0.0000
vn 0.6871 -0.7266 -0.0000
vn 0.6872 -0.7264 0.0000
vn 0.6871 -0.7265 0.0000
vn 0.6063 -0.7953 0.0000
vn -0.3373 0.9414 0.0001
vn -0.0000 -1.0000 -0.0077
vn 0.0000 1.0000 0.0077
vn -1.0000 0.0079 0.0000
vn -0.9930 0.1183 -0.0000
vn -0.8678 0.0000 0.4970
vn -0.8677 0.0000 0.4970
vn -0.1809 0.0000 -0.9835
vn 0.1809 0.0000 0.9835
vn -0.5746 -0.8185 0.0000
vn 0.5746 0.8185 -0.0000
vn -0.8185 0.5745 0.0000
vn 0.0000 -1.0000 0.0077
vn -0.0000 -1.0000 0.0081
vn 0.0000 1.0000 -0.0077
vn 0.9999 -0.0158 0.0000
vn 0.9999 -0.0157 0.0000
vn 0.5655 -0.8248 -0.0000
vn 0.5656 -0.8247 0.0000
vn 0.0002 1.0000 0.0000
vn -0.8498 0.5271 0.0000
vn -0.9540 0.2998 0.0000
vn -0.9920 0.1260 -0.0000
vn -0.9771 -0.2127 0.0000
vn 0.8056 0.5924 0.0000
vn 0.3468 0.9380 -0.0000
vn 0.3468 0.9379 0.0000
vn -0.5328 0.8463 -0.0000
vn -0.5327 0.8463 -0.0000
vn 0.8056 0.5925 0.0000
vn 0.8057 0.5923 -0.0000
vn 0.8121 0.5835 -0.0000
vn 0.8122 0.5834 -0.0000
vn 0.8119 0.5838 0.0000
vn 0.2686 0.9633 -0.0000
vn 0.2685 0.9633 0.0000
vn -0.1579 0.9875 -0.0000
vn -0.5511 0.8345 0.0000
vn -0.8730 0.4877 0.0000
vn -0.8730 0.4876 0.0000
vn -0.8732 0.4874 -0.0000
vn -0.9995 0.0314 -0.0000
vn -0.9995 0.0315 0.0000
vn -0.8185 -0.5745 -0.0000
vn -0.8185 -0.5746 0.0000
vn -0.6831 -0.7303 0.0000
vn -0.6832 -0.7303 0.0000
vn -0.5510 -0.8345 -0.0000
vn -0.5511 -0.8345 -0.0000
vn -0.4090 -0.9125 -0.0000
vn -0.4091 -0.9125 -0.0000
vn -0.2518 -0.9678 0.0000
vn -0.2517 -0.9678 0.0000
vn -0.8497 0.5272 -0.0000
vn -0.9755 0.0000 0.2202
vn -0.9755 -0.0000 0.2201
vn -0.9755 0.0000 -0.2202
vn -0.9755 -0.0000 -0.2201
vn -0.9754 0.0000 -0.2202
vn -0.8496 0.0157 0.5271
vn -0.8484 0.0136 0.5291
vn -0.8497 0.0157 0.5271
vn -0.8439 0.0158 0.5363
vn 0.2052 -0.9787 0.0000
vn 0.7150 -0.6992 0.0000
vn 0.7149 -0.6992 -0.0000
vn 0.8623 -0.5064 -0.0000
vn 0.8624 -0.5063 0.0000
vn 0.9771 -0.2126 -0.0000
vn 0.9771 -0.2128 -0.0000
vn 0.9771 -0.2127 0.0000
vn 1.0000 -0.0079 0.0000
vn -0.6148 -0.7887 0.0000
vn -0.6151 -0.7884 -0.0000
vn -0.6150 -0.7885 -0.0000
vn -0.9980 0.0000 -0.0629
vn -0.9980 0.0000 -0.0628
vn -0.9980 -0.0000 0.0628
vn -0.6540 -0.7565 0.0000
vn -0.6541 -0.7564 0.0000
vn -0.9963 -0.0863 0.0000
vn -0.9282 0.3619 -0.0866
vn -0.9282 0.3618 -0.0865
vn -0.9282 0.3618 -0.0866
vn 0.8440 0.5364 0.0000
vn 0.8440 0.5363 0.0000
vn 0.6831 0.7303 -0.0000
vn 0.6832 0.7302 -0.0000
vn 0.5511 0.8345 0.0000
vn 0.5510 0.8345 -0.0000
vn 0.4090 0.9125 0.0000
vn 0.4091 0.9125 -0.0000
vn 0.2517 0.9678 0.0000
vn 0.2518 0.9678 -0.0000
vn -0.1733 0.9849 0.0000
vn 0.9939 -0.1104 0.0000
vn 0.9939 -0.1105 -0.0000
vn -0.9282 0.3618 0.0866
vn -0.9282 0.3618 0.0865
vn 0.2519 0.9677 -0.0000
vn 0.0002 -1.0000 0.0000
vn -0.5656 0.8247 0.0000
vn -0.5655 0.8247 -0.0000
vn 0.9888 0.1491 -0.0000
vn 0.9989 -0.0472 0.0000
vn 0.9754 0.2202 -0.0000
vn 0.9715 0.2370 -0.0000
vn 0.9715 0.2369 0.0000
vn 0.9633 0.2684 0.0000
vn 1.0000 0.0001 -0.0000
vn -1.0000 -0.0078 0.0000
vn -0.9888 -0.1491 0.0000
vn -0.9820 -0.1889 0.0000
vn -0.9821 -0.1884 -0.0000
vn -0.9755 -0.2200 0.0000
vn -0.9992 -0.0394 0.0000
vn -0.9930 -0.1182 -0.0000
vn 0.7637 -0.6455 -0.0000
vn 0.0630 0.9980 0.0000
vn -0.7637 -0.6455 -0.0000
vn -0.7637 -0.6456 -0.0000
vn -0.5122 -0.8589 0.0000
vn -0.5121 -0.8589 -0.0000
vn 0.5215 0.8532 0.0000
vn 0.5215 0.8533 0.0000
vn -0.8643 0.5029 -0.0000
vn -0.8644 0.5029 0.0000
vn -0.7342 -0.6789 -0.0000
vn -0.7342 -0.6790 0.0000
vn 0.6456 -0.7637 -0.0000
vn 0.8643 -0.5029 -0.0000
vn 0.5122 0.8589 -0.0000
vn 0.7072 -0.7070 -0.0000
vn 0.7071 -0.7071 0.0000
vn 0.8589 -0.5122 0.0000
vn 0.8588 -0.5122 0.0000
vn -0.9007 0.4345 0.0000
vn 0.3769 -0.8714 0.3141
vn 0.3769 -0.8714 -0.3141
vn 0.2755 -0.4487 -0.8501
vn 0.2755 -0.4487 0.8502
vn -0.7110 -0.0000 -0.7031
vn -0.7031 0.0000 -0.7111
vn -0.7110 0.0000 0.7031
vn -0.7031 -0.0000 0.7111
vn 0.7110 -0.0000 0.7031
vn 0.7031 -0.0000 0.7110
vn 0.7110 0.0000 -0.7031
vn 0.7031 0.0000 -0.7111
vn -0.5029 -0.0000 -0.8643
vn -0.5028 -0.0000 -0.8644
vn -0.5031 -0.0000 -0.8642
vn -0.5030 0.0000 -0.8643
vn -0.8975 -0.0079 0.4409
vn -0.8284 -0.0079 -0.5601
vn 0.0707 -0.0078 -0.9975
vn 0.8975 -0.0079 -0.4409
vn 0.8284 -0.0079 0.5601
vn -0.0707 -0.0078 0.9975
vn -0.0707 -0.0079 0.9975
vn -0.8973 -0.0236 0.4408
vn -0.8678 -0.0078 -0.4969
vn -0.8282 -0.0237 -0.5600
vn 0.0785 -0.0157 -0.9968
vn 0.8642 0.0157 -0.5028
vn 0.9007 0.0000 -0.4345
vn 0.8675 0.0237 0.4968
vn 0.8284 0.0080 0.5601
vn -0.0000 0.0158 0.9999
vn -0.0629 -0.0000 0.9980
vn -0.5120 -0.8590 0.0000
vn -0.9414 -0.3372 -0.0000
vn -0.9997 0.0235 -0.0000
vn -0.9317 0.3633 0.0000
vn -0.5029 0.8643 0.0000
vn -0.6063 0.7953 -0.0000
vn -0.8121 0.5835 -0.0000
vn -0.3863 0.9224 0.0000
vn 0.3768 0.9263 -0.0000
vn 0.6150 0.7885 0.0000
vn 0.4971 0.8677 -0.0000
vn 0.4969 0.8678 0.0000
vn 0.9263 0.3768 -0.0000
vn 0.9999 0.0157 0.0000
vn 0.9379 -0.3470 0.0000
vn 0.5122 -0.8589 0.0000
vn 0.5121 -0.8589 0.0000
vn -0.7071 0.7071 0.0000
vn -0.7071 -0.7071 0.0000
vn 0.7071 0.7071 0.0000
vn -0.8283 0.0000 0.5603
vn -0.8976 0.0000 -0.4409
vn -0.8975 0.0000 -0.4409
vn -0.0708 0.0000 -0.9975
vn -0.0711 0.0000 -0.9975
vn 0.0711 0.0000 0.9975
vn 0.8975 0.0000 0.4409
vn -0.9487 0.0079 0.3162
vn 0.3162 0.0000 0.9487
vn 0.3233 -0.0000 0.9463
vn 0.9487 -0.0079 -0.3162
vn 0.9486 -0.0079 -0.3162
vn -0.3139 0.0000 -0.9495
vn -0.3163 0.0001 -0.9487
vn -0.3857 0.9129 0.1338
vn -0.1260 0.9138 0.3861
vn -0.7036 0.6640 -0.2530
vn -0.8370 0.3948 -0.3790
vn -0.7946 -0.0393 -0.6059
vn -0.7556 -0.2283 -0.6139
vn -0.3693 -0.6208 -0.6915
vn -0.3781 -0.6223 -0.6854
vn 0.3223 -0.7703 -0.5502
vn 0.1344 -0.7428 -0.6558
vn 0.8921 -0.4026 -0.2053
vn 0.6672 -0.5572 -0.4944
vn 0.9095 0.2431 0.3372
vn 0.9999 -0.0078 -0.0079
vn 0.3063 0.5812 0.7539
vn 0.2992 0.5826 0.7557
vn -0.4112 -0.6640 -0.6245
vn -0.4111 -0.6640 -0.6245
vn 0.3073 -0.8431 -0.4413
vn 0.3073 -0.8431 -0.4412
vn 0.8498 -0.5271 0.0000
vn 0.8498 -0.5272 0.0000
vn 0.8920 0.0948 0.4420
vn 0.4111 0.6640 0.6245
vn 0.4111 0.6641 0.6245
vn -0.3073 0.8431 0.4413
vn -0.8497 0.5273 -0.0000
vn -0.8920 -0.0948 -0.4420
vn 0.0079 -0.0079 -0.9999
vn -0.0078 0.0079 -0.9999
vn -0.5182 0.8552 0.0000
vn -0.5180 0.8554 -0.0000
vn -0.3708 0.6076 0.7023
vn -0.3620 0.6060 0.7083
vn 0.3621 -0.6060 0.7083
vn 0.3709 -0.6076 0.7023
vn 0.5182 -0.8552 -0.0000
vn 0.5180 -0.8554 -0.0000
vn 0.3621 -0.6060 -0.7083
vn 0.3709 -0.6076 -0.7023
vn -0.3709 0.6076 -0.7023
vn -0.3620 0.6060 -0.7083
vn -0.5678 0.0710 0.8201
vn -0.3941 0.0946 0.9142
vn -0.5994 0.0789 0.7965
vn -0.6840 0.0943 0.7233
vn -0.6091 0.0554 0.7911
vn -0.6479 0.0711 0.7584
vn -0.7718 0.0866 0.6300
vn -0.6702 0.0394 0.7411
vn -0.7873 0.0551 0.6141
vn 0.0706 -0.0392 0.9967
vn 0.1806 -0.0628 0.9816
vn -0.0000 -0.0472 0.9989
vn -0.0157 0.0000 0.9999
vn -0.0000 0.1182 0.9930
vn -0.8730 0.0000 0.4876
vn -0.8340 0.0315 0.5508
vn -0.9591 0.0000 0.2830
vn -0.9877 -0.0470 0.1489
vn -0.9899 -0.0000 0.1414
vn -0.9405 0.2766 0.1976
vn -0.9771 0.0000 0.2128
vn -0.9877 -0.0470 -0.1489
vn -0.9771 -0.0000 -0.2128
vn -0.9985 -0.0000 -0.0551
vn -0.9591 -0.0000 -0.2830
vn -0.9985 -0.0000 -0.0550
vn -0.9405 0.2766 -0.1976
vn -0.9899 0.0000 -0.1414
vn -0.8730 0.0000 -0.4876
vn -0.8341 0.0315 -0.5508
vn -0.8340 0.0315 -0.5508
vn 0.4970 -0.8678 -0.0000
vn 0.1736 -0.9848 0.0000
vn -0.1736 -0.9848 0.0000
vn -0.9405 -0.3398 -0.0000
vn -0.9405 -0.3399 0.0000
vn -0.9405 0.3398 -0.0000
vn -0.6455 0.7637 0.0000
vn -0.5278 -0.7484 0.4017
vn -0.5278 -0.7484 -0.4017
vn -0.8343 0.3778 0.4014
vn -0.8343 0.3778 -0.4014
vn -0.1733 0.9061 0.3860
vn -0.1733 0.9060 -0.3861
vn 0.2993 0.8979 -0.3229
vn 0.2993 0.8979 0.3229
vn 0.2595 0.4876 -0.8336
vn 0.2595 0.4876 0.8336
vn -0.9224 -0.3863 0.0000
vn -0.9900 -0.1414 0.0000
vn -0.9899 -0.1414 0.0000
vn -0.9678 0.2518 -0.0000
vn -0.9224 0.3863 -0.0000
vn 0.9224 0.3863 0.0000
vn 0.9899 0.1415 0.0000
vn 0.9899 0.1414 -0.0000
vn 0.9697 -0.2445 -0.0000
vn 0.9224 -0.3863 -0.0000
vn 0.0000 0.9787 -0.2053
vn -0.0000 0.9787 -0.2052
vn 0.0000 0.7071 -0.7071
vn 0.0000 0.1961 -0.9806
vn 0.0000 -0.1961 -0.9806
vn 0.0000 -0.7071 -0.7071
vn -0.0000 -0.9787 -0.2052
vn 0.0000 -0.9787 0.2052
vn 0.0000 -0.9787 0.2053
vn -0.0000 -0.7071 0.7071
vn -0.0000 -0.1957 0.9807
vn 0.0000 -0.1960 0.9806
vn 0.0000 0.1962 0.9806
vn 0.0000 0.1961 0.9806
vn 0.0000 0.7071 0.7071
vn -0.0000 0.9787 0.2052
vn 0.0000 0.9787 0.2053
vn -0.6830 0.0000 0.7304
vn -0.9154 0.0000 0.4024
vn -0.9154 0.0000 0.4025
vn -0.9154 0.0000 -0.4025
vn -0.6833 0.0000 -0.7302
vn -0.6830 0.0000 -0.7304
vn -0.9154 0.0000 -0.4024
vn -0.1962 0.9806 0.0000
vn -0.1961 0.9806 0.0000
vn 0.1961 -0.9806 0.0000
vn 0.1962 -0.9806 -0.0000
vn 0.3863 -0.9224 -0.0000
vn 0.0000 -0.1182 0.9930
vn -0.0000 -0.4814 0.8765
vn 0.0000 -0.8731 0.4876
vn -0.0000 -0.8764 0.4815
vn 0.0000 0.1108 -0.9938
vn 0.0000 0.1104 -0.9939
vn 0.0000 0.4723 -0.8814
vn 0.0000 0.9196 -0.3929
vn -0.0000 0.9195 -0.3930
vn 0.0000 0.9317 0.3632
vn 0.0000 0.5121 0.8589
vn 0.0000 0.1260 0.9920
vn 0.0000 0.1259 0.9920
vn 0.0000 -0.1411 -0.9900
vn 0.0000 -0.1414 -0.9899
vn 0.0000 -0.5179 -0.8554
vn 0.0000 -0.8928 -0.4504
vn -0.0000 -0.8864 -0.4628
vn -0.0000 -0.8865 -0.4628
vn 0.7032 -0.0000 -0.7110
vn -0.7071 -0.0000 -0.7071
vn 0.7071 -0.0000 -0.7071
vn 0.7071 0.0000 0.7071
vn 0.7032 0.0000 0.7110
vn -0.7071 0.0000 0.7071
vn -0.8643 -0.0000 0.5029
vn -0.8976 0.0000 0.4409
vn -0.8284 -0.0000 -0.5602
vn 0.0707 0.0000 -0.9975
vn 0.8678 0.0000 0.4970
vn 0.8284 0.0000 0.5602
vn -0.0707 0.0000 0.9975
vn -0.9415 -0.3371 0.0000
vn -0.9317 0.3632 0.0000
vn -0.5029 0.8644 0.0000
vn -0.8284 -0.0001 0.5602
vn 0.0707 -0.0001 0.9975
vn -0.8284 -0.0000 0.5602
vn -0.0707 0.0000 -0.9975
vn 0.8284 -0.0001 -0.5602
vn 0.3706 0.5992 -0.7096
vn 0.6863 0.1578 -0.7100
vn -0.1578 0.6863 -0.7100
vn -0.5992 0.3706 -0.7096
vn -0.6863 -0.1578 -0.7099
vn -0.6863 -0.1578 -0.7100
vn -0.3706 -0.5993 -0.7096
vn -0.3706 -0.5992 -0.7096
vn 0.1578 -0.6863 -0.7100
vn 0.5993 -0.3706 -0.7096
vn 0.0474 -0.8430 -0.5358
vn 0.0791 -0.8447 -0.5293
vn 0.0785 -0.8470 -0.5258
vn 0.0547 -0.8427 -0.5355
vn 0.0548 -0.8427 -0.5356
vn 0.0547 -0.8630 -0.5022
vn 0.0548 -0.8631 -0.5021
vn 0.0474 -0.8668 -0.4963
vn 0.0475 -0.8668 -0.4963
vn 0.0472 -0.8669 -0.4963
vn 0.0472 -0.8669 -0.4962
vn 0.0471 -0.8669 -0.4963
vn 0.0474 -0.8666 -0.4967
vn -0.7975 -0.3632 0.4817
vn -0.5744 -0.4721 0.6688
vn -0.5848 -0.4662 0.6638
vn -0.8004 -0.3609 0.4787
vn -0.9959 -0.0869 0.0237
vn -0.9968 -0.0785 0.0157
vn -0.9045 0.1652 -0.3933
vn -0.9033 0.1728 -0.3927
vn -0.5351 0.3935 -0.7476
vn 0.1415 0.4954 -0.8571
vn 0.1416 0.4954 -0.8571
vn 0.4806 0.4570 -0.7485
vn 0.1415 0.4965 -0.8564
vn 0.4806 0.4569 -0.7485
vn -0.0550 0.8427 0.5356
vn -0.1259 0.8029 0.5826
vn -0.1179 0.8101 0.5743
vn -0.0471 0.8431 0.5357
vn -0.0547 0.8428 0.5354
vn -0.0545 0.8392 0.5410
vn -0.0550 0.8631 0.5021
vn -0.0551 0.8631 0.5021
vn -0.0473 0.8668 0.4963
vn -0.0473 0.8668 0.4964
vn -0.0473 0.8667 0.4965
vn -0.0474 0.8669 0.4963
vn -0.0472 0.8666 0.4968
vn 0.8049 0.3472 -0.4813
vn 0.5828 0.4489 -0.6773
vn 0.6156 0.4498 -0.6471
vn 0.8163 0.3454 -0.4631
vn 0.9968 0.0785 -0.0157
vn 0.9959 0.0869 -0.0238
vn 0.9045 -0.1652 0.3933
vn 0.5350 -0.3935 0.7476
vn 0.5351 -0.3935 0.7476
vn -0.1415 -0.4954 0.8571
vn -0.4806 -0.4570 0.7485
vn -0.4806 -0.4569 0.7485
vn -0.8765 -0.4814 0.0000
vn -0.9997 0.0236 0.0000
vn -0.5179 -0.8554 0.0000
vn -0.5183 -0.8552 0.0000
vn -0.0235 -0.9997 0.0000
vn 0.4814 -0.8765 0.0000
vn 0.8554 -0.5179 0.0000
vn 0.9997 -0.0235 0.0000
vn 0.8765 0.4814 0.0000
vn 0.5179 0.8554 -0.0000
vn 0.5183 0.8552 0.0000
vn -0.4814 0.8765 0.0000
vn -0.8554 0.5179 -0.0000
vn 0.9612 -0.2758 0.0000
vn -0.2369 0.9715 0.0000
vn 0.2370 -0.9715 0.0000
vn 0.2369 -0.9715 -0.0000
vn -0.5981 0.6296 0.4958
vn -0.5981 0.6296 -0.4958
vn 0.6011 -0.6248 -0.4983
vn 0.6061 -0.6219 -0.4959
vn 0.6061 -0.6219 0.4959
vn 0.0079 -0.0079 0.9999
vn -0.0079 0.0079 0.9999
vn -0.6061 0.6219 -0.4959
vn -0.6037 0.6194 -0.5018
vn -0.6061 0.6219 0.4959
vn -0.6037 0.6195 0.5018
vn 0.6037 -0.6194 0.5018
vn 0.6037 -0.6194 -0.5018
vn -0.6011 0.6248 -0.4983
vn -0.5987 0.6224 0.5042
vn -0.6011 0.6248 0.4983
vn 0.5987 -0.6224 0.5042
vn 0.6011 -0.6248 0.4983
vn -0.3708 0.6076 -0.7023
vn -0.5178 0.8555 0.0000
vn 0.5183 -0.8552 0.0000
vn 0.3620 -0.6060 0.7083
vn 0.0000 -0.0078 1.0000
vn -0.3709 0.6076 0.7023
vn -0.5678 0.0710 -0.8201
vn -0.6092 0.0554 -0.7911
vn -0.7718 0.0866 -0.6300
vn -0.6478 0.0711 -0.7585
vn -0.6702 0.0394 -0.7411
vn -0.8497 0.0157 -0.5271
vn -0.7873 0.0551 -0.6141
vn -0.8439 0.0158 -0.5363
vn -0.9588 0.0236 -0.2830
vn -0.9567 0.0235 -0.2901
vn -0.9907 0.0236 -0.1337
vn -0.9907 0.0236 0.1337
vn -0.9567 0.0235 0.2902
vn -0.9589 0.0236 0.2829
vn -0.3780 0.3465 0.8585
vn -0.3780 0.3466 0.8585
vn -0.5856 0.3720 0.7202
vn -0.5754 0.3626 0.7331
vn -0.7580 0.4027 0.5132
vn -0.8594 0.4573 0.2286
vn -0.8594 0.4573 0.2287
vn -0.8736 0.4722 0.1180
vn -0.8736 0.4722 0.1181
vn -0.8736 0.4722 -0.1180
vn -0.8736 0.4722 -0.1181
vn -0.8594 0.4573 -0.2287
vn -0.7580 0.4027 -0.5132
vn -0.7579 0.4027 -0.5132
vn -0.5754 0.3626 -0.7331
vn -0.5856 0.3720 -0.7202
vn -0.3780 0.3465 -0.8585
vn -0.4909 0.2850 -0.8233
vn -0.5977 0.7471 -0.2910
vn -0.5977 0.7471 -0.2909
vn -0.6162 0.7663 -0.1817
vn -0.6673 0.7066 -0.2355
vn -0.6840 0.7233 -0.0943
vn -0.6840 0.7233 0.0943
vn -0.6840 0.7233 0.0944
vn -0.6673 0.7066 0.2355
vn -0.6162 0.7663 0.1817
vn -0.5977 0.7471 0.2910
vn -0.6208 0.6915 0.3693
vn 0.2924 0.9563 -0.0000
vn -0.1337 0.9910 0.0000
vn 0.9153 0.4027 -0.0000
vn 0.7492 -0.6623 -0.0000
vn 0.7491 -0.6624 0.0000
vn 0.1337 -0.9910 0.0000
vn 0.5029 0.8644 -0.0000
vn 0.5029 -0.8644 -0.0000
vn -0.5029 -0.8644 0.0000
vn -0.4970 0.8678 -0.0000
vn -0.4970 0.8677 -0.0000
vn -0.4970 -0.8677 0.0000
vn -0.1736 0.9848 0.0000
vn 0.1736 0.9848 0.0000
vn 0.7637 0.6456 0.0000
vn 0.9405 0.3398 -0.0000
vn 0.9405 -0.3398 -0.0000
vn 0.9405 -0.3399 -0.0000
vn 0.7675 -0.6411 -0.0000
vn 0.6455 -0.7637 0.0000
vn 0.6452 -0.7640 0.0000
vn 0.9195 0.3930 0.0000
vn 0.9541 -0.2996 0.0000
vn 0.0863 -0.9963 0.0000
vn -0.5565 -0.8308 0.0000
vn -0.6751 -0.7377 -0.0000
vn -0.7417 -0.6707 0.0000
vn -0.6750 -0.7378 0.0000
vn -0.6063 -0.7952 0.0000
vn -0.6063 -0.7953 -0.0000
vn -0.5744 -0.8185 -0.0000
vn -0.9125 -0.4090 0.0000
vn -0.9125 -0.4091 0.0000
vn -0.9591 0.2830 0.0000
vn -0.5836 0.8121 -0.0000
vn -0.5834 0.8122 0.0000
vn -0.0782 0.9969 0.0000
vn -0.0787 0.9969 0.0000
vn 0.5601 0.8284 0.0000
vn 0.6753 0.7376 0.0000
vn 0.7417 0.6707 0.0000
vn 0.6063 0.7953 0.0000
vn 0.6063 0.7952 0.0000
vn -0.0786 0.9969 0.0000
vn -0.5744 -0.8186 0.0000
vn -0.9899 -0.1415 -0.0000
vn -0.9900 -0.1413 0.0000
vn 0.9697 -0.2444 0.0000
vn 0.3768 -0.8714 -0.3140
vn 0.3766 -0.8716 0.3139
vn 0.6525 0.3852 0.6525
vn 0.6525 0.3852 -0.6525
vn -0.0711 0.3948 -0.9160
vn -0.3776 0.1573 -0.9125
vn 0.6533 -0.3542 -0.6691
vn -0.2207 -0.3390 -0.9145
vn 0.6534 -0.3542 0.6691
vn -0.2282 -0.3384 0.9129
vn -0.0711 0.3948 0.9160
vn -0.3848 0.1492 0.9109
vn -0.0000 -0.1961 0.9806
vn 0.0000 -0.1963 -0.9805
vn -0.1961 -0.9806 0.0000
vn -0.5565 -0.8309 0.0000
vn 0.5565 -0.8309 -0.0000
vn 0.5564 -0.8309 0.0000
vn 0.8308 -0.5565 0.0000
vn 0.8309 -0.5564 -0.0000
vn 0.9806 -0.1961 0.0000
vn 0.9806 0.1961 -0.0000
vn 0.8308 0.5565 -0.0000
vn 0.5564 0.8309 0.0000
vn 0.5565 0.8309 -0.0000
vn 0.1962 0.9806 0.0000
vn 0.1961 0.9806 0.0000
vn -0.5564 0.8309 -0.0000
vn -0.8309 0.5565 -0.0000
vn -0.8309 0.5564 -0.0000
vn -0.9806 0.1962 0.0000
vn -0.9806 0.1961 0.0000
vn -0.9806 -0.1961 -0.0000
vn -0.8308 -0.5565 0.0000
vn -0.8309 -0.5564 0.0000
vn 0.8538 -0.3478 0.3874
vn 0.8897 -0.3858 0.2441
vn 0.9227 -0.3312 0.1972
vn 0.9315 -0.3237 0.1658
vn 0.9315 -0.3237 0.1657
vn 0.9060 -0.3703 0.2048
vn 0.8474 -0.5022 0.1726
vn 0.8344 -0.5117 0.2047
vn 0.8179 -0.5662 0.1022
vn 0.8133 -0.5764 0.0790
vn 0.8808 -0.3146 0.3539
vn 0.8019 -0.5975 0.0000
vn 0.8133 -0.5764 -0.0790
vn 0.9230 -0.3392 0.1815
vn 0.8179 -0.5662 -0.1022
vn 0.8474 -0.5022 -0.1726
vn 0.8101 -0.5820 0.0708
vn 0.9355 -0.3302 0.1258
vn 0.8122 -0.5834 0.0000
vn 0.9354 -0.3537 0.0000
vn 0.8101 -0.5820 -0.0708
vn 0.9355 -0.3302 -0.1258
vn 0.9878 -0.0790 0.1344
vn 0.9230 -0.3392 -0.1814
vn 0.9772 -0.0788 0.1970
vn 0.9878 -0.0790 -0.1344
vn 0.9969 -0.0785 0.0000
vn 0.8344 -0.5117 -0.2047
vn 0.9772 -0.0788 -0.1970
vn 0.8808 -0.3146 -0.3539
vn 0.8897 -0.3858 -0.2441
vn 0.9060 -0.3703 -0.2048
vn 0.9315 -0.3237 -0.1658
vn 0.9315 -0.3237 -0.1657
vn 0.9227 -0.3312 -0.1972
vn 0.8538 -0.3478 -0.3874
vn 0.8542 -0.3486 -0.3857
vn 0.8271 -0.2915 -0.4805
vn 0.8538 -0.3479 -0.3874
vn 0.7399 0.0708 -0.6690
vn 0.7399 0.0709 -0.6690
vn 0.9228 -0.0710 -0.3786
vn 0.8371 -0.0474 -0.5449
vn 0.7336 0.0394 -0.6784
vn 0.7088 -0.0787 -0.7010
vn 0.7089 -0.0787 -0.7009
vn 0.7088 -0.0788 -0.7010
vn 0.8400 -0.1335 -0.5260
vn 0.7089 -0.0788 -0.7009
vn 0.7073 -0.1022 -0.6995
vn 0.7022 -0.1578 -0.6943
vn 0.8370 -0.1895 -0.5133
vn 0.8427 -0.1890 -0.5041
vn 0.9136 -0.1496 -0.3780
vn 0.8427 -0.1890 -0.5040
vn 0.9087 -0.2054 -0.3635
vn 0.9442 -0.2124 -0.2518
vn 0.9780 -0.1025 -0.1814
vn 0.9831 -0.0944 -0.1571
vn 0.9962 -0.0157 -0.0862
vn 0.9961 -0.0157 -0.0863
vn 0.9919 -0.0630 -0.1102
vn 0.9919 -0.0630 0.1102
vn 0.9961 -0.0157 0.0863
vn 0.9780 -0.1025 0.1814
vn 0.9962 -0.0157 0.0862
vn 0.9831 -0.0944 0.1571
vn 0.9442 -0.2124 0.2517
vn 0.9228 -0.0710 0.3786
vn 0.9136 -0.1496 0.3780
vn 0.9087 -0.2054 0.3635
vn 0.8427 -0.1890 0.5040
vn 0.8427 -0.1890 0.5041
vn 0.8271 -0.2915 0.4805
vn 0.8538 -0.3479 0.3874
vn 0.7399 0.0708 0.6690
vn 0.7399 0.0709 0.6690
vn 0.8371 -0.0474 0.5449
vn 0.7393 0.0711 0.6696
vn 0.7334 0.0395 0.6786
vn 0.7088 -0.0787 0.7010
vn 0.7089 -0.0787 0.7009
vn 0.7088 -0.0788 0.7010
vn 0.8400 -0.1335 0.5260
vn 0.7089 -0.0788 0.7009
vn 0.7073 -0.1022 0.6995
vn 0.7022 -0.1578 0.6943
vn 0.8370 -0.1895 0.5133
vn 0.5121 -0.0079 0.8589
vn 0.5031 -0.0000 0.8642
vn -0.0393 -0.0000 0.9992
vn -0.0392 -0.0000 0.9992
vn -0.8642 -0.0000 0.5031
vn 0.5030 -0.0000 0.8643
vn 0.5029 -0.0000 0.8644
vn 0.5029 0.0000 0.8643
vn -0.4091 0.9125 -0.0000
vn -0.4090 0.9125 0.0000
vn -0.4409 -0.0000 0.8975
vn 0.4410 0.0000 -0.8975
vn -0.1105 -0.0000 -0.9939
vn -0.1104 -0.0000 -0.9939
vn 0.8990 0.1025 0.4259
vn 0.8648 -0.1727 0.4715
vn 0.4176 0.6619 0.6225
vn 0.7698 0.2043 0.6047
vn -0.8920 -0.0949 -0.4420
vn -0.8920 -0.0947 -0.4420
vn -0.4111 -0.6641 -0.6245
vn 0.3144 -0.8411 -0.4402
vn 0.3155 -0.8440 -0.4338
vn 0.7625 -0.6446 -0.0550
vn 0.5738 -0.8093 -0.1256
vn 0.8532 -0.5214 -0.0079
vn 0.3315 0.5288 -0.7814
vn 0.3314 0.5288 -0.7813
vn 0.5181 0.8554 0.0000
vn -0.4815 0.8765 -0.0000
vn -0.8765 -0.4815 0.0000
vn 0.0315 -0.0315 -0.9990
vn 0.0001 0.0079 -1.0000
vn 0.0314 -0.0314 -0.9990
vn 0.0706 -0.0392 -0.9967
vn 0.1806 -0.0628 -0.9816
vn -0.0000 -0.0472 -0.9989
vn -0.0157 0.0000 -0.9999
vn -0.0000 0.1182 -0.9930
vn -0.1962 -0.9806 -0.0000
vn -0.3862 -0.9224 -0.0000
vn -0.3863 -0.9224 0.0000
vn 0.3863 0.9224 -0.0000
vn 0.1963 0.9806 -0.0000
vn -0.4473 -0.8944 -0.0000
vn -0.4474 -0.8944 -0.0000
vn -0.9985 0.0550 0.0000
vn -0.5510 0.8345 -0.0000
vn 0.4970 0.8678 0.0000
vn -0.5511 0.8344 0.0000
vn 0.9405 0.3399 -0.0000
vn 0.9985 0.0551 -0.0000
vn 0.4473 -0.8944 -0.0000
vn 0.9985 0.0550 0.0000
vn 0.4472 -0.8944 0.0000
vn -0.1260 -0.7323 -0.6693
vn 0.1260 -0.7323 -0.6693
vn 0.3697 -0.6451 -0.6687
vn -0.1180 0.6533 -0.7478
vn 0.1180 0.6533 -0.7478
vn -0.3309 0.5750 -0.7483
vn 0.5669 -0.4803 -0.6693
vn -0.5112 0.4247 -0.7472
vn 0.6999 -0.2517 -0.6684
vn -0.6225 0.2285 -0.7485
vn -0.9405 0.3399 0.0000
vn -0.4473 0.8944 0.0000
vn -0.9985 -0.0551 0.0000
vn -0.4474 0.8944 -0.0000
vn -0.9985 -0.0550 0.0000
vn -0.6625 -0.0000 -0.7491
vn 0.5510 -0.8345 0.0000
vn 0.5029 -0.8643 0.0000
vn 0.9985 -0.0551 -0.0000
vn 0.4473 0.8944 0.0000
vn 0.3309 0.5750 -0.7483
vn 0.5112 0.4247 -0.7472
vn -0.3698 -0.6451 -0.6687
vn -0.5669 -0.4803 -0.6693
vn -0.6999 -0.2517 -0.6684
vn 0.6225 0.2285 -0.7485
vn -0.7418 0.0000 -0.6707
vn 0.6624 0.0000 -0.7491
vn -0.6999 0.2517 -0.6684
vn 0.6225 -0.2285 -0.7485
vn -0.5669 0.4803 -0.6693
vn 0.5112 -0.4247 -0.7472
vn -0.3698 0.6451 -0.6687
vn 0.3309 -0.5750 -0.7483
vn -0.1260 0.7323 -0.6693
vn 0.1181 -0.6533 -0.7478
vn 0.1260 0.7323 -0.6693
vn -0.1181 -0.6533 -0.7478
vn 0.3698 0.6451 -0.6687
vn -0.3309 -0.5750 -0.7483
vn 0.5669 0.4803 -0.6693
vn -0.5112 -0.4247 -0.7472
vn 0.6999 0.2517 -0.6685
vn -0.6225 -0.2285 -0.7485
vn 0.7418 -0.0000 -0.6707
vn -0.4400 -0.7544 -0.4872
vn -0.1498 -0.8594 -0.4888
vn -0.1658 -0.9553 -0.2448
vn -0.4863 -0.8393 -0.2432
vn -0.6697 -0.5594 -0.4885
vn -0.1731 -0.9681 0.1811
vn -0.7423 -0.6238 -0.2447
vn -0.8195 -0.2994 -0.4885
vn -0.4896 -0.8528 0.1816
vn -0.1492 -0.8561 0.4948
vn -0.4320 -0.7540 0.4948
vn -0.6671 -0.5572 0.4944
vn -0.7555 -0.6296 0.1810
vn -0.8164 -0.2982 0.4945
vn -0.9119 -0.3302 -0.2437
vn -0.9230 -0.3392 0.1814
vn -0.9697 -0.0000 -0.2443
vn -0.8195 0.2994 -0.4885
vn -0.9835 0.0000 0.1810
vn -0.8164 0.2983 0.4945
vn -0.9119 0.3303 -0.2437
vn -0.6697 0.5594 -0.4885
vn -0.9230 0.3392 0.1814
vn -0.6671 0.5572 0.4944
vn -0.7423 0.6238 -0.2448
vn -0.4400 0.7543 -0.4872
vn -0.7555 0.6296 0.1810
vn -0.4320 0.7540 0.4948
vn -0.4862 0.8393 -0.2432
vn -0.1498 0.8594 -0.4888
vn -0.4896 0.8528 0.1816
vn -0.1493 0.8561 0.4948
vn -0.1658 0.9553 -0.2447
vn 0.1498 0.8594 -0.4888
vn -0.1731 0.9681 0.1811
vn 0.1493 0.8561 0.4948
vn 0.1658 0.9553 -0.2448
vn 0.4400 0.7543 -0.4872
vn 0.1731 0.9681 0.1811
vn 0.4320 0.7540 0.4948
vn 0.4863 0.8393 -0.2431
vn 0.6697 0.5594 -0.4885
vn 0.4896 0.8528 0.1816
vn 0.6671 0.5573 0.4944
vn 0.7423 0.6238 -0.2448
vn 0.8195 0.2994 -0.4885
vn 0.7555 0.6296 0.1810
vn 0.8165 0.2982 0.4944
vn 0.9119 0.3302 -0.2437
vn 0.8730 -0.0000 -0.4876
vn 0.9230 0.3392 0.1814
vn 0.9698 -0.0000 -0.2440
vn 0.8195 -0.2994 -0.4885
vn 0.9835 0.0000 0.1810
vn 0.8164 -0.2982 0.4945
vn 0.9119 -0.3302 -0.2437
vn 0.6697 -0.5594 -0.4885
vn 0.9230 -0.3392 0.1814
vn 0.6671 -0.5573 0.4944
vn 0.7423 -0.6238 -0.2448
vn 0.4400 -0.7544 -0.4872
vn 0.7555 -0.6296 0.1810
vn 0.4320 -0.7540 0.4948
vn 0.4863 -0.8393 -0.2432
vn 0.1498 -0.8594 -0.4888
vn 0.4896 -0.8528 0.1816
vn 0.1493 -0.8561 0.4948
vn 0.1658 -0.9553 -0.2448
vn 0.1731 -0.9681 0.1811
vn -0.7132 0.6897 -0.1254
vn 0.0790 -0.1343 -0.9878
vn -0.3554 0.9239 -0.1421
vn 0.7018 -0.7096 0.0630
vn 0.0471 -0.2588 -0.9648
vn 0.1025 0.9780 -0.1814
vn -0.0236 0.0079 0.9997
vn 0.2592 -0.9586 0.1179
vn -0.1020 -0.1648 -0.9810
vn 0.1572 0.9590 -0.2358
vn 0.0948 -0.0237 0.9952
vn -0.1105 -0.9868 0.1184
vn -0.3311 -0.1027 -0.9380
vn 0.0630 0.9768 -0.2048
vn 0.0943 0.1099 0.9895
vn -0.2043 -0.9744 0.0943
vn -0.6706 0.0235 -0.7415
vn -0.1731 0.9758 0.1338
vn 0.3316 0.0868 0.9394
vn -0.2050 -0.9776 0.0473
vn -0.9735 0.0864 -0.2120
vn -0.0866 0.7717 0.6300
vn 0.6821 0.0549 0.7292
vn -0.1340 -0.9696 -0.2049
vn -0.9314 -0.1500 0.3315
vn 0.1811 0.4803 0.8582
vn 0.9547 0.1578 0.2525
vn -0.0946 -0.8122 -0.5756
vn -0.7937 -0.3536 0.4950
vn 0.4502 0.0315 0.8924
vn 0.9271 0.3143 -0.2043
vn -0.2125 -0.4958 -0.8421
vn -0.7309 -0.4244 0.5344
vn 0.5826 -0.4251 0.6928
vn 0.8345 0.4408 -0.3306
vn -0.4501 -0.0316 -0.8924
vn -0.7367 -0.4859 0.4702
vn 0.6003 -0.6556 0.4581
vn 0.8523 0.4340 -0.2920
vn -0.5999 0.4104 -0.6868
vn -0.7541 -0.5263 0.3928
vn 0.5820 -0.7707 0.2595
vn 0.8436 0.4100 -0.3469
vn -0.6305 0.6384 -0.4414
vn -0.7692 -0.5652 0.2982
vn 0.5604 -0.8208 0.1105
vn 0.8269 0.4489 -0.3386
vn -0.6238 0.7423 -0.2448
vn -0.7899 -0.5925 0.1580
vn 0.5506 -0.8338 0.0393
vn 0.8219 0.4980 -0.2765
vn -0.6205 0.7776 -0.1021
vn -0.8055 -0.5923 -0.0158
vn 0.5415 -0.8398 0.0392
vn 0.8192 0.5514 -0.1576
vn -0.6232 0.7810 -0.0395
vn -0.7805 -0.5755 -0.2444
vn 0.4801 -0.8737 0.0787
vn 0.8083 0.5885 0.0157
vn -0.6308 0.7727 -0.0709
vn -0.6478 -0.4977 -0.5767
vn 0.3541 -0.9287 0.1102
vn 0.7702 0.5894 0.2437
vn -0.6057 0.7710 -0.1967
vn -0.2209 -0.3155 -0.9229
vn 0.1966 -0.9517 0.2359
vn 0.6134 0.5505 0.5662
vn -0.4158 0.8241 -0.3846
vn 0.2207 -0.2049 -0.9536
vn 0.0942 -0.9498 0.2983
vn 0.1736 0.4341 0.8840
vn -0.1735 0.9303 -0.3232
vn 0.2361 -0.2282 -0.9445
vn 0.0550 -0.9577 0.2826
vn -0.2281 0.2675 0.9362
vn -0.1103 0.9691 -0.2207
vn 0.0865 -0.2361 -0.9679
vn 0.0236 -0.9610 0.2757
vn -0.2444 0.2444 0.9384
vn -0.0553 0.9718 -0.2291
vn -0.0236 -0.2517 -0.9675
vn -0.6222 -0.6301 0.4647
vn -0.0867 0.2602 0.9617
vn -0.3303 0.0079 -0.9438
vn -0.9490 0.0314 0.3137
vn 0.0235 0.2591 0.9656
vn -0.0236 0.0472 -0.9986
vn 0.9462 -0.0158 -0.3233
vn -0.0237 0.9713 -0.2369
vn 0.6845 0.6924 -0.2282
vn 0.3945 0.3235 0.8601
vn 0.3068 -0.0000 0.9518
vn -0.1255 0.1961 -0.9725
vn 0.7582 0.6239 -0.1895
vn 0.8491 0.5268 -0.0393
vn -0.3776 0.1573 0.9125
vn -0.2207 -0.3390 0.9145
vn 0.0470 0.6743 0.7370
vn 0.0157 0.4314 0.9020
vn 0.1424 0.5618 0.8150
vn 0.9915 0.0551 -0.1181
vn 0.9907 0.0235 -0.1337
vn -0.7400 0.6455 0.1889
vn 0.8101 0.5742 -0.1180
vn -0.9616 0.1734 0.2128
vn 0.0785 0.9966 0.0235
vn -0.6533 0.7556 0.0473
vn -0.6533 0.7556 -0.0472
vn -0.9955 0.0948 -0.0000
vn 0.0869 0.9957 0.0316
vn -0.7400 0.6455 -0.1889
vn 0.0470 0.6743 -0.7370
vn 0.0863 0.9963 0.0000
vn 0.1424 0.5618 -0.8150
vn 0.0157 0.4314 -0.9020
vn 0.9915 0.0551 0.1181
vn 0.9907 0.0236 0.1337
vn 0.8102 0.5742 0.1180
vn 0.0785 0.9966 -0.0235
vn 0.7608 0.6432 0.0863
vn 0.7608 0.6432 -0.0863
vn 0.9915 0.0551 -0.1180
vn 0.9947 0.1026 0.0000
vn 0.9915 0.0551 0.1180
vn -0.2282 -0.3384 -0.9129
vn -0.3848 0.1492 -0.9109
vn -0.9021 0.0000 -0.4315
vn -0.9022 0.0000 -0.4314
vn -0.4183 0.0000 -0.9083
vn -0.9954 0.0158 -0.0948
vn -0.4184 0.0000 -0.9083
vn 0.4185 0.0000 -0.9082
vn 0.4184 -0.0000 -0.9083
vn 0.9021 -0.0000 -0.4315
vn 0.9961 0.0157 -0.0863
vn -0.9961 -0.0157 -0.0863
vn -0.9021 0.0001 -0.4315
vn -0.4185 0.0000 -0.9082
vn 0.9954 -0.0158 -0.0948
vn 0.4183 -0.0000 -0.9083
vn 0.9052 0.0000 -0.4251
vn 0.9021 0.0000 0.4315
vn 0.9961 0.0157 0.0863
vn 0.4183 0.0000 0.9083
vn 0.4185 -0.0000 0.9082
vn -0.4185 0.0000 0.9082
vn -0.9021 -0.0000 0.4315
vn -0.9022 0.0000 0.4314
vn -0.9954 0.0158 0.0948
vn 0.9954 -0.0158 0.0948
vn 0.9052 0.0000 0.4250
vn 0.4184 0.0000 0.9083
vn -0.9961 -0.0157 0.0863
vn -0.4183 0.0000 0.9083
vn -0.9021 0.0001 0.4315
vn -0.5047 -0.8280 0.2445
vn -0.4650 -0.8275 -0.3146
vn -0.0397 -0.8276 0.5599
vn 0.0399 -0.8275 -0.5600
vn -0.0399 -0.8275 0.5600
vn 0.4649 -0.8274 0.3149
vn 0.5047 -0.8280 -0.2445
vn 0.4650 -0.8275 0.3146
vn 0.5046 -0.8280 -0.2444
vn -0.6924 -0.6373 -0.3383
vn -0.6374 -0.6375 0.4328
vn 0.0552 -0.6398 0.7665
vn -0.0552 -0.6399 -0.7665
vn 0.0553 -0.6399 0.7665
vn 0.6924 -0.6373 0.3383
vn 0.6374 -0.6375 -0.4328
vn -0.3315 -0.5288 0.7813
vn -0.3314 -0.5288 0.7814
vn -0.3315 -0.5288 0.7814
vn 0.7226 0.6912 -0.0000
vn 0.7225 0.6913 -0.0000
vn -0.7188 -0.0000 -0.6952
vn -0.5042 0.5042 -0.7011
vn -0.0000 0.7188 -0.6952
vn -0.5042 -0.5042 -0.7011
vn 0.5042 0.5042 -0.7011
vn -0.0000 -0.7188 -0.6952
vn 0.7188 -0.0000 -0.6952
vn 0.5042 -0.5042 -0.7011
vn -0.2200 0.0472 -0.9744
vn -0.1887 0.1257 -0.9740
vn -0.2200 -0.0471 -0.9744
vn -0.1256 0.1884 -0.9740
vn -0.1884 -0.1256 -0.9740
vn -0.0471 0.2200 -0.9744
vn -0.1257 -0.1885 -0.9740
vn -0.0471 -0.2200 -0.9744
vn 0.1256 0.1883 -0.9740
vn 0.0471 -0.2200 -0.9744
vn 0.1885 0.1257 -0.9740
vn 0.1256 -0.1884 -0.9740
vn 0.2200 0.0472 -0.9744
vn 0.1885 -0.1257 -0.9740
vn 0.2200 -0.0472 -0.9744
vn -0.6624 -0.0000 0.7491
vn -0.6225 0.2285 0.7485
vn -0.6225 -0.2285 0.7485
vn -0.5112 0.4247 0.7472
vn -0.2830 0.0000 0.9591
vn -0.3309 0.5750 0.7483
vn -0.2673 0.0943 0.9590
vn -0.2673 -0.0943 0.9590
vn -0.2200 0.1807 0.9586
vn -0.2200 -0.1807 0.9586
vn -0.5112 -0.4247 0.7472
vn -0.1416 -0.2439 0.9594
vn -0.3308 -0.5750 0.7483
vn -0.1416 0.2438 0.9594
vn -0.0472 -0.2827 0.9581
vn -0.1181 -0.6533 0.7478
vn -0.1181 0.6533 0.7478
vn -0.0472 0.2827 0.9581
vn 0.1181 0.6533 0.7478
vn 0.0471 -0.2827 0.9580
vn 0.0472 0.2827 0.9581
vn 0.3309 0.5750 0.7483
vn 0.1181 -0.6533 0.7478
vn 0.5112 0.4247 0.7472
vn 0.3309 -0.5750 0.7483
vn 0.1416 -0.2438 0.9594
vn 0.5112 -0.4247 0.7472
vn 0.2200 -0.1808 0.9586
vn 0.1416 0.2438 0.9594
vn 0.2200 0.1808 0.9586
vn 0.2673 -0.0943 0.9590
vn 0.6225 -0.2285 0.7485
vn 0.2673 0.0943 0.9590
vn 0.6624 0.0000 0.7492
vn 0.2830 0.0000 0.9591
vn 0.6225 0.2285 0.7485
usemtl MI_Forklift_Inst.001
s 1
f 1/1/1 2/2/1 3/3/1
f 4/4/2 5/5/2 6/6/2
f 7/7/3 8/8/3 9/9/3
f 9/9/4 10/10/4 7/7/4
f 11/11/3 12/12/3 13/13/3
f 13/13/5 14/14/5 11/11/5
f 15/15/6 16/16/6 17/17/6
f 17/17/7 18/18/8 15/15/9
f 19/19/10 20/20/10 21/21/10
f 21/21/7 22/22/11 19/19/12
f 23/23/13 24/24/14 25/25/13
f 26/26/15 27/27/16 28/28/17
f 29/29/18 28/28/17 27/27/16
f 30/30/19 31/31/20 32/32/21
f 33/33/22 32/34/21 31/35/20
f 34/36/23 35/37/24 36/38/23
f 36/38/25 37/39/25 34/36/25
f 38/40/26 39/41/26 40/42/26
f 40/42/27 41/43/27 38/40/27
f 39/41/28 34/36/28 37/39/28
f 37/39/29 40/42/29 39/41/29
f 42/44/30 43/45/30 44/46/30
f 45/47/31 46/48/31 47/49/31
f 48/50/32 49/51/32 50/52/32
f 50/52/33 51/53/33 48/50/33
f 52/54/34 53/55/35 54/56/36
f 54/56/36 55/57/37 52/54/34
f 56/58/38 57/59/39 58/60/40
f 58/60/40 59/61/41 56/58/38
f 60/62/42 61/63/43 62/64/44
f 62/64/45 63/65/45 60/62/45
f 61/63/43 59/61/41 58/60/40
f 58/60/40 62/64/44 61/63/43
f 64/66/46 65/67/47 66/68/46
f 66/68/46 67/69/46 64/66/46
f 68/70/48 69/71/49 70/72/48
f 70/72/48 71/73/48 68/70/48
f 69/71/13 72/74/13 70/72/13
f 73/75/50 74/76/50 75/77/50
f 75/77/51 76/78/51 73/75/51
f 54/56/52 53/55/53 77/79/54
f 77/79/55 78/80/55 54/56/55
f 79/81/56 80/82/57 81/83/58
f 81/83/58 82/84/59 79/81/56
f 79/81/60 83/85/61 84/86/62
f 84/86/62 80/82/63 79/81/60
f 83/85/64 85/87/65 86/88/66
f 86/88/66 84/86/67 83/85/64
f 85/87/65 87/89/52 88/90/52
f 88/90/52 86/88/66 85/87/65
f 87/89/52 89/91/52 90/92/52
f 90/92/52 88/90/52 87/89/52
f 89/91/52 91/93/52 92/94/52
f 92/94/52 90/92/52 89/91/52
f 93/95/68 94/96/68 95/97/69
f 95/97/69 96/98/70 93/95/68
f 94/96/68 97/99/68 98/100/68
f 98/100/68 95/97/69 94/96/68
f 97/99/68 99/101/71 100/102/72
f 100/102/72 98/100/68 97/99/68
f 99/101/71 101/103/73 102/104/73
f 102/104/73 100/102/72 99/101/71
f 101/103/74 103/105/75 104/106/76
f 104/106/76 102/104/74 101/103/74
f 103/105/68 105/107/77 106/108/78
f 106/108/78 104/106/68 103/105/68
f 107/109/79 108/110/80 109/111/81
f 109/111/2 110/112/2 107/109/2
f 111/113/82 112/114/82 113/115/82
f 113/115/83 114/116/83 111/113/83
f 115/117/84 116/118/85 117/119/85
f 117/119/86 118/120/86 115/117/86
f 107/109/87 119/121/87 120/122/87
f 120/122/87 108/110/87 107/109/87
f 121/123/88 73/124/88 76/125/88
f 122/126/89 53/127/89 123/128/90
f 123/128/90 124/129/90 122/126/89
f 125/130/91 126/131/92 127/132/93
f 127/132/93 128/133/94 125/130/91
f 129/134/95 130/135/95 105/136/95
f 129/134/95 131/137/95 126/138/95
f 129/134/95 126/138/95 130/135/95
f 132/139/95 127/140/95 133/141/95
f 132/139/95 82/142/95 134/143/95
f 132/139/95 134/143/95 127/140/95
f 135/144/96 136/145/96 125/146/96
f 125/147/97 128/148/97 135/149/97
f 52/54/34 69/150/98 123/151/98
f 123/151/98 53/55/35 52/54/34
f 137/152/99 138/153/99 139/154/99
f 140/155/100 141/156/101 142/157/102
f 142/157/102 143/158/102 140/155/100
f 50/159/14 49/160/103 144/161/104
f 144/161/104 145/162/13 50/159/14
f 49/163/103 146/164/105 147/165/105
f 147/165/105 144/166/104 49/163/103
f 146/164/106 148/167/106 149/168/107
f 149/168/107 147/165/106 146/164/106
f 148/167/108 150/169/108 151/170/108
f 151/170/108 149/168/108 148/167/108
f 152/171/109 153/172/110 154/173/109
f 154/173/109 155/174/111 152/171/109
f 153/175/112 156/176/112 157/177/112
f 157/177/113 154/173/113 153/175/113
f 145/162/114 144/161/114 158/178/114
f 158/178/115 159/179/115 145/162/115
f 144/166/116 147/165/117 160/180/118
f 160/180/118 158/181/119 144/166/116
f 147/165/120 149/168/120 161/182/120
f 161/182/120 160/180/120 147/165/120
f 149/168/121 151/170/121 162/183/121
f 162/183/121 161/182/121 149/168/121
f 151/170/122 155/174/123 163/184/122
f 163/184/122 162/183/122 151/170/122
f 155/174/124 154/173/124 164/185/125
f 164/185/125 163/184/125 155/174/124
f 154/173/1 157/177/1 165/186/1
f 165/186/126 164/185/126 154/173/126
f 116/118/127 110/187/127 109/188/127
f 109/188/128 117/119/128 116/118/128
f 166/189/129 167/190/130 109/191/130
f 109/191/130 168/192/129 166/189/129
f 169/193/131 170/194/131 171/195/131
f 171/195/131 172/196/131 169/193/131
f 173/197/132 174/198/132 170/199/132
f 170/199/133 169/200/133 173/197/133
f 174/201/134 175/202/134 171/195/134
f 171/195/134 170/194/134 174/201/134
f 176/203/135 118/204/136 117/205/137
f 117/205/137 177/206/138 176/203/135
f 178/207/139 179/208/139 180/209/139
f 180/209/140 181/210/140 178/207/140
f 179/208/141 182/211/142 183/212/142
f 183/212/142 180/209/143 179/208/141
f 182/213/144 184/214/144 185/215/144
f 185/215/144 183/216/145 182/213/144
f 186/217/146 187/218/147 188/219/147
f 188/219/147 189/220/146 186/217/146
f 189/221/148 190/222/149 191/223/150
f 191/223/150 186/224/151 189/221/148
f 190/222/152 176/203/152 192/225/152
f 192/225/153 191/223/153 190/222/153
f 176/203/154 177/206/155 193/226/156
f 193/226/156 192/225/157 176/203/154
f 194/227/158 178/207/158 181/210/158
f 181/210/158 195/228/158 194/227/158
f 109/191/159 193/229/159 177/230/159
f 177/230/160 117/231/160 109/191/160
f 196/232/161 197/233/161 195/234/161
f 109/191/162 196/232/162 195/234/162
f 195/234/163 193/229/163 109/191/163
f 198/235/164 199/236/164 200/237/164
f 200/237/164 201/238/164 198/235/164
f 202/239/165 203/240/165 199/236/165
f 199/236/166 198/241/166 202/239/166
f 204/242/1 203/240/1 202/243/1
f 165/244/167 205/245/168 206/246/167
f 206/246/169 207/247/169 165/244/169
f 208/248/170 209/249/170 200/237/170
f 200/237/170 199/236/171 208/248/170
f 199/236/172 203/240/173 210/250/173
f 210/250/173 211/251/173 199/236/172
f 160/180/174 204/242/174 202/243/174
f 202/243/175 158/181/175 160/180/175
f 207/252/176 212/253/176 164/185/176
f 164/185/177 165/186/177 207/252/177
f 212/253/178 213/254/178 163/184/178
f 163/184/178 164/185/178 212/253/178
f 161/182/179 214/255/179 204/242/180
f 204/242/180 160/180/179 161/182/179
f 215/256/181 64/257/182 205/245/168
f 205/245/168 165/244/167 215/256/181
f 159/258/183 198/235/183 201/238/183
f 201/238/183 216/259/183 159/258/183
f 158/178/184 202/239/184 198/241/184
f 198/241/183 159/179/183 158/178/183
f 217/260/185 218/261/186 219/262/187
f 220/263/188 221/264/188 222/265/188
f 222/265/189 223/266/189 220/263/189
f 224/267/190 65/67/191 64/268/191
f 64/268/1 215/269/1 224/267/1
f 223/270/13 225/271/13 66/68/192
f 66/68/192 65/67/192 223/270/13
f 226/272/193 227/273/193 228/274/193
f 142/275/194 141/276/194 229/277/194
f 229/277/195 230/278/195 142/275/195
f 231/279/196 232/280/196 233/281/196
f 142/282/197 234/283/198 235/284/199
f 235/284/199 236/285/197 142/282/197
f 234/283/200 237/286/200 238/287/200
f 238/287/200 235/284/200 234/283/200
f 239/288/201 233/289/202 236/290/203
f 236/290/203 240/291/204 239/288/201
f 241/292/205 242/293/205 243/294/205
f 243/294/206 244/295/206 241/292/206
f 211/251/207 64/66/208 245/296/209
f 245/296/209 208/248/14 211/251/207
f 67/69/210 246/297/209 245/296/209
f 245/296/209 64/66/208 67/69/210
f 247/298/211 248/299/211 249/300/211
f 250/301/13 251/302/13 252/303/13
f 252/303/13 253/304/13 250/301/13
f 248/299/212 247/298/212 254/305/212
f 255/306/213 250/301/13 253/304/13
f 253/304/13 256/307/214 255/306/213
f 251/308/13 257/309/215 258/310/13
f 258/310/13 252/303/13 251/308/13
f 259/311/216 260/312/217 261/313/216
f 261/313/216 247/314/217 259/311/216
f 259/315/218 262/316/218 263/317/218
f 263/317/219 260/312/219 259/315/219
f 264/318/220 265/319/220 263/317/220
f 263/317/221 262/320/221 264/318/221
f 247/321/222 261/313/222 265/319/223
f 265/319/223 264/322/222 247/321/222
f 71/323/224 70/72/225 72/74/226
f 72/74/226 266/324/227 71/323/224
f 267/325/228 268/326/228 269/327/228
f 269/327/228 270/328/228 267/325/228
f 271/329/229 272/330/229 273/331/229
f 273/331/229 274/332/230 271/329/229
f 273/333/231 270/334/232 72/335/233
f 72/335/233 275/336/234 273/333/231
f 270/337/235 269/338/235 266/339/235
f 266/339/236 72/340/236 270/337/236
f 269/338/237 274/341/238 276/342/239
f 276/342/239 266/339/240 269/338/237
f 274/341/2 273/333/2 275/336/2
f 275/336/2 276/342/2 274/341/2
f 277/343/241 278/344/241 279/345/241
f 279/345/241 280/346/241 277/343/241
f 278/344/241 140/155/242 281/347/243
f 281/347/243 279/345/241 278/344/241
f 140/155/242 138/153/241 282/348/241
f 282/348/241 281/347/243 140/155/242
f 138/153/241 277/343/241 280/346/241
f 280/346/241 282/348/241 138/153/241
f 283/349/64 284/350/64 281/351/64
f 281/351/64 282/352/64 283/349/64
f 285/353/244 283/349/244 282/354/244
f 282/354/245 280/355/245 285/353/245
f 286/356/246 285/353/246 280/357/246
f 280/357/246 279/358/246 286/356/246
f 284/350/247 286/356/247 279/359/247
f 279/359/248 281/360/248 284/350/248
f 287/361/45 288/362/45 228/363/45
f 140/155/100 278/344/249 289/364/250
f 289/364/250 141/156/101 140/155/100
f 123/365/251 68/366/100 141/156/101
f 141/156/101 289/364/250 123/365/251
f 128/148/97 290/367/97 135/149/97
f 291/368/252 292/369/252 125/146/252
f 125/146/253 136/145/253 291/368/253
f 293/370/45 294/371/45 295/372/45
f 295/372/45 296/373/45 293/370/45
f 297/374/97 135/149/97 290/367/97
f 290/367/97 298/375/97 297/374/97
f 299/376/254 300/377/255 301/378/256
f 302/379/257 303/380/257 304/381/258
f 303/380/257 305/382/259 304/381/258
f 305/382/259 306/383/258 304/381/258
f 306/383/258 307/384/258 304/381/258
f 307/384/258 308/385/235 304/381/258
f 308/385/235 309/386/260 304/381/258
f 309/386/260 299/387/260 304/381/258
f 299/387/261 301/388/261 304/381/261
f 310/389/262 311/390/263 312/391/262
f 311/390/263 310/389/262 156/392/264
f 313/393/1 156/392/264 153/394/1
f 204/242/1 214/255/1 203/240/1
f 214/255/1 314/395/1 203/240/1
f 314/395/1 213/254/1 203/240/1
f 213/254/1 212/253/1 203/240/1
f 212/253/1 207/252/1 203/240/1
f 114/396/265 93/95/68 96/98/70
f 96/98/70 120/397/266 114/396/265
f 232/280/267 315/398/268 236/285/269
f 236/285/270 233/281/270 232/280/270
f 315/398/268 142/282/271 236/285/269
f 244/295/272 316/399/272 317/400/272
f 317/400/273 241/292/273 244/295/273
f 316/399/274 239/401/274 240/402/275
f 240/402/275 317/400/274 316/399/274
f 108/403/80 168/404/276 109/405/81
f 92/94/52 91/93/52 168/404/52
f 168/404/277 108/403/277 92/94/277
f 318/406/278 194/407/279 195/234/280
f 195/234/280 197/233/281 318/406/278
f 69/150/98 68/408/98 123/151/98
f 199/236/282 211/251/282 208/248/282
f 299/376/254 319/409/255 320/410/283
f 320/410/283 300/377/255 299/376/254
f 217/260/284 321/411/284 218/261/284
f 218/261/285 322/412/285 323/413/285
f 323/413/286 219/262/187 218/261/186
f 165/244/167 324/414/167 215/256/181
f 220/415/287 223/270/287 65/67/287
f 65/67/288 224/267/288 220/415/288
f 325/416/289 326/417/289 327/418/289
f 327/418/290 328/419/290 325/416/290
f 329/420/291 330/421/37 331/422/36
f 331/422/36 332/423/292 329/420/291
f 56/58/38 333/424/39 334/425/293
f 334/425/293 57/59/39 56/58/38
f 335/426/45 336/427/45 337/428/45
f 337/428/294 338/429/294 335/426/294
f 338/429/295 337/428/296 334/425/293
f 334/425/293 333/424/39 338/429/295
f 339/430/297 340/431/297 341/432/297
f 341/432/297 342/433/298 339/430/297
f 343/434/299 344/435/299 345/436/299
f 345/436/300 346/437/300 343/434/300
f 331/422/301 347/438/301 348/439/301
f 348/439/302 332/423/303 331/422/262
f 349/440/304 350/441/305 351/442/306
f 351/442/306 352/443/307 349/440/304
f 349/440/308 352/443/309 353/444/310
f 353/444/310 354/445/309 349/440/308
f 354/445/311 353/444/311 355/446/312
f 355/446/312 356/447/313 354/445/311
f 356/447/313 355/446/312 357/448/262
f 357/448/262 358/449/262 356/447/313
f 358/449/262 357/448/262 359/450/262
f 359/450/262 360/451/262 358/449/262
f 360/451/262 359/450/262 361/452/262
f 361/452/262 362/453/262 360/451/262
f 363/454/314 364/455/315 365/456/316
f 365/456/316 366/457/316 363/454/314
f 366/457/316 365/456/316 367/458/316
f 367/458/316 368/459/316 366/457/316
f 368/459/316 367/458/316 369/460/317
f 369/460/317 370/461/318 368/459/316
f 370/461/318 369/460/317 371/462/319
f 371/462/319 372/463/319 370/461/318
f 372/463/320 371/462/321 373/464/321
f 373/464/321 374/465/321 372/463/320
f 374/465/316 373/464/316 375/466/322
f 375/466/322 376/467/323 374/465/316
f 377/468/1 378/469/1 167/470/1
f 167/470/324 379/471/325 377/468/326
f 380/472/2 381/473/327 382/474/328
f 382/474/2 383/475/2 380/472/2
f 383/475/329 382/474/329 384/476/329
f 384/476/82 385/477/82 383/475/82
f 386/478/330 387/479/330 388/480/330
f 388/480/331 389/481/331 386/478/331
f 377/468/87 379/471/87 381/473/87
f 381/473/87 380/472/87 377/468/87
f 344/482/332 343/483/332 390/484/332
f 391/485/89 392/486/90 393/487/89
f 393/487/89 332/488/89 391/485/89
f 394/489/333 395/490/334 396/491/335
f 396/491/335 397/492/92 394/489/333
f 398/493/336 376/494/95 399/495/337
f 398/493/336 397/496/95 400/497/95
f 398/493/336 399/495/337 397/496/95
f 401/498/95 402/499/95 350/500/95
f 403/501/338 394/502/338 404/503/338
f 394/504/97 403/505/97 395/506/97
f 329/420/291 332/423/292 393/507/98
f 393/507/98 342/508/98 329/420/291
f 405/509/339 406/510/339 407/511/339
f 408/512/102 409/513/100 410/514/100
f 410/514/100 411/515/340 408/512/102
f 327/516/341 412/517/13 413/518/342
f 413/518/342 328/519/343 327/516/341
f 328/520/343 413/521/342 414/522/105
f 414/522/105 415/523/105 328/520/343
f 415/523/106 414/522/106 416/524/107
f 416/524/107 417/525/107 415/523/106
f 417/525/108 416/524/344 418/526/108
f 418/526/108 419/527/345 417/525/108
f 420/528/346 421/529/111 422/530/346
f 422/530/346 423/531/347 420/528/346
f 423/532/348 422/530/348 424/533/348
f 424/533/349 425/534/349 423/532/349
f 412/517/350 216/535/350 426/536/350
f 426/536/351 413/518/351 412/517/351
f 413/521/352 426/537/353 427/538/354
f 427/538/354 414/522/355 413/521/352
f 414/522/356 427/538/356 428/539/356
f 428/539/356 416/524/356 414/522/356
f 416/524/357 428/539/358 429/540/357
f 429/540/357 418/526/357 416/524/357
f 418/526/359 429/540/359 430/541/359
f 430/541/359 421/529/359 418/526/359
f 421/529/360 430/541/360 431/542/360
f 431/542/360 422/530/361 421/529/360
f 422/530/362 431/542/362 432/543/362
f 432/543/2 424/533/2 422/530/2
f 389/481/363 388/480/363 167/544/363
f 167/544/364 378/545/364 389/481/364
f 433/546/365 172/547/365 171/548/365
f 171/548/366 175/549/366 433/546/366
f 434/550/367 435/551/200 388/552/368
f 388/552/368 387/553/369 434/550/367
f 436/554/370 437/555/370 438/556/370
f 438/556/371 439/557/371 436/554/371
f 439/557/372 438/556/372 185/558/373
f 185/558/373 184/559/373 439/557/372
f 188/560/374 187/561/375 440/562/376
f 440/562/376 441/563/377 188/560/374
f 441/563/378 440/562/378 442/564/378
f 442/564/379 434/550/379 441/563/379
f 434/550/380 442/564/381 443/565/382
f 443/565/382 435/551/383 434/550/380
f 444/566/384 445/567/384 437/555/384
f 437/555/384 436/554/385 444/566/384
f 167/190/386 388/568/386 435/569/386
f 435/569/387 443/570/387 167/190/387
f 446/571/388 445/572/388 447/573/388
f 167/190/389 443/570/389 445/572/389
f 445/572/390 446/571/390 167/190/390
f 448/574/391 201/575/391 200/237/391
f 200/237/392 449/576/392 448/574/392
f 450/577/2 448/578/2 449/576/2
f 432/579/393 451/580/393 452/581/393
f 452/581/167 453/582/394 432/579/167
f 200/237/395 454/583/395 455/584/395
f 455/584/395 449/576/395 200/237/395
f 449/576/396 455/584/397 452/585/396
f 452/585/396 451/586/397 449/576/396
f 427/538/398 426/537/398 448/578/398
f 448/578/174 450/577/174 427/538/174
f 451/586/399 432/543/399 431/542/399
f 431/542/176 456/587/176 451/586/176
f 456/587/178 431/542/178 430/541/178
f 430/541/178 457/588/178 456/587/178
f 457/588/400 430/541/400 429/540/400
f 429/540/400 458/589/400 457/588/400
f 458/589/401 429/540/402 428/539/402
f 428/539/402 459/590/401 458/589/401
f 428/539/180 427/538/179 450/577/180
f 450/577/180 459/590/179 428/539/180
f 460/591/403 432/579/167 453/582/394
f 453/582/394 67/592/404 460/591/403
f 426/536/405 216/535/183 201/575/183
f 201/575/406 448/574/406 426/536/406
f 461/593/407 462/594/408 463/595/409
f 464/596/410 225/597/410 465/598/410
f 465/598/411 466/599/411 464/596/411
f 467/600/2 460/601/2 67/602/2
f 67/602/412 66/68/412 467/600/412
f 410/603/413 468/604/413 469/605/413
f 469/605/414 411/606/414 410/603/414
f 470/607/415 471/608/415 472/609/415
f 410/610/197 473/611/197 474/612/197
f 474/612/197 475/613/197 410/610/197
f 475/613/138 474/612/138 476/614/138
f 476/614/138 477/615/138 475/613/138
f 473/616/416 478/617/204 474/618/204
f 479/619/417 478/617/204 473/616/416
f 473/616/416 480/620/418 479/619/417
f 481/621/419 482/622/419 483/623/419
f 483/623/420 484/624/420 481/621/420
f 454/583/421 209/249/422 246/297/209
f 246/297/209 67/69/210 454/583/421
f 485/625/423 486/626/423 487/627/423
f 488/628/424 489/629/13 490/630/13
f 490/630/13 491/631/13 488/628/424
f 487/627/425 492/632/425 485/625/425
f 493/633/426 494/634/13 489/629/13
f 489/629/13 488/628/424 493/633/426
f 491/635/13 490/630/13 495/636/13
f 495/636/13 496/637/427 491/635/13
f 497/638/428 485/639/429 498/640/428
f 498/640/428 499/641/429 497/638/428
f 497/642/430 499/641/430 500/643/430
f 500/643/431 501/644/431 497/642/431
f 502/645/432 501/646/432 500/643/432
f 500/643/433 503/647/433 502/645/433
f 485/648/434 502/649/435 503/647/434
f 503/647/434 498/640/434 485/648/434
f 340/650/436 504/651/437 505/652/438
f 505/652/438 341/432/439 340/650/436
f 506/653/440 507/654/441 508/655/441
f 509/656/441 510/657/441 511/658/441
f 511/658/441 512/659/442 509/656/441
f 511/660/443 513/661/444 505/662/445
f 505/662/445 507/663/446 511/660/443
f 507/664/447 505/665/447 504/666/447
f 504/666/448 508/667/448 507/664/448
f 508/667/449 504/666/449 514/668/449
f 514/668/449 510/669/449 508/667/449
f 510/669/450 514/668/68 513/661/451
f 513/661/451 511/660/258 510/669/450
f 515/670/452 516/671/453 517/672/454
f 517/672/454 518/673/455 515/670/452
f 518/673/455 517/672/454 519/674/456
f 519/674/456 408/512/457 518/673/455
f 408/512/457 519/674/456 520/675/457
f 520/675/458 407/511/458 408/512/458
f 407/511/459 520/675/460 516/671/453
f 516/671/453 515/670/452 407/511/459
f 521/676/461 522/677/461 523/678/461
f 523/678/462 524/679/462 521/676/462
f 525/680/463 526/681/463 523/678/463
f 525/680/464 523/678/464 522/677/464
f 527/682/465 526/681/465 525/680/465
f 528/683/462 524/679/462 529/684/462
f 530/685/462 529/684/462 526/681/462
f 526/681/466 527/682/466 530/685/466
f 521/676/462 524/679/462 528/683/462
f 528/683/462 529/684/462 530/685/462
f 522/677/467 521/676/467 531/686/467
f 531/686/468 532/687/468 522/677/468
f 531/686/469 530/685/469 527/682/469
f 527/682/470 532/687/470 531/686/470
f 526/681/307 520/688/471 519/689/307
f 519/689/307 523/678/307 526/681/307
f 529/684/472 516/690/473 520/691/474
f 520/691/474 526/681/475 529/684/472
f 524/679/476 517/692/476 516/693/476
f 516/693/476 529/684/476 524/679/476
f 523/678/477 519/694/477 517/695/477
f 517/695/478 524/679/478 523/678/478
f 533/696/45 534/697/45 535/698/45
f 408/512/102 411/515/340 536/699/479
f 536/699/479 518/673/480 408/512/102
f 393/700/481 536/699/479 411/515/340
f 411/515/340 339/701/100 393/700/481
f 395/506/97 403/505/97 537/702/97
f 538/703/482 404/503/482 394/502/482
f 394/502/483 539/704/483 538/703/483
f 540/705/484 541/706/485 542/707/45
f 542/707/45 543/708/45 540/705/45
f 544/709/97 545/710/97 537/702/97
f 537/702/97 403/505/97 544/709/97
f 546/711/486 547/712/283 548/713/255
f 549/714/487 550/715/488 551/716/487
f 551/716/487 550/715/488 552/717/489
f 552/717/489 550/715/488 553/718/488
f 553/718/488 550/715/488 554/719/488
f 554/719/488 550/715/488 555/720/490
f 555/720/490 550/715/488 556/721/491
f 556/721/491 550/715/488 546/722/491
f 546/722/492 550/715/492 547/723/492
f 450/577/2 449/576/2 459/590/2
f 459/590/2 449/576/2 458/589/2
f 458/589/2 449/576/2 457/588/2
f 457/588/2 449/576/2 456/587/2
f 456/587/2 449/576/2 451/586/2
f 382/724/328 381/725/327 364/455/315
f 364/455/315 363/454/314 382/724/328
f 471/608/493 480/726/494 473/611/495
f 473/611/495 557/727/496 471/608/493
f 557/727/497 473/611/497 410/610/497
f 482/622/498 481/621/498 558/728/498
f 558/728/419 559/729/419 482/622/419
f 559/729/499 558/728/499 478/730/500
f 478/730/500 479/731/499 559/729/499
f 379/732/325 167/733/324 166/734/501
f 361/452/502 379/732/502 166/734/502
f 166/734/262 362/453/262 361/452/262
f 560/735/503 447/573/504 445/572/505
f 445/572/505 444/736/506 560/735/503
f 342/508/98 393/507/98 339/737/98
f 200/237/507 209/249/507 454/583/507
f 546/711/486 548/713/255 561/738/508
f 561/738/508 562/739/255 546/711/486
f 461/593/284 463/595/284 563/740/284
f 463/595/409 462/594/408 564/741/286
f 564/741/509 565/742/509 463/595/509
f 432/579/167 460/591/403 566/743/167
f 464/744/510 467/600/510 66/68/510
f 66/68/511 225/271/511 464/744/511
f 231/279/512 567/745/512 232/280/512
f 470/607/513 480/726/513 471/608/513
f 240/291/204 236/290/203 235/746/204
f 71/323/514 266/324/515 276/747/516
f 514/748/517 504/651/518 340/650/519
f 568/749/520 569/750/521 166/189/129
f 166/189/129 168/192/129 568/749/520
f 342/433/522 341/432/13 505/652/13
f 342/433/522 505/652/13 513/751/13
f 69/71/523 275/752/523 72/74/523
f 570/753/524 571/754/524 572/755/524
f 572/755/525 573/756/326 574/757/526
f 570/753/527 572/755/525 574/757/526
f 574/757/262 575/758/262 576/759/528
f 570/753/529 574/757/262 576/759/528
f 577/760/1 570/753/529 576/759/528
f 578/761/530 579/762/531 580/763/532
f 580/763/532 581/764/533 578/761/530
f 579/762/531 582/765/534 583/766/535
f 583/766/535 580/763/532 579/762/531
f 582/765/534 584/767/1 585/768/536
f 585/768/536 583/766/535 582/765/534
f 584/767/537 586/769/537 587/770/537
f 587/770/538 585/768/538 584/767/538
f 586/769/527 588/771/539 589/772/540
f 589/772/275 587/770/275 586/769/275
f 588/771/539 590/773/541 591/774/542
f 591/774/542 589/772/540 588/771/539
f 590/773/543 592/775/544 593/776/545
f 593/776/545 591/774/311 590/773/543
f 592/775/544 578/761/530 581/764/533
f 581/764/533 593/776/545 592/775/544
f 311/390/546 594/777/546 579/762/546
f 579/762/546 578/761/546 311/390/546
f 594/777/547 313/393/548 582/765/547
f 582/765/547 579/762/548 594/777/547
f 313/393/549 595/778/550 584/767/549
f 584/767/549 582/765/550 313/393/549
f 595/778/551 596/779/552 586/769/552
f 586/769/552 584/767/552 595/778/551
f 596/779/553 597/780/553 588/771/553
f 588/771/553 586/769/553 596/779/553
f 597/780/554 598/781/555 590/773/555
f 590/773/555 588/771/555 597/780/554
f 598/781/556 312/391/557 592/775/557
f 592/775/557 590/773/557 598/781/556
f 312/391/558 311/390/558 578/761/559
f 578/761/559 592/775/558 312/391/558
f 577/760/560 576/759/560 581/764/561
f 581/764/561 580/763/561 577/760/560
f 576/759/562 575/758/562 593/776/562
f 593/776/562 581/764/562 576/759/562
f 575/758/563 574/757/563 591/774/563
f 591/774/563 593/776/563 575/758/563
f 574/757/564 573/756/565 589/772/564
f 589/772/564 591/774/566 574/757/564
f 573/756/567 572/755/567 587/770/567
f 587/770/567 589/772/567 573/756/567
f 572/755/568 571/754/568 585/768/568
f 585/768/568 587/770/568 572/755/568
f 571/754/569 570/753/570 583/766/569
f 583/766/569 585/768/570 571/754/569
f 570/753/571 577/760/571 580/763/572
f 580/763/572 583/766/573 570/753/571
f 300/377/574 320/410/574 599/782/575
f 599/782/575 600/783/574 300/377/574
f 55/784/1 51/785/576 50/786/1
f 50/786/1 52/787/1 55/784/1
f 116/118/68 115/117/68 113/115/68
f 113/115/68 112/114/68 116/118/68
f 127/140/95 126/138/95 131/137/95
f 131/137/95 133/141/95 127/140/95
f 150/169/577 152/171/577 155/174/577
f 155/174/577 151/170/577 150/169/577
f 157/788/578 156/789/578 224/790/578
f 224/790/579 601/791/579 157/788/579
f 186/217/13 183/216/522 185/215/522
f 185/215/522 187/218/13 186/217/13
f 109/191/45 167/190/45 446/571/45
f 446/571/45 196/232/45 109/191/45
f 222/792/2 221/793/2 217/260/2
f 217/260/2 219/262/2 222/792/2
f 602/794/405 603/795/405 604/796/580
f 604/796/580 605/797/581 602/794/405
f 606/798/582 607/799/582 257/309/582
f 257/309/583 251/308/583 606/798/583
f 263/317/1 265/319/1 261/313/1
f 261/313/1 260/312/1 263/317/1
f 156/392/264 594/777/1 311/390/263
f 313/393/1 594/777/1 156/392/264
f 153/394/1 595/778/1 313/393/1
f 153/394/1 152/800/1 595/778/1
f 595/778/1 152/800/1 150/801/1
f 150/801/584 596/779/584 595/778/584
f 608/802/541 598/781/541 597/780/541
f 312/391/585 598/781/585 608/802/585
f 608/802/586 310/389/586 312/391/586
f 609/803/1 610/804/1 48/805/1
f 48/805/1 611/806/1 609/803/1
f 611/806/1 612/807/1 609/803/1
f 611/806/1 613/808/1 612/807/1
f 611/806/1 291/368/1 613/808/1
f 291/368/1 614/809/1 613/808/1
f 291/368/1 615/810/1 614/809/1
f 291/368/1 319/811/1 615/810/1
f 291/368/1 320/812/1 319/811/1
f 599/813/1 320/812/1 291/368/1
f 291/368/1 136/145/1 599/813/1
f 548/713/575 616/814/575 617/815/575
f 617/815/575 561/738/575 548/713/575
f 330/816/2 329/817/2 327/818/2
f 327/818/2 326/819/587 330/816/2
f 389/481/316 385/477/316 384/476/316
f 384/476/316 386/478/316 389/481/316
f 396/820/95 618/821/95 400/497/95
f 400/497/95 397/496/95 396/820/95
f 401/498/95 618/821/95 396/820/95
f 401/498/95 396/820/95 402/499/95
f 419/527/588 418/526/577 421/529/577
f 421/529/577 420/528/577 419/527/588
f 424/822/589 619/823/589 467/824/589
f 467/824/590 425/825/590 424/822/590
f 465/826/1 462/594/1 461/593/1
f 461/593/1 466/827/1 465/826/1
f 620/828/591 491/635/591 496/637/591
f 496/637/592 621/829/592 620/828/592
f 508/655/441 622/830/593 506/653/440
f 460/831/2 467/832/2 619/833/2
f 619/833/2 566/834/2 460/831/2
f 623/835/594 624/836/594 625/837/594
f 625/837/595 626/838/595 623/835/595
f 626/838/596 625/837/596 627/839/596
f 627/839/262 628/840/262 626/838/262
f 628/840/597 627/839/598 310/389/599
f 310/389/599 608/802/600 628/840/597
f 76/125/601 77/841/601 629/842/601
f 629/842/602 630/843/602 76/125/602
f 630/843/603 629/842/603 631/844/603
f 631/844/604 632/845/604 630/843/604
f 193/226/605 195/228/605 181/210/605
f 181/210/605 192/225/605 193/226/605
f 192/225/606 181/210/606 180/209/606
f 180/209/607 191/223/607 192/225/607
f 186/224/608 191/223/609 180/209/610
f 180/209/610 183/212/611 186/224/608
f 322/846/612 218/847/612 633/848/612
f 633/848/613 634/849/613 322/846/613
f 634/849/614 633/848/614 60/850/614
f 60/850/615 635/851/615 634/849/615
f 635/851/616 60/850/616 63/852/616
f 63/852/617 636/853/617 635/851/617
f 636/853/618 63/852/618 62/854/618
f 62/854/619 637/855/619 636/853/619
f 637/855/620 62/854/620 58/856/620
f 58/856/620 638/857/621 637/855/620
f 638/857/622 58/856/622 57/858/622
f 57/858/623 639/859/623 638/857/623
f 640/860/624 639/859/624 57/858/624
f 57/858/625 334/861/625 640/860/625
f 641/862/626 640/860/626 334/861/627
f 334/861/627 337/863/626 641/862/626
f 642/864/628 641/862/628 337/863/628
f 337/863/629 336/865/629 642/864/629
f 643/866/630 642/864/630 336/865/630
f 336/865/631 335/867/631 643/866/631
f 644/868/632 643/866/632 335/867/632
f 335/867/633 645/869/633 644/868/633
f 565/870/634 644/868/634 645/869/634
f 645/869/635 463/871/635 565/870/635
f 567/745/636 231/279/637 646/872/638
f 646/872/638 647/873/639 567/745/636
f 647/873/1 646/872/1 648/874/1
f 648/874/1 649/875/1 647/873/1
f 650/876/2 651/877/2 652/878/2
f 652/878/2 653/879/2 650/876/2
f 472/609/640 650/876/641 653/879/638
f 653/879/638 470/607/641 472/609/640
f 654/880/642 655/881/642 648/882/642
f 648/882/643 646/883/643 654/880/643
f 652/884/644 656/885/644 657/886/644
f 657/886/645 653/887/645 652/884/645
f 654/880/646 646/888/646 231/889/646
f 657/886/646 470/890/647 653/891/646
f 649/892/648 137/893/649 139/894/650
f 139/894/650 647/895/651 649/892/648
f 139/894/652 658/896/653 647/895/654
f 567/897/655 647/895/654 658/896/653
f 658/896/653 232/898/656 567/897/655
f 232/898/657 658/896/658 659/899/659
f 659/899/659 315/900/660 232/898/657
f 142/901/661 315/900/662 659/899/663
f 659/899/663 143/902/664 142/901/661
f 660/903/665 661/904/665 662/905/665
f 663/906/666 660/903/666 662/905/666
f 662/905/667 664/907/667 663/906/667
f 665/908/668 663/906/669 664/907/670
f 664/907/670 666/909/671 665/908/668
f 667/910/672 665/908/672 666/909/672
f 666/909/673 668/911/673 667/910/673
f 669/912/674 667/910/674 668/911/674
f 668/911/675 670/913/675 669/912/675
f 669/912/676 670/913/676 671/914/676
f 671/914/677 672/915/677 669/912/677
f 673/916/678 672/915/679 671/914/680
f 671/914/680 674/917/681 673/916/678
f 675/918/682 673/916/678 674/917/681
f 674/917/681 676/919/683 675/918/682
f 675/918/682 676/919/683 677/920/681
f 677/920/681 678/921/684 675/918/682
f 678/921/684 677/920/681 679/922/685
f 679/922/685 680/923/686 678/921/684
f 681/924/687 680/923/687 679/922/687
f 679/922/688 682/925/688 681/924/688
f 681/924/689 682/925/689 683/926/689
f 683/926/690 684/927/690 681/924/690
f 684/927/691 683/926/691 685/928/691
f 685/928/692 686/929/692 684/927/692
f 686/929/693 685/928/694 687/930/695
f 687/930/695 688/931/696 686/929/693
f 688/931/697 687/930/697 689/932/697
f 689/932/698 690/933/698 688/931/698
f 690/933/699 689/932/699 691/934/699
f 602/935/405 605/936/581 692/937/45
f 693/938/45 602/935/405 692/937/45
f 692/937/45 694/939/45 693/938/45
f 693/938/45 694/939/45 695/940/45
f 626/941/45 696/942/45 623/943/45
f 628/944/45 696/942/45 626/941/45
f 277/343/649 138/153/649 137/152/649
f 137/152/649 697/945/700 277/343/649
f 697/945/700 137/152/649 649/946/648
f 698/947/701 651/948/702 405/509/703
f 405/509/703 407/511/704 515/670/705
f 515/670/705 698/947/701 405/509/703
f 545/949/706 698/947/707 537/950/708
f 298/951/709 290/952/710 697/945/711
f 537/950/712 698/947/712 699/953/712
f 699/953/713 395/954/713 537/950/713
f 393/955/714 395/954/714 699/953/714
f 700/956/715 699/953/716 698/947/717
f 699/953/718 700/956/719 393/955/720
f 698/947/717 515/957/721 700/956/715
f 393/955/720 700/956/719 536/958/722
f 536/958/723 700/956/723 515/957/723
f 515/957/724 518/959/724 536/958/724
f 701/960/725 697/945/725 290/952/725
f 290/952/726 128/961/726 701/960/726
f 701/960/727 128/961/728 123/962/729
f 697/945/730 701/960/731 702/963/732
f 123/962/729 702/963/733 701/960/727
f 702/963/732 277/964/734 697/945/730
f 123/962/735 289/965/735 702/963/735
f 277/964/736 702/963/736 289/965/736
f 289/965/737 278/966/737 277/964/737
f 287/967/311 228/968/311 227/969/738
f 623/835/311 287/967/311 227/969/738
f 227/969/246 624/836/246 623/835/246
f 599/970/739 136/971/740 135/149/741
f 135/149/741 600/972/742 599/970/739
f 600/972/742 135/149/741 297/374/743
f 73/75/744 292/973/745 291/974/745
f 74/76/746 73/75/747 291/974/748
f 291/974/748 611/975/749 74/76/746
f 703/976/750 704/977/750 705/978/750
f 705/978/64 533/979/64 703/976/64
f 533/979/64 705/978/64 534/980/64
f 565/870/751 564/981/751 706/982/751
f 706/982/752 644/868/752 565/870/752
f 644/868/753 706/982/753 707/983/753
f 322/846/754 634/849/754 708/984/754
f 708/984/755 323/985/755 322/846/755
f 346/437/756 709/986/749 538/987/757
f 538/987/757 343/434/758 346/437/756
f 343/434/759 538/987/745 539/988/745
f 709/986/13 346/437/13 345/989/13
f 345/989/13 325/416/13 709/986/13
f 325/416/13 345/989/13 347/990/13
f 347/990/13 326/417/13 325/416/13
f 330/421/523 326/417/523 347/990/523
f 347/990/760 331/422/760 330/421/760
f 351/442/178 375/991/761 373/992/178
f 373/992/178 352/443/178 351/442/178
f 361/452/762 364/993/762 381/994/762
f 381/994/763 379/732/763 361/452/763
f 343/483/759 539/995/745 710/996/764
f 710/996/764 390/484/765 343/483/759
f 332/488/303 348/997/302 711/998/1
f 376/999/323 375/1000/322 712/1001/2
f 446/1002/766 447/1003/766 713/1004/766
f 713/1004/767 175/549/767 446/1002/767
f 175/549/768 713/1004/768 714/1005/768
f 714/1005/769 433/546/769 175/549/769
f 714/1005/770 715/1006/770 433/546/770
f 716/1007/771 717/1008/771 718/1009/771
f 718/1009/771 719/1010/771 716/1007/771
f 720/1011/772 719/1010/772 718/1009/772
f 718/1009/772 721/1012/772 720/1011/772
f 535/1013/45 534/1014/45 722/1015/45
f 722/1015/45 723/1016/45 535/1013/45
f 723/1016/45 722/1015/45 724/1017/45
f 723/1016/45 724/1017/45 725/1018/45
f 726/1019/45 727/1020/45 728/1021/45
f 717/1022/45 729/1023/45 730/1024/45
f 730/1024/45 731/1025/45 721/1026/45
f 732/1027/45 733/1028/45 734/1029/45
f 735/1030/45 734/1029/45 733/1028/45
f 733/1028/45 736/1031/45 735/1030/45
f 735/1030/45 736/1031/45 737/1032/45
f 735/1030/45 737/1032/45 738/1033/45
f 288/1034/45 735/1030/45 738/1033/45
f 738/1033/45 228/274/45 288/1034/45
f 543/708/773 542/1035/773 739/1036/773
f 739/1036/773 740/1037/773 543/708/773
f 740/1037/774 739/1036/774 741/1038/774
f 741/1038/774 742/1039/774 740/1037/774
f 742/1039/775 741/1038/775 743/1040/775
f 743/1040/776 744/1041/776 742/1039/776
f 744/1041/777 743/1040/777 745/1042/777
f 745/1042/778 746/1043/778 744/1041/778
f 746/1043/779 745/1042/779 747/1044/779
f 747/1044/780 748/1045/780 746/1043/780
f 749/1046/781 748/1045/781 747/1044/781
f 747/1044/782 750/1047/782 749/1046/782
f 748/1045/783 749/1046/783 751/1048/783
f 749/1046/784 750/1047/785 752/1049/785
f 751/1048/786 749/1046/13 753/1050/787
f 752/1049/785 754/1051/785 749/1046/785
f 753/1050/787 755/1052/788 751/1048/786
f 754/1051/789 752/1049/789 756/1053/789
f 755/1052/788 753/1050/787 757/1054/421
f 756/1053/790 758/1055/790 754/1051/790
f 757/1054/421 759/1056/13 755/1052/788
f 758/1055/791 756/1053/791 533/696/791
f 533/696/792 535/698/792 758/1055/792
f 760/1057/793 716/1007/794 719/1010/795
f 719/1010/795 761/1058/796 760/1057/793
f 762/1059/797 761/1058/798 719/1010/799
f 719/1010/799 720/1011/800 762/1059/797
f 763/1060/801 764/1061/13 765/1062/13
f 765/1062/13 766/1063/802 763/1060/801
f 767/1064/803 763/1060/801 766/1063/802
f 766/1063/802 768/1065/13 767/1064/803
f 769/1066/804 767/1064/804 768/1065/804
f 770/1067/805 769/1066/805 768/1065/805
f 771/1068/806 769/1066/806 770/1067/807
f 768/1065/808 772/1069/808 770/1067/808
f 770/1067/809 773/1070/809 771/1068/809
f 774/1071/810 772/1069/810 768/1065/810
f 775/1072/811 771/1068/812 773/1070/811
f 768/1065/810 776/1073/813 774/1071/810
f 773/1070/814 777/1074/814 775/1072/814
f 778/1075/815 774/1071/815 776/1073/815
f 779/1076/816 775/1072/816 777/1074/816
f 776/1073/817 780/1077/817 778/1075/817
f 777/1074/818 781/1078/818 779/1076/818
f 287/361/819 778/1075/819 780/1077/819
f 780/1077/820 288/362/820 287/361/820
f 782/1079/821 779/1076/821 781/1078/821
f 781/1078/821 783/1080/821 782/1079/821
f 294/371/822 782/1079/823 783/1080/822
f 783/1080/822 295/1081/822 294/371/822
f 491/631/824 620/1082/2 492/1083/825
f 492/1083/825 488/628/316 491/631/824
f 488/628/826 492/1083/826 487/1084/826
f 487/1084/827 493/633/827 488/628/827
f 494/634/828 604/1085/829 784/1086/828
f 784/1086/828 489/629/828 494/634/828
f 489/629/2 784/1086/2 785/1087/2
f 785/1087/2 490/630/2 489/629/2
f 490/630/830 785/1087/831 786/1088/830
f 786/1088/830 495/636/830 490/630/830
f 787/1089/45 788/1090/45 789/1091/45
f 788/1090/45 703/1092/45 789/1091/45
f 616/1093/743 544/709/743 403/505/832
f 617/1094/833 616/1093/743 403/505/832
f 403/505/832 404/1095/834 617/1094/833
f 556/1096/835 790/1097/836 791/1098/837
f 791/1098/837 555/1099/838 556/1096/835
f 555/1099/839 791/1098/839 792/1100/839
f 792/1100/840 554/1101/840 555/1099/840
f 173/197/841 793/1102/841 794/1103/841
f 174/198/842 173/197/842 794/1103/842
f 794/1103/843 795/1104/843 174/198/843
f 196/1105/844 174/198/844 795/1104/844
f 795/1104/845 197/1106/845 196/1105/845
f 75/1107/13 74/76/13 611/975/13
f 611/975/13 48/50/13 75/1107/13
f 78/1108/13 75/1107/13 48/50/13
f 48/50/13 51/53/13 78/1108/13
f 78/1108/846 51/53/846 55/57/846
f 55/57/847 54/56/847 78/1108/847
f 104/1109/761 106/1110/178 81/83/178
f 81/83/178 80/82/761 104/1109/761
f 120/1111/762 96/1112/762 92/94/762
f 92/94/848 108/403/848 120/1111/848
f 796/1113/849 292/1114/745 73/124/744
f 73/124/744 121/123/850 796/1113/849
f 797/1115/1 106/1116/78 105/1117/77
f 798/1118/851 184/214/851 182/213/851
f 182/213/851 799/1119/851 798/1118/851
f 715/1120/852 798/1118/853 799/1119/854
f 799/1119/854 793/1121/854 715/1120/852
f 433/1122/855 715/1120/855 793/1121/856
f 793/1121/856 173/1123/856 433/1122/855
f 433/1122/45 173/1123/45 169/193/183
f 169/193/183 172/196/45 433/1122/45
f 254/1124/857 606/1125/1 251/302/858
f 251/302/858 250/301/68 254/1124/857
f 248/1126/859 254/1124/859 250/301/859
f 250/301/860 255/306/860 248/1126/860
f 692/937/861 605/936/861 256/307/861
f 256/307/861 253/304/861 692/937/861
f 694/939/1 692/937/1 253/304/1
f 253/304/1 252/303/1 694/939/1
f 695/940/862 694/939/863 252/303/864
f 252/303/864 258/310/864 695/940/862
f 614/1127/865 615/1128/866 309/1129/867
f 309/1129/867 308/1130/868 614/1127/865
f 613/1131/869 614/1127/869 308/1130/869
f 308/1130/840 307/1132/840 613/1131/840
f 800/1133/1 130/1134/1 126/131/1
f 125/130/870 800/1133/1 126/131/1
f 125/130/870 801/1135/1 800/1133/1
f 125/130/870 802/1136/1 801/1135/1
f 125/130/870 803/1137/1 802/1136/1
f 796/1138/871 803/1137/1 125/130/870
f 125/130/870 292/1139/262 796/1138/871
f 706/1140/13 564/1141/13 462/1142/13
f 462/1142/872 465/598/872 706/1140/872
f 708/1143/873 222/265/873 219/1144/873
f 219/1144/13 323/1145/13 708/1143/13
f 804/1146/874 704/977/874 703/976/874
f 703/976/875 788/1147/875 804/1146/875
f 805/1148/876 804/1146/876 788/1147/876
f 788/1147/52 787/1149/52 805/1148/52
f 806/1150/877 805/1148/878 787/1149/879
f 787/1149/879 807/1151/880 806/1150/877
f 711/998/601 348/997/601 344/482/601
f 344/482/881 808/1152/881 711/998/881
f 809/1153/882 711/998/882 808/1152/882
f 808/1152/883 810/1154/883 809/1153/883
f 437/555/884 445/567/884 443/565/884
f 443/565/884 442/564/884 437/555/884
f 438/556/885 437/555/885 442/564/885
f 442/564/886 440/562/886 438/556/886
f 438/556/887 440/562/888 187/561/889
f 187/561/889 185/558/890 438/556/887
f 406/1155/891 405/1156/703 651/1157/702
f 651/1157/702 650/1158/892 406/1155/891
f 406/1155/893 650/1158/894 811/1159/895
f 811/1159/895 650/1158/894 472/1160/896
f 472/1160/896 471/1161/897 811/1159/895
f 812/1162/898 811/1159/658 471/1161/899
f 471/1161/899 557/1163/660 812/1162/898
f 812/1162/900 557/1163/662 410/1164/901
f 410/1164/901 409/1165/664 812/1162/900
f 813/1166/45 786/1088/405 785/1087/183
f 813/1166/45 785/1087/183 784/1086/45
f 784/1086/45 603/1167/405 813/1166/45
f 603/1167/405 784/1086/45 604/1085/580
f 814/1168/49 397/492/2 399/1169/2
f 394/489/902 397/492/2 814/1168/49
f 394/489/902 814/1168/49 815/1170/2
f 394/489/902 815/1170/2 816/1171/2
f 394/489/902 816/1171/2 817/1172/2
f 394/489/902 817/1172/2 710/1173/903
f 710/1173/903 539/1174/52 394/489/902
f 423/1175/2 425/1176/2 806/1150/2
f 325/1177/2 818/1178/2 819/1179/2
f 819/1179/2 709/1180/2 325/1177/2
f 709/1180/2 819/1179/2 820/1181/2
f 709/1180/2 820/1181/2 792/1182/2
f 709/1180/2 792/1182/2 538/703/2
f 538/703/2 792/1182/2 791/1183/2
f 538/703/2 791/1183/2 790/1184/2
f 538/703/2 790/1184/2 562/1185/2
f 538/703/2 562/1185/2 561/1186/2
f 538/703/2 561/1186/2 617/1187/2
f 617/1187/2 404/503/2 538/703/2
f 118/204/904 176/203/904 190/222/904
f 190/222/905 115/1188/905 118/204/905
f 821/1189/906 115/1188/907 190/222/908
f 190/222/908 189/221/611 821/1189/906
f 138/1190/1 140/1191/1 143/1192/1
f 143/1192/69 659/899/288 138/1190/909
f 138/1190/909 659/899/288 658/896/910
f 658/896/910 139/1193/911 138/1190/909
f 822/1194/912 823/1195/913 174/1196/246
f 174/1196/246 196/1197/912 822/1194/912
f 175/1198/476 824/1199/914 825/1200/476
f 825/1200/476 446/1201/476 175/1198/476
f 768/1065/915 766/1063/915 735/1202/915
f 735/1202/916 776/1073/916 768/1065/916
f 735/1202/917 780/1077/917 776/1073/917
f 735/1202/918 288/362/918 780/1077/918
f 661/1203/919 226/272/919 826/1204/919
f 826/1204/920 662/1205/920 661/1203/920
f 664/1206/921 662/1205/921 826/1204/921
f 826/1204/922 827/1207/922 664/1206/922
f 666/1208/923 664/1206/923 827/1207/923
f 827/1207/924 828/1209/924 666/1208/924
f 668/1210/925 666/1208/925 828/1209/925
f 828/1209/925 829/1211/926 668/1210/925
f 670/1212/927 668/1210/927 829/1211/927
f 829/1211/928 830/1213/928 670/1212/928
f 670/1212/929 830/1213/929 831/1214/929
f 682/1215/930 832/1216/930 833/1217/930
f 833/1217/931 683/1218/931 682/1215/931
f 683/1218/932 833/1217/933 834/1219/932
f 834/1219/932 685/1220/932 683/1218/932
f 685/1220/934 834/1219/934 835/1221/934
f 835/1221/935 687/1222/935 685/1220/935
f 687/1222/936 835/1221/936 836/1223/936
f 836/1223/937 689/1224/937 687/1222/937
f 691/1225/938 689/1224/938 836/1223/938
f 836/1223/939 837/1226/939 691/1225/939
f 696/942/940 628/944/940 838/1227/940
f 628/944/941 608/1228/941 838/1227/941
f 608/1228/942 839/1229/942 838/1227/942
f 840/1230/943 838/1227/943 839/1229/944
f 839/1229/944 841/1231/945 840/1230/943
f 842/1232/946 843/1233/947 844/1234/946
f 844/1234/946 845/1235/947 842/1232/946
f 845/1235/948 844/1234/948 846/1236/948
f 846/1236/948 847/1237/949 845/1235/948
f 848/1238/950 847/1237/950 846/1236/950
f 846/1236/951 849/1239/951 848/1238/951
f 848/1238/952 849/1239/952 850/1240/952
f 851/1241/953 852/1242/953 853/1243/953
f 851/1241/954 853/1243/954 854/1244/954
f 854/1244/950 855/1245/950 851/1241/950
f 856/1246/949 855/1245/949 854/1244/949
f 854/1244/949 857/1247/949 856/1246/949
f 858/1248/947 856/1246/947 857/1247/946
f 857/1247/946 859/1249/946 858/1248/947
f 860/1250/943 861/1251/945 862/1252/955
f 862/1252/955 863/1253/943 860/1250/943
f 807/1254/942 863/1253/942 862/1252/942
f 863/1253/956 807/1254/956 787/1089/956
f 789/1091/957 863/1253/957 787/1089/957
f 441/563/958 434/550/958 387/553/958
f 387/553/959 386/1255/959 441/563/959
f 441/563/960 386/1255/961 864/1256/962
f 864/1256/962 188/560/963 441/563/960
f 409/1257/964 408/1258/2 407/1259/965
f 407/1259/965 812/1162/316 409/1257/964
f 407/1259/965 811/1159/316 812/1162/316
f 811/1159/718 407/1259/718 406/1260/718
f 723/1261/966 753/1050/966 749/1046/966
f 749/1046/967 754/1051/967 723/1261/967
f 723/1261/968 754/1051/968 758/1055/968
f 723/1261/969 758/1055/969 535/698/969
f 865/1262/970 866/1263/970 867/1264/970
f 867/1264/971 868/1265/972 865/1262/973
f 868/1265/974 867/1264/974 869/1266/974
f 870/1267/975 865/1262/973 868/1265/972
f 869/1266/976 871/1268/976 868/1265/976
f 871/1268/977 869/1266/977 56/1269/977
f 56/1269/978 59/1270/979 871/1268/980
f 868/1265/981 872/1271/981 870/1267/981
f 661/1272/982 870/1267/982 872/1271/982
f 873/1273/983 871/1268/980 59/1270/979
f 59/1270/984 61/1274/985 873/1273/986
f 61/1274/985 60/1275/987 873/1273/986
f 872/1271/988 874/1276/988 661/1272/988
f 874/1276/989 872/1271/989 873/1273/989
f 873/1273/990 60/1275/990 874/1276/990
f 226/1277/991 661/1272/991 874/1276/991
f 227/1278/992 226/1277/992 874/1276/992
f 875/1279/993 874/1276/993 60/1275/993
f 874/1276/994 875/1279/994 227/1278/994
f 60/1275/995 633/1280/995 875/1279/995
f 227/1278/996 875/1279/996 321/1281/996
f 321/1281/997 875/1279/997 633/1280/997
f 633/1280/998 218/1282/998 321/1281/998
f 321/1281/999 624/1283/999 227/1278/999
f 624/1283/1000 321/1281/1000 625/1284/1000
f 79/81/1001 82/84/1001 132/1285/1001
f 132/1285/1002 876/1286/1002 79/81/1002
f 876/1286/1003 132/1285/1004 133/1287/1005
f 83/85/1006 79/81/1007 876/1286/1008
f 133/1287/1005 877/1288/1009 876/1286/1003
f 877/1288/1010 133/1287/1010 131/1289/1010
f 876/1286/1008 878/1290/1011 83/85/1006
f 878/1290/1012 876/1286/1013 877/1288/1014
f 85/87/1015 83/85/1015 878/1290/1015
f 131/1289/1010 879/1291/111 877/1288/1010
f 879/1291/1016 131/1289/1017 129/1292/1018
f 877/1288/1014 880/1293/1019 878/1290/1012
f 878/1290/1015 881/1294/1015 85/87/1015
f 881/1294/1020 878/1290/1020 880/1293/1020
f 87/89/1021 85/87/1021 881/1294/1021
f 129/1292/1018 882/1295/1022 879/1291/1016
f 882/1295/1023 129/1292/1023 105/107/1023
f 105/107/1024 103/105/1024 882/1295/1024
f 881/1294/1021 883/1296/1025 87/89/1021
f 89/91/1026 87/89/1026 883/1296/1026
f 884/1297/1027 882/1295/1028 103/105/1029
f 103/105/1029 101/103/1030 884/1297/1027
f 885/1298/1031 879/1291/1032 882/1295/1033
f 882/1295/1033 884/1297/1034 885/1298/1031
f 886/1299/1035 884/1297/1035 101/103/1035
f 101/103/1035 99/101/1035 886/1299/1035
f 887/1300/1036 885/1298/1036 884/1297/1036
f 884/1297/1036 886/1299/1037 887/1300/1036
f 880/1293/1020 888/1301/1020 881/1294/1020
f 883/1296/1038 881/1294/1038 888/1301/1038
f 888/1301/1038 889/1302/1038 883/1296/1038
f 890/1303/1039 887/1300/1040 886/1299/1040
f 891/1304/1041 886/1299/1041 99/101/1041
f 886/1299/1040 891/1304/1039 890/1303/1039
f 99/101/1041 97/99/1042 891/1304/1041
f 892/1305/1043 883/1296/1043 889/1302/1043
f 883/1296/1026 892/1305/1026 89/91/1026
f 91/93/1044 89/91/1044 892/1305/1044
f 889/1302/1043 893/1306/1043 892/1305/1043
f 892/1305/1044 894/1307/1044 91/93/1044
f 894/1307/1045 892/1305/1045 893/1306/1045
f 168/1308/1046 91/93/1046 894/1307/1046
f 894/1307/1047 568/1309/1047 168/1308/1047
f 568/1309/1048 894/1307/1048 895/1310/1048
f 893/1306/1045 895/1310/1045 894/1307/1045
f 895/1310/1049 896/1311/1049 568/1309/1049
f 897/1312/1050 890/1303/1050 891/1304/1050
f 896/1311/1051 895/1310/1051 898/1313/1051
f 898/1313/1052 821/1314/1053 896/1311/1054
f 891/1304/1050 899/1315/1050 897/1312/1050
f 898/1313/1055 897/1312/1055 899/1315/1055
f 899/1315/1056 891/1304/1056 97/99/1056
f 97/99/1056 94/96/1056 899/1315/1056
f 899/1315/1055 900/1316/1055 898/1313/1055
f 900/1316/1057 899/1315/1057 94/96/1057
f 821/1314/1058 898/1313/1058 900/1316/1058
f 94/96/1057 93/95/1057 900/1316/1057
f 900/1316/1059 113/1317/1059 821/1314/1059
f 113/1317/1060 900/1316/1060 93/95/1060
f 113/1317/907 115/1318/907 821/1314/906
f 93/95/1061 114/1319/1061 113/1317/1061
f 799/1320/1062 182/211/1062 179/208/1062
f 179/208/1063 901/1321/1063 799/1320/1063
f 793/1322/1064 799/1320/1064 901/1321/1064
f 901/1321/1065 179/208/1065 178/207/1065
f 901/1321/1066 794/1323/1066 793/1322/1066
f 178/207/1067 902/1324/1067 901/1321/1067
f 794/1323/1068 901/1321/1068 902/1324/1068
f 902/1324/1069 178/207/1069 194/227/1069
f 902/1324/1070 795/1325/1070 794/1323/1070
f 194/227/1071 318/1326/1071 902/1324/1071
f 795/1325/1072 902/1324/1072 318/1326/1072
f 318/1326/1073 197/1327/1073 795/1325/1073
f 254/1328/1074 247/1329/1074 264/1330/1074
f 254/1328/1075 264/1330/1075 903/1331/1075
f 903/1331/1076 606/1332/1076 254/1328/1076
f 903/1331/1077 264/1330/1077 262/1333/1077
f 903/1331/1078 904/1334/1078 606/1332/1078
f 262/1333/1079 905/1335/1079 903/1331/1079
f 905/1335/1080 262/1333/1080 906/1336/1080
f 907/1337/1081 904/1334/1081 903/1331/1081
f 903/1331/1082 905/1335/1082 907/1337/1082
f 908/1338/1083 909/1339/1083 904/1334/1083
f 904/1334/1084 907/1337/1084 908/1338/1084
f 906/1336/1085 910/1340/1085 905/1335/1085
f 907/1337/1086 905/1335/1086 910/1340/1086
f 908/1338/1087 907/1337/1087 911/1341/1087
f 910/1340/1088 911/1341/1088 907/1337/1088
f 911/1341/1089 912/1342/1089 908/1338/1089
f 911/1341/1090 910/1340/1090 913/1343/1090
f 912/1342/1091 911/1341/1091 913/1343/1091
f 913/1343/1092 914/1344/1092 912/1342/1092
f 908/1338/1093 912/1342/1093 915/1345/1093
f 915/1345/1094 912/1342/1094 914/1344/1094
f 915/1345/1095 909/1346/1095 908/1338/1095
f 606/1347/1096 904/1348/1097 909/1346/1096
f 909/1346/1098 607/1349/1098 606/1347/1098
f 916/1350/1099 607/1349/1099 909/1346/1099
f 909/1346/1100 915/1345/1100 916/1350/1100
f 916/1350/1101 915/1345/1101 917/1351/1101
f 914/1344/1102 917/1351/1102 915/1345/1102
f 917/1351/1103 918/1352/1104 916/1350/1103
f 919/1353/1104 920/1354/1103 921/1355/1104
f 922/1356/1105 921/1355/1105 923/1357/1105
f 921/1355/1106 922/1356/1106 919/1353/1106
f 924/1358/1107 923/1357/1107 925/1359/1107
f 923/1357/1108 924/1358/1108 922/1356/1108
f 925/1359/1109 926/1360/1109 924/1358/1109
f 926/1360/1110 925/1359/1110 927/1361/1110
f 922/1356/1111 924/1358/1111 928/1362/1111
f 928/1362/1112 924/1358/1112 926/1360/1112
f 919/1353/1113 922/1356/1113 929/1363/1113
f 928/1362/1114 929/1363/1114 922/1356/1114
f 929/1363/1099 621/1364/1099 919/1353/1099
f 620/1365/1115 621/1364/1115 929/1363/1115
f 929/1363/1116 930/1366/1116 620/1365/1116
f 930/1367/1117 929/1368/1117 928/1362/1117
f 926/1360/1118 931/1369/1118 928/1362/1118
f 928/1362/1119 931/1369/1119 930/1367/1119
f 931/1369/1120 926/1360/1120 927/1361/1120
f 932/1370/1121 930/1367/1121 931/1369/1121
f 932/1370/1122 620/1371/1122 930/1367/1122
f 927/1361/1123 933/1372/1123 931/1369/1123
f 931/1369/1124 933/1372/1124 932/1370/1124
f 933/1372/1125 927/1361/1125 934/1373/1125
f 934/1373/1126 501/1374/1126 933/1372/1126
f 932/1370/1127 933/1372/1127 501/1374/1127
f 492/1375/1128 620/1371/1128 932/1370/1128
f 501/1374/1129 502/1376/1129 932/1370/1129
f 932/1370/1130 502/1376/1130 492/1375/1130
f 492/1375/1131 502/1376/1131 485/1377/1131
f 625/1378/13 321/1379/13 217/1380/13
f 224/790/13 627/1381/13 625/1378/13
f 224/790/13 310/1382/13 627/1381/13
f 224/790/13 156/789/13 310/1382/13
f 867/1383/1132 866/1384/1132 935/1385/1132
f 935/1385/1133 936/1386/1134 867/1383/1135
f 936/1386/1134 935/1385/1133 937/1387/1136
f 869/1388/1137 867/1383/1137 936/1386/1137
f 937/1387/1138 938/1389/1138 936/1386/1138
f 938/1389/1139 937/1387/1139 691/1390/1139
f 936/1386/1140 939/1391/1140 869/1388/1140
f 56/1392/1141 869/1388/1141 939/1391/1141
f 939/1391/1142 333/1393/1143 56/1392/1144
f 333/1393/1143 939/1391/1142 940/1394/1145
f 940/1394/1146 338/1395/1147 333/1393/1148
f 338/1395/1147 940/1394/1146 335/1396/1149
f 940/1394/1150 938/1389/1150 941/1397/1150
f 941/1397/1151 335/1396/1151 940/1394/1151
f 691/1390/1152 941/1397/1152 938/1389/1152
f 837/1398/1153 941/1397/1153 691/1390/1153
f 941/1397/1154 837/1398/1155 705/1399/1155
f 335/1396/1156 941/1397/1156 942/1400/1156
f 705/1399/1157 942/1400/1157 941/1397/1157
f 942/1400/1158 645/1401/1158 335/1396/1158
f 563/1402/1159 942/1400/1159 705/1399/1159
f 645/1401/1160 942/1400/1160 563/1402/1160
f 563/1402/1161 463/1403/1161 645/1401/1161
f 705/1399/1162 704/1404/1162 563/1402/1162
f 704/1404/1163 804/1405/1163 563/1402/1163
f 401/1406/1023 350/441/1023 349/440/1023
f 349/440/1164 943/1407/1164 401/1406/1164
f 943/1407/1165 349/440/1028 354/445/1166
f 618/1408/1167 401/1406/1017 943/1407/1168
f 354/445/1166 944/1409/1169 943/1407/1165
f 944/1409/1035 354/445/1035 356/447/1035
f 943/1407/1168 945/1410/1022 618/1408/1167
f 945/1410/1170 943/1407/1171 944/1409/1172
f 400/1411/1010 618/1408/1010 945/1410/1010
f 356/447/1035 946/1412/1035 944/1409/1035
f 946/1412/1041 356/447/1041 358/449/1042
f 944/1409/1172 947/1413/1034 945/1410/1170
f 947/1413/1036 944/1409/1036 946/1412/1036
f 945/1410/1010 948/1414/111 400/1411/1010
f 398/1415/1173 400/1411/1004 948/1414/1174
f 358/449/1042 949/1416/1042 946/1412/1041
f 949/1416/1056 358/449/1056 360/451/1056
f 948/1414/1174 950/1417/1009 398/1415/1173
f 376/467/1001 398/1415/1001 950/1417/1001
f 950/1417/1175 374/465/1175 376/467/1175
f 950/1417/1176 948/1414/1177 951/1418/1178
f 374/465/1179 950/1417/1180 952/1419/1181
f 951/1418/1178 952/1419/1019 950/1417/1176
f 952/1419/1181 372/463/1182 374/465/1179
f 946/1412/1036 953/1420/1036 947/1413/1036
f 953/1420/1040 946/1412/1040 949/1416/1039
f 952/1419/1020 951/1418/1020 954/1421/1020
f 372/463/1015 952/1419/1015 955/1422/1015
f 954/1421/1020 955/1422/1020 952/1419/1020
f 955/1422/1015 370/461/1015 372/463/1015
f 949/1416/1039 956/1423/1039 953/1420/1040
f 955/1422/1038 954/1421/1038 957/1424/1038
f 370/461/1021 955/1422/1021 958/1425/1021
f 957/1424/1038 958/1425/1183 955/1422/1038
f 958/1425/1021 368/459/1021 370/461/1021
f 956/1423/1050 949/1416/1050 959/1426/1050
f 360/451/1056 959/1426/1056 949/1416/1056
f 959/1426/1057 360/451/1057 362/453/1057
f 368/459/1026 958/1425/1026 960/1427/1026
f 960/1427/1026 366/457/1026 368/459/1026
f 362/453/1057 961/1428/1057 959/1426/1057
f 961/1428/1184 362/453/1184 166/1429/1184
f 166/1429/1185 569/1430/1185 961/1428/1185
f 959/1426/1050 962/1431/1050 956/1423/1050
f 962/1431/1055 959/1426/1055 961/1428/1055
f 963/1432/1058 961/1428/1058 569/1430/1058
f 961/1428/1055 963/1432/1055 962/1431/1055
f 569/1430/1186 964/1433/1186 963/1432/1186
f 958/1425/1043 957/1424/1043 965/1434/1043
f 965/1434/1043 960/1427/1043 958/1425/1043
f 966/1435/1051 963/1432/1051 964/1433/1051
f 960/1427/1045 965/1434/1045 966/1435/1045
f 964/1433/1187 864/1436/1188 966/1435/1189
f 966/1435/1045 967/1437/1045 960/1427/1045
f 967/1437/1048 966/1435/1048 864/1436/1048
f 366/457/1044 960/1427/1044 967/1437/1044
f 967/1437/1044 363/454/1044 366/457/1044
f 864/1436/1190 384/1438/1190 967/1437/1190
f 363/454/1191 967/1437/1191 384/1438/1191
f 384/1438/961 864/1436/962 386/1439/961
f 384/1438/1192 382/1440/1192 363/454/1192
f 439/557/1193 184/559/1193 798/1441/1193
f 798/1441/1194 968/1442/1194 439/557/1194
f 968/1442/1195 798/1441/1195 715/1443/1195
f 436/554/1196 439/557/1196 968/1442/1196
f 715/1443/1197 714/1444/1197 968/1442/1197
f 968/1442/1198 969/1445/1198 436/554/1198
f 969/1445/1199 968/1442/1199 714/1444/1199
f 444/566/1200 436/554/1200 969/1445/1200
f 714/1444/1201 713/1446/1201 969/1445/1201
f 969/1445/1202 560/1447/1202 444/566/1202
f 560/1447/1203 969/1445/1203 713/1446/1203
f 713/1446/1204 447/1448/1204 560/1447/1204
f 521/1449/1205 970/1450/1206 971/1451/1207
f 528/1452/1208 972/1453/1209 970/1450/1206
f 970/1450/1206 521/1454/1205 528/1452/1208
f 522/1455/1205 973/1456/1206 974/1457/1207
f 532/1458/1208 975/1459/1209 973/1456/1206
f 973/1456/1206 522/1460/1205 532/1458/1208
f 964/1461/1187 188/219/796 864/1462/1188
f 188/219/1210 964/1461/1210 896/1463/1210
f 896/1463/1210 189/220/1210 188/219/1210
f 896/1463/1054 821/1464/1053 189/220/1211
f 468/1465/1212 410/1466/1213 475/1467/1214
f 468/1465/1212 475/1467/1214 234/1468/1214
f 234/1468/1214 230/1469/1212 468/1465/1212
f 234/1468/1214 142/1470/1212 230/1469/1212
f 976/1471/1 696/1472/1 977/1473/1
f 696/1472/1 838/1474/1 977/1473/1
f 838/1474/1 840/1475/1 977/1473/1
f 763/1060/1215 767/1064/1215 769/1066/1215
f 763/1060/1216 769/1066/1217 771/1068/1218
f 763/1060/1216 771/1068/1218 775/1072/1219
f 763/1060/1220 775/1072/1220 779/1076/1220
f 763/1060/1221 779/1076/1221 782/1079/1221
f 763/1060/1222 782/1079/1222 294/371/1222
f 755/1052/1223 543/708/1223 740/1037/1223
f 755/1052/1224 740/1037/1224 742/1039/1224
f 755/1052/1225 742/1039/1225 744/1041/1225
f 755/1052/1226 744/1041/1226 746/1043/1226
f 755/1052/1227 746/1043/1228 748/1045/1229
f 755/1052/1227 748/1045/1229 751/1048/1230
f 870/1476/1231 661/1477/1232 660/1478/1233
f 870/1476/1231 660/1478/1233 663/1479/1234
f 870/1476/1235 663/1479/1235 665/1480/1235
f 870/1476/1236 665/1480/1236 667/1481/1236
f 870/1476/1237 667/1481/1237 669/1482/1237
f 870/1476/1238 669/1482/1238 672/1483/1238
f 865/1484/1239 870/1476/1239 672/1483/1239
f 672/1483/1240 673/1485/1240 865/1484/1240
f 866/1486/1241 865/1484/1241 673/1485/1241
f 673/1485/1242 675/1487/1242 866/1486/1242
f 866/1486/1243 675/1487/1243 678/1488/1243
f 678/1488/1244 935/1489/1244 866/1486/1244
f 935/1489/1245 678/1488/1245 680/1490/1245
f 680/1490/1246 937/1491/1246 935/1489/1246
f 937/1491/1247 680/1490/1247 681/1492/1247
f 937/1491/1248 681/1492/1248 684/1493/1248
f 937/1491/1249 684/1493/1249 686/1494/1249
f 937/1491/1250 686/1494/1250 688/1495/1250
f 937/1491/1251 688/1495/1252 690/1496/1253
f 937/1491/1251 690/1496/1253 691/1497/1254
f 128/133/1255 127/132/1256 134/1498/1257
f 134/1498/1257 978/1499/2 128/133/1255
f 128/133/1255 978/1499/2 979/1500/2
f 128/133/1255 979/1500/2 980/1501/2
f 128/133/1255 980/1501/2 981/1502/2
f 128/133/1255 981/1502/2 124/1503/2
f 128/133/1255 124/1503/2 123/1504/2
f 395/490/1258 393/1505/1 392/1506/1
f 395/490/1258 392/1506/1 982/1507/1
f 395/490/1258 982/1507/1 983/1508/1
f 395/490/1258 983/1508/1 984/1509/1
f 395/490/1258 984/1509/1 985/1510/1
f 395/490/1258 985/1510/1 402/1511/258
f 402/1511/258 396/491/1259 395/490/1258
f 986/1512/2 987/1513/2 789/1514/2
f 789/1514/2 987/1513/2 863/1515/2
f 863/1515/2 987/1513/2 860/1516/2
f 860/1516/2 987/1513/2 858/1517/2
f 858/1517/2 987/1513/2 856/1518/2
f 856/1518/2 987/1513/2 855/1519/2
f 855/1519/2 987/1513/2 851/1520/2
f 906/1521/1260 262/1522/1260 988/1523/1260
f 988/1523/1261 989/1524/1261 906/1521/1261
f 990/1525/1262 989/1524/1262 988/1523/1262
f 988/1523/1263 991/1526/1263 990/1525/1263
f 990/1525/1264 991/1526/1264 992/1527/1264
f 993/1528/1265 501/1529/1265 934/1530/1265
f 934/1530/1266 994/1531/1266 993/1528/1266
f 993/1528/1267 994/1531/1267 995/1532/1267
f 995/1532/1268 996/1533/1268 993/1528/1268
f 997/1534/1269 996/1533/1269 995/1532/1269
f 992/1527/1270 998/1535/1270 990/1525/1270
f 995/1532/1271 999/1536/1271 997/1534/1271
f 1000/1537/1272 998/1535/1272 992/1527/1272
f 992/1527/1273 1001/1538/1273 1000/1537/1273
f 997/1534/1274 999/1536/1274 1002/1539/1274
f 1002/1539/1275 1003/1540/1275 997/1534/1275
f 1004/1541/1276 1000/1537/1276 1001/1538/1276
f 1001/1538/1277 1005/1542/1277 1004/1541/1277
f 1003/1540/1278 1002/1539/1278 1006/1543/1278
f 1006/1543/1279 1007/1544/1279 1003/1540/1279
f 1008/1545/1280 1004/1541/1280 1005/1542/1280
f 1005/1542/1281 1009/1546/1281 1008/1545/1281
f 1007/1544/1282 1006/1543/1282 1010/1547/1282
f 1010/1547/1283 1011/1548/1283 1007/1544/1283
f 1003/1549/1284 1007/1550/1284 1012/1551/1284
f 1013/1552/1285 1014/1553/1286 1015/1554/1287
f 1015/1554/1287 1012/1551/1288 1013/1552/1285
f 1016/1555/1289 1017/1556/1290 1018/1557/1291
f 1018/1557/1291 1019/1558/1292 1016/1555/1289
f 1019/1558/1293 1005/1559/1293 1001/1560/1293
f 1020/1561/1294 1016/1555/1295 1019/1558/1296
f 1001/1560/1297 1021/1562/1297 1019/1558/1297
f 1019/1558/1296 1021/1562/1298 1020/1561/1294
f 1022/1563/1299 1021/1562/1299 1001/1560/1299
f 1001/1560/1300 992/1564/1300 1022/1563/1300
f 1023/1565/1301 1020/1561/1302 1021/1562/1303
f 1021/1562/1303 1022/1563/1304 1023/1565/1301
f 1012/1551/1305 1015/1554/1306 1024/1566/1307
f 1024/1566/1307 1025/1567/1308 1012/1551/1305
f 1012/1551/1309 1025/1567/1309 1003/1549/1309
f 1025/1567/1310 1024/1566/1311 1026/1568/1312
f 1003/1549/1313 1025/1567/1313 1027/1569/1313
f 1026/1568/1312 1027/1569/1314 1025/1567/1310
f 1027/1569/1315 997/1570/1315 1003/1549/1315
f 1027/1569/1316 1026/1568/1317 1028/1571/1318
f 997/1570/1319 1027/1569/1319 1029/1572/1319
f 1028/1571/1318 1029/1572/1320 1027/1569/1316
f 1029/1572/1321 996/1573/1321 997/1570/1321
f 1029/1572/1322 993/1574/1322 996/1573/1322
f 497/1575/1323 501/1576/1323 993/1574/1323
f 993/1574/1324 1029/1572/1324 497/1575/1324
f 1030/1577/1325 497/1575/1326 1029/1572/1327
f 1029/1572/1327 1028/1571/1328 1030/1577/1325
f 485/625/1329 497/1575/1330 1030/1577/1331
f 1030/1577/1331 486/626/1332 485/625/1329
f 247/298/1333 249/300/1334 1031/1578/1335
f 1031/1578/1335 259/1579/1336 247/298/1333
f 1032/1580/1337 1023/1565/1338 1022/1563/1339
f 1031/1578/1340 1032/1580/1341 1033/1581/1342
f 1022/1563/1339 1033/1581/1343 1032/1580/1337
f 1033/1581/1342 259/1579/1344 1031/1578/1340
f 1033/1581/1345 1022/1563/1345 992/1564/1345
f 992/1564/1346 991/1582/1346 1033/1581/1346
f 1033/1581/1347 991/1582/1347 988/1583/1347
f 259/1579/1348 1033/1581/1348 988/1583/1348
f 988/1583/1349 262/1584/1349 259/1579/1349
f 1034/1585/2 1035/1586/2 1036/1587/2
f 1037/1588/1 1038/1589/1 1039/1590/1
f 1040/1591/1 1041/1592/1 1042/1593/1
f 1041/1592/1 1040/1591/1 1043/1594/1
f 1043/1594/1 1044/1595/1 1041/1592/1
f 1044/1595/1 1043/1594/1 351/1596/306
f 351/1596/306 350/1597/305 1044/1595/1
f 105/1117/77 1045/1598/1 797/1115/1
f 1046/1599/1 797/1115/1 1045/1598/1
f 1045/1598/1 1047/1600/1 1046/1599/1
f 1048/1601/1 1046/1599/1 1047/1600/1
f 1049/1602/2 1050/1603/2 1051/1604/2
f 1051/1604/2 1052/1605/2 1049/1602/2
f 1053/1606/2 1054/1607/2 1055/1608/2
f 1055/1608/2 1056/1609/2 1053/1606/2
f 1057/1610/1 1058/1611/1 1059/1612/1
f 1059/1612/1 1060/1613/1 1057/1610/1
f 1061/1614/1 1062/1615/1 1063/1616/1
f 1063/1616/1 1064/1617/1 1061/1614/1
f 1052/1618/2 1051/1604/2 1056/1609/2
f 1056/1609/2 1055/1619/2 1052/1618/2
f 1064/1617/1 1057/1610/1 1060/1620/1
f 1060/1620/1 1061/1621/1 1064/1617/1
f 1061/1622/1350 1060/1623/1350 1052/1618/1350
f 1052/1618/1350 1055/1619/1350 1061/1622/1350
f 1057/1610/1351 1064/1617/1351 1056/1609/1351
f 1056/1609/1351 1051/1604/1351 1057/1610/1351
f 1060/1624/1352 1059/1625/1352 1049/1602/1353
f 1049/1602/1353 1052/1605/1353 1060/1624/1352
f 1059/1625/1350 1058/1626/1350 1050/1627/1350
f 1050/1627/1350 1049/1602/1350 1059/1625/1350
f 1058/1611/1354 1057/1610/1354 1051/1604/1354
f 1051/1604/1354 1050/1603/1354 1058/1611/1354
f 1064/1617/1355 1063/1616/1355 1053/1606/1355
f 1053/1606/1355 1056/1609/1355 1064/1617/1355
f 1063/1628/1350 1062/1629/1350 1054/1607/1350
f 1054/1607/1350 1053/1630/1350 1063/1628/1350
f 1062/1629/1356 1061/1631/1357 1055/1608/1357
f 1055/1608/1357 1054/1607/1356 1062/1629/1356
f 4/4/1358 6/6/1359 2/2/1360
f 2/2/1360 1/1/1358 4/4/1358
f 6/1632/13 5/1633/13 3/3/13
f 3/3/13 2/2/13 6/1632/13
f 5/1634/1361 4/1635/1361 1/1/1361
f 1/1/1361 3/3/1361 5/1634/1361
f 1065/1636/1362 1066/1637/1362 1067/1638/1362
f 1067/1638/1362 1068/1639/1362 1065/1636/1362
f 1069/1640/1363 1070/1641/1363 1071/1642/1363
f 1071/1642/1363 1072/1643/1363 1069/1640/1363
f 1073/1644/1364 1074/1645/1364 1075/1646/1364
f 1075/1646/1364 1076/1647/1365 1073/1644/1364
f 1077/1648/1366 1078/1649/1366 1079/1650/1366
f 1079/1650/1366 1080/1651/1366 1077/1648/1366
f 1081/1652/1367 1082/1653/1368 1083/1654/1367
f 1083/1654/1367 1084/1655/1368 1081/1652/1367
f 1085/1656/1369 1086/1657/1370 1087/1658/1369
f 1087/1658/1369 1088/1659/1369 1085/1656/1369
f 20/20/1371 15/15/9 18/18/8
f 18/18/8 21/21/1372 20/20/1371
f 1089/1660/1373 1090/1661/1374 1091/1662/1374
f 1091/1662/1374 1092/1663/1374 1089/1660/1373
f 1093/1664/1375 1094/1665/1375 1095/1666/1376
f 1095/1666/1376 1096/1667/1375 1093/1664/1375
f 1097/1668/1371 1098/1669/1371 1099/1670/1371
f 1099/1670/1371 1100/1671/1371 1097/1668/1371
f 16/16/1371 19/19/12 22/22/11
f 22/22/11 17/17/1371 16/16/1371
f 1101/1672/1377 1102/1673/1378 1103/1674/1377
f 1103/1674/1377 1104/1675/1377 1101/1672/1377
f 1105/1676/1379 23/23/1380 1103/1674/1379
f 1103/1674/1379 1102/1673/1379 1105/1676/1379
f 1101/1672/1381 1104/1675/1382 1106/1677/1382
f 1106/1677/1382 1107/1678/1381 1101/1672/1381
f 1108/1679/1383 1109/1680/1383 1110/1681/1383
f 1110/1681/1383 1111/1682/1384 1108/1679/1383
f 1112/1683/1385 1113/1684/1386 1114/1685/1386
f 1114/1685/1386 1115/1686/1386 1112/1683/1385
f 1116/1687/1387 1117/1688/1387 1118/1689/1387
f 1118/1689/1387 1119/1690/1387 1116/1687/1387
f 1119/1690/1388 1118/1689/1388 1120/1691/1389
f 1120/1691/1389 1121/1692/1390 1119/1690/1388
f 1121/1692/1391 1120/1691/1391 1122/1693/1391
f 1122/1693/1391 1123/1694/1391 1121/1692/1391
f 1123/1694/1392 1122/1693/1392 1124/1695/1392
f 1124/1695/1392 1125/1696/1392 1123/1694/1392
f 1125/1696/1393 1124/1695/1393 1126/1697/1394
f 1126/1697/1394 1127/1698/1394 1125/1696/1393
f 1127/1699/1395 1126/1700/1395 1117/1688/1395
f 1117/1688/1395 1116/1687/1395 1127/1699/1395
f 1128/1701/1396 1110/1681/1397 23/1702/1398
f 23/1702/1398 1129/1703/1396 1128/1701/1396
f 1130/1704/1378 1128/1701/1396 1129/1705/1396
f 1129/1705/1396 1131/1706/1399 1130/1704/1378
f 1132/1707/1400 1130/1704/1378 1131/1708/1399
f 1131/1708/1399 1133/1709/1400 1132/1707/1400
f 1134/1710/1401 1106/1711/1402 1115/1686/1403
f 1115/1686/1403 1135/1712/1401 1134/1710/1401
f 1136/1713/1404 1134/1714/1401 1135/1712/1401
f 1135/1712/1401 1137/1715/1405 1136/1713/1404
f 1138/1716/1406 1136/1717/1404 1137/1715/1405
f 1137/1715/1405 1139/1718/1406 1138/1716/1406
f 1140/1719/45 1141/1720/45 1142/1721/45
f 1142/1721/45 1143/1722/45 1140/1719/45
f 1144/1723/13 1145/1724/13 1146/1725/13
f 1146/1725/13 1147/1726/13 1144/1723/13
f 1148/1727/1407 1149/1728/1407 1150/1729/1407
f 1150/1729/1407 1151/1730/1407 1148/1727/1407
f 1152/1731/1408 1151/1730/1409 1150/1729/1410
f 1150/1729/1410 1153/1732/1410 1152/1731/1408
f 1148/1727/1411 1154/1733/1411 1155/1734/1412
f 1155/1734/1412 1149/1728/1412 1148/1727/1411
f 1156/1735/1413 1157/1736/1414 1158/1737/1413
f 1158/1737/1413 1159/1738/1414 1156/1735/1413
f 1157/1736/1415 1160/1739/1415 1161/1740/1415
f 1161/1740/1415 1158/1737/1415 1157/1736/1415
f 1160/1739/1416 1162/1741/1417 1163/1742/1418
f 1163/1742/1418 1161/1740/1417 1160/1739/1416
f 1162/1741/1419 1164/1743/1420 1165/1744/1419
f 1165/1744/1419 1163/1742/1420 1162/1741/1419
f 1164/1743/1421 1166/1745/1422 1167/1746/1422
f 1167/1746/1422 1165/1744/1422 1164/1743/1421
f 1166/1747/1423 1156/1735/1424 1159/1738/1423
f 1159/1738/1423 1167/1748/1424 1166/1747/1423
f 1168/1749/1425 1169/1750/1425 1170/1751/1426
f 1170/1751/1426 1171/1752/1427 1168/1749/1425
f 1172/1753/1428 1173/1754/1428 1169/1755/1425
f 1169/1755/1425 1168/1749/1425 1172/1753/1428
f 1174/1756/1425 1175/1757/1425 1176/1758/1426
f 1176/1758/1426 1177/1759/1427 1174/1756/1425
f 1178/1760/1428 1179/1761/1428 1175/1757/1425
f 1175/1757/1425 1174/1762/1425 1178/1760/1428
f 1180/1763/1429 1181/1764/1430 1182/1765/1429
f 1182/1765/1429 1183/1766/1429 1180/1763/1429
f 1184/1767/1431 1185/1768/1431 1186/1769/1432
f 1186/1769/1432 1187/1770/1432 1184/1767/1431
f 28/28/17 33/33/22 26/26/15
f 31/35/20 26/26/15 33/33/22
f 27/27/16 30/30/19 29/29/18
f 32/32/21 29/29/18 30/30/19
f 1188/1771/1433 1189/1772/1434 1190/1773/1435
f 1190/1773/1435 1191/1774/1436 1188/1771/1433
f 35/1775/1437 38/40/1437 41/43/1438
f 41/43/1438 36/1776/1438 35/1775/1437
f 1192/1777/1439 1193/1778/1439 1194/1779/1439
f 1194/1779/1439 1195/1780/1440 1192/1777/1439
f 1196/1781/1441 1197/1782/1441 1198/1783/1441
f 1198/1783/1441 1199/1784/1441 1196/1781/1441
f 1197/1785/1442 1192/1786/1442 1195/1787/30
f 1195/1787/30 1198/1783/1442 1197/1785/1442
f 1196/1781/1443 1199/1784/1444 47/1788/1443
f 47/1788/1443 43/1789/1444 1196/1781/1443
f 1194/1779/1443 1193/1778/1445 42/1790/1445
f 42/1790/1445 45/1791/1444 1194/1779/1443
f 1200/1792/1446 1201/1793/1446 1202/1794/1447
f 1202/1794/1447 1203/1795/1446 1200/1792/1446
f 1204/1796/1448 1200/1792/1449 1203/1795/1448
f 1203/1795/1448 1205/1797/1449 1204/1796/1448
f 1206/1798/1450 1204/1796/1450 1205/1797/1450
f 1205/1797/1450 1207/1799/1451 1206/1798/1450
f 1208/1800/1452 1206/1798/1452 1207/1799/1452
f 1207/1799/1452 1209/1801/1452 1208/1800/1452
f 1210/1802/1439 1208/1800/1439 1209/1801/1439
f 1209/1801/1439 1211/1803/1439 1210/1802/1439
f 1201/1804/1453 1210/1802/1454 1211/1803/1454
f 1211/1803/1454 1202/1805/1453 1201/1804/1453
f 1212/1806/1455 1213/1807/1455 1214/1808/1455
f 1214/1808/1456 1215/1809/1456 1212/1806/1456
f 1215/1809/1457 1214/1808/1457 1216/1810/1457
f 1216/1810/1457 1217/1811/1457 1215/1809/1457
f 1217/1811/1458 1216/1810/1458 1218/1812/1458
f 1218/1812/1459 1219/1813/1459 1217/1811/1459
f 1219/1813/1460 1218/1812/1460 1220/1814/1460
f 1220/1814/1461 1221/1815/1461 1219/1813/1461
f 1221/1815/1462 1220/1814/1462 1222/1816/1462
f 1222/1816/1462 1223/1817/1462 1221/1815/1462
f 1223/1817/1463 1222/1816/1463 1224/1818/1463
f 1224/1818/1463 1225/1819/1463 1223/1817/1463
f 1225/1819/1464 1224/1818/1464 1226/1820/1464
f 1226/1820/1464 1227/1821/1464 1225/1819/1464
f 1227/1821/1465 1226/1820/1465 1213/1807/1465
f 1213/1807/1465 1212/1806/1465 1227/1821/1465
f 1228/1822/1466 1229/1823/1463 1230/1824/1463
f 1230/1824/1463 1231/1825/1466 1228/1822/1466
f 1229/1823/1462 1232/1826/1467 1233/1827/1462
f 1233/1827/1462 1230/1824/1462 1229/1823/1462
f 1232/1826/1461 1234/1828/1461 1235/1829/1461
f 1235/1829/1461 1233/1827/1460 1232/1826/1461
f 1234/1828/1468 1236/1830/1468 1237/1831/1458
f 1237/1831/1458 1235/1829/1459 1234/1828/1468
f 1236/1830/1469 1238/1832/1469 1239/1833/1470
f 1239/1833/1470 1237/1831/1469 1236/1830/1469
f 1238/1832/1456 1240/1834/1456 1241/1835/1456
f 1241/1835/1456 1239/1833/1456 1238/1832/1456
f 1240/1834/1471 1242/1836/1465 1243/1837/1465
f 1243/1837/1465 1241/1835/1465 1240/1834/1471
f 1242/1836/1464 1228/1822/1464 1231/1825/1464
f 1231/1825/1464 1243/1837/1464 1242/1836/1464
f 213/254/400 314/395/400 162/183/400
f 162/183/400 163/184/400 213/254/400
f 314/395/401 214/255/401 161/182/402
f 161/182/402 162/183/1472 314/395/401
f 237/1838/1473 477/1839/1473 476/1840/1473
f 476/1840/1473 238/1841/1473 237/1838/1473
f 68/1842/1474 71/323/1474 340/650/1474
f 340/650/1474 339/1843/1474 68/1842/1474
f 77/79/37 76/78/37 75/77/37
f 75/77/37 78/80/37 77/79/37
f 119/121/1 111/113/1 114/116/265
f 114/116/265 120/122/266 119/121/1
f 82/1844/1475 1244/1845/1475 978/1846/1475
f 978/1846/1475 134/1847/1476 82/1844/1475
f 1244/1845/1477 1245/1848/1477 979/1849/1478
f 979/1849/1478 978/1846/1477 1244/1845/1477
f 1245/1848/1479 1246/1850/1480 980/1851/1480
f 980/1851/1480 979/1849/1480 1245/1848/1479
f 1246/1850/1481 1247/1852/1481 981/1853/1481
f 981/1853/1481 980/1851/1481 1246/1850/1481
f 1247/1852/883 122/126/883 124/129/1482
f 124/129/1482 981/1853/883 1247/1852/883
f 159/258/1361 216/259/1361 412/1854/1361
f 412/1854/1361 145/1855/1361 159/258/1361
f 203/240/1483 207/252/1483 206/1856/1483
f 206/1856/1483 210/250/1484 203/240/1483
f 465/598/1485 225/597/1486 223/266/1485
f 223/266/1485 222/265/1487 465/598/1485
f 1248/1857/1488 1249/1858/1489 1250/1859/1489
f 1250/1859/1489 1251/1860/1488 1248/1857/1488
f 735/1861/1490 766/1862/1490 1250/1859/1490
f 1250/1859/1490 1249/1858/1490 735/1861/1490
f 766/1863/802 765/1864/13 1251/1860/13
f 1251/1860/13 1250/1859/13 766/1863/802
f 765/1865/1491 734/1866/1491 1248/1857/1491
f 1248/1857/1491 1251/1860/1491 765/1865/1491
f 734/1867/45 735/1868/45 1249/1858/45
f 1249/1858/45 1248/1857/45 734/1867/45
f 469/605/638 468/604/638 230/278/638
f 230/278/638 229/277/641 469/605/638
f 141/1869/574 411/1870/574 469/605/1492
f 469/605/1492 229/277/575 141/1869/574
f 558/1871/1493 317/1872/1493 240/291/1493
f 240/291/1493 478/617/1493 558/1871/1493
f 233/289/1494 239/288/1495 479/619/1494
f 479/619/1494 480/620/1494 233/289/1494
f 987/1513/45 977/1473/45 848/1873/45
f 848/1873/45 851/1520/45 987/1513/45
f 249/300/1496 248/299/1496 487/627/1497
f 487/627/1497 486/626/1498 249/300/1496
f 495/1874/1499 786/1875/1361 695/1876/1499
f 695/1876/1499 258/1877/1361 495/1874/1499
f 257/1878/215 496/1879/427 495/1874/13
f 495/1874/13 258/1877/13 257/1878/215
f 602/935/1 693/938/1 208/1880/1
f 208/1880/1 245/1881/1 602/935/1
f 813/1882/1361 209/1883/1361 208/1884/1361
f 208/1884/1361 693/1885/1361 813/1882/1361
f 248/1886/131 255/1887/131 493/1888/131
f 493/1888/131 487/1889/131 248/1886/131
f 256/1890/131 605/797/1500 604/796/1501
f 604/796/1501 494/1891/131 256/1890/131
f 255/1887/213 256/1890/214 494/1891/13
f 494/1891/13 493/1888/426 255/1887/213
f 693/1885/45 695/1876/45 786/1875/405
f 786/1875/405 813/1882/45 693/1885/45
f 602/794/131 245/1892/131 246/1893/131
f 246/1893/131 603/795/131 602/794/131
f 267/325/1502 272/330/1502 1252/1894/1502
f 1252/1894/1502 1253/1895/1502 267/325/1502
f 268/1896/1503 1254/1897/1503 1255/1898/1503
f 1255/1898/1503 271/1899/1503 268/1896/1503
f 267/1900/1 1253/1895/1 1254/1897/1
f 1254/1897/1 268/1901/1 267/1900/1
f 1253/1895/1504 1252/1894/1504 1255/1898/1504
f 1255/1898/1504 1254/1897/1504 1253/1895/1504
f 1252/1894/2 272/1902/2 271/1903/2
f 271/1903/2 1255/1898/2 1252/1894/2
f 272/330/1505 267/325/1506 270/328/1505
f 270/328/1505 273/331/1507 272/330/1505
f 268/326/1508 271/329/1508 274/332/1508
f 274/332/1508 269/327/1508 268/326/1508
f 283/349/457 285/353/1509 286/356/457
f 286/356/457 284/350/457 283/349/457
f 1256/1904/1510 1257/1905/1510 1258/1906/1510
f 1258/1906/1510 1259/1907/1510 1256/1904/1510
f 1260/1908/1511 1261/1909/1511 1262/1910/1511
f 1262/1910/1511 1263/1911/1511 1260/1908/1511
f 1257/1912/2 1260/1908/2 1263/1911/2
f 1263/1911/2 1258/1913/2 1257/1912/2
f 976/1914/1512 977/1473/1512 987/1513/1512
f 987/1513/1512 986/1915/1512 976/1914/1512
f 300/1916/2 600/1917/2 297/374/2
f 297/374/2 298/375/2 300/1916/2
f 339/701/100 411/515/340 141/156/101
f 141/156/101 68/366/100 339/701/100
f 165/186/13 157/177/13 601/1918/13
f 601/1918/13 324/1919/13 165/186/13
f 215/1920/1 324/1919/1 601/1918/1
f 601/1918/1 224/1921/1 215/1920/1
f 348/439/37 347/438/37 345/436/36
f 345/436/36 344/435/37 348/439/37
f 350/1597/1475 402/1922/1475 985/1923/1475
f 985/1923/1475 1044/1595/1475 350/1597/1475
f 1044/1595/1513 985/1923/1513 984/1924/1513
f 984/1924/1513 1041/1592/1513 1044/1595/1513
f 1041/1592/1480 984/1924/1479 983/1925/1480
f 983/1925/1480 1042/1593/1480 1041/1592/1480
f 1042/1593/1481 983/1925/1481 982/1926/1481
f 982/1926/1481 1264/1927/1481 1042/1593/1481
f 1264/1927/1482 982/1926/883 392/486/883
f 392/486/883 391/485/883 1264/1927/1482
f 1265/1928/1514 1266/1929/1514 1267/1930/1515
f 1267/1930/1515 1268/1931/1515 1265/1928/1514
f 723/1932/1516 1268/1931/1516 1267/1930/1516
f 1267/1930/1516 753/1933/1516 723/1932/1516
f 753/1934/787 1267/1930/13 1266/1929/13
f 1266/1929/13 757/1935/421 753/1934/787
f 757/1936/1517 1266/1929/1517 1265/1928/1517
f 1265/1928/1517 727/1937/1517 757/1936/1517
f 727/1938/45 1265/1928/45 1268/1931/45
f 1268/1931/45 723/1939/45 727/1938/45
f 603/1167/2 246/1940/2 209/1941/2
f 209/1941/2 813/1166/2 603/1167/2
f 500/643/2 499/641/2 498/640/2
f 498/640/2 503/647/2 500/643/2
f 506/653/1518 1269/1942/1518 1270/1943/1518
f 1270/1943/1518 512/659/1518 506/653/1518
f 622/1944/1519 509/1945/1519 1271/1946/449
f 1271/1946/449 1272/1947/449 622/1944/1519
f 506/1948/2 622/1949/2 1272/1947/2
f 1272/1947/2 1269/1942/2 506/1948/2
f 1269/1942/1520 1272/1947/1520 1271/1946/1520
f 1271/1946/1520 1270/1943/1520 1269/1942/1520
f 1270/1943/1 1271/1946/1 509/1950/1
f 509/1950/1 512/1951/1 1270/1943/1
f 512/659/442 511/658/441 507/654/441
f 507/654/441 506/653/440 512/659/442
f 622/830/593 508/655/441 510/657/441
f 510/657/441 509/656/441 622/830/593
f 1256/1904/1521 1259/1907/1522 1273/1952/1521
f 1273/1952/1521 1274/1953/1521 1256/1904/1521
f 1275/1954/1523 1276/1955/1523 1262/1910/1523
f 1262/1910/1523 1261/1909/1523 1275/1954/1523
f 1274/1956/1 1273/1957/1 1276/1955/1
f 1276/1955/1 1275/1954/1 1274/1956/1
f 548/1958/1 545/710/1 544/709/1
f 544/709/1 616/1959/1 548/1958/1
f 432/543/13 566/834/13 619/833/13
f 619/833/13 424/533/13 432/543/13
f 550/1960/1524 304/1961/1525 301/1962/1524
f 301/1962/1524 547/1963/1524 550/1960/1524
f 238/1964/1526 476/1965/1526 474/618/1527
f 474/618/1527 235/746/1527 238/1964/1526
f 240/291/204 235/746/204 474/618/204
f 474/618/204 478/617/204 240/291/204
f 514/748/517 276/747/516 275/752/225
f 275/752/225 513/751/439 514/748/517
f 514/748/517 340/650/519 71/323/514
f 71/323/514 276/747/516 514/748/517
f 342/433/522 513/751/13 275/752/13
f 275/752/13 69/71/1528 342/433/522
f 632/845/1481 631/844/1529 1277/1966/1481
f 1277/1966/1481 1048/1601/1481 632/845/1481
f 1048/1601/1530 1277/1966/1530 1278/1967/1530
f 1278/1967/1530 1046/1599/1530 1048/1601/1530
f 1046/1599/1531 1278/1967/1531 1279/1968/1531
f 1279/1968/1531 797/1115/1531 1046/1599/1531
f 797/1115/1532 1279/1968/1532 81/1969/1532
f 81/1969/1532 106/1116/1532 797/1115/1532
f 651/877/1533 649/875/1533 648/874/1533
f 648/874/1533 652/878/1533 651/877/1533
f 652/878/1534 648/874/1534 655/881/1535
f 655/881/1535 656/885/1535 652/878/1534
f 656/885/1536 655/881/1537 654/880/1537
f 654/880/1537 657/886/1537 656/885/1536
f 657/886/646 654/880/646 231/889/646
f 231/889/646 470/890/647 657/886/646
f 470/890/1533 231/889/1533 233/1970/1538
f 233/1970/1538 480/1971/1539 470/890/1533
f 479/1972/1540 239/1973/1541 316/1974/1542
f 316/1974/1542 559/1975/1541 479/1972/1540
f 559/1975/1543 316/1974/1544 244/1976/1544
f 244/1976/1544 482/1977/1544 559/1975/1543
f 483/623/461 482/1977/1545 244/1976/461
f 244/1976/461 243/294/461 483/623/461
f 483/623/1546 243/294/1546 242/293/1546
f 242/293/1546 484/624/1546 483/623/1546
f 481/1978/1547 484/624/1548 242/293/1549
f 242/293/1549 241/1979/1548 481/1978/1547
f 481/1978/1550 241/1979/1551 317/1872/1551
f 317/1872/1551 558/1871/1551 481/1978/1550
f 976/1980/45 287/1981/45 623/943/45
f 623/943/45 696/942/45 976/1980/45
f 697/945/700 649/946/648 651/948/702
f 651/948/702 698/947/701 697/945/700
f 697/945/711 698/947/707 545/949/706
f 545/949/706 298/951/709 697/945/711
f 352/443/1552 373/992/1553 371/1982/1552
f 371/1982/1552 353/444/1552 352/443/1552
f 353/444/1554 371/1982/1555 369/1983/1554
f 369/1983/1554 355/446/1554 353/444/1554
f 355/446/1556 369/1983/1556 367/1984/1557
f 367/1984/1557 357/448/1556 355/446/1556
f 357/448/1558 367/1984/1559 365/1985/1558
f 365/1985/1558 359/450/1558 357/448/1558
f 359/450/1560 365/1985/1560 364/993/1561
f 364/993/1561 361/452/1561 359/450/1560
f 390/484/1482 710/996/883 817/1986/1482
f 817/1986/1482 1280/1987/883 390/484/1482
f 1280/1987/1562 817/1986/1529 816/1988/1481
f 816/1988/1481 1281/1989/1481 1280/1987/1562
f 1281/1989/1480 816/1988/1480 815/1990/1480
f 815/1990/1480 1282/1991/1479 1281/1989/1480
f 1282/1991/1477 815/1990/1513 814/1992/1477
f 814/1992/1477 1283/1993/1477 1282/1991/1477
f 1283/1993/1475 814/1992/1475 399/1994/1475
f 399/1994/1475 376/999/1475 1283/1993/1475
f 711/998/1 391/485/1 332/488/303
f 391/485/1 711/998/1 809/1153/1
f 712/1001/2 1283/1993/2 376/999/323
f 1283/1993/2 712/1001/2 1284/1995/2
f 1284/1995/2 1282/1991/2 1283/1993/2
f 1282/1991/2 1284/1995/2 1285/1996/2
f 757/1054/1563 727/1997/1564 717/1008/1563
f 717/1008/1563 716/1007/1564 757/1054/1563
f 765/1062/1565 720/1011/1566 721/1012/1567
f 721/1012/1567 734/1998/1567 765/1062/1565
f 723/1016/45 725/1018/45 728/1021/45
f 728/1021/45 727/1020/45 723/1016/45
f 727/1020/45 726/1019/45 729/1023/45
f 729/1023/45 717/1022/45 727/1020/45
f 730/1024/45 718/1999/45 717/1022/45
f 721/1026/45 718/1999/45 730/1024/45
f 734/1029/45 721/1026/45 731/1025/45
f 731/1025/45 732/1027/45 734/1029/45
f 832/1216/1568 728/1021/1569 725/1018/1570
f 728/1021/1569 832/1216/1568 1286/2000/1571
f 759/1056/13 757/1054/421 716/1007/13
f 716/1007/13 760/1057/13 759/1056/13
f 764/1061/13 762/1059/13 720/1011/13
f 720/1011/13 765/1062/13 764/1061/13
f 986/2001/45 789/1091/45 703/1092/45
f 703/1092/45 533/2002/45 986/2001/45
f 546/711/1572 562/739/1572 790/1097/1572
f 790/1097/1572 556/1096/1572 546/711/1572
f 554/1101/1573 792/1100/1574 820/2003/1574
f 820/2003/1574 553/2004/1574 554/1101/1573
f 553/2004/1575 820/2003/1575 819/2005/1575
f 819/2005/1575 552/2006/1576 553/2004/1575
f 552/2006/1577 819/2005/1577 818/2007/1578
f 818/2007/1578 551/2008/1579 552/2006/1577
f 551/2008/1580 818/2007/1580 1287/2009/1580
f 1287/2009/1580 549/2010/1580 551/2008/1580
f 102/2011/1552 104/1109/1552 80/82/1552
f 80/82/1552 84/86/1552 102/2011/1552
f 100/2012/1554 102/2011/1554 84/86/1554
f 84/86/1554 86/88/1554 100/2012/1554
f 98/2013/1557 100/2012/1556 86/88/1556
f 86/88/1556 88/90/1556 98/2013/1557
f 95/2014/1559 98/2013/1558 88/90/1558
f 88/90/1558 90/92/1559 95/2014/1559
f 96/1112/1560 95/2014/1561 90/92/1560
f 90/92/1560 92/94/1560 96/1112/1560
f 803/2015/1482 796/1113/883 121/123/1482
f 121/123/1482 1288/2016/883 803/2015/1482
f 802/2017/1481 803/2015/1481 1288/2016/1562
f 1288/2016/1562 1289/2018/1481 802/2017/1481
f 801/2019/1480 802/2017/1480 1289/2018/1480
f 1289/2018/1480 1047/1600/1480 801/2019/1480
f 800/2020/1477 801/2019/1513 1047/1600/1478
f 1047/1600/1478 1045/1598/1513 800/2020/1477
f 130/2021/1475 800/2020/1475 1045/1598/1475
f 1045/1598/1475 105/1117/1475 130/2021/1475
f 615/1128/1572 319/409/1572 299/376/1572
f 299/376/1572 309/1129/1572 615/1128/1572
f 612/2022/1574 613/1131/1574 307/1132/1574
f 307/1132/1574 306/2023/1574 612/2022/1574
f 609/2024/1575 612/2022/1575 306/2023/1576
f 306/2023/1576 305/2025/1575 609/2024/1575
f 610/2026/1579 609/2024/1579 305/2025/1579
f 305/2025/1579 303/2027/1579 610/2026/1579
f 1290/2028/1580 610/2026/1580 303/2027/1580
f 303/2027/1580 302/2029/1580 1290/2028/1580
f 1291/2030/1529 809/1153/1529 810/1154/1529
f 810/1154/1529 1285/1996/1481 1291/2030/1529
f 1040/1591/1530 1291/2030/1530 1285/1996/1530
f 1285/1996/1530 1284/1995/1530 1040/1591/1530
f 1043/1594/1531 1040/1591/1531 1284/1995/1531
f 1284/1995/1531 712/1001/1531 1043/1594/1531
f 351/1596/1532 1043/1594/1532 712/1001/1532
f 712/1001/1532 375/1000/1532 351/1596/1532
f 175/2031/466 174/2032/466 823/1195/466
f 823/1195/466 824/1199/466 175/2031/466
f 824/1199/131 823/1195/131 822/1194/131
f 822/1194/131 825/1200/1501 824/1199/131
f 825/1200/1581 822/1194/1582 196/2033/1583
f 196/2033/1583 446/2034/1583 825/1200/1581
f 1259/1907/1584 1258/1906/1585 1263/1911/1585
f 1263/1911/1585 1262/1910/1585 1259/1907/1584
f 1259/1907/1586 1262/1910/1586 1276/1955/1586
f 1276/1955/1586 1273/1952/1586 1259/1907/1586
f 842/1232/1587 840/1230/1587 841/1231/1588
f 841/1231/1588 843/1233/1587 842/1232/1587
f 848/1238/1589 850/1240/1589 852/1242/1589
f 852/1242/1589 851/1241/1589 848/1238/1589
f 858/1248/1587 859/1249/1587 861/1251/1587
f 861/1251/1587 860/1250/1587 858/1248/1587
f 872/1271/1590 868/1265/1591 871/1268/1592
f 871/1268/1592 873/1273/1590 872/1271/1590
f 880/1293/1593 877/1288/1594 879/1291/1593
f 879/1291/1593 885/1298/1593 880/1293/1593
f 888/1301/1595 880/1293/1596 885/1298/1595
f 885/1298/1595 887/1300/1595 888/1301/1595
f 889/1302/1597 888/1301/1598 887/1300/1598
f 887/1300/1598 890/1303/1597 889/1302/1597
f 893/1306/1599 889/1302/1599 890/1303/1599
f 890/1303/1599 897/1312/1600 893/1306/1599
f 895/1310/1601 893/1306/1601 897/1312/1601
f 897/1312/1601 898/1313/1602 895/1310/1601
f 927/1361/649 910/1340/649 906/1336/649
f 906/1336/649 934/1373/649 927/1361/649
f 925/1359/1603 913/1343/1603 910/1340/1603
f 910/1340/1603 927/1361/1603 925/1359/1603
f 914/1344/588 913/1343/588 925/1359/588
f 925/1359/588 923/1357/588 914/1344/588
f 917/1351/1604 914/1344/1604 923/1357/1604
f 923/1357/1604 921/1355/1605 917/1351/1604
f 918/1352/1104 917/1351/1103 921/1355/1104
f 921/1355/1104 920/1354/1103 918/1352/1104
f 939/1391/1606 936/1386/1607 938/1389/1606
f 938/1389/1606 940/1394/1606 939/1391/1606
f 948/1414/1593 945/1410/1593 947/1413/1593
f 947/1413/1593 951/1418/1593 948/1414/1593
f 951/1418/1595 947/1413/1596 953/1420/1595
f 953/1420/1595 954/1421/1596 951/1418/1595
f 954/1421/1598 953/1420/1598 956/1423/1598
f 956/1423/1598 957/1424/1597 954/1421/1598
f 957/1424/1600 956/1423/1600 962/1431/1599
f 962/1431/1599 965/1434/1600 957/1424/1600
f 965/1434/1602 962/1431/1601 963/1432/1608
f 963/1432/1608 966/1435/1602 965/1434/1602
f 896/1463/1361 964/1461/1361 569/750/1361
f 569/750/1361 568/749/1361 896/1463/1361
f 550/2035/405 549/2036/1609 302/2037/405
f 302/2037/405 304/2038/45 550/2035/405
f 234/1468/1610 475/1467/1611 477/1839/1611
f 477/1839/1611 237/1838/1611 234/1468/1610
f 934/1530/1612 906/1521/1612 989/1524/1612
f 989/1524/1612 994/1531/1612 934/1530/1612
f 995/1532/1613 994/1531/1613 989/1524/1613
f 989/1524/1613 990/1525/1613 995/1532/1613
f 995/1532/1614 990/1525/1614 998/1535/1614
f 998/1535/1614 999/1536/1614 995/1532/1614
f 999/1536/1615 998/1535/1615 1000/1537/1615
f 1000/1537/1615 1002/1539/1616 999/1536/1615
f 1002/1539/1617 1000/1537/1617 1004/1541/1617
f 1004/1541/1617 1006/1543/1617 1002/1539/1617
f 1006/1543/1361 1004/1541/1618 1008/1545/1361
f 1008/1545/1361 1010/1547/1618 1006/1543/1361
f 1015/1554/167 1014/1553/1619 1017/1556/167
f 1017/1556/167 1016/1555/167 1015/1554/167
f 1015/1554/1620 1016/1555/1620 1020/1561/1620
f 1020/1561/1620 1024/1566/1620 1015/1554/1620
f 1024/1566/1621 1020/1561/176 1023/1565/1621
f 1023/1565/1621 1026/1568/1622 1024/1566/1621
f 1028/1571/1623 1026/1568/1623 1023/1565/1623
f 1023/1565/1623 1032/1580/1623 1028/1571/1623
f 486/626/1624 1030/1577/1624 1031/1578/1624
f 1031/1578/1624 249/300/1624 486/626/1624
f 1031/1578/1625 1030/1577/1625 1028/1571/1625
f 1028/1571/1625 1032/1580/1625 1031/1578/1625
f 1037/1588/1360 1034/1585/1359 1036/1587/1358
f 1036/1587/1358 1038/1589/1360 1037/1588/1360
f 1038/2039/13 1036/1587/13 1035/1586/13
f 1035/1586/13 1039/2040/13 1038/2039/13
f 1039/2041/1361 1035/1586/1361 1034/1585/1361
f 1034/1585/1361 1037/2042/1361 1039/2041/1361
f 1292/2043/1 1293/2044/1 1294/2045/1
f 1294/2045/1 1295/2046/1 1292/2043/1
f 1296/2047/1 1297/2048/1 1298/2049/1
f 1298/2049/1 1299/2050/1 1296/2047/1
f 1300/2051/2 1301/2052/2 1302/2053/2
f 1302/2053/2 1303/2054/2 1300/2051/2
f 1304/2055/2 1305/2056/2 1306/2057/2
f 1306/2057/2 1307/2058/2 1304/2055/2
f 1293/2059/1 1298/2060/1 1297/2048/1
f 1297/2048/1 1294/2045/1 1293/2059/1
f 1305/2056/2 1304/2061/2 1301/2062/2
f 1301/2062/2 1300/2051/2 1305/2056/2
f 1304/2063/1350 1298/2060/1350 1293/2059/1350
f 1293/2059/1350 1301/2064/1350 1304/2063/1350
f 1300/2051/1351 1294/2045/1351 1297/2048/1351
f 1297/2048/1351 1305/2056/1351 1300/2051/1351
f 1301/2065/1352 1293/2044/1626 1292/2043/1353
f 1292/2043/1353 1302/2066/1353 1301/2065/1352
f 1302/2066/1350 1292/2043/1350 1295/2067/1350
f 1295/2067/1350 1303/2068/1350 1302/2066/1350
f 1303/2054/1354 1295/2046/1354 1294/2045/1354
f 1294/2045/1354 1300/2051/1354 1303/2054/1354
f 1305/2056/1355 1297/2048/1355 1296/2047/1355
f 1296/2047/1355 1306/2057/1355 1305/2056/1355
f 1306/2069/1350 1296/2070/1350 1299/2050/1350
f 1299/2050/1350 1307/2071/1350 1306/2069/1350
f 1307/2071/1356 1299/2050/1627 1298/2049/1356
f 1298/2049/1356 1304/2072/1627 1307/2071/1356
f 1308/2073/1628 1309/2074/1629 1310/2075/1629
f 1310/2075/1629 1311/2076/1629 1308/2073/1628
f 1312/2077/1630 1313/2078/1631 1314/2079/1630
f 1314/2079/1630 1315/2080/1630 1312/2077/1630
f 1316/2081/1632 1317/2082/1633 1318/2083/1632
f 1318/2083/1632 1319/2084/1633 1316/2081/1632
f 1320/2085/1634 1321/2086/1634 1322/2087/1634
f 1322/2087/1634 1323/2088/1635 1320/2085/1634
f 1321/2086/664 1324/2089/664 1325/2090/664
f 1325/2090/664 1322/2087/664 1321/2086/664
f 1326/2091/1636 1327/2092/1637 1325/2093/1636
f 1325/2093/1636 1324/2094/1636 1326/2091/1636
f 1326/2091/1638 1328/2095/1638 1329/2096/1638
f 1329/2096/1638 1327/2092/1638 1326/2091/1638
f 1328/2095/1639 1330/2097/1639 1331/2098/1639
f 1331/2098/1639 1329/2096/1639 1328/2095/1639
f 1330/2097/1640 1320/2085/1640 1323/2088/1640
f 1323/2088/1640 1331/2098/1640 1330/2097/1640
f 1332/2099/1641 1333/2100/1642 1334/2101/1642
f 1334/2101/1642 1335/2102/1641 1332/2099/1641
f 1336/2103/1643 1337/2104/1643 1338/2105/1643
f 1338/2105/1643 1339/2106/1643 1336/2103/1643
f 1340/2107/1643 1341/2108/1643 1342/2109/1644
f 1342/2109/1644 1343/2110/1643 1340/2107/1643
f 1344/2111/1645 1345/2112/1645 1346/2113/1645
f 1346/2113/1645 1347/2114/1645 1344/2111/1645
f 1348/2115/45 1349/2116/45 1350/2117/45
f 1350/2117/45 1351/2118/45 1348/2115/45
f 1352/2119/13 1353/2120/13 1354/2121/13
f 1354/2121/13 1355/2122/13 1352/2119/13
f 1351/2118/131 1350/2117/131 1354/2123/131
f 1354/2123/131 1353/2124/131 1351/2118/131
f 1352/2119/1361 1355/2122/1361 1349/2116/1361
f 1349/2116/1361 1348/2115/1361 1352/2119/1361
f 1356/2125/45 1357/2126/45 1358/2127/45
f 1358/2127/45 1359/2128/45 1356/2125/45
f 1360/2129/13 1361/2130/13 1362/2131/13
f 1362/2131/13 1363/2132/13 1360/2129/13
f 1359/2128/1 1358/2127/1 1362/2133/1
f 1362/2133/1 1361/2134/1 1359/2128/1
f 1357/2126/2 1356/2125/2 1360/2129/2
f 1360/2129/2 1363/2132/2 1357/2126/2
f 1364/2135/45 1365/2136/45 1366/2137/45
f 1366/2137/45 1367/2138/45 1364/2135/45
f 1368/2139/13 1369/2140/13 1370/2141/13
f 1370/2141/13 1371/2142/13 1368/2139/13
f 1367/2138/1 1366/2137/1 1370/2143/1
f 1370/2143/1 1369/2144/1 1367/2138/1
f 1365/2136/2 1364/2135/2 1368/2139/2
f 1368/2139/2 1371/2142/2 1365/2136/2
f 1372/2145/45 1373/2146/45 1374/2147/45
f 1374/2147/45 1375/2148/45 1372/2145/45
f 1376/2149/13 1377/2150/13 1378/2151/13
f 1378/2151/13 1379/2152/13 1376/2149/13
f 1375/2148/1 1374/2147/1 1378/2153/1
f 1378/2153/1 1377/2154/1 1375/2148/1
f 1373/2146/2 1372/2145/2 1376/2149/2
f 1376/2149/2 1379/2152/2 1373/2146/2
f 1380/2155/45 1381/2156/45 1382/2157/45
f 1382/2157/45 1383/2158/45 1380/2155/45
f 1384/2159/13 1385/2160/13 1386/2161/13
f 1386/2161/13 1387/2162/13 1384/2159/13
f 1381/2156/2 1387/2163/2 1386/2164/2
f 1386/2164/2 1382/2157/2 1381/2156/2
f 1383/2158/1 1385/2160/1 1384/2159/1
f 1384/2159/1 1380/2155/1 1383/2158/1
f 1388/2165/45 1389/2166/45 1390/2167/45
f 1390/2167/45 1391/2168/45 1388/2165/45
f 1392/2169/13 1393/2170/13 1394/2171/13
f 1394/2171/13 1395/2172/13 1392/2169/13
f 1391/2168/131 1390/2167/131 1394/2173/131
f 1394/2173/131 1393/2174/131 1391/2168/131
f 1392/2169/1361 1395/2172/1361 1389/2166/1361
f 1389/2166/1361 1388/2165/1361 1392/2169/1361
f 1396/2175/45 1397/2176/45 1398/2177/45
f 1398/2177/45 1399/2178/45 1396/2175/45
f 1400/2179/13 1401/2180/13 1402/2181/13
f 1402/2181/13 1403/2182/13 1400/2179/13
f 1399/2178/131 1398/2177/131 1402/2183/131
f 1402/2183/131 1401/2184/131 1399/2178/131
f 1400/2179/1361 1403/2182/1361 1397/2176/1361
f 1397/2176/1361 1396/2175/1361 1400/2179/1361
f 1404/2185/45 1405/2186/45 1406/2187/45
f 1406/2187/45 1407/2188/45 1404/2185/45
f 1408/2189/13 1409/2190/13 1410/2191/13
f 1410/2191/13 1411/2192/13 1408/2189/13
f 1407/2188/131 1406/2187/131 1410/2193/131
f 1410/2193/131 1409/2194/131 1407/2188/131
f 1408/2189/1361 1411/2192/1361 1405/2186/1361
f 1405/2186/1361 1404/2185/1361 1408/2189/1361
f 1412/2195/45 1413/2196/45 1414/2197/45
f 1414/2197/45 1415/2198/45 1412/2195/45
f 1416/2199/13 1417/2200/13 1418/2201/13
f 1418/2201/13 1419/2202/13 1416/2199/13
f 1413/2196/1 1419/2203/1 1418/2204/1
f 1418/2204/1 1414/2197/1 1413/2196/1
f 1415/2198/2 1417/2200/2 1416/2199/2
f 1416/2199/2 1412/2195/2 1415/2198/2
f 1417/2200/1361 1415/2205/1361 1414/2206/1361
f 1414/2206/1361 1418/2201/1361 1417/2200/1361
f 1420/2207/1361 1421/2208/1361 1422/2209/1361
f 1422/2209/1361 1423/2210/1361 1420/2207/1361
f 1424/2211/1646 1425/2212/1647 1420/2207/1648
f 1420/2207/1648 1423/2210/1649 1424/2211/1646
f 1426/2213/45 1427/2214/45 1428/2215/45
f 1428/2215/45 1429/2216/45 1426/2213/45
f 1430/2217/13 1431/2218/13 1432/2219/13
f 1432/2219/13 1433/2220/13 1430/2217/13
f 1429/2216/2 1428/2215/2 1432/2221/2
f 1432/2221/2 1431/2222/2 1429/2216/2
f 1427/2214/1 1426/2213/1 1430/2217/1
f 1430/2217/1 1433/2220/1 1427/2214/1
f 1433/2220/1361 1432/2219/1361 1428/2223/1361
f 1428/2223/1361 1427/2224/1361 1433/2220/1361
f 1434/2225/45 1435/2226/45 1436/2227/45
f 1436/2227/45 1437/2228/45 1434/2225/45
f 1438/2229/13 1439/2230/13 1440/2231/13
f 1440/2231/13 1441/2232/13 1438/2229/13
f 1435/2226/2 1441/2233/2 1440/2234/2
f 1440/2234/2 1436/2227/2 1435/2226/2
f 1437/2228/1 1439/2230/1 1438/2229/1
f 1438/2229/1 1434/2225/1 1437/2228/1
f 1442/2235/45 1443/2236/45 1444/2237/45
f 1444/2237/45 1445/2238/45 1442/2235/45
f 1446/2239/13 1447/2240/13 1448/2241/13
f 1448/2241/13 1449/2242/13 1446/2239/13
f 1443/2236/2 1449/2243/2 1448/2244/2
f 1448/2244/2 1444/2237/2 1443/2236/2
f 1445/2238/1 1447/2240/1 1446/2239/1
f 1446/2239/1 1442/2235/1 1445/2238/1
f 1450/2245/1 1451/2246/1 1452/2247/1
f 1452/2247/1 1453/2248/1 1450/2245/1
f 1453/2248/1 1452/2247/1 1454/2249/1
f 1454/2249/1 1455/2250/1 1453/2248/1
f 1455/2250/1 1454/2249/1 1456/2251/1
f 1456/2251/1 1457/2252/1 1455/2250/1
f 1457/2252/1 1456/2251/1 1458/2253/1
f 1458/2253/1 1459/2254/1 1457/2252/1
f 1459/2254/1 1458/2253/1 1460/2255/1
f 1460/2255/1 1461/2256/1 1459/2254/1
f 1461/2256/1 1460/2255/1 1462/2257/1
f 1462/2257/1 1463/2258/1 1461/2256/1
f 1463/2258/1 1462/2257/1 1464/2259/1
f 1464/2259/1 1465/2260/1 1463/2258/1
f 1466/2261/1 1465/2260/1 1464/2259/1
f 1464/2259/1 1467/2262/1 1466/2261/1
f 13/2263/1650 20/2264/1651 19/2265/1652
f 19/2265/1652 14/2266/1653 13/2263/1650
f 14/2266/1653 19/2265/1652 16/2267/1654
f 16/2267/1654 9/2268/1655 14/2266/1653
f 10/2269/1656 9/2268/1655 16/2267/1654
f 16/2267/1654 15/2270/1657 10/2269/1656
f 10/2269/1656 15/2270/1657 20/2271/1651
f 20/2271/1651 13/2272/1650 10/2269/1656
f 23/1702/1658 1110/1681/1659 1109/1680/1660
f 1109/1680/1660 1103/2273/1658 23/1702/1658
f 1103/2273/1658 1109/1680/1660 1112/1683/1661
f 1112/1683/1661 1104/2274/1658 1103/2273/1658
f 1104/2274/1658 1112/1683/1661 1115/1686/1403
f 1115/1686/1403 1106/1711/1402 1104/2274/1658
f 1468/2275/1662 1469/2276/1662 1470/2277/1663
f 1470/2277/1663 1471/2278/1663 1468/2275/1662
f 1471/2278/1663 1470/2277/1663 1472/2279/1664
f 1472/2279/1664 1473/2280/1664 1471/2278/1663
f 1473/2280/1664 1472/2279/1664 1474/2281/1665
f 1474/2281/1665 1475/2282/1665 1473/2280/1664
f 1475/2282/1665 1474/2281/1665 1476/2283/1666
f 1476/2283/1666 1477/2284/1666 1475/2282/1665
f 1477/2284/1666 1476/2283/1666 1478/2285/1667
f 1478/2285/1667 1479/2286/1668 1477/2284/1666
f 1479/2286/1668 1478/2285/1667 1469/2287/1662
f 1469/2287/1662 1468/2288/1662 1479/2286/1668
f 1480/2289/1669 1481/2290/1515 1482/2291/1670
f 1482/2291/1670 1483/2292/1671 1480/2289/1669
f 1483/2292/1671 1482/2291/1670 1484/2293/307
f 1484/2293/307 1485/2294/1672 1483/2292/1671
f 1485/2294/1672 1484/2293/307 1486/2295/1673
f 1486/2295/1673 1487/2296/1674 1485/2294/1672
f 1487/2296/1674 1486/2295/1673 1488/2297/1675
f 1488/2297/1675 1489/2298/1676 1487/2296/1674
f 1489/2298/1676 1488/2297/1675 1490/2299/1677
f 1490/2299/1677 1491/2300/1678 1489/2298/1676
f 1491/2300/1678 1490/2299/1677 1481/2301/1515
f 1481/2301/1515 1480/2302/1669 1491/2300/1678
f 24/24/14 23/23/13 1492/2303/13
f 1492/2303/13 23/23/13 1105/1676/13
f 1492/2303/13 1105/1676/13 1493/2304/13
f 1493/2304/13 1105/1676/13 1133/2305/13
f 1493/2304/13 1133/2305/13 1494/2306/13
f 1494/2306/13 1133/2305/13 1131/2307/13
f 1131/2307/13 1495/2308/13 1494/2306/13
f 1495/2308/13 1131/2307/13 1129/2309/13
f 1129/2309/13 25/25/13 1495/2308/13
f 25/25/13 1129/2309/13 23/23/13
f 1496/2310/1679 1497/2311/1679 1498/2312/1680
f 1498/2312/1680 1499/2313/1680 1496/2310/1679
f 1499/2313/1680 1498/2312/1680 1500/2314/1681
f 1500/2314/1681 1501/2315/1681 1499/2313/1680
f 1501/2315/1681 1500/2314/1681 1502/2316/1682
f 1502/2316/1682 1503/2317/1682 1501/2315/1681
f 1503/2317/1682 1502/2316/1682 1504/2318/1683
f 1504/2318/1683 1505/2319/1683 1503/2317/1682
f 1505/2319/1683 1504/2318/1683 1506/2320/1684
f 1506/2320/1684 1507/2321/1684 1505/2319/1683
f 1507/2321/1684 1506/2320/1684 1508/2322/1685
f 1508/2322/1685 1509/2323/1685 1507/2321/1684
f 1509/2323/1685 1508/2322/1685 1510/2324/1686
f 1510/2324/1686 1511/2325/1686 1509/2323/1685
f 1511/2325/1686 1510/2324/1686 1512/2326/13
f 1512/2326/13 1513/2327/13 1511/2325/1686
f 1513/2327/13 1512/2326/13 1514/2328/1687
f 1514/2328/1687 1515/2329/1687 1513/2327/13
f 1515/2329/1687 1514/2328/1687 1516/2330/1540
f 1516/2330/1540 1517/2331/1540 1515/2329/1687
f 1517/2331/1540 1516/2330/1540 1518/2332/1688
f 1518/2332/1688 1519/2333/1688 1517/2331/1540
f 1519/2333/1688 1518/2332/1688 1520/2334/1689
f 1520/2334/1689 1521/2335/1690 1519/2333/1688
f 1521/2335/1690 1520/2334/1689 1522/2336/1691
f 1522/2336/1691 1523/2337/1691 1521/2335/1690
f 1523/2337/1691 1522/2336/1691 1524/2338/1692
f 1524/2338/1692 1525/2339/1692 1523/2337/1691
f 1525/2339/1692 1524/2338/1692 1526/2340/1693
f 1526/2340/1693 1527/2341/1693 1525/2339/1692
f 1527/2341/1693 1526/2340/1693 1528/2342/1694
f 1528/2342/1694 1529/2343/1694 1527/2341/1693
f 1530/2344/1695 1531/2345/1694 1532/2346/45
f 1533/2347/1679 1530/2344/1695 1532/2346/45
f 1532/2346/45 1534/2348/45 1533/2347/1679
f 1534/2348/45 1535/2349/1679 1533/2347/1679
f 1536/2350/1696 1537/2351/1696 1538/2352/1697
f 1538/2352/1697 1539/2353/1697 1536/2350/1696
f 1539/2353/1697 1538/2352/1697 1540/2354/1642
f 1540/2354/1642 1541/2355/1642 1539/2353/1697
f 1541/2355/1642 1540/2354/1642 1542/2356/1698
f 1542/2356/1698 1543/2357/1698 1541/2355/1642
f 1536/2358/1696 1543/2357/1698 1542/2356/1698
f 1542/2356/1698 1537/2359/1696 1536/2358/1696
f 1544/2360/1696 1545/2361/1696 1546/2362/1697
f 1546/2362/1697 1547/2363/1697 1544/2360/1696
f 1547/2363/1697 1546/2362/1697 1548/2364/1642
f 1548/2364/1642 1549/2365/1642 1547/2363/1697
f 1549/2365/1642 1548/2364/1642 1550/2366/1698
f 1550/2366/1698 1551/2367/1698 1549/2365/1642
f 1544/2368/1696 1551/2367/1698 1550/2366/1698
f 1550/2366/1698 1545/2369/1696 1544/2368/1696
f 1552/2370/1699 1553/2371/1699 1554/2372/1700
f 1554/2372/1700 1555/2373/1701 1552/2370/1699
f 1555/2373/1701 1554/2372/1700 1556/2374/1702
f 1556/2374/1702 1557/2375/1703 1555/2373/1701
f 1557/2375/1703 1556/2374/1702 1558/2376/1428
f 1558/2376/1428 1559/2377/1428 1557/2375/1703
f 1559/2377/1428 1558/2376/1428 1560/2378/1425
f 1560/2378/1425 1561/2379/1425 1559/2377/1428
f 1561/2379/1425 1560/2378/1425 1562/2380/1427
f 1562/2380/1427 1563/2381/1704 1561/2379/1425
f 1563/2381/1704 1562/2380/1427 1553/2382/1699
f 1553/2382/1699 1552/2383/1699 1563/2381/1704
f 1159/2384/13 1158/2385/13 1161/2386/13
f 1161/2386/13 1167/2387/13 1159/2384/13
f 1167/2387/13 1161/2386/13 1163/2388/13
f 1163/2388/13 1165/2389/13 1167/2387/13
f 1564/2390/1699 1565/2391/1699 1566/2392/1700
f 1566/2392/1700 1567/2393/1701 1564/2390/1699
f 1567/2393/1701 1566/2392/1700 1568/2394/1702
f 1568/2394/1702 1569/2395/1703 1567/2393/1701
f 1569/2395/1703 1568/2394/1702 1570/2396/1428
f 1570/2396/1428 1571/2397/1428 1569/2395/1703
f 1571/2397/1428 1570/2396/1428 1572/2398/1705
f 1572/2398/1705 1573/2399/1705 1571/2397/1428
f 1573/2399/1705 1572/2398/1705 1574/2400/1704
f 1574/2400/1704 1575/2401/1427 1573/2399/1705
f 1575/2401/1427 1574/2400/1704 1565/2402/1699
f 1565/2402/1699 1564/2403/1699 1575/2401/1427
f 1576/2404/1702 1577/2405/1702 1578/2406/1428
f 1578/2406/1428 1579/2407/1428 1576/2404/1702
f 1579/2407/1428 1578/2406/1428 1580/2408/1705
f 1580/2408/1705 1581/2409/1425 1579/2407/1428
f 1581/2409/1425 1580/2408/1705 1582/2410/1704
f 1582/2410/1704 1583/2411/1704 1581/2409/1425
f 1583/2411/1704 1582/2410/1704 1584/2412/1699
f 1584/2412/1699 1585/2413/1699 1583/2411/1704
f 1585/2413/1699 1584/2412/1699 1586/2414/1700
f 1586/2414/1700 1587/2415/1700 1585/2413/1699
f 1587/2415/1700 1586/2414/1700 1577/2416/1702
f 1577/2416/1702 1576/2417/1702 1587/2415/1700
f 32/32/1706 1588/2418/1706 1589/2419/1707
f 1589/2419/1707 29/29/1708 32/32/1706
f 29/29/1708 1589/2419/1707 1590/2420/1709
f 1590/2420/1709 28/28/1710 29/29/1708
f 33/33/1711 28/28/1710 1590/2420/1709
f 1590/2420/1709 1591/2421/1712 33/33/1711
f 32/34/1706 33/33/1711 1591/2421/1712
f 1591/2421/1712 1588/2422/1706 32/34/1706
f 1592/2423/1713 1593/2424/1714 1594/2425/1715
f 1594/2425/1715 1595/2426/1716 1592/2423/1713
f 1595/2426/1716 1594/2425/1715 1596/2427/1717
f 1596/2427/1717 1597/2428/1718 1595/2426/1716
f 1597/2428/1718 1596/2427/1717 1598/2429/1719
f 1598/2429/1719 1599/2430/1720 1597/2428/1718
f 1599/2430/1720 1598/2429/1719 1600/2431/1721
f 1600/2431/1721 1601/2432/1722 1599/2430/1720
f 1601/2432/1722 1600/2431/1721 1602/2433/1723
f 1602/2433/1723 1603/2434/1724 1601/2432/1722
f 1603/2434/1724 1602/2433/1723 1604/2435/1725
f 1604/2435/1725 1605/2436/1726 1603/2434/1724
f 1605/2436/1726 1604/2435/1725 1606/2437/1727
f 1606/2437/1727 1607/2438/1728 1605/2436/1726
f 1607/2438/1728 1606/2437/1727 1593/2439/1714
f 1593/2439/1714 1592/2440/1713 1607/2438/1728
f 1608/2441/1729 1609/2442/1730 1610/2443/1731
f 1610/2443/1731 1611/2444/1732 1608/2441/1729
f 1611/2444/1732 1610/2443/1731 1612/2445/1733
f 1612/2445/1733 1613/2446/1734 1611/2444/1732
f 1613/2446/1734 1612/2445/1733 1614/2447/1735
f 1614/2447/1735 1615/2448/1735 1613/2446/1734
f 1615/2448/1735 1614/2447/1735 1616/2449/1736
f 1616/2449/1736 1617/2450/1737 1615/2448/1735
f 1617/2450/1737 1616/2449/1736 1618/2451/1738
f 1618/2451/1738 1619/2452/1738 1617/2450/1737
f 1619/2452/1738 1618/2451/1738 1620/2453/1481
f 1620/2453/1481 1621/2454/1739 1619/2452/1738
f 1621/2454/1739 1620/2453/1481 1622/2455/1740
f 1622/2455/1740 1623/2456/1740 1621/2454/1739
f 1623/2456/1740 1622/2455/1740 1609/2457/1730
f 1609/2457/1730 1608/2458/1729 1623/2456/1740
f 1624/2459/1 1625/2460/1 1626/2461/1
f 1626/2461/1 1627/2462/1 1624/2459/1
f 1627/2462/1 1626/2461/1 1628/2463/1
f 1628/2463/1 1629/2464/1 1627/2462/1
f 1629/2464/1 1628/2463/1 1630/2465/1
f 1630/2465/1 1631/2466/1 1629/2464/1
f 1631/2466/1 1630/2465/1 1632/2467/1
f 1632/2467/1 1633/2468/1 1631/2466/1
f 1634/2469/1 1633/2468/1 1632/2467/1
f 1632/2467/1 1635/2470/1 1634/2469/1
f 1195/1787/1 1194/2471/1741 45/2472/1
f 1198/1783/1 1195/1787/1 45/2472/1
f 45/2472/1 47/2473/1 1198/1783/1
f 47/2473/1 1199/1784/1742 1198/1783/1
f 1226/2474/1743 1636/2475/1744 1637/2476/1745
f 1637/2476/1745 1213/2477/1746 1226/2474/1743
f 1213/2477/1746 1637/2476/1745 1638/2478/316
f 1638/2478/316 1214/2479/52 1213/2477/1746
f 1214/2479/52 1638/2478/316 1639/2480/1747
f 1639/2480/1747 1216/2481/1748 1214/2479/52
f 1216/2481/1748 1639/2480/1747 1640/2482/1749
f 1640/2482/1749 1218/2483/1750 1216/2481/1748
f 1218/2483/1750 1640/2482/1749 1641/2484/1751
f 1641/2484/1751 1220/2485/1752 1218/2483/1750
f 1220/2485/1752 1641/2484/1751 1642/2486/68
f 1642/2486/68 1222/2487/262 1220/2485/1752
f 1222/2487/262 1642/2486/68 1643/2488/1753
f 1643/2488/1753 1224/2489/1754 1222/2487/262
f 1224/2489/1754 1643/2488/1753 1636/2490/1744
f 1636/2490/1744 1226/2491/1743 1224/2489/1754
f 534/1014/1755 705/2492/1756 837/1226/1755
f 837/1226/1755 722/1015/1755 534/1014/1755
f 722/1015/1755 837/1226/1755 836/1223/1757
f 836/1223/1757 724/1017/1758 722/1015/1755
f 835/1221/1759 724/1017/1758 836/1223/1757
f 724/1017/1758 835/1221/1759 834/1219/1760
f 834/1219/1760 725/1018/1761 724/1017/1758
f 833/1217/1762 725/1018/1761 834/1219/1760
f 725/1018/1761 833/1217/1762 832/1216/1763
f 64/66/208 211/251/207 210/250/13
f 210/250/13 205/2493/13 64/66/208
f 210/250/13 206/1856/13 205/2493/13
f 607/2494/1361 916/2495/1361 257/1878/1361
f 916/2495/1361 918/2496/1361 257/1878/1361
f 496/1879/1361 257/1878/1361 918/2496/1361
f 918/2496/1361 920/2497/1361 496/1879/1361
f 919/2498/1361 496/1879/1361 920/2497/1361
f 621/2499/1361 496/1879/1361 919/2498/1361
f 541/706/485 540/705/484 1644/2500/45
f 1644/2500/45 1645/2501/45 541/706/485
f 1645/2501/45 1644/2500/45 1646/2502/45
f 1646/2502/45 1647/2503/45 1645/2501/45
f 1648/2504/45 1647/2503/45 1646/2502/45
f 1646/2502/45 1649/2505/45 1648/2504/45
f 296/373/45 1648/2504/45 1649/2505/45
f 1649/2505/45 293/370/45 296/373/45
f 327/818/341 329/817/13 342/433/522
f 342/433/522 412/2506/13 327/818/341
f 412/2506/13 342/433/522 69/71/1528
f 69/71/1528 145/2507/13 412/2506/13
f 50/786/14 145/2507/13 69/71/1528
f 69/71/1528 52/787/13 50/786/14
f 465/598/13 222/265/13 708/1143/13
f 708/1143/13 706/1140/13 465/598/13
f 706/1140/13 708/1143/13 1650/2508/13
f 1650/2508/13 707/2509/13 706/1140/13
f 707/2509/13 1650/2508/13 1651/2510/13
f 1651/2510/13 1652/2511/13 707/2509/13
f 1652/2511/13 1651/2510/13 1653/2512/13
f 1653/2512/13 1654/2513/13 1652/2511/13
f 1654/2513/13 1653/2512/13 1655/2514/13
f 1655/2514/13 1656/2515/13 1654/2513/13
f 1656/2515/13 1655/2514/13 1657/2516/13
f 423/1175/2 806/1150/2 807/1151/2
f 807/1151/2 420/2517/2 423/1175/2
f 420/2517/2 807/1151/2 862/2518/2
f 862/2518/2 419/2519/587 420/2517/2
f 419/2519/587 862/2518/2 861/2520/49
f 417/2521/2 419/2519/587 861/2520/49
f 861/2520/49 859/2522/2 417/2521/2
f 415/2523/2 417/2521/2 859/2522/2
f 859/2522/2 857/2524/1764 415/2523/2
f 415/2523/2 857/2524/1764 854/2525/1765
f 854/2525/1765 328/2526/1766 415/2523/2
f 325/1177/276 328/2526/1766 854/2525/1765
f 854/2525/1765 853/2527/500 325/1177/276
f 325/1177/276 853/2527/500 818/1178/1767
f 1287/2528/1768 818/1178/1767 853/2527/500
f 853/2527/500 852/2529/1768 1287/2528/1768
f 221/2530/13 220/2531/13 224/790/13
f 224/790/13 217/1380/13 221/2530/13
f 217/1380/13 224/790/13 625/1378/13
f 549/2036/1609 1287/2532/45 852/2533/45
f 302/2037/405 549/2036/1609 852/2533/45
f 852/2533/45 850/2534/45 302/2037/405
f 850/2534/45 1290/2535/45 302/2037/405
f 543/708/1769 755/1052/1770 759/1056/1771
f 759/1056/1771 540/705/1771 543/708/1769
f 540/705/1771 759/1056/1771 760/1057/1772
f 760/1057/1772 1644/2500/1773 540/705/1771
f 1261/2536/1773 1646/2502/1773 1644/2500/1773
f 1644/2500/1773 1275/2537/1774 1261/2536/1773
f 1275/2537/1774 1644/2500/1773 760/1057/1772
f 760/1057/1772 1274/2538/1775 1275/2537/1774
f 1274/2538/1775 760/1057/1772 761/1058/1776
f 761/1058/1776 1256/2539/1777 1274/2538/1775
f 1257/2540/1778 1256/2539/1777 761/1058/1776
f 761/1058/1776 762/1059/1779 1257/2540/1778
f 1260/2541/1780 1257/2540/1778 762/1059/1779
f 762/1059/1779 1649/2505/1779 1260/2541/1780
f 1261/2536/1781 1260/2541/1780 1649/2505/1779
f 1649/2505/1779 1646/2502/1782 1261/2536/1781
f 293/370/1783 1649/2505/1779 762/1059/1779
f 762/1059/1779 764/1061/1784 293/370/1783
f 294/371/1785 293/370/1783 764/1061/1784
f 764/1061/1784 763/1060/1785 294/371/1785
f 1313/2542/1639 1312/2543/1639 1658/2544/1353
f 1658/2544/1353 1659/2545/1353 1313/2542/1639
f 1659/2545/1353 1658/2544/1353 1660/2546/1786
f 1660/2546/1786 1661/2547/1786 1659/2545/1353
f 1661/2548/1786 1660/2549/1786 1662/2550/1787
f 1662/2550/1787 1663/2551/1787 1661/2548/1786
f 1663/2551/1787 1662/2550/1787 1664/2552/1788
f 1664/2552/1788 1665/2553/1788 1663/2551/1787
f 1665/2553/1788 1664/2552/1788 1666/2554/943
f 1666/2554/943 1667/2555/943 1665/2553/1788
f 1667/2555/943 1666/2554/943 1668/2556/1629
f 1668/2556/1629 1669/2557/1629 1667/2555/943
f 1669/2557/1629 1668/2556/1629 1670/2558/1789
f 1670/2558/1789 1671/2559/1790 1669/2557/1629
f 1671/2559/1790 1670/2558/1789 1672/2560/131
f 1672/2560/131 1673/2561/131 1671/2559/1790
f 1673/2561/131 1672/2560/131 1674/2562/1791
f 1674/2562/1791 1675/2563/1791 1673/2561/131
f 1675/2563/1791 1674/2562/1791 1676/2564/745
f 1676/2564/745 1677/2565/745 1675/2563/1791
f 1677/2565/745 1676/2564/745 1309/2566/1792
f 1309/2566/1792 1308/2567/664 1677/2565/745
f 1347/2114/1 1346/2113/1 1678/2568/1
f 1678/2568/1 1679/2569/1 1347/2114/1
f 1679/2569/1 1678/2568/1 1680/2570/1
f 1680/2570/1 1681/2571/1 1679/2569/1
f 1681/2571/1 1680/2570/1 1682/2572/1
f 1682/2572/1 1683/2573/1 1681/2571/1
f 1684/2574/1 1683/2573/1 1682/2572/1
f 1682/2572/1 1685/2575/1 1684/2574/1
f 1686/2576/1 1684/2574/1 1685/2575/1
f 1685/2575/1 1687/2577/1 1686/2576/1
f 1338/2105/1 1686/2576/1 1687/2577/1
f 1687/2577/1 1339/2106/1 1338/2105/1
f 1343/2110/2 1342/2109/2 1688/2578/2
f 1688/2578/2 1689/2579/2 1343/2110/2
f 1689/2579/2 1688/2578/2 1690/2580/2
f 1690/2580/2 1691/2581/2 1689/2579/2
f 1691/2581/2 1690/2580/2 1692/2582/2
f 1692/2582/2 1693/2583/2 1691/2581/2
f 1694/2584/2 1693/2583/2 1692/2582/2
f 1692/2582/2 1695/2585/2 1694/2584/2
f 1696/2586/2 1694/2584/2 1695/2585/2
f 1695/2585/2 1697/2587/2 1696/2586/2
f 1344/2111/2 1696/2586/2 1697/2587/2
f 1697/2587/2 1345/2112/2 1344/2111/2
f 1332/2099/1 1335/2588/1 1698/2589/1
f 1698/2589/1 1699/2590/1 1332/2099/1
f 1699/2590/1 1698/2589/1 1700/2591/1
f 1700/2591/1 1701/2592/1 1699/2590/1
f 1702/2593/1 1701/2592/1 1700/2591/1
f 1700/2591/1 1703/2594/1 1702/2593/1
f 1704/2595/1 1702/2593/1 1703/2594/1
f 1703/2594/1 1705/2596/1 1704/2595/1
f 1706/2597/1 1704/2595/1 1705/2596/1
f 1705/2596/1 1707/2598/1 1706/2597/1
f 1708/2599/1 1706/2597/1 1707/2598/1
f 1707/2598/1 1709/2600/1 1708/2599/1
f 1710/2601/1 1708/2599/1 1709/2600/1
f 1709/2600/1 1711/2602/1 1710/2601/1
f 1340/2107/1 1710/2601/1 1711/2602/1
f 1711/2602/1 1341/2108/1 1340/2107/1
f 1425/2603/1647 1424/2604/1646 1712/2605/1793
f 1712/2605/1793 1713/2606/1794 1425/2603/1647
f 1713/2606/1794 1712/2605/1793 1714/2607/1795
f 1714/2607/1795 1715/2608/1796 1713/2606/1794
f 1715/2608/1796 1714/2607/1795 1716/2609/1797
f 1716/2609/1797 1717/2610/1798 1715/2608/1796
f 1718/2611/1799 1717/2610/1798 1716/2609/1797
f 1716/2609/1797 1719/2612/1800 1718/2611/1799
f 1421/2208/1801 1718/2611/1799 1719/2612/1800
f 1719/2612/1800 1422/2209/1802 1421/2208/1801
f 1720/2613/2 1721/2614/2 1722/2615/2
f 1722/2615/2 1723/2616/2 1720/2613/2
f 1723/2616/2 1722/2615/2 1724/2617/2
f 1724/2617/2 1725/2618/2 1723/2616/2
f 1725/2618/2 1724/2617/2 1726/2619/2
f 1726/2619/2 1727/2620/2 1725/2618/2
f 1727/2620/2 1726/2619/2 1728/2621/2
f 1728/2621/2 1729/2622/2 1727/2620/2
f 1729/2622/2 1728/2621/2 1730/2623/2
f 1730/2623/2 1731/2624/2 1729/2622/2
f 1731/2624/2 1730/2623/2 1732/2625/2
f 1732/2625/2 1733/2626/2 1731/2624/2
f 1733/2626/2 1732/2625/2 1734/2627/2
f 1734/2627/2 1735/2628/2 1733/2626/2
f 1736/2629/1 1737/2630/1 1738/2631/1
f 1738/2631/1 1739/2632/1 1736/2629/1
f 1739/2632/1 1738/2631/1 1740/2633/1
f 1740/2633/1 1741/2634/1 1739/2632/1
f 1741/2634/1 1740/2633/1 1742/2635/1
f 1742/2635/1 1743/2636/1 1741/2634/1
f 1743/2636/1 1742/2635/1 1744/2637/1
f 1744/2637/1 1745/2638/1 1743/2636/1
f 1745/2638/1 1744/2637/1 1746/2639/1
f 1746/2639/1 1747/2640/1 1745/2638/1
f 1747/2640/1 1746/2639/1 1748/2641/1
f 1748/2641/1 1749/2642/1 1747/2640/1
f 1749/2642/1 1748/2641/1 1750/2643/1
f 1750/2643/1 1751/2644/1 1749/2642/1
f 1724/2645/1803 1741/2646/1803 1743/2636/1804
f 1743/2636/1804 1726/2647/1805 1724/2645/1803
f 1726/2647/1805 1743/2636/1804 1745/2638/1806
f 1745/2638/1806 1728/2648/1806 1726/2647/1805
f 1728/2648/1806 1745/2638/1806 1747/2649/1807
f 1747/2649/1807 1730/2650/1807 1728/2648/1806
f 1740/2633/1808 1725/2618/1808 1727/2620/1809
f 1727/2620/1809 1742/2635/1810 1740/2633/1808
f 1742/2635/1810 1727/2620/1809 1729/2622/1811
f 1729/2622/1811 1744/2637/1811 1742/2635/1810
f 1744/2637/1811 1729/2622/1811 1731/2624/1812
f 1731/2624/1812 1746/2639/1812 1744/2637/1811
f 1752/2651/13 1753/2652/13 1754/2653/13
f 1754/2653/13 1755/2654/13 1752/2651/13
f 1755/2654/13 1754/2653/13 1756/2655/1813
f 1756/2655/1813 1757/2656/1814 1755/2654/13
f 1758/2657/1815 1757/2656/1814 1756/2655/1813
f 1756/2655/1813 1759/2658/1815 1758/2657/1815
f 1760/2659/1816 1758/2657/1815 1759/2658/1815
f 1759/2658/1815 1761/2660/1816 1760/2659/1816
f 1762/2661/1817 1760/2659/1816 1761/2660/1816
f 1761/2660/1816 1763/2662/1817 1762/2661/1817
f 1764/2663/1818 1762/2661/1817 1763/2662/1817
f 1763/2662/1817 1765/2664/1818 1764/2663/1818
f 1766/2665/1819 1764/2663/1818 1765/2664/1818
f 1765/2664/1818 1767/2666/1819 1766/2665/1819
f 1766/2665/1819 1767/2666/1819 1768/2667/45
f 1768/2667/45 1769/2668/45 1766/2665/1819
f 1770/2669/45 1769/2668/45 1768/2667/45
f 1768/2667/45 1771/2670/45 1770/2669/45
f 1772/2671/45 1773/2672/45 1774/2673/45
f 1774/2673/45 1775/2674/45 1772/2671/45
f 1775/2674/45 1774/2673/45 1776/2675/1820
f 1776/2675/1820 1777/2676/1821 1775/2674/45
f 1778/2677/1822 1777/2676/1821 1776/2675/1820
f 1776/2675/1820 1779/2678/1822 1778/2677/1822
f 1780/2679/1823 1778/2677/1822 1779/2678/1822
f 1779/2678/1822 1781/2680/1824 1780/2679/1823
f 1782/2681/1825 1780/2679/1823 1781/2680/1824
f 1781/2680/1824 1783/2682/1826 1782/2681/1825
f 1784/2683/1827 1782/2681/1825 1783/2682/1826
f 1783/2682/1826 1785/2684/1827 1784/2683/1827
f 1786/2685/1828 1784/2683/1827 1785/2684/1827
f 1785/2684/1827 1787/2686/1829 1786/2685/1828
f 1786/2685/1828 1787/2686/1829 1788/2687/13
f 1788/2687/13 1789/2688/13 1786/2685/1828
f 1790/2689/13 1789/2688/13 1788/2687/13
f 1788/2687/13 1791/2690/13 1790/2689/13
f 1792/2691/1830 1793/2692/1830 1794/2693/1831
f 1794/2693/1831 1795/2694/1832 1792/2691/1830
f 1795/2694/1832 1794/2693/1831 1796/2695/1833
f 1796/2695/1833 1797/2696/1833 1795/2694/1832
f 1797/2696/1833 1796/2695/1833 1798/2697/1834
f 1798/2697/1834 1799/2698/1835 1797/2696/1833
f 1800/2699/1835 1801/2700/1835 1802/2701/1833
f 1802/2701/1833 1803/2702/1836 1800/2699/1835
f 1803/2702/1836 1802/2701/1833 1804/2703/1832
f 1804/2703/1832 1805/2704/1832 1803/2702/1836
f 1805/2704/1832 1804/2703/1832 1806/2705/1830
f 1806/2705/1830 1807/2706/1830 1805/2704/1832
f 1803/2707/13 1805/2708/13 1807/2709/13
f 1807/2709/13 1800/2710/13 1803/2707/13
f 1800/2710/13 1807/2709/13 1808/2711/1837
f 1808/2711/1837 1809/2712/1838 1800/2710/13
f 1810/2713/1686 1809/2712/1838 1808/2711/1837
f 1808/2711/1837 1811/2714/1686 1810/2713/1686
f 1804/2703/45 1802/2701/45 1801/2700/45
f 1801/2700/45 1806/2705/45 1804/2703/45
f 1806/2705/45 1801/2700/45 1812/2715/1839
f 1812/2715/1839 1813/2716/1840 1806/2705/45
f 1814/2717/1841 1813/2716/1840 1812/2715/1839
f 1812/2715/1839 1815/2718/1841 1814/2717/1841
f 1816/2719/2 1069/1640/2 1072/1643/2
f 1072/1643/2 1817/2720/2 1816/2719/2
f 1818/2721/2 1816/2719/2 1817/2720/2
f 1817/2720/2 1819/2722/2 1818/2721/2
f 1080/1651/2 1818/2721/2 1819/2722/2
f 1819/2722/2 1077/1648/2 1080/1651/2
f 1820/2723/2 1075/1646/2 1074/1645/2
f 1074/1645/2 1821/2724/2 1820/2723/2
f 1822/2725/2 1820/2723/2 1821/2724/2
f 1821/2724/2 1823/2726/2 1822/2725/2
f 1088/1659/2 1822/2725/2 1823/2726/2
f 1823/2726/2 1085/1656/2 1088/1659/2
f 1824/2727/1 1065/1636/1 1068/1639/1
f 1068/1639/1 1825/2728/1 1824/2727/1
f 1826/2729/1 1824/2727/1 1825/2728/1
f 1825/2728/1 1827/2730/1 1826/2729/1
f 1084/1655/1 1826/2729/1 1827/2730/1
f 1827/2730/1 1081/1652/1 1084/1655/1
f 1828/2731/2 1067/1638/2 1066/1637/2
f 1066/1637/2 1829/2732/2 1828/2731/2
f 1830/2733/2 1828/2731/2 1829/2732/2
f 1829/2732/2 1831/2734/2 1830/2733/2
f 1830/2733/2 1831/2734/2 1083/1654/2
f 1083/1654/2 1082/1653/2 1830/2733/2
f 1832/2735/1 1073/1644/1 1076/1647/1
f 1076/1647/1 1833/2736/1 1832/2735/1
f 1834/2737/1 1832/2735/1 1833/2736/1
f 1833/2736/1 1835/2738/1 1834/2737/1
f 1086/1657/1 1834/2737/1 1835/2738/1
f 1835/2738/1 1087/1658/1 1086/1657/1
f 1836/2739/1842 1093/1664/2 1096/1667/2
f 1096/1667/2 1837/2740/1842 1836/2739/1842
f 1838/2741/1843 1836/2739/1842 1837/2740/1842
f 1837/2740/1842 1839/2742/1843 1838/2741/1843
f 8/8/1844 1838/2741/1843 1839/2742/1843
f 1839/2742/1843 11/11/1845 8/8/1844
f 8/8/1844 11/11/1845 14/14/1373
f 14/14/1373 9/9/1373 8/8/1844
f 1840/2743/1846 1095/2744/1 1094/2745/1
f 1094/2745/1 1841/2746/1847 1840/2743/1846
f 1842/2747/1848 1840/2743/1846 1841/2746/1847
f 1841/2746/1847 1843/2748/1848 1842/2747/1848
f 1844/2749/1849 1842/2747/1848 1843/2748/1848
f 1843/2748/1848 1845/2750/1850 1844/2749/1849
f 1846/2751/1851 1844/2749/1849 1845/2750/1850
f 1845/2750/1850 1847/2752/1851 1846/2751/1851
f 1848/2753/1852 1846/2751/1851 1847/2752/1851
f 1847/2752/1851 1849/2754/1852 1848/2753/1852
f 1850/2755/1853 1848/2753/1852 1849/2754/1852
f 1849/2754/1852 1851/2756/1854 1850/2755/1853
f 1100/2757/2 1850/2755/1853 1851/2756/1854
f 1851/2756/1854 1097/2758/2 1100/2757/2
f 1852/2759/1855 1099/1670/1 1098/1669/1
f 1098/1669/1 1853/2760/1856 1852/2759/1855
f 1854/2761/1857 1852/2759/1855 1853/2760/1856
f 1853/2760/1856 1855/2762/1857 1854/2761/1857
f 12/12/1858 1854/2761/1857 1855/2762/1857
f 1855/2762/1857 7/7/1859 12/12/1858
f 12/12/1858 7/7/1860 10/10/1374
f 10/10/1374 13/13/1374 12/12/1858
f 1091/2763/1861 1090/2764/1651 21/2765/1862
f 21/2765/1862 18/2766/1863 1091/2763/1861
f 1092/1663/1864 1091/2763/1861 18/2766/1863
f 18/2766/1863 17/17/1865 1092/1663/1864
f 1089/1660/1866 1092/1663/1864 17/17/1865
f 17/17/1865 22/22/1653 1089/1660/1866
f 1089/1660/1866 22/22/1653 21/2767/1862
f 21/2767/1862 1090/2768/1651 1089/1660/1866
f 1120/2769/13 1118/2770/13 1117/2771/13
f 1117/2771/13 1126/2772/13 1120/2769/13
f 1122/2773/13 1120/2769/13 1126/2772/13
f 1126/2772/13 1124/2774/13 1122/2773/13
f 24/2775/1488 1492/2776/1867 1856/2777/1868
f 1856/2777/1868 1857/2778/1869 24/2775/1488
f 25/2779/307 24/2775/1488 1857/2778/1869
f 1857/2778/1869 1858/2780/1870 25/2779/307
f 1495/2781/1378 25/2779/307 1858/2780/1870
f 1858/2780/1870 1859/2782/1405 1495/2781/1378
f 1494/2783/1871 1495/2781/1378 1859/2782/1405
f 1859/2782/1405 1860/2784/1872 1494/2783/1871
f 1493/2785/476 1494/2783/1871 1860/2784/1872
f 1860/2784/1872 1861/2786/1873 1493/2785/476
f 1492/2787/1867 1493/2785/476 1861/2786/1873
f 1861/2786/1873 1856/2788/1868 1492/2787/1867
f 1143/1722/1 1862/2789/1 1863/2790/1
f 1863/2790/1 1864/2791/1 1143/1722/1
f 1140/1719/1 1143/1722/1 1864/2791/1
f 1864/2791/1 1865/2792/1 1140/1719/1
f 1140/1719/1 1865/2792/1 1866/2793/1
f 1866/2793/1 1867/2794/1 1140/1719/1
f 1146/1725/2 1868/2795/2 1869/2796/2
f 1869/2796/2 1870/2797/2 1146/1725/2
f 1147/1726/2 1146/1725/2 1870/2797/2
f 1870/2797/2 1871/2798/2 1147/1726/2
f 1147/1726/2 1871/2798/2 1872/2799/2
f 1872/2799/2 1873/2800/2 1147/1726/2
f 1144/1723/1 1874/2801/1 1875/2802/1
f 1875/2802/1 1876/2803/1 1144/1723/1
f 1145/1724/1 1144/1723/1 1876/2803/1
f 1876/2803/1 1877/2804/1 1145/1724/1
f 1145/1724/1 1877/2804/1 1878/2805/1
f 1878/2805/1 1879/2806/1 1145/1724/1
f 1141/1720/2 1880/2807/2 1881/2808/2
f 1881/2808/2 1882/2809/2 1141/1720/2
f 1142/1721/2 1141/1720/2 1882/2809/2
f 1882/2809/2 1883/2810/2 1142/1721/2
f 1142/1721/2 1883/2810/2 1884/2811/2
f 1884/2811/2 1885/2812/2 1142/1721/2
f 1515/2813/1 1511/2814/1 1513/2815/1
f 1509/2816/1 1511/2814/1 1515/2813/1
f 1515/2813/1 1517/2817/1 1509/2816/1
f 1509/2816/1 1517/2817/1 1519/2818/1
f 1519/2818/1 1507/2819/1 1509/2816/1
f 1507/2819/1 1519/2818/1 1886/2820/1
f 1539/2821/1 1886/2820/1 1519/2818/1
f 1519/2818/1 1536/2822/1 1539/2821/1
f 1536/2822/1 1519/2818/1 1521/2823/1
f 1886/2820/1 1539/2821/1 1541/2824/1
f 1521/2823/1 1543/2825/1 1536/2822/1
f 1523/2826/1 1543/2825/1 1521/2823/1
f 1525/2827/1 1543/2825/1 1523/2826/1
f 1543/2825/1 1525/2827/1 1527/2828/1
f 1527/2828/1 1541/2824/1 1543/2825/1
f 1529/2829/1 1541/2824/1 1527/2828/1
f 1541/2824/1 1529/2829/1 1886/2820/1
f 1886/2820/1 1887/2830/1 1507/2819/1
f 1551/2831/1 1507/2819/1 1887/2830/1
f 1887/2830/1 1549/2832/1 1551/2831/1
f 1549/2832/1 1887/2830/1 1496/2833/1
f 1507/2819/1 1551/2831/1 1544/2834/1
f 1496/2833/1 1547/2835/1 1549/2832/1
f 1544/2834/1 1505/2836/1 1507/2819/1
f 1499/2837/1 1547/2835/1 1496/2833/1
f 1505/2836/1 1544/2834/1 1503/2838/1
f 1547/2835/1 1499/2837/1 1501/2839/1
f 1503/2838/1 1544/2834/1 1501/2839/1
f 1501/2839/1 1544/2834/1 1547/2835/1
f 1528/2840/1694 1886/2820/45 1529/2829/1694
f 1886/2820/45 1528/2840/1694 1497/2841/1679
f 1497/2841/1679 1887/2830/45 1886/2820/45
f 1887/2830/45 1497/2841/1679 1496/2833/1679
f 1888/2842/1874 1533/2843/1679 1535/2844/1679
f 1535/2844/1679 1889/2845/1680 1888/2842/1874
f 1890/2846/1681 1888/2842/1874 1889/2845/1680
f 1889/2845/1680 1891/2847/1681 1890/2846/1681
f 1892/2848/1875 1890/2846/1681 1891/2847/1681
f 1891/2847/1681 1893/2849/1875 1892/2848/1875
f 1894/2850/1683 1892/2848/1875 1893/2849/1875
f 1893/2849/1875 1895/2851/1876 1894/2850/1683
f 1896/2852/1684 1894/2850/1683 1895/2851/1876
f 1895/2851/1876 1897/2853/1684 1896/2852/1684
f 1898/2854/1685 1896/2852/1684 1897/2853/1684
f 1897/2853/1684 1899/2855/1685 1898/2854/1685
f 1900/2856/1686 1898/2854/1685 1899/2855/1685
f 1899/2855/1685 1901/2857/1686 1900/2856/1686
f 1902/2858/13 1900/2856/1686 1901/2857/1686
f 1901/2857/1686 1903/2859/13 1902/2858/13
f 1904/2860/1687 1902/2858/13 1903/2859/13
f 1903/2859/13 1905/2861/1687 1904/2860/1687
f 1905/2861/1687 1906/2862/1540 1904/2860/1687
f 1904/2860/1687 1906/2862/1540 1907/2863/1540
f 1908/2864/1688 1907/2863/1540 1906/2862/1540
f 1906/2862/1540 1909/2865/1688 1908/2864/1688
f 1910/2866/1690 1908/2864/1688 1909/2865/1688
f 1909/2865/1688 1911/2867/1690 1910/2866/1690
f 1912/2868/1691 1910/2866/1690 1911/2867/1690
f 1911/2867/1690 1913/2869/1691 1912/2868/1691
f 1914/2870/1692 1912/2868/1691 1913/2869/1691
f 1913/2869/1691 1915/2871/1692 1914/2870/1692
f 1916/2872/1693 1914/2870/1692 1915/2871/1692
f 1915/2871/1692 1917/2873/1693 1916/2872/1693
f 1530/2874/1695 1916/2872/1693 1917/2873/1693
f 1917/2873/1693 1531/2875/1694 1530/2874/1695
f 1905/2876/2 1903/2877/2 1901/2878/2
f 1905/2876/2 1901/2878/2 1899/2879/2
f 1899/2879/2 1906/2880/2 1905/2876/2
f 1909/2881/2 1906/2880/2 1899/2879/2
f 1899/2879/2 1897/2882/2 1909/2881/2
f 1532/2346/2 1909/2881/2 1897/2882/2
f 1909/2881/2 1532/2346/2 1538/2883/2
f 1538/2883/2 1537/2884/2 1909/2881/2
f 1911/2885/2 1909/2881/2 1537/2884/2
f 1540/2886/2 1538/2883/2 1532/2346/2
f 1537/2884/2 1542/2887/2 1911/2885/2
f 1913/2888/2 1911/2885/2 1542/2887/2
f 1915/2889/2 1913/2888/2 1542/2887/2
f 1917/2890/2 1915/2889/2 1542/2887/2
f 1542/2887/2 1540/2886/2 1917/2890/2
f 1531/2345/2 1917/2890/2 1540/2886/2
f 1532/2346/2 1531/2345/2 1540/2886/2
f 1897/2882/2 1534/2348/2 1532/2346/2
f 1534/2348/2 1897/2882/2 1550/2891/2
f 1550/2891/2 1548/2892/2 1534/2348/2
f 1535/2349/2 1534/2348/2 1548/2892/2
f 1545/2893/2 1550/2891/2 1897/2882/2
f 1548/2892/2 1546/2894/2 1535/2349/2
f 1897/2882/2 1895/2895/2 1545/2893/2
f 1889/2896/2 1535/2349/2 1546/2894/2
f 1895/2895/2 1893/2897/2 1545/2893/2
f 1891/2898/2 1889/2896/2 1546/2894/2
f 1893/2897/2 1891/2898/2 1545/2893/2
f 1546/2894/2 1545/2893/2 1891/2898/2
f 1904/2899/1 1900/2900/1 1902/2901/1
f 1898/2902/1 1900/2900/1 1904/2899/1
f 1904/2899/1 1907/2903/1 1898/2902/1
f 1898/2902/1 1907/2903/1 1908/2904/1
f 1908/2904/1 1896/2905/1 1898/2902/1
f 1896/2905/1 1908/2904/1 1530/2344/1
f 1530/2344/1 1908/2904/1 1910/2906/1
f 1530/2344/1 1533/2347/1 1896/2905/1
f 1916/2907/1 1530/2344/1 1910/2906/1
f 1533/2347/1 1894/2908/1 1896/2905/1
f 1910/2906/1 1912/2909/1 1916/2907/1
f 1916/2907/1 1912/2909/1 1914/2910/1
f 1894/2908/1 1533/2347/1 1888/2911/1
f 1888/2911/1 1892/2912/1 1894/2908/1
f 1892/2912/1 1888/2911/1 1890/2913/1
f 1510/2914/2 1514/2915/2 1512/2916/2
f 1514/2915/2 1510/2914/2 1508/2917/2
f 1508/2917/2 1516/2918/2 1514/2915/2
f 1518/2919/2 1516/2918/2 1508/2917/2
f 1508/2917/2 1506/2920/2 1518/2919/2
f 1528/2840/2 1518/2919/2 1506/2920/2
f 1518/2919/2 1528/2840/2 1520/2921/2
f 1506/2920/2 1497/2841/2 1528/2840/2
f 1520/2921/2 1528/2840/2 1526/2922/2
f 1497/2841/2 1506/2920/2 1504/2923/2
f 1526/2922/2 1522/2924/2 1520/2921/2
f 1522/2924/2 1526/2922/2 1524/2925/2
f 1498/2926/2 1497/2841/2 1504/2923/2
f 1504/2923/2 1502/2927/2 1498/2926/2
f 1498/2926/2 1502/2927/2 1500/2928/2
f 1563/2929/45 1552/2930/45 1555/2931/45
f 1555/2931/45 1557/2932/45 1563/2929/45
f 1561/2933/45 1563/2929/45 1557/2932/45
f 1557/2932/45 1559/2934/45 1561/2933/45
f 1918/2935/1877 1919/2936/1878 1920/2937/1878
f 1920/2937/1878 1921/2938/1879 1918/2935/1877
f 1922/2939/1700 1918/2935/1877 1921/2938/1879
f 1921/2938/1879 1923/2940/1700 1922/2939/1700
f 1924/2941/1880 1922/2939/1700 1923/2940/1700
f 1923/2940/1700 1925/2942/1880 1924/2941/1880
f 1926/2943/1881 1924/2941/1880 1925/2942/1880
f 1925/2942/1880 1927/2944/1881 1926/2943/1881
f 1928/2945/1425 1926/2943/1881 1927/2944/1881
f 1927/2944/1881 1929/2946/1425 1928/2945/1425
f 1919/2947/1878 1928/2945/1425 1929/2946/1425
f 1929/2946/1425 1920/2948/1878 1919/2947/1878
f 1930/2949/1701 1931/2950/1699 1932/2951/1699
f 1932/2951/1699 1933/2952/1701 1930/2949/1701
f 1934/2953/1702 1930/2949/1701 1933/2952/1701
f 1933/2952/1701 1935/2954/1703 1934/2953/1702
f 1936/2955/1428 1934/2953/1702 1935/2954/1703
f 1935/2954/1703 1937/2956/1428 1936/2955/1428
f 1938/2957/1705 1936/2955/1428 1937/2956/1428
f 1937/2956/1428 1939/2958/1705 1938/2957/1705
f 1940/2959/1427 1938/2957/1705 1939/2958/1705
f 1939/2958/1705 1941/2960/1704 1940/2959/1427
f 1931/2961/1699 1940/2959/1427 1941/2960/1704
f 1941/2960/1704 1932/2962/1699 1931/2961/1699
f 1942/2963/1700 1943/2964/1699 1944/2965/1699
f 1944/2965/1699 1945/2966/1701 1942/2963/1700
f 1946/2967/1703 1942/2963/1700 1945/2966/1701
f 1945/2966/1701 1947/2968/1703 1946/2967/1703
f 1948/2969/1428 1946/2967/1703 1947/2968/1703
f 1947/2968/1703 1949/2970/1428 1948/2969/1428
f 1950/2971/1425 1948/2969/1428 1949/2970/1428
f 1949/2970/1428 1951/2972/1705 1950/2971/1425
f 1952/2973/1427 1950/2971/1425 1951/2972/1705
f 1951/2972/1705 1953/2974/1704 1952/2973/1427
f 1943/2975/1699 1952/2973/1427 1953/2974/1704
f 1953/2974/1704 1944/2976/1699 1943/2975/1699
f 1954/2977/1882 1955/2978/1883 1605/2979/1883
f 1605/2979/1883 1607/2980/1882 1954/2977/1882
f 1956/2981/1884 1954/2977/1882 1607/2980/1882
f 1607/2980/1882 1592/2423/1884 1956/2981/1884
f 1957/2982/1885 1956/2981/1884 1592/2423/1884
f 1592/2423/1884 1595/2426/1885 1957/2982/1885
f 1958/2983/1886 1957/2982/1885 1595/2426/1885
f 1595/2426/1885 1597/2428/1887 1958/2983/1886
f 1959/2984/1888 1958/2983/1886 1597/2428/1887
f 1597/2428/1887 1599/2430/1889 1959/2984/1888
f 1960/2985/1890 1959/2984/1888 1599/2430/1889
f 1599/2430/1889 1601/2432/1890 1960/2985/1890
f 1961/2986/1891 1960/2985/1890 1601/2432/1890
f 1601/2432/1890 1603/2434/1891 1961/2986/1891
f 1955/2987/1883 1961/2986/1891 1603/2434/1891
f 1603/2434/1891 1605/2436/1883 1955/2987/1883
f 1962/2988/1892 40/42/1893 37/39/1894
f 37/39/1894 1963/2989/1892 1962/2988/1892
f 1964/2990/1895 1962/2988/1892 1963/2989/1892
f 1963/2989/1892 1965/2991/1896 1964/2990/1895
f 1966/2992/1897 1964/2990/1895 1965/2991/1896
f 1965/2991/1896 1967/2993/1898 1966/2992/1897
f 1968/2994/1899 1966/2992/1897 1967/2993/1898
f 1967/2993/1898 1969/2995/1900 1968/2994/1899
f 1970/2996/1901 1968/2994/1899 1969/2995/1900
f 1969/2995/1900 1971/2997/1902 1970/2996/1901
f 1972/2998/1903 1970/2996/1901 1971/2997/1902
f 1971/2997/1904 1973/2999/1904 1972/2998/1904
f 1974/3000/1905 41/43/1906 40/42/1907
f 40/42/1907 1962/2988/1908 1974/3000/1905
f 1975/3001/1909 1974/3000/1905 1962/2988/1908
f 1962/2988/1908 1964/2990/1910 1975/3001/1909
f 1976/3002/1911 1975/3001/1909 1964/2990/1910
f 1964/2990/1910 1966/2992/1912 1976/3002/1911
f 1977/3003/1913 1976/3002/1911 1966/2992/1912
f 1966/2992/1912 1968/2994/1913 1977/3003/1913
f 1978/3004/1914 1977/3003/1913 1968/2994/1913
f 1968/2994/1913 1970/2996/1915 1978/3004/1914
f 1979/3005/1916 1978/3004/1914 1970/2996/1915
f 1970/2996/1917 1972/2998/1918 1979/3005/1918
f 1980/3006/1919 36/1776/1920 41/43/1921
f 41/43/1921 1974/3000/1922 1980/3006/1919
f 1981/3007/1923 1980/3006/1919 1974/3000/1922
f 1974/3000/1922 1975/3001/1924 1981/3007/1923
f 1982/3008/1925 1981/3007/1923 1975/3001/1924
f 1975/3001/1924 1976/3002/1926 1982/3008/1925
f 1983/3009/1927 1982/3008/1925 1976/3002/1926
f 1976/3002/1926 1977/3003/1927 1983/3009/1927
f 1984/3010/1928 1983/3009/1927 1977/3003/1927
f 1977/3003/1927 1978/3004/1929 1984/3010/1928
f 1985/3011/1930 1984/3010/1928 1978/3004/1929
f 1978/3004/1931 1979/3005/1931 1985/3011/1931
f 1963/2989/1932 37/39/1933 36/38/1934
f 36/38/1934 1980/3012/1935 1963/2989/1932
f 1965/2991/1936 1963/2989/1932 1980/3012/1935
f 1980/3012/1935 1981/3013/1937 1965/2991/1936
f 1967/2993/1938 1965/2991/1936 1981/3013/1937
f 1981/3013/1937 1982/3014/1938 1967/2993/1938
f 1969/2995/1939 1967/2993/1938 1982/3014/1938
f 1982/3014/1938 1983/3015/1940 1969/2995/1939
f 1971/2997/1941 1969/2995/1939 1983/3015/1940
f 1983/3015/1940 1984/3016/1941 1971/2997/1941
f 1973/2999/1942 1971/2997/1941 1984/3016/1941
f 1984/3016/1941 1985/3017/1943 1973/2999/1943
f 1986/3018/1944 1987/3019/1945 1633/3020/1945
f 1633/3020/1945 1634/3021/1944 1986/3018/1944
f 1988/3022/1946 1986/3018/1944 1634/3021/1944
f 1634/3021/1944 1635/3023/1947 1988/3022/1946
f 1989/3024/1948 1988/3022/1946 1635/3023/1947
f 1635/3023/1947 1632/3025/1366 1989/3024/1948
f 1990/3026/1949 1989/3024/1948 1632/3025/1366
f 1632/3025/1366 1630/3027/1949 1990/3026/1949
f 1991/3028/1950 1990/3026/1949 1630/3027/1949
f 1630/3027/1949 1628/3029/1950 1991/3028/1950
f 1992/3030/1951 1991/3028/1950 1628/3029/1950
f 1628/3029/1950 1626/3031/1951 1992/3030/1951
f 1993/3032/1952 1992/3030/1951 1626/3031/1951
f 1626/3031/1951 1625/3033/1952 1993/3032/1952
f 1994/3034/1953 1993/3032/1952 1625/3033/1952
f 1625/3033/1952 1624/3035/1954 1994/3034/1953
f 1995/3036/686 1994/3034/1953 1624/3035/1954
f 1624/3035/1954 1627/3037/686 1995/3036/686
f 1996/3038/1955 1995/3036/686 1627/3037/686
f 1627/3037/686 1629/3039/1955 1996/3038/1955
f 1997/3040/1956 1996/3038/1955 1629/3039/1955
f 1629/3039/1955 1631/3041/1956 1997/3040/1956
f 1987/3042/1945 1997/3040/1956 1631/3041/1956
f 1631/3041/1956 1633/3043/1945 1987/3042/1945
f 1998/3044/1442 1999/3045/1957 2000/3046/1957
f 2000/3046/1957 2001/3047/1442 1998/3044/1442
f 2002/3048/1958 1998/3044/1442 2001/3047/1442
f 2001/3047/1442 2003/3049/1958 2002/3048/1958
f 2004/3050/1479 2002/3048/1958 2003/3049/1958
f 2003/3049/1958 2005/3051/1479 2004/3050/1479
f 2006/3052/1445 2004/3050/1479 2005/3051/1479
f 2005/3051/1479 2007/3053/1443 2006/3052/1445
f 2008/3054/1959 2006/3052/1445 2007/3053/1443
f 2007/3053/1443 2009/3055/1960 2008/3054/1959
f 1999/3056/1957 2008/3054/1959 2009/3055/1960
f 2009/3055/1960 2000/3057/1957 1999/3056/1957
f 2010/3058/1961 2011/3059/2 44/3060/2
f 44/3060/2 43/3061/1961 2010/3058/1961
f 2012/3062/1962 2010/3058/1961 43/3061/1961
f 43/3061/1961 47/49/1962 2012/3062/1962
f 2013/3063/1 2012/3062/1962 47/49/1962
f 47/49/1962 46/48/1 2013/3063/1
f 2014/3064/1963 2013/3063/1 46/48/1
f 46/48/1 45/3065/1964 2014/3064/1963
f 2015/3066/1965 2014/3064/1963 45/3065/1964
f 45/3065/1964 42/44/1965 2015/3066/1965
f 2011/3067/2 2015/3066/1965 42/44/1965
f 42/44/1965 44/46/2 2011/3067/2
f 1192/1777/2 42/3068/2 1193/1778/1966
f 42/3068/2 1192/1777/2 1197/1782/2
f 1197/1782/2 43/3069/2 42/3068/2
f 1197/1782/2 1196/1781/1967 43/3069/2
f 2016/3070/1968 2017/3071/1 2018/3072/1
f 2018/3072/1 2019/3073/1969 2016/3070/1968
f 2020/3074/1970 2016/3070/1968 2019/3073/1969
f 2019/3073/1969 2021/3075/1971 2020/3074/1970
f 2022/3076/2 2020/3074/1970 2021/3075/1971
f 2021/3075/1971 2023/3077/2 2022/3076/2
f 2024/3078/1972 2022/3076/2 2023/3077/2
f 2023/3077/2 2025/3079/1965 2024/3078/1972
f 2026/3080/1973 2024/3078/1972 2025/3079/1965
f 2025/3079/1965 2027/3081/1964 2026/3080/1973
f 2017/3082/1 2026/3080/1973 2027/3081/1964
f 2027/3081/1964 2018/3083/1 2017/3082/1
f 2028/3084/1974 2029/3085/1 2030/3086/1
f 2030/3086/1 2031/3087/1974 2028/3084/1974
f 2032/3088/1975 2028/3084/1974 2031/3087/1974
f 2031/3087/1974 2033/3089/1976 2032/3088/1975
f 2034/3090/2 2032/3088/1975 2033/3089/1976
f 2033/3089/1976 2035/3091/2 2034/3090/2
f 2036/3092/1977 2034/3090/2 2035/3091/2
f 2035/3091/2 2037/3093/1978 2036/3092/1977
f 2038/3094/1963 2036/3092/1977 2037/3093/1978
f 2037/3093/1978 2039/3095/1963 2038/3094/1963
f 2029/3096/1 2038/3094/1963 2039/3095/1963
f 2039/3095/1963 2030/3097/1 2029/3096/1
f 2040/3098/1979 2041/3099/1980 1243/3100/1980
f 1243/3100/1980 1231/3101/1754 2040/3098/1979
f 2042/3102/68 2040/3098/1979 1231/3101/1754
f 1231/3101/1754 1230/3103/262 2042/3102/68
f 2043/3104/1751 2042/3102/68 1230/3103/262
f 1230/3103/262 1233/3105/1752 2043/3104/1751
f 2044/3106/1749 2043/3104/1751 1233/3105/1752
f 1233/3105/1752 1235/3107/1981 2044/3106/1749
f 2045/3108/1982 2044/3106/1749 1235/3107/1981
f 1235/3107/1981 1237/3109/1748 2045/3108/1982
f 2046/3110/316 2045/3108/1982 1237/3109/1748
f 1237/3109/1748 1239/3111/1983 2046/3110/316
f 2047/3112/1984 2046/3110/316 1239/3111/1983
f 1239/3111/1983 1241/3113/1746 2047/3112/1984
f 2041/3114/1980 2047/3112/1984 1241/3113/1746
f 1241/3113/1746 1243/3115/1980 2041/3114/1980
f 228/274/1985 738/1033/1985 226/272/1985
f 826/1204/1986 226/272/1985 738/1033/1985
f 738/1033/1985 737/1032/1987 826/1204/1986
f 827/1207/1988 826/1204/1986 737/1032/1987
f 828/1209/1989 827/1207/1988 737/1032/1987
f 737/1032/1987 736/1031/1990 828/1209/1989
f 829/1211/1991 828/1209/1989 736/1031/1990
f 830/1213/1992 829/1211/1991 736/1031/1990
f 736/1031/1990 733/1028/1992 830/1213/1992
f 831/1214/1993 830/1213/1992 733/1028/1992
f 733/1028/1992 732/1027/1994 831/1214/1993
f 2048/3116/1995 831/1214/1993 732/1027/1994
f 732/1027/1994 731/1025/1995 2048/3116/1995
f 2049/3117/1996 2048/3116/1995 731/1025/1995
f 731/1025/1995 730/1024/1996 2049/3117/1996
f 2049/3117/1996 730/1024/1996 729/1023/1997
f 729/1023/1997 2050/3118/1998 2049/3117/1996
f 2050/3118/1998 729/1023/1997 726/1019/1571
f 726/1019/1571 1286/2000/1571 2050/3118/1998
f 1286/2000/1571 726/1019/1571 728/1021/1569
f 707/983/1999 643/866/1999 644/868/2000
f 642/864/2001 643/866/1999 707/983/1999
f 707/983/1999 1652/3119/2002 642/864/2001
f 642/864/2001 1652/3119/2002 1654/3120/2003
f 1654/3120/2003 641/862/2003 642/864/2001
f 641/862/2003 1654/3120/2003 1656/3121/2004
f 1656/3121/2004 640/860/2005 641/862/2003
f 640/860/2005 1656/3121/2004 1657/3122/2006
f 1657/3122/2006 639/859/2007 640/860/2005
f 638/857/2008 639/859/2007 1657/3122/2006
f 1657/3122/2006 1655/3123/2009 638/857/2008
f 637/855/2010 638/857/2008 1655/3123/2009
f 1655/3123/2009 1653/3124/2010 637/855/2010
f 636/853/2011 637/855/2010 1653/3124/2010
f 1653/3124/2010 1651/3125/2012 636/853/2011
f 636/853/2011 1651/3125/2012 1650/3126/2013
f 1650/3126/2013 635/851/2014 636/853/2011
f 634/849/2015 635/851/2014 1650/3126/2013
f 1650/3126/2013 708/984/2016 634/849/2015
f 809/1153/1 1264/1927/1 391/485/1
f 1264/1927/1 809/1153/1 1291/2030/1
f 1291/2030/1 1042/1593/1 1264/1927/1
f 1042/1593/1 1291/2030/1 1040/1591/1
f 1285/1996/2 1281/1989/2 1282/1991/2
f 1281/1989/2 1285/1996/2 810/1154/2
f 810/1154/2 1280/1987/2 1281/1989/2
f 1280/1987/2 810/1154/2 808/1152/2
f 808/1152/2 390/484/2 1280/1987/2
f 390/484/2 808/1152/2 344/482/2
f 629/842/2 77/841/54 53/127/53
f 53/127/53 122/126/2 629/842/2
f 631/844/2 629/842/2 122/126/2
f 122/126/2 1247/1852/2 631/844/2
f 1247/1852/2 1246/1850/2 1277/1966/2
f 1277/1966/2 631/844/2 1247/1852/2
f 1278/1967/2 1277/1966/2 1246/1850/2
f 1246/1850/2 1245/1848/2 1278/1967/2
f 1279/1968/2 1278/1967/2 1245/1848/2
f 1245/1848/2 1244/1845/2 1279/1968/2
f 81/1969/58 1279/1968/2 1244/1845/2
f 1244/1845/2 82/1844/59 81/1969/58
f 1047/1600/1 1289/2018/1 1048/1601/1
f 632/845/1 1048/1601/1 1289/2018/1
f 1289/2018/1 1288/2016/1 632/845/1
f 630/843/1 632/845/1 1288/2016/1
f 1288/2016/1 121/123/1 630/843/1
f 76/125/1 630/843/1 121/123/1
f 455/584/13 454/583/421 67/69/210
f 67/69/210 453/3127/13 455/584/13
f 455/584/13 453/3127/13 452/585/13
f 547/1963/1361 545/3128/1361 548/3129/1361
f 545/3128/1361 547/1963/1361 301/1962/1361
f 301/1962/1361 298/3130/1361 545/3128/1361
f 301/1962/1361 300/3131/1361 298/3130/1361
f 831/1214/2017 671/3132/2018 670/1212/2017
f 671/3132/2018 831/1214/2017 2048/3116/2019
f 2048/3116/2019 674/3133/2020 671/3132/2018
f 674/3133/2020 2048/3116/2019 2049/3117/2021
f 2049/3117/2021 676/3134/2021 674/3133/2020
f 677/3135/2022 676/3134/2021 2049/3117/2021
f 2049/3117/2021 2050/3118/2023 677/3135/2022
f 679/3136/2024 677/3135/2022 2050/3118/2023
f 2050/3118/2023 1286/2000/2025 679/3136/2024
f 682/1215/2026 679/3136/2024 1286/2000/2025
f 1286/2000/2025 832/1216/2027 682/1215/2026
f 2051/3137/2028 2052/3138/2029 2053/3139/2029
f 2053/3139/2029 2054/3140/2028 2051/3137/2028
f 2055/3141/2030 2051/3137/2028 2054/3140/2028
f 2054/3140/2028 2056/3142/2030 2055/3141/2030
f 2057/3143/2031 2055/3141/2030 2056/3142/2030
f 2056/3142/2030 2058/3144/2032 2057/3143/2031
f 2059/3145/2033 2057/3143/2031 2058/3144/2032
f 2058/3144/2032 2060/3146/2033 2059/3145/2033
f 2061/3147/1876 2062/3148/131 2063/3149/131
f 2063/3149/131 2064/3150/1876 2061/3147/1876
f 2065/3151/2034 2061/3147/1876 2064/3150/1876
f 2064/3150/1876 2066/3152/2034 2065/3151/2034
f 2067/3153/1361 2065/3151/2034 2066/3152/2034
f 2066/3152/2034 2068/3154/1361 2067/3153/1361
f 2069/3155/2035 2067/3153/1361 2068/3154/1361
f 2068/3154/1361 2070/3156/2035 2069/3155/2035
f 2071/3157/2036 2069/3155/2035 2070/3156/2035
f 2070/3156/2035 2072/3158/943 2071/3157/2036
f 2062/3159/131 2071/3157/2036 2072/3158/943
f 2072/3158/943 2063/3160/131 2062/3159/131
f 2073/3161/2037 2074/3162/131 2075/3163/131
f 2075/3163/131 2076/3164/2038 2073/3161/2037
f 2077/3165/2034 2073/3161/2037 2076/3164/2038
f 2076/3164/2038 2078/3166/2034 2077/3165/2034
f 2079/3167/1361 2077/3165/2034 2078/3166/2034
f 2078/3166/2034 2080/3168/1361 2079/3167/1361
f 2081/3169/2035 2079/3167/1361 2080/3168/1361
f 2080/3168/1361 2082/3170/2035 2081/3169/2035
f 2083/3171/2039 2081/3169/2035 2082/3170/2035
f 2082/3170/2035 2084/3172/2039 2083/3171/2039
f 2074/3173/131 2083/3171/2039 2084/3172/2039
f 2084/3172/2039 2075/3174/131 2074/3173/131
f 2085/3175/1354 1315/2080/1635 1314/2079/1635
f 1314/2079/1635 2086/3176/1354 2085/3175/1354
f 1318/2083/662 2085/3175/1354 2086/3176/1354
f 2086/3176/1354 1319/2084/662 1318/2083/662
f 2087/3177/2040 1317/3178/242 1316/3179/242
f 1316/3179/242 2088/3180/2040 2087/3177/2040
f 2089/3181/2041 2087/3177/2040 2088/3180/2040
f 2088/3180/2040 2090/3182/2041 2089/3181/2041
f 2091/3183/345 2089/3181/2041 2090/3182/2041
f 2090/3182/2041 2092/3184/345 2091/3183/345
f 2093/3185/2042 2091/3183/345 2092/3184/345
f 2092/3184/345 2094/3186/2042 2093/3185/2042
f 2095/3187/2043 2093/3185/2042 2094/3186/2042
f 2094/3186/2042 2096/3188/2043 2095/3187/2043
f 2097/3189/1361 2095/3187/2043 2096/3188/2043
f 2096/3188/2043 2098/3190/1361 2097/3189/1361
f 2099/3191/2044 2097/3189/1361 2098/3190/1361
f 2098/3190/1361 2100/3192/2045 2099/3191/2044
f 2101/3193/2046 2099/3191/2044 2100/3192/2045
f 2100/3192/2045 2102/3194/2046 2101/3193/2046
f 1310/2075/2047 2101/3193/2046 2102/3194/2046
f 2102/3194/2046 1311/2076/2048 1310/2075/2047
f 1662/2550/1 1660/2549/1 1317/3178/1
f 1317/3178/1 2087/3177/1 1662/2550/1
f 1664/2552/1 1662/2550/1 2087/3177/1
f 2087/3177/1 2089/3181/1 1664/2552/1
f 1666/2554/1 1664/2552/1 2089/3181/1
f 2089/3181/1 2091/3183/1 1666/2554/1
f 1668/2556/1 1666/2554/1 2091/3183/1
f 2091/3183/1 2093/3185/1 1668/2556/1
f 1670/2558/1 1668/2556/1 2093/3185/1
f 2093/3185/1 2095/3187/1 1670/2558/1
f 1672/2560/1 1670/2558/1 2095/3187/1
f 2095/3187/1 2097/3189/1 1672/2560/1
f 1674/2562/1 1672/2560/1 2097/3189/1
f 2097/3189/1 2099/3191/1 1674/2562/1
f 1676/2564/1 1674/2562/1 2099/3191/1
f 2099/3191/1 2101/3193/1 1676/2564/1
f 1309/2566/1 1676/2564/1 2101/3193/1
f 2101/3193/1 1310/2075/1 1309/2566/1
f 2088/3180/2 1316/3179/2 1661/3195/2
f 1661/3195/2 1663/3196/2 2088/3180/2
f 2090/3182/2 2088/3180/2 1663/3196/2
f 1663/3196/2 1665/3197/2 2090/3182/2
f 2092/3184/2 2090/3182/2 1665/3197/2
f 1665/3197/2 1667/3198/2 2092/3184/2
f 2094/3186/2 2092/3184/2 1667/3198/2
f 1667/3198/2 1669/3199/2 2094/3186/2
f 2096/3188/2 2094/3186/2 1669/3199/2
f 1669/3199/2 1671/3200/2 2096/3188/2
f 2098/3190/2 2096/3188/2 1671/3200/2
f 1671/3200/2 1673/3201/2 2098/3190/2
f 2100/3192/2 2098/3190/2 1673/3201/2
f 1673/3201/2 1675/3202/2 2100/3192/2
f 2102/3194/2 2100/3192/2 1675/3202/2
f 1675/3202/2 1677/3203/2 2102/3194/2
f 1311/2076/2 2102/3194/2 1677/3203/2
f 1677/3203/2 1308/3204/2 1311/2076/2
f 2103/3205/2 1337/2104/2 1336/2103/2
f 1336/2103/2 2104/3206/2 2103/3205/2
f 2105/3207/2 2103/3205/2 2104/3206/2
f 2104/3206/2 2106/3208/2 2105/3207/2
f 2107/3209/2 2105/3207/2 2106/3208/2
f 2106/3208/2 2108/3210/2 2107/3209/2
f 2109/3211/2 2107/3209/2 2108/3210/2
f 2108/3210/2 2110/3212/2 2109/3211/2
f 2111/3213/2 2109/3211/2 2110/3212/2
f 2110/3212/2 2112/3214/2 2111/3213/2
f 2113/3215/2 2111/3213/2 2112/3214/2
f 2112/3214/2 2114/3216/2 2113/3215/2
f 2115/3217/2 2113/3215/2 2114/3216/2
f 2114/3216/2 2116/3218/2 2115/3217/2
f 1333/2100/2 2115/3217/2 2116/3218/2
f 2116/3218/2 1334/3219/2 1333/2100/2
f 2104/3220/449 1336/3221/1600 1339/3222/1599
f 1339/3222/1599 1687/3223/449 2104/3220/449
f 2106/3224/2049 2104/3220/449 1687/3223/449
f 1687/3223/449 1685/3225/2049 2106/3224/2049
f 2108/3226/2050 2106/3224/2049 1685/3225/2049
f 1685/3225/2049 1682/3227/2050 2108/3226/2050
f 2110/3228/840 2108/3226/2050 1682/3227/2050
f 1682/3227/2050 1680/3229/840 2110/3228/840
f 2112/3230/2051 2110/3228/840 1680/3229/840
f 1680/3229/840 1678/3231/2051 2112/3230/2051
f 2114/3232/2052 2112/3230/2051 1678/3231/2051
f 1678/3231/2051 1346/3233/2053 2114/3232/2052
f 2116/3234/2054 2114/3232/2052 1346/3233/2053
f 2116/3234/2054 1346/3233/2053 1345/3235/2055
f 1335/3236/2056 1334/3237/2057 2116/3234/2054
f 2116/3234/2054 1698/3238/2054 1335/3236/2056
f 1345/3235/2055 1698/3238/2054 2116/3234/2054
f 1700/3239/2052 1698/3238/2054 1345/3235/2055
f 1703/3240/2051 1700/3239/2052 1345/3235/2055
f 1345/3235/2055 1697/3241/2051 1703/3240/2051
f 1705/3242/840 1703/3240/2051 1697/3241/2051
f 1697/3241/2051 1695/3243/840 1705/3242/840
f 1707/3244/2050 1705/3242/840 1695/3243/840
f 1695/3243/840 1692/3245/2050 1707/3244/2050
f 1709/3246/2049 1707/3244/2050 1692/3245/2050
f 1692/3245/2050 1690/3247/2049 1709/3246/2049
f 1711/3248/1519 1709/3246/2049 1690/3247/2049
f 1690/3247/2049 1688/3249/449 1711/3248/1519
f 1341/3250/1600 1711/3248/1519 1688/3249/449
f 1688/3249/449 1342/3251/1600 1341/3250/1600
f 1710/2601/2058 1340/2107/1558 1343/2110/1559
f 1343/2110/1559 1689/2579/2058 1710/2601/2058
f 1708/2599/2059 1710/2601/2058 1689/2579/2058
f 1689/2579/2058 1691/2581/2060 1708/2599/2059
f 1706/2597/2061 1708/2599/2059 1691/2581/2060
f 1691/2581/2060 1693/2583/2061 1706/2597/2061
f 1704/2595/2062 1706/2597/2061 1693/2583/2061
f 1693/2583/2061 1694/2584/2063 1704/2595/2062
f 1702/2593/2064 1704/2595/2062 1694/2584/2063
f 1694/2584/2063 1696/2586/2065 1702/2593/2064
f 1701/2592/2066 1702/2593/2064 1696/2586/2065
f 1696/2586/2065 1344/2111/2067 1701/2592/2066
f 1699/2590/2068 1701/2592/2066 1344/2111/2067
f 1333/2100/2069 1332/2099/2070 1699/2590/2068
f 1699/2590/2068 2115/3217/2068 1333/2100/2069
f 2115/3217/2068 1699/2590/2068 1344/2111/2067
f 1344/2111/2067 1347/2114/2067 2115/3217/2068
f 2113/3215/2066 2115/3217/2068 1347/2114/2067
f 2111/3213/2064 2113/3215/2066 1347/2114/2067
f 1347/2114/2067 1679/2569/2071 2111/3213/2064
f 2109/3211/2062 2111/3213/2064 1679/2569/2071
f 1679/2569/2071 1681/2571/2063 2109/3211/2062
f 2107/3209/2061 2109/3211/2062 1681/2571/2063
f 1681/2571/2063 1683/2573/2061 2107/3209/2061
f 2105/3207/2060 2107/3209/2061 1683/2573/2061
f 1683/2573/2061 1684/2574/2060 2105/3207/2060
f 2103/3205/2072 2105/3207/2060 1684/2574/2060
f 1684/2574/2060 1686/2576/2058 2103/3205/2072
f 1337/2104/1559 2103/3205/2072 1686/2576/2058
f 1686/2576/2058 1338/2105/1559 1337/2104/1559
f 2117/3252/1836 1737/2630/1835 1736/2629/1835
f 1736/2629/1835 2118/3253/1836 2117/3252/1836
f 2119/3254/1831 2117/3252/1836 2118/3253/1836
f 2118/3253/1836 2120/3255/1832 2119/3254/1831
f 1720/2613/1830 2119/3254/1831 2120/3255/1832
f 2120/3255/1832 1721/2614/1830 1720/2613/1830
f 2121/3256/1832 1735/2628/1830 1734/2627/1830
f 1734/2627/1830 2122/3257/1832 2121/3256/1832
f 2123/3258/1833 2121/3256/1832 2122/3257/1832
f 2122/3257/1832 2124/3259/1836 2123/3258/1833
f 1750/2643/1835 2123/3258/1833 2124/3259/1836
f 2124/3259/1836 1751/2644/1835 1750/2643/1835
f 1751/3260/13 2124/3261/13 2122/3262/13
f 2122/3262/13 1734/3263/13 1751/3260/13
f 1749/3264/1838 1751/3260/13 1734/3263/13
f 1734/3263/13 1732/3265/1837 1749/3264/1838
f 1749/3264/1838 1732/3265/1837 1730/2650/1686
f 1730/2650/1686 1747/2649/1686 1749/3264/1838
f 1735/2628/45 2121/3256/45 2123/3258/45
f 2123/3258/45 1750/2643/45 1735/2628/45
f 1733/2626/1840 1735/2628/45 1750/2643/45
f 1750/2643/45 1748/2641/1839 1733/2626/1840
f 1733/2626/1840 1748/2641/1839 1746/2639/1841
f 1746/2639/1841 1731/2624/1841 1733/2626/1840
f 2125/3266/1 1799/2698/1 1798/2697/1
f 1798/2697/1 2126/3267/1 2125/3266/1
f 2127/3268/1 2125/3266/1 2126/3267/1
f 2126/3267/1 2128/3269/1 2127/3268/1
f 2129/3270/1 2127/3268/1 2128/3269/1
f 2128/3269/1 2130/3271/1 2129/3270/1
f 2131/3272/1 2129/3270/1 2130/3271/1
f 2130/3271/1 2132/3273/1 2131/3272/1
f 1810/3274/1 2131/3272/1 2132/3273/1
f 2132/3273/1 1815/2718/1 1810/3274/1
f 1809/3275/1 1810/3274/1 1815/2718/1
f 1815/2718/1 1812/2715/1 1809/3275/1
f 1800/2699/1 1809/3275/1 1812/2715/1
f 1812/2715/1 1801/2700/1 1800/2699/1
f 2133/3276/2 1793/2692/2 1792/2691/2
f 1792/2691/2 2134/3277/2 2133/3276/2
f 2135/3278/2 2133/3276/2 2134/3277/2
f 2134/3277/2 2136/3279/2 2135/3278/2
f 2137/3280/2 2135/3278/2 2136/3279/2
f 2136/3279/2 2138/3281/2 2137/3280/2
f 2139/3282/2 2137/3280/2 2138/3281/2
f 2138/3281/2 2140/3283/2 2139/3282/2
f 1814/2717/2 2139/3282/2 2140/3283/2
f 2140/3283/2 1811/3284/2 1814/2717/2
f 1813/2716/2 1814/2717/2 1811/3284/2
f 1811/3284/2 1808/3285/2 1813/2716/2
f 1806/2705/2 1813/2716/2 1808/3285/2
f 1808/3285/2 1807/2706/2 1806/2705/2
f 2138/3281/2073 2136/3286/1803 2127/3287/1803
f 2127/3287/1803 2129/3288/2074 2138/3281/2073
f 2140/3283/1806 2138/3281/2073 2129/3288/2074
f 2129/3288/2074 2131/3289/1806 2140/3283/1806
f 1811/2714/1807 2140/3283/1806 2131/3289/1806
f 2131/3289/1806 1810/2713/1807 1811/2714/1807
f 2130/3271/1809 2128/3269/1808 2135/3278/1808
f 2135/3278/1808 2137/3280/1810 2130/3271/1809
f 2132/3273/2075 2130/3271/1809 2137/3280/1810
f 2137/3280/1810 2139/3282/1811 2132/3273/2075
f 1815/2718/1812 2132/3273/2075 2139/3282/1811
f 2139/3282/1811 1814/2717/1812 1815/2718/1812
f 2141/3290/1794 2142/3291/2076 2143/3292/2077
f 2143/3292/2077 2144/3293/1793 2141/3290/1794
f 2145/3294/1796 2141/3290/1794 2144/3293/1793
f 2144/3293/1793 2146/3295/1795 2145/3294/1796
f 2147/3296/1798 2145/3294/1796 2146/3295/1795
f 2146/3295/1795 2148/3297/1797 2147/3296/1798
f 2147/3296/1798 2148/3297/1797 2149/3298/1800
f 2149/3298/1800 2150/3299/1799 2147/3296/1798
f 2150/3299/1799 2149/3298/1800 2151/3300/2078
f 2151/3300/2078 2152/3301/2079 2150/3299/1799
f 2147/3302/1798 2150/3303/1799 2152/3301/2079
f 2152/3301/2079 2153/3304/2080 2147/3302/1798
f 2145/3305/1796 2147/3302/1798 2153/3304/2080
f 2153/3304/2080 2154/3306/2081 2145/3305/1796
f 2141/3307/1794 2145/3305/1796 2154/3306/2081
f 2155/3308/2082 2153/3304/2080 2152/3301/2079
f 2154/3306/2081 2153/3304/2080 2155/3308/2082
f 2154/3306/2081 2156/3309/2083 2141/3307/1794
f 2155/3308/2082 2156/3309/2083 2154/3306/2081
f 2142/3310/2076 2141/3307/1794 2156/3309/2083
f 2156/3309/2083 2155/3308/2082 2142/3310/2076
f 2157/3311/2084 2155/3308/2082 2152/3301/2079
f 2152/3301/2079 2151/3300/2078 2157/3311/2084
f 2142/3312/2076 2155/3308/2082 2157/3311/2084
f 2157/3311/2084 2143/3313/2077 2142/3312/2076
f 2144/3314/1793 2143/3315/2077 2157/3311/2084
f 2157/3311/2084 2158/3316/2085 2144/3314/1793
f 2146/3317/1795 2144/3314/1793 2158/3316/2085
f 2157/3311/2084 2151/3300/2078 2159/3318/2086
f 2158/3316/2085 2157/3311/2084 2159/3318/2086
f 2159/3318/2086 2151/3300/2078 2149/3319/1800
f 2149/3319/1800 2148/3320/1797 2159/3318/2086
f 2158/3316/2085 2160/3321/2087 2146/3317/1795
f 2148/3320/1797 2146/3317/1795 2160/3321/2087
f 2159/3318/2086 2160/3321/2087 2158/3316/2085
f 2160/3321/2087 2159/3318/2086 2148/3320/1797
f 2161/3322/13 2162/3323/13 2163/3324/13
f 2163/3324/13 2164/3325/13 2161/3322/13
f 2165/3326/1829 2161/3322/13 2164/3325/13
f 2164/3325/13 2166/3327/1828 2165/3326/1829
f 2165/3326/1829 2166/3327/1828 2167/3328/1827
f 2167/3328/1827 2168/3329/1827 2165/3326/1829
f 2168/3329/1827 2167/3328/1827 2169/3330/1826
f 2169/3330/1826 2170/3331/1825 2168/3329/1827
f 2170/3331/1825 2169/3330/1826 2171/3332/2088
f 2171/3332/2088 2172/3333/2088 2170/3331/1825
f 2172/3333/2088 2171/3332/2088 2173/3334/1822
f 2173/3334/1822 2174/3335/1822 2172/3333/2088
f 2174/3335/1822 2173/3334/1822 2175/3336/1821
f 2175/3336/1821 2176/3337/1820 2174/3335/1822
f 2177/3338/45 2176/3337/1820 2175/3336/1821
f 2175/3336/1821 2178/3339/45 2177/3338/45
f 2177/3338/45 2178/3339/45 2179/3340/45
f 2179/3340/45 2180/3341/45 2177/3338/45
f 2181/3342/45 2182/3343/45 2183/3344/45
f 2183/3344/45 2184/3345/45 2181/3342/45
f 2185/3346/1819 2181/3342/45 2184/3345/45
f 2184/3345/45 2186/3347/1819 2185/3346/1819
f 2185/3346/1819 2186/3347/1819 2187/3348/1818
f 2187/3348/1818 2188/3349/1818 2185/3346/1819
f 2188/3349/1818 2187/3348/1818 2189/3350/2089
f 2189/3350/2089 2190/3351/1817 2188/3349/1818
f 2190/3351/1817 2189/3350/2089 2191/3352/1816
f 2191/3352/1816 2192/3353/1816 2190/3351/1817
f 2192/3353/1816 2191/3352/1816 2193/3354/1815
f 2193/3354/1815 2194/3355/1815 2192/3353/1816
f 2194/3355/1815 2193/3354/1815 2195/3356/1814
f 2195/3356/1814 2196/3357/1813 2194/3355/1815
f 2197/3358/13 2196/3357/1813 2195/3356/1814
f 2195/3356/1814 2198/3359/13 2197/3358/13
f 2197/3358/13 2198/3359/13 2199/3360/13
f 2199/3360/13 2200/3361/13 2197/3358/13
f 2201/3362/2090 2202/3363/2091 2203/3364/2091
f 2203/3364/2091 2204/3365/2090 2201/3362/2090
f 2205/3366/1839 2201/3362/2090 2204/3365/2090
f 2204/3365/2090 2206/3367/1839 2205/3366/1839
f 2207/3368/2092 2205/3366/1839 2206/3367/1839
f 2206/3367/1839 2208/3369/2093 2207/3368/2092
f 2209/3370/2094 2207/3368/2092 2208/3369/2093
f 2208/3369/2093 2210/3371/2095 2209/3370/2094
f 2211/3372/2096 2209/3370/2094 2210/3371/2095
f 2210/3371/2095 2212/3373/2096 2211/3372/2096
f 2213/3374/2097 2211/3372/2096 2212/3373/2096
f 2212/3373/2096 2214/3375/2097 2213/3374/2097
f 2215/3376/2098 2213/3374/2097 2214/3375/2097
f 2214/3375/2097 2216/3377/2098 2215/3376/2098
f 2217/3378/2099 2215/3376/2098 2216/3377/2098
f 2216/3377/2098 2218/3379/2100 2217/3378/2099
f 2219/3380/2101 2217/3378/2099 2218/3379/2100
f 2218/3379/2100 2220/3381/2102 2219/3380/2101
f 2221/3382/1838 2219/3380/2101 2220/3381/2102
f 2220/3381/2102 2222/3383/1838 2221/3382/1838
f 2223/3384/2103 2221/3382/1838 2222/3383/1838
f 2222/3383/1838 2224/3385/2103 2223/3384/2103
f 2225/3386/2104 2223/3384/2103 2224/3385/2103
f 2224/3385/2103 2226/3387/2105 2225/3386/2104
f 2227/3388/2106 2225/3386/2104 2226/3387/2105
f 2226/3387/2105 2228/3389/2107 2227/3388/2106
f 2229/3390/2108 2227/3388/2106 2228/3389/2107
f 2228/3389/2107 2230/3391/2108 2229/3390/2108
f 2231/3392/2109 2229/3390/2108 2230/3391/2108
f 2230/3391/2108 2232/3393/2110 2231/3392/2109
f 2202/3394/2091 2231/3392/2109 2232/3393/2110
f 2232/3393/2110 2203/3395/2091 2202/3394/2091
f 2233/3396/1696 2234/3397/13 2235/3398/13
f 2235/3398/13 2236/3399/1696 2233/3396/1696
f 2237/3400/131 2233/3396/1696 2236/3399/1696
f 2236/3399/1696 2238/3401/131 2237/3400/131
f 2239/3402/1697 2237/3400/131 2238/3401/131
f 2238/3401/131 2240/3403/1697 2239/3402/1697
f 2241/3404/45 2239/3402/1697 2240/3403/1697
f 2240/3403/1697 2242/3405/45 2241/3404/45
f 2243/3406/1642 2241/3404/45 2242/3405/45
f 2242/3405/45 2244/3407/1642 2243/3406/1642
f 2245/3408/1361 2243/3406/1642 2244/3407/1642
f 2244/3407/1642 2246/3409/1361 2245/3408/1361
f 2247/3410/1698 2245/3408/1361 2246/3409/1361
f 2246/3409/1361 2248/3411/1698 2247/3410/1698
f 2234/3412/13 2247/3410/1698 2248/3411/1698
f 2248/3411/1698 2235/3413/13 2234/3412/13
f 2249/3414/2111 2250/3415/2111 2251/3416/2111
f 2252/3417/2111 2249/3414/2111 2251/3416/2111
f 2252/3417/2111 2253/3418/2111 2249/3414/2111
f 2253/3418/2111 2252/3417/2111 2254/3419/2112
f 2254/3419/2112 2255/3420/2111 2253/3418/2111
f 2254/3419/2112 2256/3421/2111 2255/3420/2111
f 2256/3421/2111 2254/3419/2112 2257/3422/2111
f 2254/3419/2112 2252/3417/2111 2258/3423/2113
f 2259/3424/2111 2258/3423/2113 2252/3417/2111
f 2260/3425/2111 2258/3423/2113 2259/3424/2111
f 2261/3426/2114 2254/3419/2112 2258/3423/2113
f 2262/3427/2114 2254/3419/2112 2261/3426/2114
f 2263/3428/2114 2262/3427/2114 2264/3429/2115
f 2265/3430/2114 2262/3427/2114 2263/3428/2114
f 2262/3427/2114 2265/3430/2114 2266/3431/2116
f 2254/3419/2112 2262/3427/2114 2266/3431/2116
f 2266/3431/2116 2265/3430/2114 2267/3432/2114
f 2266/3431/2116 2267/3432/2114 2268/3433/2114
f 2269/3434/2117 2254/3419/2112 2266/3431/2116
f 2254/3419/2112 2269/3434/2117 2270/3435/2118
f 2269/3434/2117 2271/3436/2119 2270/3435/2118
f 2271/3436/2119 2269/3434/2117 2272/3437/2120
f 2273/3438/2121 2254/3419/2112 2270/3435/2118
f 2272/3437/2120 2274/3439/2122 2271/3436/2119
f 2274/3439/2122 2272/3437/2120 2275/3440/2122
f 2276/3441/2123 2274/3439/2122 2275/3440/2122
f 2277/3442/2124 2270/3435/2118 2271/3436/2119
f 2277/3442/2124 2273/3438/2121 2270/3435/2118
f 2278/3443/2125 2274/3439/2122 2276/3441/2123
f 2279/3444/2126 2278/3443/2125 2276/3441/2123
f 2271/3436/2119 2274/3439/2122 2280/3445/2127
f 2271/3436/2119 2281/3446/2128 2277/3442/2124
f 2281/3446/2128 2271/3436/2119 2280/3445/2127
f 2274/3439/2122 2282/3447/2129 2280/3445/2127
f 2281/3446/2128 2280/3445/2127 2283/3448/2130
f 2283/3448/2130 2280/3445/2127 2282/3447/2129
f 2274/3439/2122 2284/3449/2131 2282/3447/2129
f 2284/3449/2131 2283/3448/2130 2282/3447/2129
f 2274/3439/2122 2278/3443/2125 2284/3449/2131
f 2283/3448/2130 2284/3449/2131 2285/3450/2132
f 2278/3443/2125 2285/3450/2132 2284/3449/2131
f 2283/3448/2130 2286/3451/2133 2281/3446/2128
f 2286/3451/2133 2277/3442/2124 2281/3446/2128
f 2285/3450/2132 2278/3443/2125 2287/3452/2134
f 2286/3451/2133 2288/3453/2135 2277/3442/2124
f 2288/3453/2135 2273/3438/2121 2277/3442/2124
f 2289/3454/2136 2283/3448/2130 2285/3450/2132
f 2287/3452/2134 2289/3454/2136 2285/3450/2132
f 2286/3451/2133 2283/3448/2130 2290/3455/2137
f 2290/3455/2137 2283/3448/2130 2289/3454/2136
f 2291/3456/521 2286/3451/2133 2290/3455/2137
f 2289/3454/2136 2291/3456/521 2290/3455/2137
f 2292/3457/2138 2287/3452/2134 2278/3443/2125
f 2278/3443/2125 2279/3444/2126 2292/3457/2138
f 2289/3454/2136 2287/3452/2134 2293/3458/2139
f 2287/3452/2134 2292/3457/2138 2294/3459/2140
f 2294/3459/2140 2293/3458/2139 2287/3452/2134
f 2292/3457/2138 2279/3444/2126 2295/3460/2141
f 2295/3460/2141 2294/3459/2140 2292/3457/2138
f 2295/3460/2141 2279/3444/2126 2296/3461/2142
f 2296/3461/2142 2297/3462/2143 2298/3463/2143
f 2296/3461/2142 2298/3463/2143 2299/3464/2143
f 2300/3465/2143 2296/3461/2142 2299/3464/2143
f 2300/3465/2143 2295/3460/2141 2296/3461/2142
f 2301/3466/2143 2300/3465/2143 2299/3464/2143
f 2300/3465/2143 2301/3466/2143 2302/3467/2144
f 2303/3468/2143 2295/3460/2141 2300/3465/2143
f 2295/3460/2141 2303/3468/2143 2304/3469/2145
f 2305/3470/2146 2306/3471/2146 2304/3469/2145
f 2307/3472/2146 2304/3469/2145 2306/3471/2146
f 2304/3469/2145 2307/3472/2146 2295/3460/2141
f 2307/3472/2146 2308/3473/2146 2295/3460/2141
f 2308/3473/2146 2307/3472/2146 2309/3474/2146
f 2310/3475/2147 2309/3474/2146 2307/3472/2146
f 2309/3474/2146 2310/3475/2147 2311/3476/2146
f 2312/3477/2146 2295/3460/2141 2308/3473/2146
f 2295/3460/2141 2312/3477/2146 2313/3478/2146
f 2295/3460/2141 2313/3478/2146 2314/3479/2146
f 2314/3479/2146 2315/3480/2148 2295/3460/2141
f 2315/3480/2148 2314/3479/2146 2316/3481/2149
f 2315/3480/2148 2316/3481/2149 2317/3482/2146
f 2294/3459/2140 2295/3460/2141 2315/3480/2148
f 2318/3483/2150 2315/3480/2148 2317/3482/2150
f 2319/3484/2151 2315/3480/2148 2318/3483/2150
f 2320/3485/2151 2315/3480/2148 2319/3484/2151
f 2321/3486/2151 2315/3480/2148 2320/3485/2151
f 2315/3480/2148 2322/3487/2152 2294/3459/2140
f 2293/3458/2139 2294/3459/2140 2322/3487/2152
f 2323/3488/2153 2315/3480/2148 2321/3486/2151
f 2322/3487/2152 2315/3480/2148 2323/3488/2153
f 2323/3488/2153 2321/3486/2151 2324/3489/2150
f 2323/3488/2153 2324/3489/2150 2325/3490/2150
f 2323/3488/2153 2325/3490/2150 2326/3491/2154
f 2327/3492/2155 2323/3488/2153 2326/3491/2154
f 2328/3493/2155 2323/3488/2153 2327/3492/2155
f 2329/3494/2156 2323/3488/2153 2328/3493/2155
f 2330/3495/2157 2323/3488/2153 2329/3494/2156
f 2331/3496/2158 2323/3488/2153 2330/3495/2157
f 2331/3496/2158 2330/3495/2157 2332/3497/2159
f 2331/3496/2158 2332/3497/2159 2333/3498/2160
f 2331/3496/2158 2333/3498/2160 2334/3499/2161
f 2335/3500/2161 2331/3496/2158 2334/3499/2161
f 2336/3501/2162 2335/3500/2161 2337/3502/2161
f 2331/3496/2158 2335/3500/2161 2336/3501/2162
f 2338/3503/2163 2331/3496/2158 2336/3501/2162
f 2331/3496/2158 2338/3503/2163 2339/3504/2164
f 2339/3504/2164 2323/3488/2153 2331/3496/2158
f 2338/3503/2163 2340/3505/2165 2339/3504/2164
f 2323/3488/2153 2339/3504/2164 2322/3487/2152
f 2341/3506/2166 2339/3504/2164 2340/3505/2165
f 2342/3507/2167 2339/3504/2164 2341/3506/2166
f 2343/3508/2168 2322/3487/2152 2339/3504/2164
f 2342/3507/2167 2343/3508/2168 2339/3504/2164
f 2322/3487/2152 2343/3508/2168 2293/3458/2139
f 2343/3508/2168 2342/3507/2167 2344/3509/2169
f 2343/3508/2168 2344/3509/2169 2345/3510/2170
f 2343/3508/2168 2345/3510/2170 2346/3511/2171
f 2343/3508/2168 2289/3454/2136 2293/3458/2139
f 2347/3512/2171 2343/3508/2168 2346/3511/2171
f 2343/3508/2168 2348/3513/2172 2289/3454/2136
f 2347/3512/2171 2348/3513/2172 2343/3508/2168
f 2291/3456/521 2289/3454/2136 2348/3513/2172
f 2347/3512/2171 2349/3514/1525 2348/3513/2172
f 2348/3513/2172 2349/3514/1525 2291/3456/521
f 2350/3515/2173 2291/3456/521 2349/3514/1525
f 2350/3515/2173 2286/3451/2133 2291/3456/521
f 2351/3516/2174 2350/3515/2173 2349/3514/1525
f 2352/3517/2175 2286/3451/2133 2350/3515/2173
f 2351/3516/2174 2352/3517/2175 2350/3515/2173
f 2352/3517/2175 2351/3516/2174 2353/3518/2174
f 2352/3517/2175 2353/3518/2174 2354/3519/2176
f 2352/3517/2175 2354/3519/2176 2355/3520/2177
f 2286/3451/2133 2352/3517/2175 2288/3453/2135
f 2356/3521/2178 2352/3517/2175 2355/3520/2177
f 2352/3517/2175 2357/3522/2179 2288/3453/2135
f 2288/3453/2135 2357/3522/2179 2273/3438/2121
f 2352/3517/2175 2356/3521/2178 2358/3523/2180
f 2352/3517/2175 2358/3523/2180 2357/3522/2179
f 2359/3524/2181 2358/3523/2180 2356/3521/2178
f 2360/3525/2182 2358/3523/2180 2359/3524/2181
f 2361/3526/2183 2358/3523/2180 2360/3525/2182
f 2357/3522/2179 2362/3527/2184 2273/3438/2121
f 2254/3419/2112 2273/3438/2121 2362/3527/2184
f 2362/3527/2184 2257/3422/2111 2254/3419/2112
f 2257/3422/2111 2362/3527/2184 2363/3528/2185
f 2362/3527/2184 2364/3529/2111 2363/3528/2185
f 2365/3530/2186 2364/3529/2186 2362/3527/2184
f 2362/3527/2184 2366/3531/2187 2365/3530/2186
f 2366/3531/2187 2362/3527/2184 2367/3532/2187
f 2362/3527/2184 2368/3533/2187 2367/3532/2187
f 2369/3534/2188 2368/3533/2187 2362/3527/2184
f 2357/3522/2179 2369/3534/2188 2362/3527/2184
f 2368/3533/2187 2369/3534/2188 2370/3535/2186
f 2358/3523/2180 2369/3534/2188 2357/3522/2179
f 2370/3535/2186 2369/3534/2188 2371/3536/2189
f 2371/3536/2189 2369/3534/2188 2372/3537/2190
f 2373/3538/2191 2372/3537/2190 2369/3534/2188
f 2373/3538/2191 2369/3534/2188 2374/3539/2191
f 2369/3534/2188 2375/3540/2192 2374/3539/2191
f 2369/3534/2188 2376/3541/2193 2375/3540/2192
f 2358/3523/2180 2377/3542/2194 2369/3534/2188
f 2377/3542/2194 2376/3541/2193 2369/3534/2188
f 2358/3523/2180 2361/3526/2183 2377/3542/2194
f 2376/3541/2193 2377/3542/2194 2378/3543/2195
f 2378/3543/2195 2377/3542/2194 2379/3544/2196
f 2380/3545/2197 2379/3544/2196 2377/3542/2194
f 2381/3546/2198 2377/3542/2194 2361/3526/2183
f 2377/3542/2194 2382/3547/2197 2380/3545/2197
f 2382/3547/2197 2377/3542/2194 2381/3546/2198
f 2381/3546/2198 2383/3548/2197 2382/3547/2197
f 2384/3549/1 1071/1642/1 1070/1641/1
f 1070/1641/1 2385/3550/1 2384/3549/1
f 2384/3549/1 2385/3550/1 2386/3551/1
f 2386/3551/1 2387/3552/1 2384/3549/1
f 1078/1649/1 2387/3552/1 2386/3551/1
f 2386/3551/1 1079/1650/1 1078/1649/1
f 1100/2757/131 1099/1670/131 1852/2759/131
f 1852/2759/131 1850/2755/131 1100/2757/131
f 1848/2753/1501 1850/2755/131 1852/2759/131
f 1852/2759/131 1854/2761/131 1848/2753/1501
f 1846/2751/131 1848/2753/1501 1854/2761/131
f 1854/2761/131 12/12/131 1846/2751/131
f 1846/2751/131 12/12/131 11/11/131
f 11/11/131 1844/2749/131 1846/2751/131
f 1842/2747/131 1844/2749/131 11/11/131
f 11/11/131 1839/2742/131 1842/2747/131
f 1840/2743/131 1842/2747/131 1839/2742/131
f 1839/2742/131 1837/2740/131 1840/2743/131
f 1840/2743/131 1837/2740/131 1096/1667/131
f 1096/1667/131 1095/2744/131 1840/2743/131
f 1111/1682/2199 1132/1707/1400 1133/3553/1400
f 1133/3553/1400 1105/3554/2199 1111/1682/2199
f 1111/1682/2199 1105/3554/2199 1102/1673/2200
f 1102/1673/2200 1108/1679/2201 1111/1682/2199
f 1113/1684/2202 1108/1679/2201 1102/1673/2200
f 1109/1680/1867 1108/1679/2201 1113/1684/2202
f 1113/1684/2202 1112/1683/2203 1109/1680/1867
f 1102/1673/2200 1101/1672/2204 1113/1684/2202
f 1113/1684/2202 1101/1672/2204 1107/3555/2205
f 1107/3555/2205 1114/1685/2206 1113/1684/2202
f 1139/1718/1406 1114/1685/2206 1107/3555/2205
f 1107/3555/2205 1138/3556/1406 1139/1718/1406
f 1491/3557/45 1480/3558/45 1483/3559/45
f 1483/3559/45 1489/3560/45 1491/3557/45
f 1487/3561/45 1489/3560/45 1483/3559/45
f 1483/3559/45 1485/3562/45 1487/3561/45
f 1885/2812/131 1874/3563/131 1144/3564/131
f 1144/3564/131 1142/1721/131 1885/2812/131
f 1143/1722/131 1142/1721/131 1144/3564/131
f 1144/3564/131 1147/3565/131 1143/1722/131
f 1143/1722/131 1147/3565/131 1873/3566/131
f 1873/3566/131 1862/2789/131 1143/1722/131
f 1879/3567/1361 1880/2807/1361 1141/1720/1361
f 1141/1720/1361 1145/3568/1361 1879/3567/1361
f 1146/3569/1361 1145/3568/1361 1141/1720/1361
f 1141/1720/1361 1140/1719/1361 1146/3569/1361
f 1146/3569/1361 1140/1719/1361 1867/2794/1361
f 1867/2794/1361 1868/3570/1361 1146/3569/1361
f 1880/2807/13 1879/3567/13 1878/3571/2207
f 1878/3571/2207 1881/2808/2208 1880/2807/13
f 1882/2809/2207 1881/2808/2208 1878/3571/2207
f 1878/3571/2207 1877/3572/2207 1882/2809/2207
f 1882/2809/2207 1877/3572/2207 1876/3573/1599
f 1876/3573/1599 1883/2810/1599 1882/2809/2207
f 1884/2811/1599 1883/2810/1599 1876/3573/1599
f 1876/3573/1599 1875/3574/1599 1884/2811/1599
f 1884/2811/1599 1875/3574/1599 1874/3563/13
f 1874/3563/13 1885/2812/13 1884/2811/1599
f 1862/2789/13 1873/3566/13 1872/3575/1599
f 1872/3575/1599 1863/2790/1600 1862/2789/13
f 1864/2791/1599 1863/2790/1600 1872/3575/1599
f 1872/3575/1599 1871/3576/1600 1864/2791/1599
f 1864/2791/1599 1871/3576/1600 1870/3577/2207
f 1870/3577/2207 1865/2792/2207 1864/2791/1599
f 1866/2793/2208 1865/2792/2207 1870/3577/2207
f 1870/3577/2207 1869/3578/2207 1866/2793/2208
f 1866/2793/2208 1869/3578/2207 1868/3570/13
f 1868/3570/13 1867/2794/13 1866/2793/2208
f 1171/1752/1427 1170/3579/1426 1153/3580/1415
f 1153/3580/1415 1182/1765/1415 1171/1752/1427
f 1183/1766/1415 1182/1765/1415 1153/3580/1415
f 1153/3580/1415 1150/1729/2209 1183/1766/1415
f 1184/1767/1415 1183/1766/1415 1150/1729/2209
f 1150/1729/2209 1149/1728/1415 1184/1767/1415
f 1185/1768/1415 1184/1767/1415 1149/1728/1415
f 1149/1728/1415 1155/3581/1415 1185/1768/1415
f 1185/1768/1415 1155/3581/1415 1177/3582/1427
f 1177/3582/1427 1176/1758/1426 1185/1768/1415
f 1173/3583/1428 1172/1753/1428 1181/1764/1422
f 1181/1764/1422 1152/3584/1421 1173/3583/1428
f 1151/3585/2210 1152/3584/1421 1181/1764/1422
f 1181/1764/1422 1180/1763/2211 1151/3585/2210
f 1151/3585/2210 1180/1763/2211 1187/1770/2212
f 1187/1770/2212 1180/1763/2211 1183/1766/1700
f 1183/1766/1700 1184/1767/1700 1187/1770/2212
f 1187/1770/2212 1148/3586/1422 1151/3585/2210
f 1154/3587/1422 1148/3586/1422 1187/1770/2212
f 1187/1770/2212 1186/1769/1421 1154/3587/1422
f 1154/3587/1422 1186/1769/1421 1179/1761/1428
f 1179/1761/1428 1178/3588/1428 1154/3587/1422
f 2388/3589/2213 38/3590/2214 2389/3591/2215
f 2389/3591/2215 38/3590/2214 35/3592/2216
f 35/3592/2216 2390/3593/1737 2389/3591/2215
f 2391/3594/1738 2389/3591/2215 2390/3593/1737
f 2390/3593/1737 2392/3595/1738 2391/3594/1738
f 2393/3596/1739 2391/3594/1738 2392/3595/1738
f 2392/3595/1738 2394/3597/1529 2393/3596/1739
f 2393/3596/1739 2394/3597/1529 2395/3598/2217
f 2395/3598/2217 2396/3599/2218 2393/3596/1739
f 2397/3600/2219 2396/3599/2218 2395/3598/2217
f 2395/3598/2217 2398/3601/2219 2397/3600/2219
f 2399/3602/2220 2397/3600/2219 2398/3601/2219
f 2398/3601/2219 2400/3603/2221 2399/3602/2220
f 39/3604/2222 2399/3602/2220 2400/3603/2221
f 2400/3603/2221 34/3605/2223 39/3604/2222
f 2399/3602/2220 39/3604/2222 2401/3606/2224
f 2388/3607/2213 2401/3606/2224 39/3604/2222
f 39/3604/2222 38/3608/2214 2388/3607/2213
f 2392/3609/23 2390/3610/2225 35/3611/24
f 35/3611/24 2394/3612/23 2392/3609/23
f 2395/3613/23 2394/3612/23 35/3611/24
f 35/3611/24 34/3614/23 2395/3613/23
f 2395/3613/23 34/3614/23 2400/3615/2226
f 2400/3615/2226 2398/3616/2226 2395/3613/23
f 2402/3617/1954 2403/3618/2227 2404/3619/679
f 2404/3619/679 2405/3620/679 2402/3617/1954
f 2406/3621/2228 2405/3620/679 2404/3619/679
f 2404/3619/679 2407/3622/2228 2406/3621/2228
f 2406/3621/2228 2407/3622/2228 2408/3623/1956
f 2408/3623/1956 2409/3624/1956 2406/3621/2228
f 2410/3625/1681 2409/3624/1956 2408/3623/1956
f 2408/3623/1956 2411/3626/1681 2410/3625/1681
f 2410/3625/1681 2411/3626/1681 2412/3627/2229
f 2412/3627/2229 2413/3628/1944 2410/3625/1681
f 2414/3629/1946 2413/3628/1944 2412/3627/2229
f 2412/3627/2229 2415/3630/1946 2414/3629/1946
f 2414/3629/1946 2415/3630/1946 2416/3631/1366
f 2416/3631/1366 2417/3632/1366 2414/3629/1946
f 2418/3633/1949 2417/3632/1366 2416/3631/1366
f 2416/3631/1366 2419/3634/1949 2418/3633/1949
f 2418/3633/1949 2419/3634/1949 2420/3635/1950
f 2420/3635/1950 2421/3636/1950 2418/3633/1949
f 2422/3637/1951 2421/3636/1950 2420/3635/1950
f 2420/3635/1950 2423/3638/1951 2422/3637/1951
f 2422/3637/1951 2423/3638/1951 2424/3639/1952
f 2424/3639/1952 2425/3640/1952 2422/3637/1951
f 2402/3641/1954 2425/3640/1952 2424/3639/1952
f 2424/3639/1952 2403/3642/2227 2402/3641/1954
f 2023/3643/1443 2021/3644/1445 2019/3645/1445
f 2019/3645/1445 2018/3646/1444 2023/3643/1443
f 2023/3643/1443 2018/3646/1444 2027/3647/1445
f 2027/3647/1445 2025/3648/1445 2023/3643/1443
f 839/3649/2230 608/802/2231 597/780/527
f 597/780/527 596/779/2230 839/3649/2230
f 839/3649/2230 596/779/2230 150/801/2232
f 150/801/2232 841/3650/298 839/3649/2230
f 841/3650/298 150/801/2232 148/3651/1
f 148/3651/1 843/3652/1 841/3650/298
f 843/3652/1 148/3651/1 146/3653/1
f 146/3653/1 844/3654/2233 843/3652/1
f 846/3655/2234 844/3654/2233 146/3653/1
f 146/3653/1 49/3656/2235 846/3655/2234
f 846/3655/2234 49/3656/2235 48/805/501
f 48/805/501 849/3657/275 846/3655/2234
f 48/805/501 610/804/2236 849/3657/275
f 849/3657/275 610/804/2236 1290/3658/2237
f 1290/3658/2237 850/3659/2237 849/3657/275
f 840/1475/1 842/3660/1 977/1473/1
f 842/3660/1 845/3661/1 977/1473/1
f 845/3661/1 847/3662/1 977/1473/1
f 847/3662/1 848/1873/1 977/1473/1
f 2075/3663/2 2084/3664/2 2082/3665/2
f 2082/3665/2 2080/3666/2 2075/3663/2
f 2075/3663/2 2080/3666/2 2078/3667/2
f 2078/3667/2 2076/3668/2 2075/3663/2
f 2067/3669/1 2069/3670/1 2071/3671/1
f 2071/3671/1 2062/3672/1 2067/3669/1
f 2067/3669/1 2062/3672/1 2061/3673/1
f 2061/3673/1 2065/3674/1 2067/3669/1
f 2120/3675/45 2118/3676/45 1736/3677/45
f 1736/3677/45 1721/3678/45 2120/3675/45
f 1722/3679/2238 1721/3678/45 1736/3677/45
f 1736/3677/45 1739/3680/2238 1722/3679/2238
f 1722/3679/2238 1739/3680/2238 1741/2646/2239
f 1741/2646/2239 1724/2645/2240 1722/3679/2238
f 2117/3252/13 2119/3254/13 1720/2613/13
f 1720/2613/13 1737/2630/13 2117/3252/13
f 1738/2631/2101 1737/2630/13 1720/2613/13
f 1720/2613/13 1723/2616/2101 1738/2631/2101
f 1738/2631/2101 1723/2616/2101 1725/2618/2241
f 1725/2618/2241 1740/2633/2241 1738/2631/2101
f 1792/3681/45 1795/3682/45 1797/3683/45
f 1797/3683/45 1799/3684/45 1792/3681/45
f 1792/3681/45 1799/3684/45 2125/3685/2090
f 2125/3685/2090 2134/3686/2090 1792/3681/45
f 2136/3286/2240 2134/3686/2090 2125/3685/2090
f 2125/3685/2090 2127/3287/2240 2136/3286/2240
f 1798/2697/13 1796/2695/13 1794/2693/13
f 1794/2693/13 1793/2692/13 1798/2697/13
f 1798/2697/13 1793/2692/13 2133/3276/2242
f 2133/3276/2242 2126/3267/2102 1798/2697/13
f 2128/3269/2241 2126/3267/2102 2133/3276/2242
f 2133/3276/2242 2135/3278/2241 2128/3269/2241
f 2426/3687/1788 2427/3688/1788 2428/3689/943
f 2428/3689/943 1070/1641/2243 2426/3687/1788
f 1070/1641/2243 2428/3689/943 2429/3690/1629
f 2430/3691/1788 2426/3687/1788 1070/1641/2243
f 2429/3690/1629 2385/3550/1629 1070/1641/2243
f 2385/3550/1629 2429/3690/1629 2431/3692/1789
f 1070/1641/2243 1069/1640/2244 2430/3691/1788
f 2431/3692/1789 2386/3551/1789 2385/3550/1629
f 2386/3551/1789 2431/3692/1789 2432/3693/131
f 2432/3693/131 1079/1650/2245 2386/3551/1789
f 1079/1650/2245 2432/3693/131 2433/3694/1791
f 2433/3694/1791 2434/3695/1791 1079/1650/2245
f 2434/3695/1791 2433/3694/1791 2435/3696/745
f 1080/1651/2245 1079/1650/2245 2434/3695/1791
f 2435/3696/745 2436/3697/745 2434/3695/1791
f 2436/3697/745 2435/3696/745 2437/3698/2037
f 2434/3695/1791 2438/3699/1791 1080/1651/2245
f 2438/3699/1791 2434/3695/1791 2436/3697/745
f 2437/3698/2037 1084/1655/2246 2436/3697/745
f 1084/1655/2246 2437/3698/2037 2439/3700/2040
f 2439/3700/2040 1826/2729/2040 1084/1655/2246
f 1826/2729/2040 2439/3700/2040 2440/3701/2041
f 2440/3701/2041 1824/2727/2041 1826/2729/2040
f 1824/2727/2041 2440/3701/2041 2441/3702/2247
f 2441/3702/2247 1065/1636/1598 1824/2727/2041
f 1065/1636/1598 2441/3702/2247 2442/3703/2042
f 2443/3704/745 2436/3697/745 1084/1655/2246
f 2436/3697/745 2443/3704/745 2438/3699/1791
f 1084/1655/2246 1083/1654/2248 2443/3704/745
f 2442/3703/2042 2444/3705/2042 1065/1636/1598
f 2444/3705/2042 2442/3703/2042 2445/3706/2249
f 1066/1637/1598 1065/1636/1598 2444/3705/2042
f 2445/3706/2249 2446/3707/2249 2444/3705/2042
f 2446/3707/2249 2445/3706/2249 2447/3708/1361
f 2444/3705/2042 2448/3709/2042 1066/1637/1598
f 2448/3709/2042 2444/3705/2042 2446/3707/2249
f 2447/3708/1361 1076/1647/2250 2446/3707/2249
f 1076/1647/2250 2447/3708/1361 2449/3710/2045
f 2449/3710/2045 1833/2736/2045 1076/1647/2250
f 1833/2736/2045 2449/3710/2045 2450/3711/1353
f 2450/3711/1353 1835/2738/1353 1833/2736/2045
f 1835/2738/1353 2450/3711/1353 2451/3712/1786
f 2451/3712/1786 1087/1658/2251 1835/2738/1353
f 1087/1658/2251 2451/3712/1786 2452/3713/1787
f 2453/3714/2043 2446/3707/2249 1076/1647/2250
f 2446/3707/2249 2453/3714/2043 2448/3709/2042
f 1076/1647/2250 1075/1646/2252 2453/3714/2043
f 2452/3713/1787 2454/3715/1787 1087/1658/2251
f 2454/3715/1787 2452/3713/1787 2427/3716/1788
f 2427/3716/1788 2426/3717/1788 2454/3715/1787
f 1088/1659/2253 1087/1658/2251 2454/3715/1787
f 2455/3718/1787 2454/3715/1787 2426/3717/1788
f 2454/3715/1787 2455/3718/1787 1088/1659/2253
f 2426/3717/1788 2430/3719/1788 2455/3718/1787
f 2455/3718/1787 2430/3719/1788 2456/3720/2254
f 1088/1659/2253 2455/3718/1787 2457/3721/2255
f 2456/3720/2254 2457/3721/2255 2455/3718/1787
f 2457/3721/2255 2458/3722/2256 1088/1659/2253
f 1822/2725/1353 1088/1659/2253 2458/3722/2256
f 2459/3723/2257 2457/3721/2255 2456/3720/2254
f 2456/3720/2254 2460/3724/2258 2459/3723/2257
f 2461/3725/2259 2458/3722/2256 2457/3721/2255
f 2457/3721/2255 2459/3723/2257 2461/3725/2259
f 2458/3722/2256 2462/3726/2260 1822/2725/1353
f 1820/2723/2044 1822/2725/1353 2462/3726/2260
f 2458/3722/2256 2461/3725/2259 2463/3727/2261
f 2463/3727/2261 2462/3726/2260 2458/3722/2256
f 2462/3726/2260 2464/3728/2262 1820/2723/2044
f 1075/1646/2252 1820/2723/2044 2464/3728/2262
f 2462/3726/2260 2463/3727/2261 2465/3729/2263
f 2465/3729/2263 2464/3728/2262 2462/3726/2260
f 1823/3730/745 2463/3727/2261 2461/3725/2259
f 2463/3727/2261 1823/3730/745 1821/3731/2264
f 1821/3731/2264 2465/3729/2263 2463/3727/2261
f 2461/3725/2259 1085/3732/2265 1823/3730/745
f 1085/3732/2265 2461/3725/2259 2459/3723/2257
f 2465/3729/2263 1821/3731/2264 1074/3733/2266
f 2459/3723/2257 2466/3734/2040 1085/3732/2265
f 2466/3734/2040 2459/3723/2257 2460/3724/2258
f 2460/3724/2258 2467/3735/2041 2466/3734/2040
f 2466/3734/2040 2467/3735/2041 2468/3736/2041
f 1085/3732/2265 2466/3734/2040 2469/3737/2040
f 2468/3736/2041 2469/3737/2040 2466/3734/2040
f 2469/3737/2040 2468/3736/2041 1456/3738/2041
f 2469/3737/2040 1086/3739/2267 1085/3732/2265
f 1456/3738/2041 1454/3740/2040 2469/3737/2040
f 1086/3739/2267 2469/3737/2040 1454/3740/2040
f 1454/3740/2040 1452/3741/1683 1086/3739/2267
f 1834/3742/745 1086/3739/2267 1452/3741/1683
f 1452/3741/1683 1451/3743/745 1834/3742/745
f 1832/3744/2264 1834/3742/745 1451/3743/745
f 1451/3743/745 1450/3745/2264 1832/3744/2264
f 1073/3746/2268 1832/3744/2264 1450/3745/2264
f 1450/3745/2264 1453/3747/131 1073/3746/2268
f 2470/3748/1790 1073/3746/2268 1453/3747/131
f 1453/3747/131 1455/3749/1790 2470/3748/1790
f 1073/3746/2268 2470/3748/1790 2471/3750/1790
f 2471/3750/1790 1074/3733/2266 1073/3746/2268
f 2472/3751/1628 2470/3748/1790 1455/3749/1790
f 1455/3749/1790 1457/3752/1629 2472/3751/1628
f 2473/3753/1629 2471/3750/1790 2470/3748/1790
f 2470/3748/1790 2472/3751/1628 2473/3753/1629
f 2474/3754/2269 1074/3733/2266 2471/3750/1790
f 1074/3733/2266 2474/3754/2269 2465/3729/2263
f 2464/3728/2262 2465/3729/2263 2474/3754/2269
f 1068/3755/1556 2472/3751/1628 1457/3752/1629
f 1457/3752/1629 1459/3756/2036 1068/3755/1556
f 1825/3757/1788 1068/3755/1556 1459/3756/2036
f 1459/3756/2036 1461/3758/1788 1825/3757/1788
f 2472/3751/1628 1068/3755/1556 1067/3759/1556
f 1827/3760/1787 1825/3757/1788 1461/3758/1788
f 1067/3759/1556 2473/3753/1629 2472/3751/1628
f 1461/3758/1788 1463/3761/1787 1827/3760/1787
f 1081/3762/2270 1827/3760/1787 1463/3761/1787
f 1463/3761/1787 1465/3763/2271 1081/3762/2270
f 2475/3764/1626 1081/3762/2270 1465/3763/2271
f 1465/3763/2271 1466/3765/1353 2475/3764/1626
f 1081/3762/2270 2475/3764/1626 2476/3766/1353
f 2476/3766/1353 1082/3767/2270 1081/3762/2270
f 2477/3768/2044 2475/3764/1626 1466/3765/1353
f 1466/3765/1353 1467/3769/2045 2477/3768/2044
f 2478/3770/2044 2476/3766/1353 2475/3764/1626
f 2475/3764/1626 2477/3768/2044 2478/3770/2044
f 1078/3771/2272 2477/3768/2044 1467/3769/2045
f 1467/3769/2045 1464/3772/1361 1078/3771/2272
f 2387/3773/2249 1078/3771/2272 1464/3772/1361
f 1464/3772/1361 1462/3774/2043 2387/3773/2249
f 2477/3768/2044 1078/3771/2272 1077/3775/130
f 2384/3776/2042 2387/3773/2249 1462/3774/2043
f 1077/3775/130 2478/3770/2044 2477/3768/2044
f 1462/3774/2043 1460/3777/2042 2384/3776/2042
f 1071/3778/2273 2384/3776/2042 1460/3777/2042
f 1460/3777/2042 1458/3779/2034 1071/3778/2273
f 1458/3779/2034 1456/3780/2041 2468/3781/2041
f 2468/3781/2041 1071/3778/2273 1458/3779/2034
f 1071/3778/2273 2468/3781/2041 2467/3782/2041
f 2467/3782/2041 1072/3783/2273 1071/3778/2273
f 2479/3784/2274 1072/3783/2273 2467/3782/2041
f 2467/3782/2041 2460/3785/2258 2479/3784/2274
f 1072/3783/2273 2479/3784/2274 2480/3786/2275
f 2480/3786/2275 1817/3787/2042 1072/3783/2273
f 2481/3788/2276 2479/3784/2274 2460/3785/2258
f 2460/3785/2258 2456/3789/2254 2481/3788/2276
f 2481/3788/2276 2456/3789/2254 2430/3691/1788
f 2430/3691/1788 1069/1640/2244 2481/3788/2276
f 2479/3784/2274 2481/3788/2276 2482/3790/2277
f 2482/3790/2277 2481/3788/2276 1069/1640/2244
f 2482/3790/2277 2480/3786/2275 2479/3784/2274
f 1069/1640/2244 1816/2719/1629 2482/3790/2277
f 2483/3791/2278 2482/3790/2277 1816/2719/1629
f 2480/3786/2275 2482/3790/2277 2483/3791/2278
f 1816/2719/1629 1818/2721/1789 2483/3791/2278
f 1817/3787/2042 2480/3786/2275 2484/3792/2279
f 2483/3791/2278 2484/3792/2279 2480/3786/2275
f 2484/3792/2279 1819/3793/2043 1817/3787/2042
f 2485/3794/2280 2483/3791/2278 1818/2721/1789
f 2484/3792/2279 2483/3791/2278 2485/3794/2280
f 1818/2721/1789 1080/1651/2245 2485/3794/2280
f 1819/3793/2043 2484/3792/2279 2486/3795/2281
f 2485/3794/2280 2486/3795/2281 2484/3792/2279
f 2486/3795/2281 1077/3775/130 1819/3793/2043
f 2487/3796/2282 2485/3794/2280 1080/1651/2245
f 2486/3795/2281 2485/3794/2280 2487/3796/2282
f 1080/1651/2245 2438/3699/1791 2487/3796/2282
f 1077/3775/130 2486/3795/2281 2488/3797/2283
f 2487/3796/2282 2488/3797/2283 2486/3795/2281
f 2488/3797/2283 2478/3770/2044 1077/3775/130
f 2489/3798/2284 2487/3796/2282 2438/3699/1791
f 2488/3797/2283 2487/3796/2282 2489/3798/2284
f 2438/3699/1791 2443/3704/745 2489/3798/2284
f 2478/3770/2044 2488/3797/2283 2490/3799/2285
f 2489/3798/2284 2490/3799/2285 2488/3797/2283
f 2490/3799/2285 2476/3766/1353 2478/3770/2044
f 2491/3800/2286 2489/3798/2284 2443/3704/745
f 2490/3799/2285 2489/3798/2284 2491/3800/2286
f 2443/3704/745 1083/1654/2248 2491/3800/2286
f 2476/3766/1353 2490/3799/2285 2492/3801/2287
f 2491/3800/2286 2492/3801/2287 2490/3799/2285
f 2492/3801/2287 1082/3767/2270 2476/3766/1353
f 2493/3802/2288 2491/3800/2286 1083/1654/2248
f 2492/3801/2287 2491/3800/2286 2493/3802/2288
f 1083/1654/2248 1831/2734/2040 2493/3802/2288
f 1082/3767/2270 2492/3801/2287 2494/3803/2289
f 2493/3802/2288 2494/3803/2289 2492/3801/2287
f 2494/3803/2289 1830/3804/1787 1082/3767/2270
f 2495/3805/2290 2493/3802/2288 1831/2734/2040
f 2494/3803/2289 2493/3802/2288 2495/3805/2290
f 1831/2734/2040 1829/2732/2041 2495/3805/2290
f 1830/3804/1787 2494/3803/2289 2496/3806/2291
f 2495/3805/2290 2496/3806/2291 2494/3803/2289
f 2496/3806/2291 1828/3807/1788 1830/3804/1787
f 2497/3808/2292 2495/3805/2290 1829/2732/2041
f 2496/3806/2291 2495/3805/2290 2497/3808/2292
f 1829/2732/2041 1066/1637/1598 2497/3808/2292
f 1828/3807/1788 2496/3806/2291 2498/3809/2293
f 2497/3808/2292 2498/3809/2293 2496/3806/2291
f 2498/3809/2293 1067/3759/1556 1828/3807/1788
f 2499/3810/2294 2497/3808/2292 1066/1637/1598
f 2498/3809/2293 2497/3808/2292 2499/3810/2294
f 1066/1637/1598 2448/3709/2042 2499/3810/2294
f 1067/3759/1556 2498/3809/2293 2500/3811/2295
f 2499/3810/2294 2500/3811/2295 2498/3809/2293
f 2500/3811/2295 2473/3753/1629 1067/3759/1556
f 2501/3812/2296 2499/3810/2294 2448/3709/2042
f 2500/3811/2295 2499/3810/2294 2501/3812/2296
f 2448/3709/2042 2453/3714/2043 2501/3812/2296
f 2473/3753/1629 2500/3811/2295 2502/3813/2297
f 2501/3812/2296 2502/3813/2297 2500/3811/2295
f 2502/3813/2297 2471/3750/1790 2473/3753/1629
f 2471/3750/1790 2502/3813/2297 2474/3754/2269
f 2503/3814/2298 2501/3812/2296 2453/3714/2043
f 2502/3813/2297 2501/3812/2296 2503/3814/2298
f 2503/3814/2298 2474/3754/2269 2502/3813/2297
f 2453/3714/2043 1075/1646/2252 2503/3814/2298
f 2474/3754/2269 2503/3814/2298 2464/3728/2262
f 2464/3728/2262 2503/3814/2298 1075/1646/2252
f 2428/3689/2299 2427/3688/2300 2504/3815/2301
f 2504/3815/2301 2505/3816/2302 2428/3689/2299
f 2429/3690/2303 2428/3689/2299 2505/3816/2302
f 2505/3816/2302 2504/3815/2301 2506/3817/2304
f 2505/3816/2302 2507/3818/2305 2429/3690/2303
f 2431/3692/2306 2429/3690/2303 2507/3818/2305
f 2506/3817/2304 2508/3819/2307 2505/3816/2302
f 2507/3818/2305 2505/3816/2302 2508/3819/2307
f 2506/3817/2304 2509/3820/2308 2510/3821/2309
f 2510/3821/2309 2508/3819/2307 2506/3817/2304
f 2508/3819/2307 2510/3821/2309 2511/3822/2310
f 2511/3822/2310 2512/3823/2311 2508/3819/2307
f 2508/3819/2307 2512/3823/2311 2507/3818/2305
f 2512/3823/2311 2511/3822/2310 2513/3824/2312
f 2507/3818/2305 2514/3825/2313 2431/3692/2306
f 2514/3825/2313 2507/3818/2305 2512/3823/2311
f 2432/3693/1783 2431/3692/2306 2514/3825/2313
f 2513/3824/2312 2515/3826/2314 2512/3823/2311
f 2512/3823/2311 2515/3826/2314 2514/3825/2313
f 2515/3826/2314 2513/3824/2312 2516/3827/1514
f 2514/3825/2313 2517/3828/2315 2432/3693/1783
f 2517/3828/2315 2514/3825/2313 2515/3826/2314
f 2433/3694/2316 2432/3693/1783 2517/3828/2315
f 2516/3827/1514 2518/3829/2317 2515/3826/2314
f 2515/3826/2314 2518/3829/2317 2517/3828/2315
f 2518/3829/2317 2516/3827/1514 2519/3830/2318
f 2517/3828/2315 2520/3831/2319 2433/3694/2316
f 2520/3831/2319 2517/3828/2315 2518/3829/2317
f 2435/3696/2320 2433/3694/2316 2520/3831/2319
f 2519/3830/2318 2521/3832/2321 2518/3829/2317
f 2518/3829/2317 2521/3832/2321 2520/3831/2319
f 2521/3832/2321 2519/3830/2318 2522/3833/2322
f 2520/3831/2319 2523/3834/2323 2435/3696/2320
f 2523/3834/2323 2520/3831/2319 2521/3832/2321
f 2437/3698/2324 2435/3696/2320 2523/3834/2323
f 2522/3833/2322 2524/3835/2325 2521/3832/2321
f 2521/3832/2321 2524/3835/2325 2523/3834/2323
f 2524/3835/2325 2522/3833/2322 2525/3836/2326
f 2523/3834/2323 2526/3837/2327 2437/3698/2324
f 2526/3837/2327 2523/3834/2323 2524/3835/2325
f 2439/3700/2328 2437/3698/2324 2526/3837/2327
f 2525/3836/2326 2527/3838/2329 2524/3835/2325
f 2524/3835/2325 2527/3838/2329 2526/3837/2327
f 2527/3838/2329 2525/3836/2326 2528/3839/2330
f 2526/3837/2327 2529/3840/2331 2439/3700/2328
f 2529/3840/2331 2526/3837/2327 2527/3838/2329
f 2440/3701/2332 2439/3700/2328 2529/3840/2331
f 2528/3839/2330 2530/3841/2333 2527/3838/2329
f 2527/3838/2329 2530/3841/2333 2529/3840/2331
f 2530/3841/2333 2528/3839/2330 2531/3842/2334
f 2529/3840/2331 2532/3843/2335 2440/3701/2332
f 2532/3843/2335 2529/3840/2331 2530/3841/2333
f 2441/3702/2336 2440/3701/2332 2532/3843/2335
f 2531/3842/2334 2533/3844/2337 2530/3841/2333
f 2530/3841/2333 2533/3844/2337 2532/3843/2335
f 2533/3844/2337 2531/3842/2334 2534/3845/2338
f 2532/3843/2335 2535/3846/2339 2441/3702/2336
f 2535/3846/2339 2532/3843/2335 2533/3844/2337
f 2442/3703/2340 2441/3702/2336 2535/3846/2339
f 2534/3845/2338 2536/3847/2341 2533/3844/2337
f 2533/3844/2337 2536/3847/2341 2535/3846/2339
f 2536/3847/2341 2534/3845/2338 2537/3848/2342
f 2535/3846/2339 2538/3849/2343 2442/3703/2340
f 2538/3849/2343 2535/3846/2339 2536/3847/2341
f 2445/3706/2344 2442/3703/2340 2538/3849/2343
f 2537/3848/2342 2539/3850/2345 2536/3847/2341
f 2536/3847/2341 2539/3850/2345 2538/3849/2343
f 2539/3850/2345 2537/3848/2342 2540/3851/2346
f 2538/3849/2343 2541/3852/2347 2445/3706/2344
f 2541/3852/2347 2538/3849/2343 2539/3850/2345
f 2447/3708/2348 2445/3706/2344 2541/3852/2347
f 2540/3851/2346 2542/3853/2349 2539/3850/2345
f 2539/3850/2345 2542/3853/2349 2541/3852/2347
f 2542/3853/2349 2540/3851/2346 2543/3854/1871
f 2541/3852/2347 2544/3855/2350 2447/3708/2348
f 2544/3855/2350 2541/3852/2347 2542/3853/2349
f 2449/3710/2351 2447/3708/2348 2544/3855/2350
f 2543/3854/1871 2545/3856/2352 2542/3853/2349
f 2542/3853/2349 2545/3856/2352 2544/3855/2350
f 2545/3856/2352 2543/3854/1871 2546/3857/2353
f 2544/3855/2350 2547/3858/2354 2449/3710/2351
f 2547/3858/2354 2544/3855/2350 2545/3856/2352
f 2450/3711/2355 2449/3710/2351 2547/3858/2354
f 2546/3857/2353 2548/3859/2356 2545/3856/2352
f 2545/3856/2352 2548/3859/2356 2547/3858/2354
f 2548/3859/2356 2546/3857/2353 2549/3860/2357
f 2547/3858/2354 2550/3861/2358 2450/3711/2355
f 2550/3861/2358 2547/3858/2354 2548/3859/2356
f 2451/3712/2359 2450/3711/2355 2550/3861/2358
f 2549/3860/2357 2551/3862/2360 2548/3859/2356
f 2548/3859/2356 2551/3862/2360 2550/3861/2358
f 2551/3862/2360 2549/3860/2357 2552/3863/2361
f 2550/3861/2358 2553/3864/2362 2451/3712/2359
f 2553/3864/2362 2550/3861/2358 2551/3862/2360
f 2452/3713/2363 2451/3712/2359 2553/3864/2362
f 2552/3863/2361 2554/3865/2364 2551/3862/2360
f 2551/3862/2360 2554/3865/2364 2553/3864/2362
f 2554/3865/2364 2552/3863/2361 2555/3866/2365
f 2553/3864/2362 2556/3867/2366 2452/3713/2363
f 2556/3867/2366 2553/3864/2362 2554/3865/2364
f 2427/3716/2300 2452/3713/2363 2556/3867/2366
f 2556/3867/2366 2504/3868/2301 2427/3716/2300
f 2555/3866/2365 2557/3869/2367 2554/3865/2364
f 2554/3865/2364 2557/3869/2367 2556/3867/2366
f 2504/3868/2301 2556/3867/2366 2557/3869/2367
f 2557/3869/2367 2555/3866/2365 2509/3870/2308
f 2557/3869/2367 2506/3871/2304 2504/3868/2301
f 2509/3870/2308 2506/3871/2304 2557/3869/2367
f 2558/3872/2368 1188/3873/1433 1191/3874/1436
f 1191/3874/1436 2559/3875/2369 2558/3872/2368
f 2559/3875/2369 1191/3874/1436 1190/3876/1435
f 2560/3877/2370 2558/3872/2368 2559/3875/2369
f 1190/3876/1435 2561/3878/2371 2559/3875/2369
f 2561/3878/2371 1190/3876/1435 1189/3879/1434
f 2559/3875/2369 2562/3880/2372 2560/3877/2370
f 2562/3880/2372 2559/3875/2369 2561/3878/2371
f 2563/3881/2373 2560/3877/2370 2562/3880/2372
f 1189/3879/1434 2564/3882/2374 2561/3878/2371
f 2564/3882/2374 1189/3879/1434 1188/3883/1433
f 1188/3883/1433 2558/3884/2368 2564/3882/2374
f 2561/3878/2371 2565/3885/2375 2562/3880/2372
f 2565/3885/2375 2561/3878/2371 2564/3882/2374
f 2562/3880/2372 2566/3886/2376 2563/3881/2373
f 2566/3886/2376 2562/3880/2372 2565/3885/2375
f 2567/3887/2377 2563/3881/2373 2566/3886/2376
f 2568/3888/2378 2564/3882/2374 2558/3884/2368
f 2564/3882/2374 2568/3888/2378 2565/3885/2375
f 2558/3884/2368 2560/3889/2370 2568/3888/2378
f 2565/3885/2375 2569/3890/2379 2566/3886/2376
f 2569/3890/2379 2565/3885/2375 2568/3888/2378
f 2566/3886/2376 2570/3891/2380 2567/3887/2377
f 2570/3891/2380 2566/3886/2376 2569/3890/2379
f 2571/3892/2381 2567/3887/2377 2570/3891/2380
f 2572/3893/2382 2568/3888/2378 2560/3889/2370
f 2568/3888/2378 2572/3893/2382 2569/3890/2379
f 2560/3889/2370 2563/3894/2373 2572/3893/2382
f 2569/3890/2379 2573/3895/2383 2570/3891/2380
f 2573/3895/2383 2569/3890/2379 2572/3893/2382
f 2570/3891/2380 2574/3896/2384 2571/3892/2381
f 2574/3896/2384 2570/3891/2380 2573/3895/2383
f 2575/3897/2385 2571/3892/2381 2574/3896/2384
f 2576/3898/2386 2572/3893/2382 2563/3894/2373
f 2572/3893/2382 2576/3898/2386 2573/3895/2383
f 2563/3894/2373 2567/3899/2377 2576/3898/2386
f 2573/3895/2383 2577/3900/2387 2574/3896/2384
f 2577/3900/2387 2573/3895/2383 2576/3898/2386
f 2574/3896/2384 2578/3901/2388 2575/3897/2385
f 2578/3901/2388 2574/3896/2384 2577/3900/2387
f 2579/3902/2389 2575/3897/2385 2578/3901/2388
f 2580/3903/2390 2576/3898/2386 2567/3899/2377
f 2576/3898/2386 2580/3903/2390 2577/3900/2387
f 2567/3899/2377 2571/3904/2381 2580/3903/2390
f 2577/3900/2387 2581/3905/2391 2578/3901/2388
f 2581/3905/2391 2577/3900/2387 2580/3903/2390
f 2578/3901/2388 2582/3906/2392 2579/3902/2389
f 2582/3906/2392 2578/3901/2388 2581/3905/2391
f 2583/3907/2393 2579/3902/2389 2582/3906/2392
f 2584/3908/2394 2580/3903/2390 2571/3904/2381
f 2580/3903/2390 2584/3908/2394 2581/3905/2391
f 2571/3904/2381 2575/3909/2385 2584/3908/2394
f 2581/3905/2391 2585/3910/2395 2582/3906/2392
f 2585/3910/2395 2581/3905/2391 2584/3908/2394
f 2582/3906/2392 2586/3911/2396 2583/3907/2393
f 2586/3911/2396 2582/3906/2392 2585/3910/2395
f 2587/3912/2397 2583/3907/2393 2586/3911/2396
f 2588/3913/2398 2584/3908/2394 2575/3909/2385
f 2584/3908/2394 2588/3913/2398 2585/3910/2395
f 2575/3909/2385 2579/3914/2389 2588/3913/2398
f 2585/3910/2395 2589/3915/2399 2586/3911/2396
f 2589/3915/2399 2585/3910/2395 2588/3913/2398
f 2586/3911/2396 2590/3916/2400 2587/3912/2397
f 2590/3916/2400 2586/3911/2396 2589/3915/2399
f 2591/3917/2401 2587/3912/2397 2590/3916/2400
f 2592/3918/2402 2588/3913/2398 2579/3914/2389
f 2588/3913/2398 2592/3918/2402 2589/3915/2399
f 2579/3914/2389 2583/3919/2393 2592/3918/2402
f 2589/3915/2399 2593/3920/2403 2590/3916/2400
f 2593/3920/2403 2589/3915/2399 2592/3918/2402
f 2590/3916/2400 2594/3921/2404 2591/3917/2401
f 2594/3921/2404 2590/3916/2400 2593/3920/2403
f 2595/3922/2405 2591/3917/2401 2594/3921/2404
f 2596/3923/2406 2592/3918/2402 2583/3919/2393
f 2592/3918/2402 2596/3923/2406 2593/3920/2403
f 2583/3919/2393 2587/3924/2397 2596/3923/2406
f 2593/3920/2403 2597/3925/2407 2594/3921/2404
f 2597/3925/2407 2593/3920/2403 2596/3923/2406
f 2594/3921/2404 2598/3926/2408 2595/3922/2405
f 2598/3926/2408 2594/3921/2404 2597/3925/2407
f 2599/3927/2409 2595/3922/2405 2598/3926/2408
f 2600/3928/2410 2596/3923/2406 2587/3924/2397
f 2596/3923/2406 2600/3928/2410 2597/3925/2407
f 2587/3924/2397 2591/3929/2401 2600/3928/2410
f 2597/3925/2407 2601/3930/2411 2598/3926/2408
f 2601/3930/2411 2597/3925/2407 2600/3928/2410
f 2598/3926/2408 2602/3931/2412 2599/3927/2409
f 2602/3931/2412 2598/3926/2408 2601/3930/2411
f 2603/3932/2413 2599/3927/2409 2602/3931/2412
f 2604/3933/2414 2600/3928/2410 2591/3929/2401
f 2600/3928/2410 2604/3933/2414 2601/3930/2411
f 2591/3929/2401 2595/3934/2405 2604/3933/2414
f 2601/3930/2411 2605/3935/2415 2602/3931/2412
f 2605/3935/2415 2601/3930/2411 2604/3933/2414
f 2602/3931/2412 2606/3936/2416 2603/3932/2413
f 2606/3936/2416 2602/3931/2412 2605/3935/2415
f 2607/3937/2417 2603/3932/2413 2606/3936/2416
f 2608/3938/2418 2604/3933/2414 2595/3934/2405
f 2604/3933/2414 2608/3938/2418 2605/3935/2415
f 2595/3934/2405 2599/3939/2409 2608/3938/2418
f 2605/3935/2415 2609/3940/2419 2606/3936/2416
f 2609/3940/2419 2605/3935/2415 2608/3938/2418
f 2606/3936/2416 2610/3941/2420 2607/3937/2417
f 2610/3941/2420 2606/3936/2416 2609/3940/2419
f 2611/3942/2421 2607/3937/2417 2610/3941/2420
f 2612/3943/2422 2608/3938/2418 2599/3939/2409
f 2608/3938/2418 2612/3943/2422 2609/3940/2419
f 2599/3939/2409 2603/3944/2413 2612/3943/2422
f 2609/3940/2419 2613/3945/2423 2610/3941/2420
f 2613/3945/2423 2609/3940/2419 2612/3943/2422
f 2610/3941/2420 2614/3946/2424 2611/3942/2421
f 2614/3946/2424 2610/3941/2420 2613/3945/2423
f 2615/3947/2425 2611/3942/2421 2614/3946/2424
f 2616/3948/2426 2612/3943/2422 2603/3944/2413
f 2612/3943/2422 2616/3948/2426 2613/3945/2423
f 2603/3944/2413 2607/3949/2417 2616/3948/2426
f 2613/3945/2423 2617/3950/2427 2614/3946/2424
f 2617/3950/2427 2613/3945/2423 2616/3948/2426
f 2614/3946/2424 2618/3951/2428 2615/3947/2425
f 2618/3951/2428 2614/3946/2424 2617/3950/2427
f 2619/3952/2429 2615/3947/2425 2618/3951/2428
f 2620/3953/2430 2616/3948/2426 2607/3949/2417
f 2616/3948/2426 2620/3953/2430 2617/3950/2427
f 2607/3949/2417 2611/3954/2421 2620/3953/2430
f 2617/3950/2427 2621/3955/2431 2618/3951/2428
f 2621/3955/2431 2617/3950/2427 2620/3953/2430
f 2618/3951/2428 2622/3956/2432 2619/3952/2429
f 2622/3956/2432 2618/3951/2428 2621/3955/2431
f 2623/3957/2433 2619/3952/2429 2622/3956/2432
f 2624/3958/2434 2620/3953/2430 2611/3954/2421
f 2620/3953/2430 2624/3958/2434 2621/3955/2431
f 2611/3954/2421 2615/3959/2425 2624/3958/2434
f 2621/3955/2431 2625/3960/2435 2622/3956/2432
f 2625/3960/2435 2621/3955/2431 2624/3958/2434
f 2622/3956/2432 2626/3961/2436 2623/3957/2433
f 2626/3961/2436 2622/3956/2432 2625/3960/2435
f 2627/3962/2437 2623/3957/2433 2626/3961/2436
f 2628/3963/2438 2624/3958/2434 2615/3959/2425
f 2624/3958/2434 2628/3963/2438 2625/3960/2435
f 2615/3959/2425 2619/3964/2429 2628/3963/2438
f 2625/3960/2435 2629/3965/2439 2626/3961/2436
f 2629/3965/2439 2625/3960/2435 2628/3963/2438
f 2626/3961/2436 2630/3966/2440 2627/3962/2437
f 2630/3966/2440 2626/3961/2436 2629/3965/2439
f 2631/3967/2441 2627/3962/2437 2630/3966/2440
f 2632/3968/2442 2628/3963/2438 2619/3964/2429
f 2628/3963/2438 2632/3968/2442 2629/3965/2439
f 2619/3964/2429 2623/3969/2433 2632/3968/2442
f 2629/3965/2439 2633/3970/2443 2630/3966/2440
f 2633/3970/2443 2629/3965/2439 2632/3968/2442
f 2630/3966/2440 2634/3971/2444 2631/3967/2441
f 2634/3971/2444 2630/3966/2440 2633/3970/2443
f 2635/3972/2445 2631/3967/2441 2634/3971/2444
f 2636/3973/2446 2632/3968/2442 2623/3969/2433
f 2632/3968/2442 2636/3973/2446 2633/3970/2443
f 2623/3969/2433 2627/3974/2437 2636/3973/2446
f 2633/3970/2443 2637/3975/2447 2634/3971/2444
f 2637/3975/2447 2633/3970/2443 2636/3973/2446
f 2634/3971/2444 2638/3976/2448 2635/3972/2445
f 2638/3976/2448 2634/3971/2444 2637/3975/2447
f 2639/3977/2449 2635/3972/2445 2638/3976/2448
f 2640/3978/2450 2636/3973/2446 2627/3974/2437
f 2636/3973/2446 2640/3978/2450 2637/3975/2447
f 2627/3974/2437 2631/3979/2441 2640/3978/2450
f 26/26/2451 31/35/2452 2639/3977/2449
f 2641/3980/2453 2640/3978/2450 2631/3979/2441
f 2631/3979/2441 2635/3981/2445 2641/3980/2453
f 2639/3977/2449 2642/3982/2454 26/26/2451
f 2638/3976/2448 2642/3982/2454 2639/3977/2449
f 27/27/2455 26/26/2451 2642/3982/2454
f 2637/3975/2447 2643/3983/2456 2638/3976/2448
f 2643/3983/2456 2637/3975/2447 2640/3978/2450
f 2642/3982/2454 2638/3976/2448 2643/3983/2456
f 2640/3978/2450 2641/3980/2453 2643/3983/2456
f 2643/3983/2456 2644/3984/2457 2642/3982/2454
f 2644/3984/2457 2643/3983/2456 2641/3980/2453
f 2642/3982/2454 2644/3984/2457 27/27/2455
f 2641/3980/2453 2645/3985/2458 2644/3984/2457
f 27/27/2455 2644/3984/2457 2645/3985/2458
f 2645/3985/2458 2641/3980/2453 2635/3981/2445
f 2645/3985/2458 30/30/2459 27/27/2455
f 2635/3981/2445 2639/3986/2449 2645/3985/2458
f 30/30/2459 2645/3985/2458 2639/3986/2449
f 2639/3986/2449 31/31/2452 30/30/2459
f 971/1451/1207 531/3987/2460 521/1449/1205
f 531/3987/2460 971/1451/1207 2646/3988/2461
f 970/1450/1206 2646/3988/2461 971/1451/1207
f 2646/3988/2461 530/3989/2462 531/3987/2460
f 2646/3988/2461 970/1450/1206 972/1453/1209
f 530/3989/2462 2646/3988/2461 972/1453/1209
f 972/1453/1209 528/1452/1208 530/3989/2462
f 974/1457/1207 525/3990/2460 522/1455/1205
f 525/3990/2460 974/1457/1207 2647/3991/2461
f 973/1456/1206 2647/3991/2461 974/1457/1207
f 2647/3991/2461 527/3992/2462 525/3990/2460
f 2647/3991/2461 973/1456/1206 975/1459/1209
f 527/3992/2462 2647/3991/2461 975/1459/1209
f 975/1459/1209 532/1458/1208 527/3992/2462
f 461/3993/13 563/3994/13 804/3995/13
f 804/3995/13 467/824/13 461/3993/13
f 467/824/13 804/3995/13 805/3996/13
f 466/3997/13 461/3993/13 467/824/13
f 467/824/13 464/3998/13 466/3997/13
f 467/824/13 805/3996/13 806/3999/13
f 467/824/13 806/3999/13 425/825/13
f 1422/2209/1802 1719/4000/1800 1716/4001/1797
f 1716/4001/1797 2648/4002/2086 1422/2209/1802
f 2648/4002/2086 1716/4001/1797 1714/4003/1795
f 1423/2210/1649 1422/2209/1802 2648/4002/2086
f 1714/4003/1795 2649/4004/2463 2648/4002/2086
f 1423/2210/1649 2648/4002/2086 2649/4004/2463
f 2649/4004/2463 1714/4003/1795 1712/4005/1793
f 2649/4004/2463 2650/4006/2464 1423/2210/1649
f 1712/4005/1793 2650/4006/2464 2649/4004/2463
f 1424/4007/1646 1423/2210/1649 2650/4006/2464
f 2650/4006/2464 1712/4005/1793 1424/4007/1646
f 1013/1552/2465 1012/1551/2466 1007/1550/2467
f 1007/1550/2467 1011/4008/2468 1013/1552/2465
f 1013/1552/2465 1011/4008/2468 2651/4009/2469
f 2651/4009/2469 2652/4010/2470 1013/1552/2465
f 2652/4010/2470 2651/4009/2469 2653/4011/2471
f 1014/1553/2472 1013/1552/2465 2652/4010/2470
f 2653/4011/2471 2654/4012/2473 2652/4010/2470
f 2652/4010/2470 2655/4013/2474 1014/1553/2472
f 2655/4013/2474 2652/4010/2470 2654/4012/2473
f 1014/1553/2472 2655/4013/2474 2656/4014/2475
f 2656/4014/2475 1017/1556/2476 1014/1553/2472
f 2654/4012/2473 2657/4015/2477 2655/4013/2474
f 1017/1556/2476 2656/4014/2475 2658/4016/2478
f 2658/4016/2478 1018/1557/2479 1017/1556/2476
f 2659/4017/2480 2656/4014/2475 2655/4013/2474
f 2655/4013/2474 2657/4015/2477 2659/4017/2480
f 1005/1559/2481 1019/1558/2482 1018/1557/2479
f 1018/1557/2479 1009/4018/2483 1005/1559/2481
f 2660/4019/2484 1009/4018/2483 1018/1557/2479
f 1018/1557/2479 2658/4016/2478 2660/4019/2484
f 2661/4020/2485 2660/4019/2484 2658/4016/2478
f 2658/4016/2478 2662/4021/2486 2661/4020/2485
f 2662/4021/2486 2658/4016/2478 2656/4014/2475
f 2656/4014/2475 2659/4017/2480 2662/4021/2486
f 2662/4021/2486 2659/4017/2480 2663/4022/2487
f 2663/4022/2487 2661/4023/2485 2662/4021/2486
f 2660/4024/2484 2661/4023/2485 2663/4022/2487
f 2659/4017/2480 2657/4015/2477 2664/4025/2488
f 2664/4025/2488 2663/4022/2487 2659/4017/2480
f 2664/4025/2488 2657/4015/2477 2654/4012/2473
f 2654/4012/2473 2653/4026/2471 2664/4025/2488
f 2664/4025/2488 2653/4026/2471 2651/4027/2469
f 2651/4027/2469 2665/4028/2489 2664/4025/2488
f 2663/4022/2487 2664/4025/2488 2665/4028/2489
f 2665/4028/2489 2651/4027/2469 1011/1548/2468
f 1011/1548/2468 1010/1547/2490 2665/4028/2489
f 2665/4028/2489 2666/4029/2491 2663/4022/2487
f 2666/4029/2491 2665/4028/2489 1010/1547/2490
f 2663/4022/2487 2666/4029/2491 2660/4024/2484
f 1010/1547/2490 1008/1545/2491 2666/4029/2491
f 1009/1546/2483 2660/4024/2484 2666/4029/2491
f 2666/4029/2491 1008/1545/2491 1009/1546/2483
f 1420/2207/1648 1425/4030/1647 1713/4031/1794
f 1713/4031/1794 2667/4032/2492 1420/2207/1648
f 2667/4032/2492 1713/4031/1794 1715/4033/1796
f 2668/4034/2080 1420/2207/1648 2667/4032/2492
f 1420/2207/1648 2668/4034/2080 1421/2208/1801
f 1718/4035/1799 1421/2208/1801 2668/4034/2080
f 2668/4034/2080 1717/4036/1798 1718/4035/1799
f 1715/4033/1796 2669/4037/2493 2667/4032/2492
f 2667/4032/2492 2669/4037/2493 2668/4034/2080
f 2669/4037/2493 1715/4033/1796 1717/4036/1798
f 1717/4036/1798 2668/4034/2080 2669/4037/2493
f 1111/1682/45 1490/4038/45 1488/4039/45
f 1111/1682/45 1481/4040/45 1490/4038/45
f 1488/4039/45 1132/1707/45 1111/1682/45
f 1111/1682/45 1110/1681/45 1481/4040/45
f 1132/1707/45 1488/4039/45 1486/4041/45
f 1481/4040/45 1110/1681/45 1482/4042/45
f 1486/4041/45 1130/1704/45 1132/1707/45
f 1482/4042/45 1110/1681/45 1128/1701/45
f 1130/1704/45 1486/4041/45 1484/4043/45
f 1128/1701/45 1484/4043/45 1482/4042/45
f 1484/4043/45 1128/1701/45 1130/1704/45
f 1138/4044/45 1860/4045/45 1859/4046/45
f 1860/4045/45 1138/4044/45 1861/4047/45
f 1859/4046/45 1136/4048/45 1138/4044/45
f 1861/4047/45 1138/4044/45 1107/1678/45
f 1136/4048/45 1859/4046/45 1858/4049/45
f 1861/4047/45 1107/1678/45 1856/4050/45
f 1858/4049/45 1134/4051/45 1136/4048/45
f 1856/4050/45 1107/1678/45 1106/1677/45
f 1857/4052/45 1134/4051/45 1858/4049/45
f 1856/4050/45 1106/1677/45 1857/4052/45
f 1857/4052/45 1106/1677/45 1134/4051/45
f 1135/1712/13 1473/4053/13 1475/4054/13
f 1473/4053/13 1135/1712/13 1471/4055/13
f 1475/4054/13 1137/1715/13 1135/1712/13
f 1471/4055/13 1135/1712/13 1115/1686/13
f 1137/1715/13 1475/4054/13 1477/4056/13
f 1471/4055/13 1115/1686/13 1468/4057/13
f 1477/4056/13 1139/1718/13 1137/1715/13
f 1115/1686/13 1114/1685/13 1468/4057/13
f 1479/4058/13 1139/1718/13 1477/4056/13
f 1468/4057/13 1114/1685/13 1479/4058/13
f 1479/4058/13 1114/1685/13 1139/1718/13
f 1181/1764/45 1947/4059/484 1945/4060/45
f 1949/4061/45 1947/4059/484 1181/1764/45
f 1181/1764/45 1945/4060/45 1182/1765/45
f 1181/1764/45 1172/1753/45 1949/4061/45
f 1945/4060/45 1944/4062/45 1182/1765/45
f 1951/4063/45 1949/4061/45 1172/1753/45
f 1171/1752/45 1182/1765/45 1944/4062/45
f 1172/1753/45 1168/1749/45 1951/4063/45
f 1944/4062/45 1953/4064/45 1171/1752/45
f 1953/4064/45 1951/4063/45 1168/1749/45
f 1168/1749/45 1171/1752/45 1953/4064/45
f 2002/4065/1 2407/4066/1 2404/4067/1
f 2408/4068/1 2407/4066/1 2002/4065/1
f 1998/4069/1 2002/4065/1 2404/4067/1
f 2002/4065/1 2004/4070/1 2408/4068/1
f 2404/4067/1 2403/4071/1 1998/4069/1
f 2004/4070/1 2411/4072/1 2408/4068/1
f 1998/4069/1 2403/4071/1 2424/4073/1
f 2412/4074/1 2411/4072/1 2004/4070/1
f 1999/4075/1 1998/4069/1 2424/4073/1
f 2004/4070/1 2006/4076/1 2412/4074/1
f 2424/4073/1 2423/4077/1 1999/4075/1
f 2006/4076/1 2415/4078/1 2412/4074/1
f 1999/4075/1 2423/4077/1 2420/4079/1
f 2416/4080/1 2415/4078/1 2006/4076/1
f 2008/4081/1 1999/4075/1 2420/4079/1
f 2006/4076/1 2008/4081/1 2416/4080/1
f 2420/4079/1 2419/4082/1 2008/4081/1
f 2008/4081/1 2419/4082/1 2416/4080/1
f 2007/4083/2 1986/4084/2 1988/4085/2
f 1987/4086/2 1986/4084/2 2007/4083/2
f 2009/4087/2 2007/4083/2 1988/4085/2
f 2007/4083/2 2005/4088/2 1987/4086/2
f 1988/4085/2 1989/4089/2 2009/4087/2
f 2005/4088/2 1997/4090/2 1987/4086/2
f 2009/4087/2 1989/4089/2 1990/4091/2
f 1996/4092/2 1997/4090/2 2005/4088/2
f 2000/4093/2 2009/4087/2 1990/4091/2
f 2005/4088/2 2003/4094/2 1996/4092/2
f 1990/4091/2 1991/4095/2 2000/4093/2
f 2003/4094/2 1995/4096/2 1996/4092/2
f 2000/4093/2 1991/4095/2 1992/4097/2
f 1994/4098/2 1995/4096/2 2003/4094/2
f 2001/4099/2 2000/4093/2 1992/4097/2
f 2003/4094/2 2001/4099/2 1994/4098/2
f 1992/4097/2 1993/4100/2 2001/4099/2
f 2001/4099/2 1993/4100/2 1994/4098/2
f 1768/4101/2494 1789/2688/2495 1790/2689/2496
f 1786/2685/2497 1789/2688/2495 1768/4101/2494
f 1790/2689/2496 1771/4102/2498 1768/4101/2494
f 1768/4101/2494 1767/4103/2497 1786/2685/2497
f 1771/4102/2498 1790/2689/2496 1791/2690/2499
f 1784/2683/131 1786/2685/2497 1767/4103/2497
f 1791/2690/2499 1770/4104/2500 1771/4102/2498
f 1767/4103/2497 1765/4105/131 1784/2683/131
f 1770/4104/2500 1791/2690/2499 1788/2687/2501
f 1782/2681/131 1784/2683/131 1765/4105/131
f 1788/2687/2501 1769/4106/2501 1770/4104/2500
f 1765/4105/131 1763/4107/131 1782/2681/131
f 1766/4108/2502 1769/4106/2501 1788/2687/2501
f 1780/2679/131 1782/2681/131 1763/4107/131
f 1788/2687/2501 1787/2686/2502 1766/4108/2502
f 1763/4107/131 1761/4109/131 1780/2679/131
f 1764/4110/1361 1766/4108/2502 1787/2686/2502
f 1778/2677/131 1780/2679/131 1761/4109/131
f 1787/2686/2502 1785/2684/1361 1764/4110/1361
f 1761/4109/131 1759/4111/131 1778/2677/131
f 1762/2661/1361 1764/4110/1361 1785/2684/1361
f 1777/2676/2503 1778/2677/131 1759/4111/131
f 1785/2684/1361 1783/2682/1361 1762/2661/1361
f 1759/4111/131 1756/4112/2503 1777/2676/2503
f 1760/2659/1361 1762/2661/1361 1783/2682/1361
f 1775/2674/2504 1777/2676/2503 1756/4112/2503
f 1783/2682/1361 1781/2680/1361 1760/2659/1361
f 1756/4112/2503 1754/4113/2494 1775/2674/2504
f 1758/4114/1361 1760/2659/1361 1781/2680/1361
f 1775/2674/2504 1754/4113/2494 1753/4115/2505
f 1781/2680/1361 1779/2678/1361 1758/4114/1361
f 1753/4115/2505 1772/2671/2498 1775/2674/2504
f 1757/4116/2506 1758/4114/1361 1779/2678/1361
f 1772/2671/2498 1753/4115/2505 1752/4117/2500
f 1779/2678/1361 1776/2675/2506 1757/4116/2506
f 1752/4117/2500 1773/2672/2507 1772/2671/2498
f 1755/4118/2501 1757/4116/2506 1776/2675/2506
f 1773/2672/2507 1752/4117/2500 1755/4118/2501
f 1776/2675/2506 1774/2673/2508 1755/4118/2501
f 1755/4118/2501 1774/2673/2508 1773/2672/2507
f 2197/3358/2509 2178/4119/2509 2175/4120/2510
f 2179/4121/2511 2178/4119/2509 2197/3358/2509
f 2175/4120/2510 2196/3357/2510 2197/3358/2509
f 2197/3358/2509 2200/3361/2512 2179/4121/2511
f 2196/3357/2510 2175/4120/2510 2173/4122/1361
f 2180/4123/2513 2179/4121/2511 2200/3361/2512
f 2173/4122/1361 2194/3355/1361 2196/3357/2510
f 2200/3361/2512 2199/3360/2513 2180/4123/2513
f 2194/3355/1361 2173/4122/1361 2171/3332/1361
f 2177/4124/2514 2180/4123/2513 2199/3360/2513
f 2171/3332/1361 2192/3353/1361 2194/3355/1361
f 2199/3360/2513 2198/3359/2515 2177/4124/2514
f 2192/3353/1361 2171/3332/1361 2169/3330/1361
f 2177/4124/2514 2198/3359/2515 2195/3356/2516
f 2169/3330/1361 2190/3351/1361 2192/3353/1361
f 2195/3356/2516 2176/4125/2516 2177/4124/2514
f 2190/3351/1361 2169/3330/1361 2167/4126/1361
f 2176/4125/2516 2195/3356/2516 2193/3354/131
f 2167/4126/1361 2188/3349/1361 2190/3351/1361
f 2193/3354/131 2174/4127/131 2176/4125/2516
f 2188/3349/1361 2167/4126/1361 2166/4128/2517
f 2174/4127/131 2193/3354/131 2191/3352/131
f 2166/4128/2517 2185/3346/2517 2188/3349/1361
f 2191/3352/131 2172/4129/131 2174/4127/131
f 2185/3346/2517 2166/4128/2517 2164/4130/2509
f 2172/4129/131 2191/3352/131 2189/3350/131
f 2164/4130/2509 2181/3342/2518 2185/3346/2517
f 2189/3350/131 2170/4131/131 2172/4129/131
f 2182/3343/2519 2181/3342/2518 2164/4130/2509
f 2170/4131/131 2189/3350/131 2187/3348/131
f 2164/4130/2509 2163/4132/2519 2182/3343/2519
f 2187/3348/131 2168/4133/131 2170/4131/131
f 2183/3344/2513 2182/3343/2519 2163/4132/2519
f 2168/4133/131 2187/3348/131 2186/3347/2520
f 2163/4132/2519 2162/4134/2521 2183/3344/2513
f 2186/3347/2520 2165/4135/2520 2168/4133/131
f 2184/3345/2522 2183/3344/2513 2162/4134/2521
f 2165/4135/2520 2186/3347/2520 2184/3345/2522
f 2162/4134/2521 2161/4136/2514 2184/3345/2522
f 2184/3345/2522 2161/4136/2514 2165/4135/2520
f 1564/4137/13 1567/4138/13 1153/1732/13
f 1575/4139/13 1564/4137/13 1153/1732/13
f 1567/4138/13 1152/1731/13 1153/1732/13
f 1153/1732/13 1170/4140/13 1575/4139/13
f 1567/4138/13 1569/4141/13 1152/1731/13
f 1573/4142/13 1575/4139/13 1170/4140/13
f 1569/4141/13 1173/4143/13 1152/1731/13
f 1170/4140/13 1169/4144/13 1573/4142/13
f 1569/4141/13 1571/4145/13 1173/4143/13
f 1571/4145/13 1573/4142/13 1169/4144/13
f 1169/4144/13 1173/4143/13 1571/4145/13
f 1572/4146/45 1570/4147/45 1178/4148/45
f 1570/4147/45 1568/4149/45 1178/4148/45
f 1178/4148/45 1174/4150/45 1572/4146/45
f 1568/4149/45 1154/1733/45 1178/4148/45
f 1574/4151/45 1572/4146/45 1174/4150/45
f 1568/4149/45 1566/4152/45 1154/1733/45
f 1174/4150/45 1177/4153/45 1574/4151/45
f 1566/4152/45 1155/1734/45 1154/1733/45
f 1565/4154/45 1574/4151/45 1177/4153/45
f 1566/4152/45 1565/4154/45 1155/1734/45
f 1565/4154/45 1177/4153/45 1155/1734/45
f 1938/4155/13 1940/4156/13 1176/1758/13
f 1940/4156/13 1931/4157/14 1176/1758/13
f 1176/1758/13 1175/1757/13 1938/4155/13
f 1931/4157/14 1185/1768/13 1176/1758/13
f 1936/4158/13 1938/4155/13 1175/1757/13
f 1931/4157/14 1930/4159/13 1185/1768/13
f 1175/1757/13 1179/1761/13 1936/4158/13
f 1185/1768/13 1930/4159/13 1186/1769/13
f 1934/4160/13 1936/4158/13 1179/1761/13
f 1930/4159/13 1934/4160/13 1186/1769/13
f 1934/4160/13 1179/1761/13 1186/1769/13
f 2066/4161/1 2064/4162/1 2051/3137/1
f 2068/4163/1 2066/4161/1 2051/3137/1
f 2064/4162/1 2052/3138/1 2051/3137/1
f 2051/3137/1 2055/4164/1 2068/4163/1
f 2064/4162/1 2063/4165/1 2052/3138/1
f 2070/4166/1 2068/4163/1 2055/4164/1
f 2059/4167/1 2052/3138/1 2063/4165/1
f 2055/4164/1 2057/4168/1 2070/4166/1
f 2063/4165/1 2072/4169/1 2059/4167/1
f 2072/4169/1 2070/4166/1 2057/4168/1
f 2057/4168/1 2059/4167/1 2072/4169/1
f 2074/4170/2 2073/4171/2 2053/3139/2
f 2083/4172/2 2074/4170/2 2053/3139/2
f 2073/4171/2 2054/3140/2 2053/3139/2
f 2053/3139/2 2060/4173/2 2083/4172/2
f 2073/4171/2 2077/4174/2 2054/3140/2
f 2081/4175/2 2083/4172/2 2060/4173/2
f 2056/4176/2 2054/3140/2 2077/4174/2
f 2060/4173/2 2058/4177/2 2081/4175/2
f 2077/4174/2 2079/4178/2 2056/4176/2
f 2079/4178/2 2081/4175/2 2058/4177/2
f 2058/4177/2 2056/4176/2 2079/4178/2
f 1661/2547/2 1316/4179/2 1326/4180/2
f 1316/4179/2 1319/2084/2 1326/4180/2
f 1326/4180/2 1324/4181/2 1661/2547/2
f 1328/4182/2 1326/4180/2 1319/2084/2
f 1659/2545/2 1661/2547/2 1324/4181/2
f 1319/2084/2 2086/3176/2 1328/4182/2
f 1324/4181/2 1321/4183/2 1659/2545/2
f 1330/4184/2 1328/4182/2 2086/3176/2
f 1313/2542/2 1659/2545/2 1321/4183/2
f 2086/3176/2 1314/2079/2 1330/4184/2
f 1321/4183/2 1320/4185/2 1313/2542/2
f 1320/4185/2 1330/4184/2 1314/2079/2
f 1314/2079/2 1313/2542/2 1320/4185/2
f 1318/2083/1 1317/4186/1 1325/4187/1
f 1317/4186/1 1660/4188/1 1325/4187/1
f 1325/4187/1 1327/4189/1 1318/2083/1
f 1322/4190/1 1325/4187/1 1660/4188/1
f 2085/3175/1 1318/2083/1 1327/4189/1
f 1660/4188/1 1658/4191/1 1322/4190/1
f 1327/4189/1 1329/4192/1 2085/3175/1
f 1323/4193/1 1322/4190/1 1658/4191/1
f 1315/2080/1 2085/3175/1 1329/4192/1
f 1658/4191/1 1312/4194/1 1323/4193/1
f 1329/4192/1 1331/4195/1 1315/2080/1
f 1331/4195/1 1323/4193/1 1312/4194/1
f 1312/4194/1 1315/2080/1 1331/4195/1
f 2225/4196/2 2227/4197/2 2238/4198/2
f 2229/4199/2 2238/4198/2 2227/4197/2
f 2238/4198/2 2236/4200/2 2225/4196/2
f 2240/4201/2 2238/4198/2 2229/4199/2
f 2225/4196/2 2236/4200/2 2223/4202/2
f 2229/4199/2 2231/4203/2 2240/4201/2
f 2221/4204/2 2223/4202/2 2236/4200/2
f 2202/4205/2 2240/4201/2 2231/4203/2
f 2236/4200/2 2235/4206/2 2221/4204/2
f 2242/4207/2 2240/4201/2 2202/4205/2
f 2221/4204/2 2235/4206/2 2219/4208/2
f 2202/4205/2 2201/4209/2 2242/4207/2
f 2217/4210/2 2219/4208/2 2235/4206/2
f 2205/4211/2 2242/4207/2 2201/4209/2
f 2235/4206/2 2248/4212/2 2217/4210/2
f 2244/4213/2 2242/4207/2 2205/4211/2
f 2217/4210/2 2248/4212/2 2215/4214/2
f 2205/4211/2 2207/4215/2 2244/4213/2
f 2213/4216/2 2215/4214/2 2248/4212/2
f 2209/4217/2 2244/4213/2 2207/4215/2
f 2248/4212/2 2246/4218/2 2213/4216/2
f 2246/4218/2 2244/4213/2 2209/4217/2
f 2213/4216/2 2246/4218/2 2211/4219/2
f 2209/4217/2 2211/4219/2 2246/4218/2
f 1469/4220/2523 1116/4221/2523 1119/4222/2524
f 1119/4222/2524 1470/4223/2524 1469/4220/2523
f 1116/4221/2523 1469/4220/2523 1478/4224/2525
f 1470/4223/2524 1119/4222/2524 1121/4225/2526
f 1478/4224/2525 1127/4226/2527 1116/4221/2523
f 1121/4225/2526 1472/4227/2526 1470/4223/2524
f 1127/4226/2527 1478/4224/2525 1476/4228/2528
f 1472/4227/2526 1121/4225/2526 1123/4229/2529
f 1476/4228/2528 1125/4230/2530 1127/4226/2527
f 1123/4229/2529 1474/4231/2531 1472/4227/2526
f 1125/4230/2530 1476/4228/2528 1474/4231/2531
f 1474/4231/2531 1123/4229/2529 1125/4230/2530
f 1941/4232/45 1939/4233/45 1928/4234/45
f 1928/4234/45 1919/2936/45 1941/4232/45
f 1926/4235/45 1928/4234/45 1939/4233/45
f 1932/4236/45 1941/4232/45 1919/2936/45
f 1939/4233/45 1937/4237/45 1926/4235/45
f 1919/2936/45 1918/2935/45 1932/4236/45
f 1924/4238/45 1926/4235/45 1937/4237/45
f 1933/4239/45 1932/4236/45 1918/2935/45
f 1937/4237/45 1935/4240/45 1924/4238/45
f 1918/2935/45 1922/4241/45 1933/4239/45
f 1922/4241/45 1924/4238/45 1935/4240/45
f 1935/4240/45 1933/4239/45 1922/4241/45
f 1923/4242/2532 1921/4243/2533 1157/4244/2533
f 1157/4244/2533 1156/4245/2532 1923/4242/2532
f 1160/4246/2534 1157/4244/2533 1921/4243/2533
f 1925/4247/2535 1923/4242/2532 1156/4245/2532
f 1921/4243/2533 1920/4248/2536 1160/4246/2534
f 1156/4245/2532 1166/4249/2535 1925/4247/2535
f 1162/4250/2537 1160/4246/2534 1920/4248/2536
f 1927/4251/2538 1925/4247/2535 1166/4249/2535
f 1920/4248/2536 1929/4252/2537 1162/4250/2537
f 1166/4249/2535 1164/4253/2538 1927/4251/2538
f 1164/4253/2538 1162/4250/2537 1929/4252/2537
f 1929/4252/2537 1927/4251/2538 1164/4253/2538
f 1554/4254/45 1553/4255/45 1585/4256/45
f 1585/4256/45 1587/4257/45 1554/4254/45
f 1583/2411/45 1585/4256/45 1553/4255/45
f 1556/4258/45 1554/4254/45 1587/4257/45
f 1553/4255/45 1562/4259/45 1583/2411/45
f 1587/4257/45 1576/4260/45 1556/4258/45
f 1581/2409/45 1583/2411/45 1562/4259/45
f 1558/4261/45 1556/4258/45 1576/4260/45
f 1562/4259/45 1560/4262/45 1581/2409/45
f 1576/4260/45 1579/4263/45 1558/4261/45
f 1579/4263/45 1581/2409/45 1560/4262/45
f 1560/4262/45 1558/4261/45 1579/4263/45
f 1943/4264/13 1942/4265/13 1586/4266/13
f 1586/4266/13 1584/4267/13 1943/4264/13
f 1577/2405/13 1586/4266/13 1942/4265/13
f 1952/4268/13 1943/4264/13 1584/4267/13
f 1942/4265/13 1946/4269/13 1577/2405/13
f 1584/4267/13 1582/4270/13 1952/4268/13
f 1578/2406/13 1577/2405/13 1946/4269/13
f 1950/4271/13 1952/4268/13 1582/4270/13
f 1946/4269/13 1948/4272/13 1578/2406/13
f 1582/4270/13 1580/4273/13 1950/4271/13
f 1580/4273/13 1578/2406/13 1948/4272/13
f 1948/4272/13 1950/4271/13 1580/4273/13
f 1594/4274/23 1593/4275/2225 1619/4276/2225
f 1619/4276/2225 1621/4277/23 1594/4274/23
f 1617/4278/23 1619/4276/2225 1593/4275/2225
f 1596/4279/23 1594/4274/23 1621/4277/23
f 1593/4275/2225 1606/4280/23 1617/4278/23
f 1621/4277/23 1623/4281/23 1596/4279/23
f 1615/4282/23 1617/4278/23 1606/4280/23
f 1598/4283/23 1596/4279/23 1623/4281/23
f 1606/4280/23 1604/4284/23 1615/4282/23
f 1623/4281/23 1608/4285/2225 1598/4283/23
f 1613/4286/23 1615/4282/23 1604/4284/23
f 1600/4287/23 1598/4283/23 1608/4285/2225
f 1604/4284/23 1602/4288/23 1613/4286/23
f 1608/4285/2225 1611/4289/2225 1600/4287/23
f 1611/4289/2225 1613/4286/23 1602/4288/23
f 1602/4288/23 1600/4287/23 1611/4289/2225
f 2391/4290/2539 2393/4291/2539 1620/4292/2539
f 1620/4292/2539 1618/4293/2539 2391/4290/2539
f 1622/4294/2539 1620/4292/2539 2393/4291/2539
f 2389/4295/2540 2391/4290/2539 1618/4293/2539
f 2393/4291/2539 2396/4296/2539 1622/4294/2539
f 1618/4293/2539 1616/4297/2541 2389/4295/2540
f 1609/4298/2539 1622/4294/2539 2396/4296/2539
f 2388/4299/2539 2389/4295/2540 1616/4297/2541
f 2396/4296/2539 2397/4300/2539 1609/4298/2539
f 1616/4297/2541 1614/4301/2539 2388/4299/2539
f 1610/4302/2540 1609/4298/2539 2397/4300/2539
f 2401/4303/2539 2388/4299/2539 1614/4301/2539
f 2397/4300/2539 2399/4304/2541 1610/4302/2540
f 1614/4301/2539 1612/4305/2539 2401/4303/2539
f 1612/4305/2539 1610/4302/2540 2399/4304/2541
f 2399/4304/2541 2401/4303/2539 1612/4305/2539
f 2011/4306/30 2010/4307/2542 2032/4308/30
f 2032/4308/30 2034/4309/1442 2011/4306/30
f 2028/4310/2542 2032/4308/30 2010/4307/2542
f 2015/4311/2542 2011/4306/30 2034/4309/1442
f 2010/4307/2542 2012/4312/2542 2028/4310/2542
f 2034/4309/1442 2036/4313/1442 2015/4311/2542
f 2029/4314/30 2028/4310/2542 2012/4312/2542
f 2014/4315/1442 2015/4311/2542 2036/4313/1442
f 2012/4312/2542 2013/4316/30 2029/4314/30
f 2036/4313/1442 2038/4317/1442 2014/4315/1442
f 2038/4317/1442 2029/4314/30 2013/4316/30
f 2013/4316/30 2014/4315/1442 2038/4317/1442
f 2020/4318/1445 2022/4319/1445 1201/4320/1444
f 1201/4320/1444 1200/4321/1445 2020/4318/1445
f 1210/4322/1445 1201/4320/1444 2022/4319/1445
f 2016/4323/1445 2020/4318/1445 1200/4321/1445
f 2022/4319/1445 2024/4324/1445 1210/4322/1445
f 1200/4321/1445 1204/4325/1444 2016/4323/1445
f 1208/4326/1444 1210/4322/1445 2024/4324/1445
f 2017/4327/1443 2016/4323/1445 1204/4325/1444
f 2024/4324/1445 2026/4328/1445 1208/4326/1444
f 1204/4325/1444 1206/4329/1444 2017/4327/1443
f 1206/4329/1444 1208/4326/1444 2026/4328/1445
f 2026/4328/1445 2017/4327/1443 1206/4329/1444
f 2035/4330/30 2033/4331/1442 1203/4332/2543
f 1203/4332/2543 1202/4333/1442 2035/4330/30
f 1205/4334/30 1203/4332/2543 2033/4331/1442
f 2037/4335/2542 2035/4330/30 1202/4333/1442
f 2033/4331/1442 2031/4336/2542 1205/4334/30
f 1202/4333/1442 1211/4337/2542 2037/4335/2542
f 1207/4338/31 1205/4334/30 2031/4336/2542
f 2039/4339/30 2037/4335/2542 1211/4337/2542
f 2031/4336/2542 2030/4340/1442 1207/4338/31
f 1211/4337/2542 1209/4341/1442 2039/4339/30
f 1209/4341/1442 1207/4338/31 2030/4340/1442
f 2030/4340/1442 2039/4339/30 1209/4341/1442
f 2670/4342/2544 2671/4343/2545 2672/4344/2545
f 2672/4344/2545 2673/4345/2544 2670/4342/2544
f 2674/4346/2546 2672/4344/2545 2671/4343/2545
f 2675/4347/2547 2670/4342/2544 2673/4345/2544
f 2671/4343/2545 2676/4348/2546 2674/4346/2546
f 2673/4345/2544 2677/4349/2547 2675/4347/2547
f 2678/4350/2548 2674/4346/2546 2676/4348/2546
f 2679/4351/2549 2675/4347/2547 2677/4349/2547
f 2676/4348/2546 2680/4352/2548 2678/4350/2548
f 2677/4349/2547 2681/4353/2549 2679/4351/2549
f 2682/4354/2550 2678/4350/2548 2680/4352/2548
f 2683/4355/2551 2679/4351/2549 2681/4353/2549
f 2680/4352/2548 2684/4356/2550 2682/4354/2550
f 2681/4353/2549 2685/4357/2551 2683/4355/2551
f 2685/4357/2551 2682/4354/2550 2684/4356/2550
f 2684/4356/2550 2683/4355/2551 2685/4357/2551
f 2673/4345/1 2672/4344/1 2233/4358/1
f 2233/4358/1 2237/4359/1 2673/4345/1
f 2234/4360/1 2233/4358/1 2672/4344/1
f 2677/4349/1 2673/4345/1 2237/4359/1
f 2672/4344/1 2674/4346/1 2234/4360/1
f 2237/4359/1 2239/4361/1 2677/4349/1
f 2247/4362/1 2234/4360/1 2674/4346/1
f 2681/4353/1 2677/4349/1 2239/4361/1
f 2674/4346/1 2678/4350/1 2247/4362/1
f 2239/4361/1 2241/4363/1 2681/4353/1
f 2245/4364/1 2247/4362/1 2678/4350/1
f 2685/4357/1 2681/4353/1 2241/4363/1
f 2678/4350/1 2682/4354/1 2245/4364/1
f 2241/4363/1 2243/4365/1 2685/4357/1
f 2243/4365/1 2245/4364/1 2682/4354/1
f 2682/4354/1 2685/4357/1 2243/4365/1
f 2228/4366/2552 2226/4367/2553 2686/4368/1
f 2230/4369/2554 2228/4366/2552 2686/4368/1
f 2226/4367/2553 2224/4370/2555 2686/4368/1
f 2232/4371/2556 2230/4369/2554 2686/4368/1
f 2224/4370/2555 2222/4372/2557 2686/4368/1
f 2203/4373/2558 2232/4371/2556 2686/4368/1
f 2222/4372/2557 2220/4374/1293 2686/4368/1
f 2204/4375/2559 2203/4373/2558 2686/4368/1
f 2220/4374/1293 2218/4376/2560 2686/4368/1
f 2206/4377/2561 2204/4375/2559 2686/4368/1
f 2218/4376/2560 2216/4378/2562 2686/4368/1
f 2208/4379/2563 2206/4377/2561 2686/4368/1
f 2216/4378/2562 2214/4380/2564 2686/4368/1
f 2210/4381/2565 2208/4379/2563 2686/4368/1
f 2214/4380/2564 2212/4382/2566 2686/4368/1
f 2212/4382/2566 2210/4381/2565 2686/4368/1
f 2519/4383/2318 2516/4384/1514 2687/4385/2567
f 2687/4385/2567 2688/4386/2568 2519/4383/2318
f 2522/4387/2322 2519/4383/2318 2688/4386/2568
f 2689/4388/2569 2687/4385/2567 2516/4384/1514
f 2516/4384/1514 2513/4389/2312 2689/4388/2569
f 2688/4386/2568 2690/4390/2570 2522/4387/2322
f 2525/4391/2326 2522/4387/2322 2690/4390/2570
f 2688/4386/2568 2687/4385/2567 2691/4392/2571
f 2690/4390/2570 2692/4393/2572 2525/4391/2326
f 2528/4394/2330 2525/4391/2326 2692/4393/2572
f 2690/4390/2570 2688/4386/2568 2693/4395/2573
f 2691/4392/2571 2693/4395/2573 2688/4386/2568
f 2694/4396/2574 2691/4392/2571 2687/4385/2567
f 2691/4392/2571 2694/4396/2574 2693/4395/2573
f 2687/4385/2567 2689/4388/2569 2694/4396/2574
f 2693/4395/2573 2695/4397/2575 2690/4390/2570
f 2692/4393/2572 2690/4390/2570 2695/4397/2575
f 2693/4395/2573 2694/4396/2574 2696/4398/2576
f 2696/4398/2576 2694/4396/2574 2689/4388/2569
f 2696/4398/2576 2695/4397/2575 2693/4395/2573
f 2689/4388/2569 2697/4399/2577 2696/4398/2576
f 2697/4399/2577 2689/4388/2569 2513/4389/2312
f 2513/4389/2312 2511/4400/2310 2697/4399/2577
f 2695/4397/2575 2696/4398/2576 2698/4401/2578
f 2698/4401/2578 2696/4398/2576 2697/4399/2577
f 2699/4402/2579 2697/4399/2577 2511/4400/2310
f 2697/4399/2577 2699/4402/2579 2698/4401/2578
f 2511/4400/2310 2510/4403/2309 2699/4402/2579
f 2698/4401/2578 2700/4404/2580 2695/4397/2575
f 2695/4397/2575 2700/4404/2580 2692/4393/2572
f 2701/4405/2581 2698/4401/2578 2699/4402/2579
f 2700/4404/2580 2698/4401/2578 2701/4405/2581
f 2702/4406/2582 2699/4402/2579 2510/4403/2309
f 2699/4402/2579 2702/4406/2582 2701/4405/2581
f 2510/4403/2309 2509/4407/2308 2702/4406/2582
f 2703/4408/2583 2692/4393/2572 2700/4404/2580
f 2692/4393/2572 2703/4408/2583 2528/4394/2330
f 2531/4409/2334 2528/4394/2330 2703/4408/2583
f 2700/4404/2580 2704/4410/2584 2703/4408/2583
f 2701/4405/2581 2704/4410/2584 2700/4404/2580
f 2703/4408/2583 2705/4411/2585 2531/4409/2334
f 2705/4411/2585 2703/4408/2583 2704/4410/2584
f 2534/4412/2338 2531/4409/2334 2705/4411/2585
f 2704/4410/2584 2701/4405/2581 2706/4413/2586
f 2706/4413/2586 2701/4405/2581 2702/4406/2582
f 2704/4410/2584 2707/4414/2587 2705/4411/2585
f 2706/4413/2586 2707/4414/2587 2704/4410/2584
f 2705/4411/2585 2708/4415/2588 2534/4412/2338
f 2708/4415/2588 2705/4411/2585 2707/4414/2587
f 2537/4416/2342 2534/4412/2338 2708/4415/2588
f 2702/4406/2582 2709/4417/2589 2706/4413/2586
f 2709/4417/2589 2702/4406/2582 2509/4407/2308
f 2509/4407/2308 2555/4418/2365 2709/4417/2589
f 2708/4415/2588 2710/4419/2590 2537/4416/2342
f 2540/4420/2346 2537/4416/2342 2710/4419/2590
f 2711/4421/2591 2709/4417/2589 2555/4418/2365
f 2555/4418/2365 2552/4422/2361 2711/4421/2591
f 2712/4423/2592 2706/4413/2586 2709/4417/2589
f 2709/4417/2589 2711/4421/2591 2712/4423/2592
f 2707/4414/2587 2706/4413/2586 2712/4423/2592
f 2713/4424/2593 2711/4421/2591 2552/4422/2361
f 2552/4422/2361 2549/4425/2357 2713/4424/2593
f 2714/4426/2594 2712/4423/2592 2711/4421/2591
f 2711/4421/2591 2713/4424/2593 2714/4426/2594
f 2712/4423/2592 2715/4427/2595 2707/4414/2587
f 2707/4414/2587 2715/4427/2595 2708/4415/2588
f 2715/4427/2595 2712/4423/2592 2714/4426/2594
f 2710/4419/2590 2708/4415/2588 2715/4427/2595
f 2714/4426/2594 2716/4428/2596 2715/4427/2595
f 2715/4427/2595 2716/4428/2596 2710/4419/2590
f 2717/4429/2597 2714/4426/2594 2713/4424/2593
f 2716/4428/2596 2714/4426/2594 2717/4429/2597
f 2718/4430/2598 2713/4424/2593 2549/4425/2357
f 2713/4424/2593 2718/4430/2598 2717/4429/2597
f 2549/4425/2357 2546/4431/2353 2718/4430/2598
f 2717/4429/2597 2719/4432/2599 2716/4428/2596
f 2720/4433/2600 2718/4430/2598 2546/4431/2353
f 2721/4434/2601 2717/4429/2597 2718/4430/2598
f 2717/4429/2597 2721/4434/2601 2719/4432/2599
f 2718/4430/2598 2720/4433/2600 2721/4434/2601
f 2719/4432/2599 2721/4434/2601 2720/4433/2600
f 2546/4431/2353 2543/4435/1871 2720/4433/2600
f 2716/4428/2596 2719/4432/2599 2722/4436/2602
f 2720/4433/2600 2722/4436/2602 2719/4432/2599
f 2722/4436/2602 2720/4433/2600 2543/4435/1871
f 2722/4436/2602 2710/4419/2590 2716/4428/2596
f 2543/4435/1871 2540/4420/2346 2722/4436/2602
f 2710/4419/2590 2722/4436/2602 2540/4420/2346
