g default
v -0.053672 0.503649 -0.687500
v -0.139302 0.753181 -0.687500
v 0.001429 0.753561 -0.416891
v 0.092922 0.503649 -0.416891
v 0.432905 0.753561 -0.416896
v 0.584026 0.945081 -0.598368
v 0.234141 0.504045 -0.602689
v 0.231633 0.501423 -0.416882
v -1.362606 1.014050 0.000000
v -1.582041 1.010725 0.000000
v -1.553730 1.010725 -0.211553
v -1.346365 1.014050 -0.209770
v -1.282462 1.010725 -0.621898
v -1.338713 1.014050 -0.380525
v -1.508607 1.010725 -0.380154
v -1.404525 1.010725 -0.531962
v -0.701917 1.057253 -0.569158
v -0.759279 1.209782 -0.567438
v -0.759279 1.209782 0.567439
v -0.701917 1.057253 0.569159
v 0.583282 0.944897 -0.340113
v 0.432796 0.753561 -0.340117
v 0.609599 0.753351 -0.340102
v 0.730738 0.913573 -0.340117
v 0.609611 0.753167 -0.156762
v 0.583907 0.945334 -0.646855
v 0.234640 0.503649 -0.647053
v 0.198916 0.503649 -0.648918
v 0.557539 0.950610 -0.647451
v 0.557539 0.950610 -0.598368
v 0.198916 0.503649 -0.602031
v 0.275828 2.042330 -0.603141
v 0.260181 2.031545 -0.603268
v 0.582302 1.219272 -0.598368
v 0.605905 1.218386 -0.598368
v 0.243253 2.090137 -0.602183
v 0.229806 2.074955 -0.602316
v 0.198056 2.132306 -0.602183
v 0.186828 2.115054 -0.602316
v 0.146687 2.166376 -0.602183
v 0.137981 2.147451 -0.602316
v 0.090256 2.191610 -0.602183
v 0.084322 2.171445 -0.602316
v 0.029866 2.207281 -0.602183
v 0.026897 2.186347 -0.602316
v 0.029866 2.207281 -0.643643
v 0.090256 2.191610 -0.643643
v 0.084322 2.171444 -0.643777
v 0.026897 2.186346 -0.643777
v 0.146687 2.166376 -0.643643
v 0.137981 2.147450 -0.643777
v 0.198056 2.132306 -0.643643
v 0.186828 2.115053 -0.643777
v 0.243253 2.090137 -0.643643
v 0.229806 2.074954 -0.643777
v 0.275828 2.042330 -0.642688
v 0.260181 2.031543 -0.642816
v 0.605905 1.218386 -0.647451
v 0.582302 1.219272 -0.647451
v -0.725105 0.994598 -0.598725
v -0.617093 2.190194 -0.598725
v -0.726458 2.184978 -0.601194
v -0.871880 0.994513 -0.599154
v -0.759206 0.994598 -0.644583
v -0.759206 0.994598 -0.670807
v -0.636151 2.242911 -0.664367
v -0.641132 2.213478 -0.644583
v -0.723022 2.242720 -0.664208
v -0.863662 0.994666 -0.670794
v -0.730484 2.194945 -0.642646
v -0.727124 2.213510 -0.642263
v -0.725105 0.994598 -0.644583
v -0.616965 2.191075 -0.644583
v 0.600482 0.965159 -0.647451
v 0.600482 0.965159 -0.598368
v 0.584029 0.945144 -0.575357
v 0.600482 0.965159 -0.575284
v 0.835947 0.883953 -0.674218
v 0.682439 1.215524 -0.674513
v 0.682439 1.215524 -0.575284
v 0.835149 0.883882 -0.575211
v 0.636932 1.217226 -0.664373
v 0.605905 1.218386 -0.674513
v 0.668708 1.216038 -0.643643
v 0.636932 1.217226 -0.581452
v 0.668708 1.216038 -0.602182
v 0.605905 1.218386 -0.575284
v 1.129626 0.792431 -0.674215
v 1.130563 0.781326 -0.687499
v 0.623031 1.220483 -0.284141
v 0.565785 1.224830 -0.284321
v 0.472319 1.232880 -0.284196
v 0.405566 1.167129 -0.284607
v 0.465715 1.091656 -0.121399
v 0.382970 1.195130 -0.116523
v 0.383043 1.195254 -0.284517
v -0.149826 0.753250 -0.664273
v -0.015702 0.753561 -0.410164
v -0.594894 0.756052 -0.687500
v -0.594893 0.756063 -0.664273
v -0.628740 0.763453 -0.687500
v -0.628740 0.763453 -0.664273
v -0.657652 0.780263 -0.687500
v -0.657652 0.780263 -0.664273
v -0.679391 0.804923 -0.687500
v -0.691721 0.835870 -0.687500
v -0.691716 0.835871 -0.664273
v -0.679391 0.804923 -0.664273
v -0.720678 0.994721 -0.687500
v -0.717268 0.973942 -0.664273
v -0.147574 0.774559 -0.671835
v -0.015702 0.774675 -0.410509
v -0.581905 0.776762 -0.671835
v -0.615436 0.784094 -0.671835
v -0.644078 0.800748 -0.671835
v -0.665615 0.825178 -0.671835
v -0.677830 0.855837 -0.671835
v -0.701265 0.973942 -0.664312
v -0.724861 2.212941 0.601007
v -0.726458 2.184978 0.601195
v -0.724861 2.212941 -0.601007
v -0.777589 2.261592 -0.630363
v -0.777584 2.256780 -0.628850
v -0.777584 2.256780 0.628850
v -0.777589 2.261592 0.630363
v -0.782887 2.261578 -0.630394
v -0.782883 2.255444 -0.628881
v -0.782883 2.255444 0.628881
v -0.756403 2.213341 -0.643062
v -0.756403 2.194945 -0.643428
v -0.763381 2.213172 -0.643861
v -0.763381 2.242873 -0.664336
v -0.762620 2.242791 -0.657895
v -0.762980 2.214477 -0.637648
v -0.763381 2.272139 -0.643007
v -0.762589 2.267505 -0.639882
v -0.763381 2.272139 0.643007
v -0.762589 2.267505 0.639882
v -0.757271 2.267509 -0.639874
v -0.757271 2.267509 0.639875
v -0.756403 2.272139 0.643007
v -0.756403 2.272139 -0.643007
v -0.756403 2.242797 -0.664272
v -0.757301 2.242808 -0.657830
v -0.757662 2.214692 -0.636864
v -0.757641 2.194859 -0.637014
v -0.763381 2.194945 -0.644210
v -0.762959 2.194862 -0.637796
v -0.782788 2.184978 -0.628881
v -0.778965 2.194945 -0.638917
v 0.245965 2.165026 -0.594775
v 0.245965 2.263693 -0.594775
v 0.056244 2.263693 -0.594775
v 0.245965 2.165026 -0.604229
v 0.056244 2.263693 -0.604229
v 0.245965 2.263693 -0.604229
v -0.001721 0.774686 -0.416221
v -0.068532 0.987567 -0.416221
v -0.068532 0.987567 0.416221
v -0.001721 0.774686 0.416221
v -0.141142 0.773918 -0.684309
v -0.199178 0.987567 -0.684309
v -0.581905 0.776762 -0.684309
v -0.702206 1.057253 -0.610641
v -0.702206 1.057253 -0.623067
v -0.703275 0.987567 -0.684309
v -0.153124 1.057100 -0.229616
v -0.153124 1.057100 0.229616
v -0.259391 1.057253 -0.623067
v -0.155804 1.057253 -0.410505
v -0.677830 0.855837 -0.684309
v -0.665615 0.825178 -0.684309
v -0.644078 0.800748 -0.684309
v -0.615436 0.784094 -0.684309
v -0.701614 0.994759 -0.569156
v -0.015702 0.774675 0.410509
v -0.889170 0.994721 -0.580161
v -0.885852 1.010725 -0.666770
v -0.846215 1.227363 -0.580161
v -0.966712 0.994721 -0.569156
v -0.966850 0.994721 -0.580161
v -0.939806 1.227882 -0.580161
v -0.936957 1.209834 -0.562413
v -0.724360 0.994721 -0.569156
v -0.936957 1.209834 0.562413
v -1.299237 0.993401 -0.633381
v -1.170679 0.993401 -0.689322
v -1.273116 0.597369 -0.685803
v -1.416481 0.597369 -0.586236
v 0.407043 1.102489 -0.121425
v 0.353722 1.171742 -0.116549
v 0.342888 1.402354 -0.121240
v 0.429397 1.227152 -0.117986
v 0.319876 1.433718 -0.121240
v 0.382963 1.195118 -0.062941
v 0.247267 1.384796 -0.062704
v 0.247273 1.384800 -0.118086
v 0.429397 1.227115 -0.064991
v 0.290695 1.414529 -0.064892
v 0.429397 1.227115 0.064991
v 0.290695 1.414529 0.064892
v 0.340585 1.447252 -0.236124
v 0.224020 1.369498 -0.232217
v 0.195018 1.440354 -0.232605
v 0.205295 1.458787 -0.233180
v 0.258417 1.494161 -0.235479
v 0.279716 1.497538 -0.235971
v 0.374132 1.820836 -0.656203
v 0.320134 1.756673 -0.656203
v 0.290233 1.760289 -0.656202
v 0.364472 1.845966 -0.656203
v 0.458342 1.601771 -0.656203
v 0.347283 1.611878 -0.656202
v 0.367025 1.634691 -0.656203
v 0.447632 1.629633 -0.656203
v 0.290233 1.760289 -0.643232
v 0.320135 1.756673 -0.643233
v 0.374132 1.820836 -0.643233
v 0.364472 1.845966 -0.643233
v 0.367025 1.634692 -0.643233
v 0.347284 1.611878 -0.643232
v 0.458342 1.601771 -0.643233
v 0.447632 1.629633 -0.643233
v -0.565533 1.057100 -0.229616
v -0.565533 1.057100 0.229616
v -0.604027 1.123466 -0.267316
v -0.576805 1.118776 -0.216508
v -0.609779 1.123191 -0.135425
v -0.549566 1.109338 -0.244146
v -0.169749 1.108953 -0.243289
v -0.135206 1.108949 -0.279341
v -0.583937 1.109342 -0.280510
v -0.583594 1.118752 -0.244147
v -0.576805 1.109365 -0.216508
v -0.611166 1.109365 -0.252803
v -0.131763 1.108925 -0.214521
v -0.107212 1.108925 -0.250640
v -0.611326 1.290875 -0.267821
v -0.592934 1.262598 -0.327706
v -0.587627 1.142311 -0.327706
v -0.497034 1.241452 -0.267676
v -0.503903 1.225309 -0.327706
v -0.464330 1.123198 -0.267664
v -0.483458 1.142087 -0.327706
v 0.624745 0.772994 -0.155779
v 0.396890 0.780299 -0.182601
v 0.548058 0.908014 -0.182601
v 0.477019 0.854238 -0.155744
v 0.458177 0.838318 -0.155744
v 0.548058 0.908014 -0.108196
v 0.396890 0.780299 -0.108196
v 0.458177 0.838318 -0.135053
v 0.477019 0.854238 -0.135053
v 0.609684 0.753374 -0.134912
v 0.624643 0.773071 -0.135017
v 0.565646 1.225303 -0.536175
v 0.405410 1.167595 -0.536171
v 0.443164 1.181108 -0.496039
v 0.529681 1.212265 -0.495326
v 0.440418 1.179695 -0.291701
v 0.526975 1.210866 -0.290989
v 0.524162 1.218079 -0.290967
v 0.437559 1.187159 -0.291680
v 0.526618 1.219371 -0.495379
v 0.440016 1.188451 -0.496091
v -1.244369 0.597369 -0.685995
v -1.281183 0.597369 -0.663087
v 0.423508 1.144943 -0.571515
v 0.850560 0.878953 -0.536202
v 0.576917 0.937025 -0.687501
v 0.583914 0.945365 -0.674366
v -1.575368 0.205634 -0.393418
v -1.496502 0.205794 -0.533258
v -1.435251 0.205794 -0.484419
v -1.504098 0.205634 -0.367216
v 1.129447 0.791741 -0.447349
v 0.851261 0.878651 -0.447349
v 0.775402 0.772621 -0.415119
v 0.851261 0.776820 -0.447349
v 0.851261 0.776820 -0.413368
v 0.280809 0.139149 -0.415119
v 0.283077 0.340653 -0.415119
v 0.840599 0.138903 -0.415016
v 0.306729 0.449635 -0.415119
v 0.365348 0.549188 -0.415119
v 0.447410 0.633546 -0.415119
v 0.540752 0.700685 -0.415119
v 0.652014 0.747047 -0.415119
v -0.859760 0.994721 -0.687716
v -0.835933 0.974787 -0.687500
v -0.851064 0.961778 -0.687353
v -0.734769 0.962345 -0.687500
v 0.406345 1.214589 -0.117177
v 0.310648 1.488885 -0.236149
v 0.194023 1.411221 -0.232242
v -0.773506 2.194945 -0.645179
v 0.775402 0.772621 -0.687500
v 0.852867 0.776820 -0.687500
v -0.889178 0.994721 -0.668496
v -0.883967 1.029855 -0.682501
v -0.846373 1.227152 -0.648632
v -0.701526 0.973942 -0.569156
v -0.053672 0.503649 0.687500
v 0.092922 0.503649 0.416891
v 0.001429 0.753561 0.416891
v -0.139302 0.753181 0.687500
v 0.432905 0.753561 0.416896
v 0.231633 0.501423 0.416882
v 0.234141 0.504045 0.602689
v 0.584026 0.945081 0.598368
v -1.346365 1.014050 0.209770
v -1.553730 1.010725 0.211553
v -1.282462 1.010725 0.621898
v -1.404525 1.010725 0.531962
v -1.508607 1.010725 0.380154
v -1.338713 1.014050 0.380526
v 0.583282 0.944897 0.340113
v 0.730738 0.913573 0.340117
v 0.609599 0.753351 0.340102
v 0.432796 0.753561 0.340117
v 0.583907 0.945334 0.646855
v 0.557539 0.950610 0.647451
v 0.198916 0.503649 0.648918
v 0.234640 0.503649 0.647053
v 0.198916 0.503649 0.602031
v 0.557539 0.950610 0.598368
v 0.275828 2.042330 0.603141
v 0.605905 1.218386 0.598368
v 0.582302 1.219272 0.598368
v 0.260181 2.031545 0.603269
v 0.229806 2.074955 0.602317
v 0.243253 2.090137 0.602183
v 0.186828 2.115054 0.602317
v 0.198056 2.132306 0.602183
v 0.137981 2.147451 0.602317
v 0.146687 2.166376 0.602183
v 0.084322 2.171445 0.602317
v 0.090256 2.191610 0.602183
v 0.026897 2.186347 0.602317
v 0.029866 2.207281 0.602183
v 0.029866 2.207281 0.643643
v 0.026897 2.186346 0.643777
v 0.084322 2.171444 0.643777
v 0.090256 2.191610 0.643643
v 0.137981 2.147450 0.643777
v 0.146687 2.166376 0.643643
v 0.186828 2.115053 0.643777
v 0.198056 2.132306 0.643643
v 0.229806 2.074954 0.643777
v 0.243253 2.090137 0.643643
v 0.260181 2.031543 0.642816
v 0.275828 2.042330 0.642688
v 0.582302 1.219272 0.647451
v 0.605905 1.218386 0.647451
v -0.725105 0.994598 0.598725
v -0.871880 0.994513 0.599154
v -0.617093 2.190194 0.598725
v -0.725105 0.994598 0.644583
v -0.616965 2.191075 0.644583
v -0.641132 2.213478 0.644583
v -0.759206 0.994598 0.644583
v -0.636151 2.242911 0.664367
v -0.759206 0.994598 0.670808
v -0.723022 2.242720 0.664208
v -0.727124 2.213510 0.642263
v -0.730484 2.194945 0.642646
v -0.863662 0.994666 0.670794
v 0.600482 0.965159 0.647451
v 0.600482 0.965159 0.598368
v 0.600482 0.965159 0.575284
v 0.584029 0.945144 0.575357
v 0.835947 0.883953 0.674218
v 0.835149 0.883882 0.575211
v 0.682439 1.215524 0.575285
v 0.682439 1.215524 0.674513
v 0.636932 1.217226 0.664373
v 0.605905 1.218386 0.674513
v 0.668708 1.216038 0.643643
v 0.636932 1.217226 0.581452
v 0.605905 1.218386 0.575285
v 1.129626 0.792431 0.674215
v 1.130563 0.781326 0.687499
v 0.623031 1.220483 0.284141
v 0.472319 1.232880 0.284196
v 0.565795 1.224460 0.284287
v 0.405364 1.167339 0.284571
v 0.383043 1.195254 0.284518
v 0.382970 1.195130 0.116523
v 0.465715 1.091656 0.121399
v -0.015702 0.753561 0.410164
v -0.149826 0.753250 0.664273
v -0.594893 0.756063 0.664273
v -0.594894 0.756052 0.687500
v -0.628740 0.763453 0.664273
v -0.628740 0.763453 0.687500
v -0.657652 0.780263 0.664273
v -0.657652 0.780263 0.687500
v -0.679391 0.804923 0.687500
v -0.679391 0.804923 0.664273
v -0.691716 0.835871 0.664273
v -0.691721 0.835870 0.687500
v -0.717268 0.973942 0.664273
v -0.720678 0.994721 0.687500
v -0.147574 0.774559 0.671835
v -0.581905 0.776762 0.671835
v -0.615436 0.784094 0.671835
v -0.644078 0.800748 0.671835
v -0.665615 0.825178 0.671835
v -0.677830 0.855837 0.671835
v -0.701265 0.973942 0.664312
v -0.782887 2.261578 0.630394
v -0.756403 2.213341 0.643062
v -0.756403 2.194945 0.643428
v -0.763381 2.213172 0.643861
v -0.762980 2.214477 0.637648
v -0.762620 2.242791 0.657895
v -0.763381 2.242873 0.664336
v -0.757301 2.242808 0.657830
v -0.756403 2.242797 0.664272
v -0.757662 2.214692 0.636864
v -0.757641 2.194859 0.637014
v -0.763381 2.194945 0.644210
v -0.762959 2.194862 0.637796
v -0.782788 2.184978 0.628881
v -0.778965 2.194945 0.638917
v 0.245965 2.165026 0.594775
v 0.056244 2.263693 0.594775
v 0.245965 2.263693 0.594775
v 0.245965 2.165026 0.604229
v 0.056244 2.263693 0.604229
v 0.245965 2.263693 0.604229
v -0.141142 0.773918 0.684309
v -0.199178 0.987567 0.684309
v -0.581905 0.776762 0.684309
v -0.703275 0.987567 0.684309
v -0.702206 1.057253 0.623067
v -0.702206 1.057253 0.610641
v -0.155804 1.057253 0.410505
v -0.259391 1.057253 0.623067
v -0.677830 0.855837 0.684309
v -0.665615 0.825178 0.684309
v -0.644078 0.800748 0.684309
v -0.615436 0.784094 0.684309
v -0.701614 0.994759 0.569157
v -0.889170 0.994721 0.580161
v -0.846215 1.227363 0.580161
v -0.885852 1.010725 0.666770
v -0.966712 0.994721 0.569157
v -0.939806 1.227882 0.580161
v -0.966850 0.994721 0.580161
v -0.724360 0.994721 0.569157
v -1.299237 0.993401 0.633381
v -1.416481 0.597369 0.586236
v -1.273116 0.597369 0.685803
v -1.170679 0.993401 0.689322
v 0.353722 1.171742 0.116549
v 0.407043 1.102489 0.121425
v 0.342888 1.402354 0.121240
v 0.429397 1.227152 0.117986
v 0.472346 1.232587 0.119477
v 0.247273 1.384800 0.118087
v 0.247267 1.384796 0.062704
v 0.382963 1.195118 0.062942
v 0.224020 1.369498 0.232218
v 0.340585 1.447252 0.236124
v 0.319876 1.433718 0.121240
v 0.195018 1.440354 0.232606
v 0.279716 1.497538 0.235972
v 0.258417 1.494161 0.235479
v 0.205295 1.458787 0.233181
v -1.074080 0.408738 0.630909
v -1.046360 0.323424 0.630909
v -1.025710 0.326694 0.630909
v -1.025710 0.416398 0.630909
v -1.005061 0.323424 0.630909
v -0.977341 0.408738 0.630909
v -0.986433 0.205811 0.630909
v -0.933706 0.133239 0.630909
v -0.899078 0.167867 0.630909
v -1.079771 0.220594 0.630909
v -1.152343 0.167868 0.630909
v -1.117715 0.133239 0.630909
v 0.374132 1.820836 0.656203
v 0.364472 1.845966 0.656203
v 0.290233 1.760289 0.656202
v 0.320134 1.756673 0.656203
v 0.458342 1.601771 0.656203
v 0.447632 1.629633 0.656203
v 0.367025 1.634691 0.656203
v 0.347283 1.611878 0.656202
v 0.290233 1.760289 0.643232
v 0.364472 1.845966 0.643233
v 0.374132 1.820836 0.643233
v 0.320135 1.756673 0.643233
v 0.367025 1.634692 0.643233
v 0.447632 1.629633 0.643233
v 0.458342 1.601771 0.643233
v 0.347284 1.611878 0.643232
v -0.604027 1.123466 0.267316
v -0.609779 1.123191 0.135425
v -0.576805 1.118776 0.216508
v -0.549566 1.109338 0.244147
v -0.583937 1.109342 0.280510
v -0.135206 1.108949 0.279341
v -0.169749 1.108953 0.243290
v -0.583594 1.118752 0.244147
v -0.576805 1.109365 0.216508
v -0.611166 1.109365 0.252803
v -0.107212 1.108925 0.250640
v -0.131763 1.108925 0.214522
v -0.611326 1.290875 0.267821
v -0.587627 1.142311 0.327706
v -0.592934 1.262598 0.327706
v -0.503903 1.225309 0.327706
v -0.497034 1.241452 0.267677
v -0.464330 1.123198 0.267664
v -0.483458 1.142087 0.327706
v 0.624745 0.772994 0.155779
v 0.609599 0.753351 0.156689
v 0.424762 0.804945 0.182601
v 0.462018 0.858153 0.155744
v 0.476167 0.878359 0.155744
v 0.513424 0.931567 0.108196
v 0.476167 0.878359 0.135053
v 0.462018 0.858153 0.135053
v 0.424762 0.804945 0.108196
v 0.609684 0.753374 0.134863
v 0.624643 0.773071 0.135017
v 0.565800 1.224870 0.536180
v 0.529843 1.211792 0.495379
v 0.443275 1.180838 0.496091
v 0.405444 1.167498 0.536176
v 0.440382 1.179830 0.291680
v 0.527008 1.210755 0.290967
v 0.449627 1.189105 0.445941
v 0.449627 1.189105 0.343117
v 0.437559 1.187159 0.291680
v 0.441417 1.185407 0.496091
v 0.483080 1.201681 0.301532
v 0.524162 1.218079 0.290967
v 0.518712 1.213794 0.341037
v 0.485259 1.201218 0.485446
v 0.528020 1.216327 0.495379
v 0.518712 1.213794 0.443861
v 0.483080 1.201681 0.404356
v 0.485259 1.201218 0.382622
v -1.244369 0.597369 0.685995
v -1.281183 0.597369 0.663087
v 0.423508 1.144943 0.571515
v 0.850560 0.878953 0.536203
v 0.576917 0.937025 0.687501
v 0.583914 0.945365 0.674366
v -1.575368 0.205634 0.393418
v -1.504098 0.205634 0.367216
v -1.435251 0.205794 0.484419
v -1.496502 0.205794 0.533258
v 1.129447 0.791741 0.447349
v 0.851261 0.878651 0.447349
v 0.775402 0.772621 0.415119
v 0.851261 0.776820 0.413368
v 0.851261 0.776820 0.447349
v 0.280809 0.139149 0.415119
v 0.840599 0.138903 0.415016
v 0.283077 0.340653 0.415119
v 0.306729 0.449635 0.415119
v 0.365348 0.549188 0.415119
v 0.447410 0.633546 0.415119
v 0.540752 0.700685 0.415119
v 0.652014 0.747047 0.415119
v 0.406345 1.214589 0.117177
v 0.194023 1.411221 0.232242
v 0.310648 1.488885 0.236149
v -0.773506 2.194945 0.645179
v 0.852867 0.776820 0.687500
v 0.775402 0.772621 0.687500
v -0.889178 0.994721 0.668496
v -0.846373 1.227152 0.648632
v -0.883967 1.029855 0.682501
v -0.701526 0.973942 0.569157
v 0.472346 1.232587 -0.119476
v -0.723022 2.241709 -0.581459
v -0.723022 2.241709 0.581459
v 0.014481 1.408459 0.070522
v 0.015140 1.408962 0.001983
v 0.012379 1.412431 0.009265
v 0.011860 1.412034 0.063240
v -0.003067 1.432796 0.001983
v -0.000447 1.429221 0.009265
v -0.003726 1.432292 0.070522
v -0.000966 1.428824 0.063240
v 0.268609 1.602592 0.191320
v 0.221111 1.566307 0.224872
v 0.223467 1.573684 0.221307
v 0.260872 1.602259 0.194885
v 0.202904 1.590141 0.224872
v 0.250402 1.626425 0.191320
v 0.248046 1.619048 0.194885
v 0.210641 1.590474 0.221307
v 0.224677 1.569032 -0.146029
v 0.271517 1.604813 -0.111041
v 0.263849 1.604533 -0.114759
v 0.226964 1.576355 -0.142312
v 0.253310 1.628647 -0.111041
v 0.206470 1.592865 -0.146029
v 0.214137 1.593145 -0.142312
v 0.251023 1.621323 -0.114759
v 0.160472 1.425972 0.010462
v 0.159012 1.424856 0.062747
v 0.143318 1.445400 0.062747
v 0.144779 1.446515 0.010462
v 0.225263 1.475467 0.114870
v 0.261975 1.503512 0.090319
v 0.246282 1.524055 0.090319
v 0.209569 1.496010 0.114870
v 0.249027 1.526152 -0.007943
v 0.264720 1.505609 -0.007943
v 0.229469 1.478679 -0.035677
v 0.213775 1.499223 -0.035677
v 1.178019 2.098244 0.199163
v 1.154618 2.098244 0.198983
v 1.154618 2.111392 0.198983
v 1.178019 2.111392 0.199163
v 1.154450 2.098244 0.236957
v 1.154450 2.111392 0.236957
v 1.177851 2.098244 0.237137
v 1.177851 2.111392 0.237137
v 1.178019 2.098244 -0.227793
v 1.154618 2.098244 -0.227972
v 1.154618 2.111392 -0.227972
v 1.178019 2.111392 -0.227793
v 1.154450 2.098244 -0.189998
v 1.154450 2.111392 -0.189998
v 1.177851 2.098244 -0.189818
v 1.177851 2.111392 -0.189818
v 1.205633 2.281753 -0.380029
v 1.315930 2.249945 -0.380029
v 1.315930 2.210628 -0.380030
v 1.247693 2.293902 0.345116
v 1.289752 2.281753 0.345116
v 1.179640 2.249945 0.345116
v 1.205633 2.281753 0.345116
v 1.193701 2.245885 0.193871
v 1.214327 2.271125 0.193871
v 1.247701 2.280766 0.193871
v 1.247701 2.280766 0.239620
v 1.214327 2.271125 0.239620
v 1.193701 2.245885 0.239620
v 1.303151 2.317574 0.260300
v 1.303151 0.059356 0.260594
v 1.303151 0.059356 0.293114
v 1.303151 2.317574 0.293113
v 1.183530 0.059356 0.335209
v 1.314099 0.059356 0.335209
v 1.314098 2.317574 0.335208
v 1.183530 2.317574 0.335208
v 1.314099 2.317574 0.260300
v 1.314099 0.059356 0.260301
v 1.194749 2.317574 0.260301
v 1.194749 2.317574 0.293113
v 1.194749 0.059356 0.293114
v 1.194749 0.059356 0.273402
v 1.183530 0.059356 0.273402
v 1.133382 0.038604 0.420691
v 1.212235 0.038604 0.346656
v 1.327789 0.038603 0.346657
v 1.327793 2.328427 0.402533
v 1.327793 2.328427 0.420690
v 1.327793 2.134470 0.402533
v 1.327795 2.134469 -0.393015
v 1.327796 2.328427 -0.411172
v 1.327795 2.328427 -0.393015
v 1.133506 2.328427 0.420689
v 1.151101 2.328427 0.402533
v 1.144723 2.134469 -0.393015
v 1.144723 2.119573 -0.337138
v 1.327793 2.119573 -0.337138
v 1.327793 2.119573 0.346656
v 1.327789 0.038603 0.420691
v 1.133382 0.061082 -0.337139
v 1.133383 0.038603 -0.411172
v 1.133382 0.038603 -0.337139
v 1.133382 0.061082 0.346656
v 1.133382 0.038604 0.346656
v 1.151084 2.119573 0.346655
v 1.151085 2.134470 0.402533
v 1.133384 2.119573 0.346655
v 1.133507 2.328427 0.343342
v 1.151103 2.328427 0.343343
v 1.133506 2.328427 -0.333825
v 1.133505 2.328427 -0.411172
v 1.144828 2.328427 -0.393015
v 1.144828 2.328427 -0.333825
v 1.218442 2.328328 -0.456411
v 1.218442 2.295897 -0.456411
v 1.082374 2.295897 -0.458322
v 1.082374 2.328328 -0.458322
v 1.130584 2.328329 -0.411302
v 1.248217 2.328328 -0.412912
v 1.019044 2.328328 0.403599
v 1.120265 2.328328 0.388054
v 1.120265 2.328328 -0.381660
v 1.019045 2.328328 -0.397205
v 1.218442 2.328328 0.462690
v 1.082374 2.328328 0.464600
v 1.082374 2.295897 0.464600
v 1.218442 2.295897 0.462690
v 1.130583 2.328329 0.417695
v 1.248217 2.328328 0.419306
v 1.130583 2.295898 -0.411302
v 1.120265 2.295897 -0.381660
v 1.019045 2.295896 -0.397205
v 1.019044 2.295897 0.403599
v 1.218443 1.973075 -0.447968
v 1.218443 1.939992 -0.447968
v 1.070436 1.939992 -0.449819
v 1.070436 1.973075 -0.449819
v 1.118646 1.973075 -0.408953
v 1.248218 1.973075 -0.410533
v 1.118645 1.973075 0.420170
v 1.070436 1.973075 0.461152
v 1.218442 1.973075 0.459301
v 1.248217 1.973075 0.421750
v 1.019045 1.973075 -0.390354
v 1.108327 1.973075 -0.375291
v 1.108327 1.973075 0.386508
v 1.019044 1.973075 0.401571
v 1.019044 1.939992 0.401571
v 1.070436 1.939992 0.461152
v 1.108327 1.973075 -0.250673
v 1.108326 1.973076 -0.184773
v 1.195315 1.973076 -0.184773
v 1.195317 1.973076 -0.250673
v 1.108326 1.939992 -0.184773
v 1.195315 1.939994 -0.184773
v 1.315214 2.326023 -0.251054
v 1.315213 2.303613 -0.180285
v 1.315213 2.303613 -0.240486
v 1.315213 2.303614 -0.169718
v 1.191841 2.303614 -0.169717
v 1.191837 2.213643 -0.169871
v 1.315213 2.267941 -0.169718
v 1.216352 2.200878 -0.169718
v 1.291780 2.200878 -0.169718
v 1.191837 2.213733 -0.180438
v 1.216352 2.200878 -0.180285
v 1.315213 2.267941 -0.180285
v 1.291780 2.200878 -0.180285
v 1.191841 2.267941 -0.240486
v 1.191841 2.267941 -0.251054
v 1.216352 2.200878 -0.251054
v 1.216352 2.200878 -0.240487
v 1.191841 2.304621 -0.240486
v 1.191842 2.304504 -0.251054
v 1.185650 2.304504 -0.251054
v 1.185650 2.304621 -0.180285
v 1.185639 2.213742 -0.180592
v 1.315213 2.326023 0.259815
v 1.315213 2.303613 0.249247
v 1.315214 2.303613 0.189835
v 1.315214 2.303614 0.179267
v 1.315214 2.267941 0.179267
v 1.191837 2.213643 0.179421
v 1.191842 2.303614 0.179267
v 1.291780 2.200878 0.179268
v 1.216353 2.200878 0.179267
v 1.216353 2.200878 0.189835
v 1.191837 2.213733 0.189989
v 1.291780 2.200878 0.189835
v 1.315213 2.267941 0.189835
v 1.191841 2.267941 0.249247
v 1.216352 2.200878 0.249247
v 1.216352 2.200878 0.259815
v 1.191841 2.267941 0.259815
v 1.315213 2.267941 0.259815
v 1.291780 2.200878 0.259815
v 1.291780 2.200878 0.249247
v 1.315213 2.267941 0.249247
v 1.191841 2.304504 0.259815
v 1.191841 2.303613 0.249247
v 1.185640 2.213742 0.190142
v 1.185650 2.304504 0.259815
v 1.185650 2.304621 0.189835
v 1.315213 2.304117 0.259815
v 1.315213 2.326023 0.339856
v 1.315213 2.304117 0.339856
v 1.136578 2.304504 0.339857
v 1.136578 2.326024 0.339857
v 1.136579 2.326024 0.172816
v 1.136579 2.304504 0.172532
v 1.315214 2.307795 -0.251054
v 1.315214 2.307795 -0.327628
v 1.315215 2.326023 -0.327628
v 1.185650 2.304504 -0.327628
v 1.142682 2.304504 -0.281537
v 1.142682 2.304504 -0.301024
v 1.142682 2.268947 -0.301024
v 1.142682 2.268947 -0.281536
v 1.136579 2.326023 -0.327628
v 1.136579 2.304504 -0.327628
v 1.136579 2.304504 -0.182400
v 1.136579 2.326023 -0.181894
v 1.177302 2.304538 -0.180884
v 1.177302 2.304593 0.171715
v 1.177302 2.326023 0.171942
v 1.177302 2.326023 -0.180679
v 1.181159 2.143323 -0.268479
v 1.190454 2.143323 -0.290919
v 1.195348 2.143324 -0.290919
v 1.184619 2.143323 -0.265018
v 1.181159 2.143322 -0.313359
v 1.158719 2.143320 -0.322654
v 1.158719 2.143320 -0.327548
v 1.184619 2.143323 -0.316820
v 1.136278 2.143318 -0.313359
v 1.132818 2.143317 -0.316820
v 1.126983 2.143317 -0.290919
v 1.122090 2.143316 -0.290919
v 1.136279 2.143318 -0.268479
v 1.132818 2.143317 -0.265018
v 1.158719 2.143320 -0.259184
v 1.158719 2.143320 -0.254290
v 1.172132 2.175348 -0.277504
v 1.158736 2.175347 -0.271955
v 1.158716 2.175347 -0.254289
v 1.184617 2.175349 -0.265018
v 1.145338 2.175345 -0.277504
v 1.132816 2.175344 -0.265018
v 1.139789 2.175345 -0.290901
v 1.122086 2.175343 -0.290919
v 1.145338 2.175345 -0.304298
v 1.132816 2.175344 -0.316820
v 1.158734 2.175347 -0.309846
v 1.158717 2.175347 -0.327548
v 1.172132 2.175348 -0.304298
v 1.184617 2.175349 -0.316820
v 1.177681 2.175348 -0.290901
v 1.195346 2.175351 -0.290919
v 1.180348 2.277024 -0.266576
v 1.180406 2.228105 -0.266576
v 1.180404 2.246845 -0.274852
v 1.180348 2.277024 -0.274852
v 1.136434 2.277019 -0.274852
v 1.136384 2.246842 -0.274852
v 1.136386 2.228101 -0.266576
v 1.136434 2.277019 -0.266576
v 1.180348 2.277024 -0.315226
v 1.180348 2.277024 -0.306950
v 1.180404 2.246845 -0.306950
v 1.180406 2.228105 -0.315226
v 1.136434 2.277019 -0.306950
v 1.136434 2.277019 -0.315226
v 1.136386 2.228101 -0.315226
v 1.136384 2.246842 -0.306950
v 1.142750 2.290268 -0.315226
v 1.171792 2.228104 -0.277504
v 1.158396 2.228103 -0.271955
v 1.158396 2.228103 -0.309846
v 1.171792 2.228104 -0.304297
v 1.177341 2.228105 -0.290901
v 1.144998 2.228101 -0.277504
v 1.139450 2.228101 -0.290901
v 1.144998 2.228101 -0.304298
v 1.158390 2.296399 -0.306950
v 1.142750 2.290268 -0.306950
v 1.142750 2.290268 -0.274852
v 1.158390 2.296399 -0.274852
v 1.142750 2.290268 -0.266576
v 1.174030 2.290271 -0.266576
v 1.158390 2.296399 -0.266576
v 1.174030 2.290272 -0.315226
v 1.158390 2.296399 -0.315226
v 1.181184 1.770247 -0.268479
v 1.186849 1.770247 -0.262814
v 1.158744 1.770245 -0.251172
v 1.158744 1.770245 -0.259184
v 1.130638 1.770243 -0.262815
v 1.136304 1.770243 -0.268479
v 1.118998 1.770241 -0.290919
v 1.127009 1.770242 -0.290919
v 1.130638 1.770242 -0.319024
v 1.186849 1.770247 -0.319024
v 1.181184 1.770247 -0.313359
v 1.158744 1.770245 -0.322654
v 1.198490 1.770249 -0.290919
v 1.190479 1.770248 -0.290919
v 1.158742 1.829355 -0.259184
v 1.158742 1.829355 -0.251172
v 1.186847 1.829357 -0.262814
v 1.181181 1.829357 -0.268479
v 1.190476 1.829358 -0.290919
v 1.198488 1.829358 -0.290919
v 1.186847 1.829357 -0.319024
v 1.181181 1.829357 -0.313359
v 1.158742 1.829355 -0.330665
v 1.130636 1.829352 -0.319024
v 1.136302 1.829352 -0.313359
v 1.158742 1.829355 -0.322654
v 1.127007 1.829351 -0.290919
v 1.118995 1.829351 -0.290919
v 1.130636 1.829352 -0.262814
v 1.136302 1.829353 -0.268479
v 1.131481 1.829352 -0.414121
v 1.119839 1.829351 -0.414121
v 1.119842 1.770241 -0.414121
v 1.131482 1.770242 -0.414121
v 1.216904 1.765097 -0.414121
v 1.190690 1.765097 -0.426757
v 1.190687 1.834497 -0.426757
v 1.216900 1.834497 -0.414121
v 1.114695 1.834497 -0.414121
v 1.114695 1.765097 -0.414121
v 1.190454 2.143323 0.297432
v 1.195348 2.143324 0.297432
v 1.184619 2.143323 0.323333
v 1.181159 2.143322 0.319872
v 1.158719 2.143320 0.334061
v 1.158719 2.143320 0.329167
v 1.136278 2.143318 0.319872
v 1.132818 2.143317 0.323333
v 1.122089 2.143316 0.297432
v 1.126983 2.143317 0.297432
v 1.136278 2.143318 0.274992
v 1.132818 2.143317 0.271531
v 1.158719 2.143320 0.260803
v 1.158719 2.143320 0.265697
v 1.172131 2.175348 0.284017
v 1.184617 2.175349 0.271531
v 1.158716 2.175347 0.260802
v 1.132815 2.175344 0.271531
v 1.145338 2.175345 0.284017
v 1.158735 2.175346 0.278468
v 1.122086 2.175343 0.297432
v 1.139789 2.175345 0.297414
v 1.132815 2.175344 0.323333
v 1.145338 2.175345 0.310811
v 1.158716 2.175347 0.334061
v 1.158734 2.175346 0.316359
v 1.184617 2.175349 0.323333
v 1.172131 2.175348 0.310811
v 1.195345 2.175351 0.297432
v 1.177681 2.175348 0.297414
v 1.180348 2.277023 0.273089
v 1.180348 2.277023 0.281365
v 1.180404 2.246845 0.281365
v 1.180406 2.228105 0.273089
v 1.136434 2.277019 0.281365
v 1.136434 2.277019 0.273089
v 1.136385 2.228101 0.273089
v 1.136383 2.246841 0.281365
v 1.180348 2.277023 0.321739
v 1.180406 2.228105 0.321739
v 1.180404 2.246845 0.313463
v 1.180348 2.277023 0.313463
v 1.136434 2.277019 0.313463
v 1.136383 2.246842 0.313463
v 1.136385 2.228100 0.321739
v 1.136434 2.277019 0.321739
v 1.171792 2.228104 0.284017
v 1.158396 2.228103 0.278468
v 1.158396 2.228103 0.316359
v 1.171792 2.228104 0.310810
v 1.177341 2.228104 0.297414
v 1.144998 2.228101 0.284017
v 1.139450 2.228101 0.297414
v 1.144998 2.228101 0.310811
v 1.142750 2.290268 0.313463
v 1.158390 2.296399 0.313463
v 1.174030 2.290271 0.281365
v 1.158389 2.296399 0.281365
v 1.142750 2.290268 0.273089
v 1.174030 2.290271 0.273089
v 1.158389 2.296399 0.273089
v 1.174030 2.290272 0.321739
v 1.158390 2.296399 0.321739
v 1.142750 2.290268 0.321739
v 1.181184 1.770247 0.274992
v 1.158744 1.770245 0.265697
v 1.158744 1.770245 0.257685
v 1.186849 1.770247 0.269326
v 1.136304 1.770243 0.274992
v 1.130638 1.770243 0.269327
v 1.127009 1.770242 0.297432
v 1.118997 1.770241 0.297432
v 1.130638 1.770242 0.325537
v 1.158744 1.770245 0.329167
v 1.181184 1.770247 0.319872
v 1.186849 1.770247 0.325537
v 1.190478 1.770248 0.297432
v 1.198490 1.770248 0.297432
v 1.158742 1.829355 0.265697
v 1.181181 1.829357 0.274992
v 1.186847 1.829357 0.269327
v 1.186847 1.829357 0.325537
v 1.198488 1.829358 0.297432
v 1.190476 1.829358 0.297432
v 1.181181 1.829357 0.319872
v 1.158742 1.829355 0.329167
v 1.158742 1.829355 0.337178
v 1.136301 1.829352 0.319872
v 1.130636 1.829352 0.325537
v 1.127006 1.829351 0.297432
v 1.118995 1.829351 0.297432
v 1.130636 1.829352 0.269327
v 1.131481 1.829352 0.420634
v 1.131482 1.770242 0.420634
v 1.119839 1.829351 0.420634
v 1.119842 1.770241 0.420634
v 1.216903 1.765097 0.420634
v 1.216900 1.834497 0.420634
v 1.190687 1.834497 0.433270
v 1.190690 1.765097 0.433271
v 1.114695 1.834497 0.420634
v 1.114695 1.765097 0.420634
v 1.447792 0.726291 -0.559547
v 1.447792 0.726291 0.580999
v 1.405157 0.726305 0.580999
v 1.405157 0.726305 -0.559547
v 1.442453 0.733178 0.580999
v 1.405157 0.733191 0.580999
v 1.442453 0.733178 -0.559547
v 1.405157 0.733191 -0.559547
v 1.427795 0.167369 -0.552046
v 1.405622 0.122882 -0.552046
v 1.405621 0.198079 -0.552046
v 1.447792 0.799843 0.580999
v 1.447792 0.799843 -0.559547
v 1.378276 0.799829 -0.559547
v 1.378277 0.799829 0.580999
v 1.442453 0.792956 -0.559547
v 1.386425 0.792943 -0.559547
v 1.442453 0.792956 0.580999
v 1.386425 0.792943 0.580999
v 1.378276 0.781329 -0.559547
v 1.378277 0.781329 0.580999
v 1.386425 0.781329 0.580999
v 1.342184 0.278980 0.594865
v 1.342184 0.316396 0.594865
v 1.342185 0.316396 -0.583430
v 1.342185 0.278979 -0.583430
v 1.391868 0.278979 -0.583430
v 1.391869 0.316396 -0.544590
v 1.391868 0.316396 0.556024
v 1.391868 0.278980 0.594864
v 1.391868 0.777134 0.594864
v 1.391868 0.739718 0.556024
v 1.391868 0.739718 -0.544590
v 1.391868 0.777134 -0.583430
v 1.352846 0.739718 0.556024
v 1.342184 0.739718 0.594864
v 1.342185 0.739718 -0.583430
v 1.352846 0.739718 -0.544590
v 1.352846 0.739718 -0.583430
v 1.352846 0.316396 -0.583430
v 1.352846 0.316396 -0.544590
v 1.352846 0.316396 0.556024
v 1.352846 0.316396 0.594865
v 1.132115 0.978277 0.417595
v 1.102480 0.975505 0.368241
v 1.102480 0.975505 0.401856
v 1.132115 0.978304 0.451210
v 1.132116 0.699969 0.417595
v 1.103235 0.698305 0.368241
v 1.103235 0.698305 0.401857
v 1.132116 0.699969 0.451210
v 1.225438 0.911968 0.417595
v 1.232588 0.922602 0.417595
v 1.232662 0.923116 0.451210
v 1.225438 0.912666 0.451210
v 0.936049 0.882467 0.358947
v 0.950819 0.859227 0.347542
v 0.944709 0.855787 0.334757
v 0.925076 0.886677 0.349918
v 0.965589 0.835988 0.358947
v 0.964341 0.824895 0.349918
v 0.971707 0.826364 0.386482
v 0.972473 0.812102 0.386519
v 0.965589 0.835988 0.414018
v 0.964341 0.824898 0.423121
v 0.950819 0.859227 0.425423
v 0.944709 0.855787 0.438281
v 0.936049 0.882467 0.414018
v 0.925076 0.886678 0.423120
v 0.929930 0.892092 0.386482
v 0.916944 0.899473 0.386519
v 1.046012 0.972634 0.336485
v 0.972958 0.926082 0.336485
v 1.005467 0.946746 0.362753
v 1.046011 0.972634 0.362753
v 1.094428 0.896458 0.362753
v 1.042138 0.863093 0.362753
v 1.021492 0.849722 0.336485
v 1.094429 0.896457 0.336485
v 1.046011 0.972634 0.436480
v 1.046011 0.972634 0.410212
v 1.005467 0.946745 0.410212
v 0.972957 0.926082 0.436480
v 1.094428 0.896458 0.410212
v 1.094429 0.896458 0.436480
v 1.021492 0.849722 0.436480
v 1.042138 0.863093 0.410212
v 0.982455 0.911141 0.358947
v 0.997225 0.887902 0.347542
v 0.997225 0.887902 0.425423
v 0.982455 0.911141 0.414018
v 0.976337 0.920767 0.386482
v 1.103833 0.955911 0.410212
v 1.110445 0.922022 0.410212
v 1.110445 0.922022 0.362753
v 1.103832 0.955910 0.362753
v 1.110446 0.922022 0.336485
v 1.075958 0.976283 0.336485
v 1.103833 0.955911 0.336485
v 1.132115 0.978277 -0.411388
v 1.132115 0.978304 -0.445003
v 1.102480 0.975505 -0.395649
v 1.102480 0.975505 -0.362034
v 1.132115 0.699969 -0.411388
v 1.103235 0.698305 -0.362034
v 1.132115 0.699969 -0.445003
v 1.103235 0.698305 -0.395649
v 1.225438 0.911968 -0.411388
v 1.225438 0.912666 -0.445003
v 1.232662 0.923116 -0.445003
v 1.232588 0.922602 -0.411388
v 0.936049 0.882467 -0.352740
v 0.925076 0.886677 -0.343711
v 0.944709 0.855787 -0.328550
v 0.950819 0.859227 -0.341335
v 0.964342 0.824896 -0.343711
v 0.965589 0.835988 -0.352740
v 0.972473 0.812102 -0.380312
v 0.971708 0.826364 -0.380275
v 0.964341 0.824898 -0.416914
v 0.965589 0.835988 -0.407811
v 0.944709 0.855787 -0.432074
v 0.950819 0.859227 -0.419216
v 0.925076 0.886678 -0.416913
v 0.936049 0.882467 -0.407811
v 0.916945 0.899473 -0.380312
v 0.929930 0.892092 -0.380275
v 1.046012 0.972634 -0.330278
v 1.046011 0.972634 -0.356546
v 1.005467 0.946746 -0.356546
v 0.972957 0.926082 -0.330278
v 1.094428 0.896458 -0.356546
v 1.094429 0.896458 -0.330278
v 1.021492 0.849722 -0.330278
v 1.042138 0.863093 -0.356546
v 1.046011 0.972634 -0.430273
v 0.972957 0.926082 -0.430273
v 1.005467 0.946745 -0.404005
v 1.046011 0.972634 -0.404005
v 1.094428 0.896458 -0.404005
v 1.042138 0.863093 -0.404005
v 1.021492 0.849722 -0.430273
v 1.094428 0.896458 -0.430273
v 0.982455 0.911141 -0.352740
v 0.997225 0.887902 -0.341335
v 0.997225 0.887902 -0.419216
v 0.982455 0.911141 -0.407811
v 0.976337 0.920767 -0.380275
v 1.110445 0.922022 -0.404005
v 1.103833 0.955911 -0.404005
v 1.103832 0.955910 -0.356546
v 1.110445 0.922022 -0.356546
v 1.110445 0.922022 -0.330278
v 1.075958 0.976283 -0.330278
v 1.103833 0.955911 -0.330278
v 1.356337 0.316396 -0.274187
v 1.356337 0.316396 -0.391062
v 1.385082 0.316396 -0.391062
v 1.385081 0.316396 -0.274187
v 1.356337 0.435333 -0.391062
v 1.385082 0.381644 -0.391062
v 1.385081 0.381644 -0.274187
v 1.356337 0.435333 -0.274187
v 1.384964 0.652507 -0.130408
v 1.378525 0.649821 -0.130408
v 1.399109 0.629339 -0.130412
v 1.401763 0.635791 -0.130410
v 1.428147 0.629412 -0.130412
v 1.425461 0.635850 -0.130412
v 1.448629 0.649996 -0.130411
v 1.442176 0.652649 -0.130410
v 1.448556 0.679034 -0.130408
v 1.442117 0.676348 -0.130408
v 1.425318 0.693063 -0.130406
v 1.427972 0.699515 -0.130405
v 1.398934 0.699443 -0.130405
v 1.401620 0.693004 -0.130404
v 1.378452 0.678859 -0.130406
v 1.384904 0.676205 -0.130406
v 1.400317 0.651157 -0.162436
v 1.399108 0.629342 -0.162437
v 1.378524 0.649824 -0.162434
v 1.394825 0.664197 -0.162434
v 1.378451 0.678862 -0.162432
v 1.400162 0.677299 -0.162432
v 1.398933 0.699445 -0.162431
v 1.413200 0.682791 -0.162432
v 1.427971 0.699517 -0.162432
v 1.426303 0.677454 -0.162432
v 1.448555 0.679036 -0.162435
v 1.431795 0.664416 -0.162434
v 1.448628 0.649998 -0.162437
v 1.426458 0.651313 -0.162436
v 1.428146 0.629414 -0.162439
v 1.413420 0.645821 -0.162436
v 1.389703 0.643078 -0.332066
v 1.397777 0.643126 -0.332066
v 1.397777 0.643071 -0.302590
v 1.389703 0.643022 -0.284284
v 1.397522 0.685971 -0.332063
v 1.389448 0.685924 -0.332063
v 1.389448 0.685971 -0.284280
v 1.397522 0.686020 -0.302585
v 1.437168 0.643360 -0.332066
v 1.437169 0.643304 -0.284284
v 1.429094 0.643257 -0.302590
v 1.429094 0.643312 -0.332066
v 1.428839 0.686157 -0.332063
v 1.428839 0.686207 -0.302586
v 1.436913 0.686253 -0.284280
v 1.436914 0.686206 -0.332063
v 1.400315 0.651489 -0.284283
v 1.394824 0.664527 -0.284282
v 1.431793 0.664747 -0.284282
v 1.426456 0.651645 -0.284283
v 1.413418 0.646153 -0.284284
v 1.400160 0.677630 -0.284281
v 1.426301 0.677786 -0.284281
v 1.397650 0.664550 -0.350992
v 1.397559 0.679809 -0.345004
v 1.397740 0.649290 -0.345007
v 1.389485 0.679761 -0.345004
v 1.389666 0.649243 -0.345007
v 1.389575 0.664503 -0.350992
v 1.437132 0.649524 -0.345007
v 1.437041 0.664784 -0.350992
v 1.436950 0.680043 -0.345004
v 1.384964 0.652507 0.136857
v 1.401762 0.635791 0.136860
v 1.399109 0.629340 0.136861
v 1.378525 0.649822 0.136857
v 1.425461 0.635850 0.136861
v 1.428147 0.629412 0.136862
v 1.442176 0.652649 0.136860
v 1.448628 0.649996 0.136861
v 1.442117 0.676348 0.136858
v 1.448556 0.679034 0.136858
v 1.425318 0.693063 0.136855
v 1.427972 0.699515 0.136854
v 1.401620 0.693004 0.136854
v 1.398933 0.699443 0.136854
v 1.384904 0.676206 0.136855
v 1.378452 0.678860 0.136855
v 1.394825 0.664196 0.168884
v 1.400161 0.677299 0.168882
v 1.378451 0.678862 0.168881
v 1.378524 0.649824 0.168884
v 1.413200 0.682791 0.168882
v 1.398933 0.699445 0.168880
v 1.426303 0.677454 0.168882
v 1.427971 0.699518 0.168881
v 1.431795 0.664416 0.168884
v 1.426458 0.651313 0.168885
v 1.448628 0.649999 0.168887
v 1.448555 0.679036 0.168884
v 1.413420 0.645821 0.168886
v 1.428146 0.629414 0.168888
v 1.400317 0.651157 0.168885
v 1.399108 0.629342 0.168887
v 1.389702 0.643078 0.350766
v 1.389703 0.643022 0.303961
v 1.397777 0.643071 0.321892
v 1.397777 0.643126 0.350766
v 1.397522 0.685972 0.350762
v 1.397522 0.686021 0.321888
v 1.389448 0.685971 0.303957
v 1.389448 0.685924 0.350762
v 1.437168 0.643360 0.350766
v 1.429094 0.643312 0.350766
v 1.429094 0.643257 0.321892
v 1.437169 0.643303 0.303961
v 1.428839 0.686158 0.350762
v 1.436913 0.686206 0.350762
v 1.436913 0.686253 0.303957
v 1.428839 0.686207 0.321888
v 1.436950 0.680043 0.363439
v 1.437132 0.649525 0.363442
v 1.400315 0.651489 0.303960
v 1.394823 0.664528 0.303959
v 1.431793 0.664747 0.303959
v 1.426456 0.651645 0.303960
v 1.413418 0.646153 0.303961
v 1.400160 0.677630 0.303958
v 1.413198 0.683122 0.303958
v 1.426301 0.677786 0.303958
v 1.397559 0.679809 0.363439
v 1.397650 0.664550 0.369304
v 1.389485 0.679761 0.363439
v 1.389666 0.649243 0.363442
v 1.389575 0.664503 0.369304
v 1.437041 0.664784 0.369304
v 1.397745 0.735678 -0.162428
v 1.426784 0.735750 -0.162429
v 1.426785 0.735749 -0.146415
v 1.427972 0.699516 -0.146419
v 1.398933 0.699444 -0.146418
v 1.397746 0.735677 -0.146415
v 1.426784 0.735751 0.168878
v 1.397745 0.735679 0.168877
v 1.397746 0.735678 0.152864
v 1.398933 0.699444 0.152867
v 1.420796 0.700771 -0.146417
v 1.405425 0.700733 -0.146417
v 1.404922 0.711167 -0.146416
v 1.420292 0.711204 -0.146416
v 1.405425 0.700734 0.152866
v 1.420796 0.700771 0.152866
v 1.427972 0.699516 0.152868
v 1.420292 0.711205 0.152865
v 1.426785 0.735749 0.152865
v 1.404922 0.711167 0.152865
v 1.450564 0.224853 -0.244550
v 1.503641 0.241684 -0.244550
v 1.499815 0.846363 -0.244551
v 1.450564 0.845302 -0.244551
v 1.499815 0.846363 -0.411239
v 1.503641 0.241683 -0.411238
v 1.450564 0.224853 -0.411238
v 1.450564 0.845302 -0.411239
v 1.526505 0.194094 -0.245388
v 1.492714 0.138020 -0.245196
v 2.503333 0.194094 -0.254851
v 1.492713 0.138020 -0.410592
v 1.526505 0.194094 -0.410400
v 2.503334 0.194094 -0.400935
v 2.617228 0.151983 -0.254852
v 2.617227 0.151983 -0.400935
v 2.616347 0.138017 -0.254852
v 2.616347 0.138017 -0.400935
v 1.459423 0.178424 -0.411077
v 1.509354 0.216853 -0.411028
v 1.509354 0.216853 -0.244760
v 1.459424 0.178424 -0.244712
v 1.450563 0.224853 0.257864
v 1.450564 0.845302 0.257863
v 1.499815 0.846363 0.257864
v 1.503641 0.241684 0.257865
v 1.499815 0.846363 0.424553
v 1.450563 0.845302 0.424551
v 1.450563 0.224853 0.424552
v 1.503641 0.241684 0.424553
v 1.526504 0.194095 0.258703
v 2.503331 0.194094 0.268168
v 1.492713 0.138020 0.258510
v 1.492713 0.138020 0.423905
v 2.616344 0.138017 0.414250
v 2.617226 0.151983 0.414251
v 2.503331 0.194094 0.414252
v 2.617226 0.151983 0.268167
v 1.459423 0.178424 0.424391
v 1.509353 0.216853 0.424344
v 1.509353 0.216853 0.258075
v 1.459423 0.178424 0.258026
v 1.526504 0.194095 0.423715
v 2.616344 0.138017 0.268167
v 1.450564 0.724082 -0.299057
v 1.442680 0.724082 -0.299057
v 1.442680 0.703689 -0.299057
v 1.450564 0.597653 -0.299057
v 1.442680 0.617480 -0.299057
v 1.442681 0.617480 -0.356731
v 1.450564 0.597653 -0.356731
v 1.450564 0.724082 0.370045
v 1.442681 0.724082 0.370045
v 1.442681 0.703689 0.370045
v 1.442680 0.625765 -0.299057
v 1.403822 0.625856 -0.299057
v 1.403822 0.617753 -0.299057
v 1.403822 0.617753 -0.356732
v 1.403822 0.625856 -0.356732
v 1.442681 0.625765 -0.356731
v 1.442681 0.625765 0.370045
v 1.403822 0.625856 0.370045
v 1.403822 0.617753 0.370045
v 1.442681 0.617643 0.370045
v 1.442681 0.695586 0.312370
v 1.403822 0.695677 0.312370
v 1.403822 0.703774 0.312370
v 1.442681 0.703689 0.312370
v 1.403822 0.703774 0.370045
v 1.403822 0.695677 0.370045
v 1.442681 0.695586 0.370045
v 1.435172 0.625783 -0.306176
v 1.406226 0.625838 -0.306176
v 1.406226 0.625838 -0.349613
v 1.435172 0.625783 -0.349613
v 1.442681 0.695586 -0.356732
v 1.435172 0.695604 -0.349613
v 1.406226 0.695659 -0.349613
v 1.403822 0.695677 -0.356732
v 1.403822 0.695677 -0.299057
v 1.406226 0.695659 -0.306176
v 1.435172 0.695604 -0.306176
v 1.442680 0.695586 -0.299057
v 1.435172 0.625783 0.362926
v 1.406226 0.625838 0.362926
v 1.403822 0.625856 0.312371
v 1.406226 0.625838 0.319490
v 1.435172 0.625783 0.319490
v 1.442681 0.625765 0.312371
v 1.435172 0.695604 0.319489
v 1.406226 0.695659 0.319489
v 1.406226 0.695659 0.362926
v 1.435172 0.695604 0.362926
v 1.450564 0.724082 -0.356732
v 1.442681 0.703689 -0.356732
v 1.442681 0.724082 -0.356732
v 1.450564 0.597653 0.312371
v 1.442681 0.617643 0.312371
v 1.450564 0.724082 0.312370
v 1.442681 0.724082 0.312370
v 1.450564 0.597653 0.370045
v 1.185650 2.304504 0.339857
v 1.108327 1.973076 0.190410
v 1.327790 0.038603 -0.337138
v 1.327793 0.038603 -0.411172
v 1.247693 2.293903 -0.380029
v 1.289752 2.281753 -0.380029
v 1.247693 2.166671 -0.380030
v 1.205633 2.178820 -0.380030
v 1.179641 2.210628 -0.380030
v 1.179641 2.210628 -0.331467
v 1.205633 2.178820 -0.331467
v 1.247692 2.166671 -0.331467
v 1.247699 2.280766 -0.234130
v 1.281075 2.271125 -0.234130
v 1.301845 2.245885 -0.234130
v 1.281075 2.189448 -0.186196
v 1.301846 2.214688 -0.186196
v 1.193701 2.245885 -0.186196
v 1.247699 2.179807 -0.234130
v 1.214325 2.189448 -0.234130
v 1.193701 2.214688 -0.234130
v 1.281075 2.189448 -0.234131
v 1.193701 2.214688 -0.186196
v 1.214325 2.189448 -0.186196
v 1.247699 2.179807 -0.186196
v 1.315929 2.249945 0.345116
v 1.315929 2.210628 0.345116
v 1.205633 2.178820 0.345116
v 1.179640 2.210628 0.345116
v 1.289752 2.178820 0.345116
v 1.247693 2.166671 0.345116
v 1.214327 2.189448 0.239620
v 1.301847 2.214688 0.239620
v 1.301847 2.245885 0.239620
v 1.301847 2.214688 0.193871
v 1.281075 2.189448 0.193871
v 1.247701 2.179807 0.193871
v 1.247701 2.179807 0.239620
v 1.281075 2.189448 0.239620
v 1.176940 2.304504 -0.281537
v 1.315213 2.267941 -0.240486
v 1.315213 2.267941 -0.251054
v -1.185213 0.259089 -0.639477
v -1.177421 0.308281 -0.639477
v -1.089577 0.279738 -0.640015
v -1.092848 0.259089 -0.640015
v -1.154810 0.352657 -0.639477
v -1.080086 0.298367 -0.640015
v -1.119593 0.387875 -0.639477
v -1.065302 0.313150 -0.640015
v -1.075216 0.410486 -0.639477
v -1.046674 0.322641 -0.640015
v -1.026025 0.418277 -0.639477
v -1.026025 0.325912 -0.640015
v -0.976833 0.410486 -0.639477
v -1.005375 0.322641 -0.640015
v -0.932456 0.387875 -0.639477
v -0.986747 0.313150 -0.640015
v -0.897239 0.352657 -0.639477
v -0.971964 0.298367 -0.640015
v -0.874628 0.308281 -0.639477
v -0.962472 0.279738 -0.640015
v -0.866837 0.259089 -0.639477
v -0.959202 0.259089 -0.640015
v -0.874628 0.209897 -0.639477
v -0.962472 0.238440 -0.640015
v -0.897239 0.165521 -0.639477
v -0.971964 0.219812 -0.640015
v -0.932456 0.130303 -0.639477
v -0.986747 0.205028 -0.640015
v -0.976833 0.107692 -0.639477
v -1.005375 0.195537 -0.640015
v -1.026025 0.099901 -0.639477
v -1.026025 0.192266 -0.640015
v -1.075217 0.107693 -0.639477
v -1.046674 0.195537 -0.640015
v -1.119593 0.130304 -0.639477
v -1.065302 0.205028 -0.640015
v -1.154810 0.165521 -0.639477
v -1.080086 0.219812 -0.640015
v -1.177421 0.209898 -0.639477
v -1.089577 0.238440 -0.640015
v -0.974776 0.275741 -0.710394
v -0.972139 0.259089 -0.710434
v -0.974776 0.242437 -0.710394
v -0.741050 0.958758 -0.693132
v -0.713438 0.794560 -0.693114
v -0.721169 0.789782 -0.695171
v -0.863135 0.788255 -0.691343
v -0.870089 0.796298 -0.691184
v -0.844743 0.958259 -0.693086
v -0.833402 0.968011 -0.693207
v -0.752509 0.968403 -0.693167
v -0.835408 0.973647 -0.676365
v -0.750360 0.974060 -0.676358
v -0.751996 0.969544 -0.676350
v -0.833727 0.969148 -0.676384
v -0.735724 0.961741 -0.676352
v -0.739895 0.959359 -0.676322
v -0.707138 0.791751 -0.676322
v -0.712088 0.793998 -0.676334
v -0.719436 0.784150 -0.678352
v -0.720734 0.788644 -0.678378
v -0.865593 0.782577 -0.674511
v -0.863551 0.787107 -0.674524
v -0.875975 0.794582 -0.674320
v -0.871198 0.795950 -0.674357
v -0.849902 0.961185 -0.676222
v -0.845705 0.958849 -0.676259
v -0.750047 0.975204 -0.687500
v -0.705987 0.791190 -0.687500
v -0.719203 0.783014 -0.689517
v -0.866210 0.781433 -0.685649
v -0.877283 0.794238 -0.685452
v -0.796754 1.273589 -0.572801
v -0.781454 1.273589 -0.565215
v -0.774926 1.273548 -0.567396
v -0.798926 1.273601 -0.579332
v -0.789077 1.273589 -0.549977
v -0.786874 1.273577 -0.543457
v -0.804377 1.273589 -0.557563
v -0.810901 1.273621 -0.555372
v -0.881161 1.547716 -0.623937
v -0.873758 1.547716 -0.628944
v -0.870290 1.547716 -0.627258
v -0.880886 1.547716 -0.620090
v -0.874394 1.547716 -0.637859
v -0.871200 1.547716 -0.640020
v -0.882706 1.547716 -0.645612
v -0.894826 1.531733 -0.650547
v -0.903761 1.531733 -0.632163
v -0.903965 1.501342 -0.632262
v -0.895030 1.501342 -0.650647
v -0.907127 1.533988 -0.633799
v -0.907127 1.499208 -0.633799
v -0.892952 1.498913 -0.649636
v -0.901887 1.498913 -0.631252
v -0.904463 1.495476 -0.632504
v -0.901887 1.534284 -0.631252
v -0.904463 1.537721 -0.632504
v -0.892952 1.534284 -0.649636
v -0.978265 1.387538 0.535831
v -1.040319 1.341512 0.535831
v -1.070670 1.341512 0.535831
v -1.075065 1.345793 0.526749
v -1.075065 1.339176 0.532869
v -1.075065 1.422311 0.532869
v -1.075065 1.422311 0.526749
v -0.916267 1.496136 0.671265
v -0.916464 1.358440 0.671380
v -0.926755 1.358440 0.653719
v -0.926559 1.496136 0.653604
v -0.929793 1.498391 0.655489
v -0.929793 1.356307 0.655489
v -0.914467 1.356011 0.670216
v -0.924759 1.356011 0.652555
v -0.927234 1.352574 0.653998
v -0.927234 1.502124 0.653998
v -0.924759 1.498687 0.652555
v -0.914467 1.498687 0.670216
v -0.919501 1.356307 0.673150
v -0.916942 1.352574 0.671659
v -0.919501 1.498391 0.673150
v -0.916942 1.502124 0.671659
v -1.100551 1.425954 -0.070420
v -1.100551 1.426309 -0.040052
v -1.108153 1.426221 -0.050333
v -1.108153 1.426043 -0.060140
v -1.123319 1.426309 -0.040052
v -1.123319 1.425954 -0.070420
v -1.116676 1.426043 -0.060140
v -1.116676 1.426221 -0.050333
v -1.108154 1.390802 -0.059946
v -1.108153 1.390980 -0.050140
v -1.103634 1.391000 -0.045205
v -1.103593 1.390782 -0.064836
v -1.116676 1.390980 -0.050140
v -1.116676 1.390802 -0.059946
v -1.121236 1.390782 -0.064836
v -1.121196 1.391000 -0.045205
v -1.121236 1.350356 -0.045055
v -1.121196 1.350138 -0.064687
v -1.103634 1.350138 -0.064687
v -1.103593 1.350356 -0.045055
v -0.847033 1.602967 -0.418304
v -0.847033 1.602967 -0.504545
v -0.852654 1.592224 -0.504545
v -0.852654 1.592224 -0.418304
v -1.002434 1.333805 -0.504545
v -1.002434 1.333805 -0.418304
v -0.995940 1.344044 -0.418304
v -0.995940 1.344044 -0.504545
v -0.781010 1.468134 -0.418304
v -0.781010 1.468134 -0.504545
v -0.769333 1.468386 -0.504545
v -0.769333 1.468386 -0.418304
v -1.067584 1.468134 -0.504545
v -1.067584 1.468134 -0.418304
v -1.080135 1.468386 -0.418304
v -1.080135 1.468386 -0.504545
v -0.987063 1.485825 -0.432552
v -0.999868 1.499187 -0.432552
v -0.993466 1.492505 -0.427139
v -0.987063 1.485825 -0.443241
v -0.993466 1.492505 -0.448654
v -0.999868 1.499187 -0.443241
v -1.003474 1.482916 -0.427139
v -1.009919 1.489642 -0.432518
v -1.012075 1.491891 -0.430719
v -1.003474 1.482916 -0.452251
v -1.012075 1.491891 -0.445074
v -1.009919 1.489642 -0.443275
v -1.003474 1.482916 -0.448654
v -0.997028 1.476189 -0.443275
v -0.994873 1.473940 -0.445074
v -1.003474 1.482916 -0.423542
v -0.994873 1.473940 -0.430719
v -0.997028 1.476189 -0.432518
v -1.047689 1.457763 -0.430719
v -1.039088 1.448787 -0.423542
v -1.039088 1.448787 -0.411015
v -1.055195 1.465596 -0.424456
v -1.022981 1.431978 -0.424456
v -1.030487 1.439811 -0.430719
v -1.030487 1.439811 -0.445074
v -1.022981 1.431978 -0.451338
v -1.047689 1.457763 -0.445074
v -1.028400 1.459029 -0.423542
v -1.037001 1.468005 -0.430719
v -1.044507 1.475838 -0.424456
v -1.037001 1.468005 -0.445074
v -1.044507 1.475838 -0.451338
v -1.028400 1.459029 -0.464779
v -1.028400 1.459029 -0.452251
v -1.019799 1.450054 -0.445074
v -1.012293 1.442220 -0.451338
v -1.019799 1.450054 -0.430719
v -1.012293 1.442220 -0.424456
v -0.982060 1.474151 -0.479255
v -0.996352 1.478309 -0.479255
v -1.007788 1.490242 -0.479255
v -0.899292 1.577903 -0.398708
v -0.890403 1.583080 -0.391443
v -0.889167 1.579713 -0.393208
v -0.895896 1.575794 -0.398708
v -0.878534 1.580138 -0.388434
v -0.880181 1.577486 -0.390930
v -0.870638 1.570801 -0.391443
v -0.871339 1.560539 -0.398708
v -0.874735 1.562648 -0.398708
v -0.874203 1.570417 -0.393208
v -0.880228 1.555363 -0.405972
v -0.881464 1.558730 -0.404207
v -0.890449 1.560957 -0.406485
v -0.899993 1.567641 -0.405972
v -0.889412 1.586524 -0.394194
v -0.899046 1.580913 -0.402068
v -0.894478 1.578076 -0.402068
v -0.887749 1.581995 -0.396568
v -0.895010 1.570307 -0.407568
v -0.899807 1.569791 -0.409942
v -0.891248 1.559671 -0.413203
v -0.889032 1.563239 -0.409846
v -0.873317 1.564930 -0.402068
v -0.880046 1.561012 -0.407568
v -0.878384 1.556483 -0.409942
v -0.868750 1.562093 -0.402068
v -0.867989 1.573216 -0.394194
v -0.872786 1.572699 -0.396569
v -0.876548 1.583335 -0.390933
v -0.878764 1.579768 -0.394290
v -0.861212 1.574227 -0.419937
v -0.860451 1.585350 -0.412063
v -0.856674 1.583887 -0.411435
v -0.856639 1.572993 -0.418559
v -0.861092 1.584791 -0.411430
v -0.861853 1.573668 -0.419304
v -0.856959 1.572665 -0.418084
v -0.857315 1.583328 -0.410802
v -1.064668 1.441274 -0.445074
v -1.056067 1.432299 -0.452251
v -1.056067 1.432299 -0.423542
v -1.064668 1.441274 -0.430719
v -1.006716 1.520569 -0.479255
v -0.966008 1.478087 -0.479255
v -0.971650 0.220594 0.630909
v -1.005061 0.196319 0.630909
v -0.977341 0.111006 0.630909
v -1.025711 0.193049 0.630909
v -1.025711 0.103345 0.630909
v -1.046360 0.196319 0.630909
v -1.074080 0.111006 0.630909
v -1.064988 0.205811 0.630909
v 1.247692 2.293903 -0.331467
v 1.205633 2.281753 -0.331467
v 1.315929 2.249945 -0.331467
v 1.179641 2.249945 -0.331467
v 1.315929 2.210628 -0.331467
v 1.289752 2.178820 -0.331467
v 1.289752 2.281753 -0.331467
v 1.281075 2.271125 0.239620
v 1.193701 2.214688 0.239620
v 1.176940 2.268954 -0.281536
v 1.152219 2.256444 -0.281536
v 1.167404 2.256444 -0.281537
v 1.406133 0.381644 -0.391062
v 1.406133 0.435333 -0.391062
v 1.064853 0.708240 -0.151624
v 1.078708 0.732237 -0.151624
v 1.142489 0.778297 -0.151624
v 1.037143 0.708240 -0.151624
v 1.141752 0.672418 -0.151624
v 0.766385 0.622741 -0.151624
v 1.023289 0.732237 -0.151624
v 0.766385 0.742375 -0.151624
v 1.037143 0.756234 -0.151624
v 1.127267 0.792055 -0.151624
v 1.064853 0.756234 -0.151624
v 1.019045 1.939992 -0.390354
v 1.108327 1.939993 0.190410
v 1.108327 1.939992 -0.375291
v 1.118646 1.939992 -0.408953
v 1.248218 1.939992 -0.410533
v 1.108327 1.939992 -0.250673
v 1.108326 1.939992 0.258949
v 1.108327 1.939992 0.386508
v 1.118645 1.939992 0.420170
v 1.248217 1.939992 0.421750
v 1.218442 1.939992 0.459301
v 1.214325 2.271125 -0.186196
v 1.301846 2.245885 -0.186196
v 1.247699 2.280766 -0.186196
v 1.281075 2.271125 -0.186196
v 1.247693 2.166671 0.393679
v 1.289752 2.178820 0.393679
v 1.315929 2.210628 0.393679
v 1.205633 2.178820 0.393679
v 1.315929 2.249945 0.393679
v 1.179640 2.210628 0.393679
v 1.289752 2.281752 0.393679
v 1.179640 2.249945 0.393679
v 1.247693 2.293902 0.393679
v 1.205633 2.281752 0.393679
v -1.123318 1.443975 -0.083054
v -1.123319 1.467860 -0.089124
v -1.123319 1.467916 -0.095057
v -1.123319 1.556825 -0.089124
v -1.123319 1.556797 -0.095056
v -1.123318 1.447335 -0.026424
v -1.123319 1.431068 -0.041992
v -1.123319 1.430833 -0.068841
v -1.123319 1.442469 -0.087654
v -1.034061 1.376031 -0.504545
v -1.058942 1.419127 -0.504545
v -1.070763 1.415236 -0.504545
v -1.043777 1.368497 -0.504545
v -1.034061 1.376031 -0.378124
v -0.899416 1.609244 -0.378124
v -0.852654 1.592224 -0.378124
v -1.058942 1.419127 -0.378124
v -0.949179 1.609244 -0.378124
v -1.067584 1.468134 -0.378124
v -0.995940 1.592224 -0.378124
v -0.995940 1.344044 -0.378124
v -0.814533 1.560237 -0.378124
v -0.949178 1.327024 -0.378124
v -0.789652 1.517141 -0.378124
v -0.899416 1.327024 -0.378124
v -0.781010 1.468134 -0.378124
v -0.852654 1.344044 -0.378124
v -0.789652 1.419127 -0.378124
v -0.814533 1.376031 -0.378124
v -1.039088 1.448787 -0.452251
v -1.039088 1.448787 -0.464779
v -1.055195 1.465596 -0.451338
v 1.142750 2.290268 0.281365
v 1.427795 0.198079 -0.552046
v 1.449969 0.167369 -0.552046
v 1.449969 0.122882 -0.552046
v 1.352846 0.739718 0.594864
v 1.406133 0.435333 -0.274187
v 1.406133 0.381644 -0.274187
v -0.997746 1.290130 0.535831
v -1.093400 1.386808 0.535831
v -1.106790 1.363184 0.535831
v -1.112189 1.340525 0.535831
v -1.070670 1.311161 0.535831
v -1.107351 1.315395 0.535831
v -1.093681 1.290099 0.535831
v -1.040319 1.311161 0.535831
v -0.853600 1.290177 0.535831
v -0.871317 1.387538 0.535831
v -0.952702 1.475950 0.535831
v -0.894956 1.476115 0.535831
v -0.906666 1.483940 0.535831
v -0.941182 1.483882 0.535831
v -0.923975 1.487069 0.535831
v -0.806576 1.311161 0.535831
v -0.806576 1.341512 0.535831
v -0.776225 1.311161 0.535831
v -0.758818 1.386810 0.535831
v -0.758517 1.290208 0.535831
v -0.776225 1.341512 0.535831
v -0.744690 1.315429 0.535831
v -0.744795 1.363188 0.535831
v -0.739412 1.340525 0.535831
v 1.135915 0.723622 -0.687500
v 1.135915 0.723622 -0.447349
v 0.640510 1.071381 -0.598368
v 0.640510 1.071381 -0.575284
v 0.636829 1.040393 -0.598368
v 0.636829 1.040393 -0.575284
v 0.627557 1.007748 -0.598368
v 0.627557 1.007748 -0.575284
v 0.612769 0.983758 -0.598368
v 0.612769 0.983758 -0.575284
v -0.719383 0.973942 -0.569156
v 0.186628 2.235747 -0.427646
v -0.218929 2.235747 -0.427646
v -0.218929 2.235747 -0.448270
v 0.186628 2.235747 -0.448270
v 0.186628 2.252894 -0.427646
v 0.186628 2.252894 -0.448270
v -0.218929 2.252894 -0.448270
v -0.218929 2.252894 -0.427646
v 0.186628 2.235747 -0.268996
v -0.218928 2.235747 -0.268996
v -0.218928 2.235747 -0.289620
v 0.186628 2.235747 -0.289620
v 0.186628 2.252894 -0.268996
v 0.186628 2.252894 -0.289620
v -0.218928 2.252894 -0.289620
v -0.218928 2.252894 -0.268996
v 0.186628 2.235747 -0.111468
v -0.218928 2.235747 -0.111468
v -0.218928 2.235747 -0.132093
v 0.186628 2.235747 -0.132093
v 0.186628 2.252894 -0.111468
v 0.186628 2.252894 -0.132093
v -0.218928 2.252894 -0.132093
v -0.218928 2.252894 -0.111468
v -0.552791 2.232122 -0.601941
v -0.552791 2.232122 0.601941
v -0.576928 2.232122 0.601941
v -0.576928 2.232122 -0.601941
v -0.552791 2.256520 -0.601941
v -0.576928 2.256520 -0.601941
v -0.576928 2.256520 0.601941
v -0.552791 2.256520 0.601941
v -0.391190 2.232122 -0.601941
v -0.391190 2.232122 0.601941
v -0.415326 2.232122 0.601941
v -0.415326 2.232122 -0.601941
v -0.391190 2.256520 -0.601941
v -0.415326 2.256520 -0.601941
v -0.415326 2.256520 0.601941
v -0.391190 2.256520 0.601941
v -0.205686 2.232122 -0.601941
v -0.205686 2.232122 0.601941
v -0.229823 2.232122 0.601941
v -0.229823 2.232122 -0.601941
v -0.205686 2.256520 -0.601941
v -0.229823 2.256520 -0.601941
v -0.229823 2.256520 0.601941
v -0.205686 2.256520 0.601941
v 0.207711 2.232122 -0.571493
v 0.207711 2.232122 0.571493
v 0.183574 2.232122 0.571493
v 0.183574 2.232122 -0.571493
v 0.207711 2.256520 -0.571493
v 0.183574 2.256520 -0.571493
v 0.183574 2.256520 0.571493
v 0.207711 2.256520 0.571493
v -0.729742 2.224948 -0.594336
v 0.245965 2.224948 -0.594336
v 0.245965 2.224948 -0.569959
v -0.729742 2.224948 -0.569959
v -0.729742 2.263693 -0.594336
v -0.729742 2.263693 -0.569959
v 0.245965 2.263693 -0.569959
v 0.245965 2.263693 -0.594336
v -1.495505 0.597369 -0.349831
v -1.404348 0.597369 -0.510000
v -1.404348 0.521276 -0.510000
v -1.495505 0.521276 -0.349831
v -1.446853 0.597369 -0.517817
v -1.446853 0.521276 -0.517817
v -1.538010 0.521276 -0.357648
v -1.538010 0.597369 -0.357648
v -1.449642 0.287401 0.343625
v -1.449642 0.287401 -0.343624
v -0.620060 0.287401 -0.343624
v -0.620060 0.287401 0.343625
v 0.463324 1.884904 -0.786658
v 0.463324 2.103695 -0.786658
v 0.463324 2.103695 -0.659031
v 0.463324 1.884904 -0.659031
v 0.457370 1.876321 -0.666822
v 0.457370 1.876321 -0.778868
v -0.107185 1.075960 0.250611
v -0.107185 1.075960 -0.250611
v -0.565533 1.076387 -0.229616
v -0.565533 1.076387 0.229616
v -0.611144 1.076401 0.252825
v -0.611144 1.076401 -0.252825
v -0.169749 1.118420 -0.243290
v -0.131763 1.118397 -0.214795
v -0.153124 1.075974 -0.229616
v -0.153124 1.075974 0.229616
v 0.391169 0.787070 -0.108196
v 0.391169 0.787070 -0.182601
v 0.542337 0.914786 -0.182601
v 0.542337 0.914786 -0.108196
v -1.660610 0.336646 0.000000
v -1.634133 0.337589 -0.122992
v -1.596473 0.337589 -0.122992
v -1.603997 0.336646 0.000000
v -1.634133 0.254427 -0.122992
v -1.660610 0.253485 0.000000
v -1.603997 0.253485 0.000000
v -1.596473 0.254427 -0.122992
v -1.446216 0.597369 -0.343624
v -1.446216 0.597369 0.343625
v -0.842931 0.568819 -0.687344
v -0.774384 0.529543 -0.687500
v -0.930367 0.597369 -0.687001
v -0.729898 0.490987 -0.687500
v -0.679686 0.429909 -0.681598
v -0.642140 0.364058 -0.670401
v -0.617999 0.289571 -0.669890
v 0.280809 0.139149 -0.687500
v -0.606927 0.139149 -0.687500
v 0.283077 0.340653 -0.687500
v 0.306729 0.449635 -0.687500
v 0.234640 0.503649 -0.687500
v 0.365348 0.549188 -0.687500
v 0.447410 0.633546 -0.687500
v 0.544078 0.700685 -0.687500
v 0.652014 0.747047 -0.687500
v 1.135915 0.723622 0.447349
v 1.135915 0.723622 0.687500
v 0.640510 1.071381 0.575285
v 0.640510 1.071381 0.598368
v 0.636829 1.040393 0.575285
v 0.636829 1.040393 0.598368
v 0.627557 1.007748 0.575284
v 0.627557 1.007748 0.598368
v 0.612769 0.983758 0.575284
v 0.612769 0.983758 0.598368
v 0.668708 1.216038 0.602183
v -0.719383 0.973942 0.569157
v 0.186628 2.235747 0.427646
v 0.186628 2.235747 0.448271
v -0.218929 2.235747 0.448271
v -0.218929 2.235747 0.427646
v 0.186628 2.252894 0.427646
v -0.218929 2.252894 0.427646
v -0.218929 2.252894 0.448271
v 0.186628 2.252894 0.448271
v 0.186628 2.235747 0.268996
v 0.186628 2.235747 0.289621
v -0.218928 2.235747 0.289621
v -0.218928 2.235747 0.268996
v 0.186628 2.252894 0.268996
v -0.218928 2.252894 0.268996
v -0.218928 2.252894 0.289621
v 0.186628 2.252894 0.289621
v 0.186628 2.235747 0.111468
v 0.186628 2.235747 0.132093
v -0.218928 2.235747 0.132093
v -0.218928 2.235747 0.111468
v 0.186628 2.252894 0.111468
v -0.218928 2.252894 0.111468
v -0.218928 2.252894 0.132093
v 0.186628 2.252894 0.132093
v -0.729742 2.224948 0.594337
v -0.729742 2.224948 0.569959
v 0.245965 2.224948 0.569959
v 0.245965 2.224948 0.594337
v -0.729742 2.263693 0.594337
v 0.245965 2.263693 0.594337
v 0.245965 2.263693 0.569959
v -0.729742 2.263693 0.569959
v -1.495505 0.597369 0.349831
v -1.495505 0.521276 0.349831
v -1.404348 0.521276 0.510000
v -1.404348 0.597369 0.510000
v -1.446853 0.597369 0.517817
v -1.446853 0.521276 0.517817
v -1.538010 0.521276 0.357648
v -1.538010 0.597369 0.357648
v -0.986433 0.313932 0.630909
v -0.933706 0.386505 0.630909
v -0.971650 0.299149 0.630909
v -0.899078 0.351876 0.630909
v -0.962158 0.280521 0.630909
v -0.876845 0.308241 0.630909
v -0.958888 0.259872 0.630909
v -0.869184 0.259872 0.630909
v -0.962158 0.239222 0.630909
v -0.876845 0.211502 0.630909
v -0.169749 1.118420 0.243290
v -0.131763 1.118397 0.214795
v 0.415803 0.811217 0.182601
v 0.415803 0.811217 0.108196
v 0.513424 0.931567 0.182601
v 0.504465 0.937840 0.108196
v 0.504465 0.937840 0.182601
v -1.596473 0.337589 0.122992
v -1.634133 0.337589 0.122992
v -1.634133 0.254427 0.122992
v -1.596473 0.254427 0.122992
v 1.178019 2.069636 0.205447
v 1.154618 2.069636 0.205326
v 1.177851 2.069636 0.230793
v 1.154450 2.069636 0.230673
v 1.178019 2.069636 -0.221509
v 1.154618 2.069636 -0.221629
v 1.177851 2.069636 -0.196162
v 1.154450 2.069636 -0.196282
v 1.179641 2.249945 -0.380030
v 1.289752 2.178820 -0.380030
v 1.258524 1.843766 0.297754
v 1.258524 1.843766 -0.289178
v 1.228158 1.843766 -0.289178
v 1.228158 1.843766 0.297754
v 1.258524 1.754674 0.297754
v 1.228158 1.754674 0.297754
v 1.228158 1.754674 -0.289178
v 1.258524 1.754674 -0.289178
v 1.183530 2.317574 -0.251724
v 1.183530 0.059356 -0.264825
v 1.194749 0.059356 -0.264825
v 1.194750 2.317574 -0.251724
v 1.303151 0.059356 -0.284537
v 1.303151 0.059356 -0.252017
v 1.303152 2.317574 -0.251724
v 1.303152 2.317574 -0.284537
v 1.314100 2.317574 -0.326632
v 1.314100 0.059356 -0.326632
v 1.183530 0.059356 -0.326632
v 1.183531 2.317574 -0.326632
v 1.183530 2.317574 0.260301
v 1.194750 2.317574 -0.284537
v 1.194750 0.059356 -0.284537
v 1.314100 2.317574 -0.251724
v 1.314100 0.059356 -0.251724
v 1.212235 0.061082 0.346656
v 1.212235 0.061082 -0.337139
v 1.212235 0.038603 -0.337138
v 1.248217 2.295897 -0.412912
v 1.248217 2.295897 0.419306
v 1.130583 2.295897 0.417695
v 1.108326 1.973076 0.258949
v 1.195317 1.939992 -0.250673
v 1.195315 1.973076 0.258949
v 1.195315 1.939993 0.258949
v 1.195316 1.939993 0.190410
v 1.195316 1.973076 0.190410
v 1.291779 2.200878 -0.240487
v 1.291780 2.200878 -0.251054
v 1.176938 2.304504 0.286622
v 1.176938 2.304504 0.307129
v 1.176938 2.268947 0.307128
v 1.176938 2.268947 0.286622
v 1.142682 2.304504 0.307129
v 1.142682 2.304504 0.286622
v 1.142681 2.268947 0.286622
v 1.142681 2.268947 0.307129
v 1.176940 2.304504 -0.301024
v 1.176940 2.268947 -0.301024
v 1.114695 1.765097 -0.426758
v 1.114695 1.834497 -0.426757
v 1.136304 1.770243 -0.313359
v 1.158743 1.770245 -0.330666
v 1.184619 2.143323 0.271531
v 1.181159 2.143322 0.274992
v 1.114695 1.834497 0.433271
v 1.114695 1.765097 0.433271
v 1.136304 1.770243 0.319872
v 1.158743 1.770245 0.337179
v 1.158742 1.829355 0.257685
v 1.136301 1.829352 0.274992
v 1.483398 0.186458 0.598214
v 1.401120 0.186458 0.598214
v 1.401120 0.186350 0.579976
v 1.483399 0.186350 0.579976
v 1.483399 0.186459 -0.584773
v 1.483399 0.186350 -0.566535
v 1.401120 0.186350 -0.566535
v 1.401120 0.186459 -0.584772
v 1.406145 0.958245 -0.423264
v 1.406145 1.478947 -0.423264
v 1.458884 1.478947 -0.423264
v 1.458884 0.937531 -0.423264
v 1.458884 1.478947 -0.414627
v 1.406145 1.478947 -0.414627
v 1.406145 0.958245 -0.414627
v 1.458884 0.937531 -0.414627
v 1.406145 0.958245 -0.262475
v 1.406145 1.478947 -0.262475
v 1.458884 1.478947 -0.262475
v 1.458884 0.937531 -0.262475
v 1.458884 1.478947 -0.253839
v 1.406145 1.478947 -0.253839
v 1.406145 0.958245 -0.253838
v 1.458884 0.937531 -0.253838
v 1.406145 0.958245 -0.101686
v 1.406145 1.478947 -0.101687
v 1.458884 1.478947 -0.101687
v 1.458884 0.937531 -0.101686
v 1.458884 1.478947 -0.093050
v 1.406145 1.478947 -0.093050
v 1.406145 0.958245 -0.093050
v 1.458884 0.937531 -0.093050
v 1.406145 0.958245 0.088531
v 1.406145 1.478947 0.088531
v 1.458884 1.478947 0.088531
v 1.458884 0.937531 0.088531
v 1.458884 1.478947 0.097167
v 1.406145 1.478947 0.097168
v 1.406145 0.958245 0.097168
v 1.458884 0.937531 0.097168
v 1.406145 0.958245 0.249320
v 1.406144 1.478947 0.249320
v 1.458883 1.478947 0.249320
v 1.458884 0.937531 0.249320
v 1.458883 1.478947 0.257956
v 1.406144 1.478947 0.257956
v 1.406145 0.958245 0.257956
v 1.458884 0.937531 0.257956
v 1.406145 0.958245 0.410108
v 1.406145 1.478948 0.410109
v 1.458884 1.478948 0.410109
v 1.458884 0.937531 0.410108
v 1.458884 1.478947 0.418745
v 1.406145 1.478947 0.418745
v 1.406145 0.958245 0.418745
v 1.458884 0.937531 0.418745
v 1.403032 0.954161 0.580084
v 1.403031 0.954161 -0.568613
v 1.473653 0.929904 -0.568613
v 1.473654 0.929904 0.580084
v 1.473653 0.936105 -0.568613
v 1.403031 0.960363 -0.568613
v 1.403032 0.960363 0.580084
v 1.473653 0.936105 0.580084
v 1.449969 0.122882 0.573497
v 1.405621 0.122882 0.573497
v 1.405621 0.198079 0.573497
v 1.427795 0.198079 0.573497
v 1.449968 0.167369 0.573497
v 1.427795 0.167369 0.573497
v 1.386425 0.781329 -0.559547
v 1.342185 0.777134 -0.583430
v 1.342184 0.777134 0.594864
v 1.260176 0.700064 0.451210
v 1.260176 0.700064 0.417595
v 1.224455 0.755564 0.417595
v 1.224455 0.755564 0.451210
v 1.087775 0.874655 0.368241
v 1.088019 0.774834 0.368241
v 1.088019 0.774834 0.401857
v 1.087775 0.874655 0.401857
v 1.231032 0.743973 0.417595
v 1.231031 0.743973 0.451210
v 1.011995 0.864664 0.358947
v 1.018113 0.855037 0.386482
v 1.260176 0.700064 -0.445003
v 1.260176 0.700064 -0.411388
v 1.224455 0.755564 -0.411388
v 1.224455 0.755564 -0.445003
v 1.087775 0.874655 -0.362034
v 1.087775 0.874655 -0.395649
v 1.088019 0.774834 -0.395649
v 1.088019 0.774834 -0.362034
v 1.231031 0.743973 -0.411388
v 1.231031 0.743973 -0.445003
v 1.011995 0.864664 -0.352740
v 1.018114 0.855037 -0.380275
v 1.429057 0.649477 0.363441
v 1.428966 0.664736 0.369304
v 1.428876 0.679996 0.363439
v 1.403822 0.703773 -0.299057
v 1.403822 0.703773 -0.356732
v 1.403822 0.617753 0.312371
v 1.314956 0.617955 -0.233885
v 1.314955 2.211289 -0.233885
v 1.314956 2.211289 -0.183603
v 1.314955 0.617955 -0.183603
v 1.157077 2.109752 -0.183604
v 1.157077 2.211289 -0.183603
v 1.157077 2.211289 -0.233886
v 1.157077 2.109752 -0.233887
v 1.300099 0.617955 -0.233885
v 1.300099 0.617955 -0.183603
v 1.172039 2.109752 -0.183604
v 1.172038 2.109752 -0.233886
v 1.314955 0.617955 0.243325
v 1.314955 0.617955 0.193043
v 1.314956 2.211289 0.193042
v 1.314955 2.211289 0.243323
v 1.159380 2.109753 0.193042
v 1.159381 2.109753 0.243324
v 1.159381 2.211289 0.243324
v 1.159380 2.211289 0.193042
v 1.300099 0.617955 0.243325
v 1.300099 0.617955 0.193043
v 1.172038 2.109753 0.193042
v 1.172038 2.109753 0.243324
v -1.059348 1.439403 -0.429092
v -1.052283 1.429629 -0.417080
v -1.044044 1.420821 -0.429092
v -1.051110 1.430595 -0.441105
v -0.898049 1.587219 -0.640750
v -0.896764 1.587219 -0.622725
v -0.896764 1.589105 -0.622725
v -0.898049 1.589105 -0.640750
v -0.880511 1.587219 -0.614825
v -0.880511 1.589105 -0.614825
v -0.865543 1.587219 -0.624951
v -0.865543 1.589105 -0.624951
v -0.866828 1.587219 -0.642977
v -0.866828 1.589105 -0.642977
v -0.883082 1.587219 -0.650876
v -0.883082 1.589105 -0.650876
v -0.880957 1.495476 -0.621079
v -0.880957 1.498913 -0.621079
v -0.871182 1.495476 -0.627692
v -0.871182 1.498913 -0.627692
v -0.872022 1.495476 -0.639464
v -0.872022 1.498913 -0.639464
v -0.880957 1.534284 -0.621079
v -0.880957 1.537721 -0.621079
v -0.871182 1.534284 -0.627692
v -0.871182 1.537721 -0.627692
v -0.872022 1.534284 -0.639464
v -0.872022 1.537721 -0.639464
v -0.898192 1.499208 -0.652183
v -0.895528 1.495476 -0.650889
v -0.895528 1.537721 -0.650889
v -0.898192 1.533988 -0.652183
v -0.770403 1.339176 0.274360
v -0.770403 1.339176 0.532869
v -1.075065 1.339176 0.274360
v -0.770403 1.345793 0.526749
v -0.770403 1.345793 0.281983
v -1.075065 1.345793 0.281983
v -1.075065 1.422311 0.281983
v -1.075065 1.422311 0.274360
v -0.895408 1.525598 0.645253
v -0.895408 1.527485 0.645253
v -0.894500 1.527485 0.632522
v -0.894500 1.525598 0.632522
v -0.883021 1.527485 0.626942
v -0.883021 1.525598 0.626942
v -0.872449 1.527485 0.634094
v -0.872449 1.525598 0.634094
v -0.873357 1.527485 0.646825
v -0.873357 1.525598 0.646825
v -0.884837 1.527485 0.652404
v -0.884837 1.525598 0.652404
v -0.883974 1.352574 0.627926
v -0.883974 1.356011 0.627926
v -0.873730 1.352574 0.633785
v -0.873730 1.356011 0.633785
v -0.873683 1.352574 0.645587
v -0.873683 1.356011 0.645587
v -0.883089 1.498687 0.627902
v -0.883089 1.502124 0.627902
v -0.873314 1.498687 0.634515
v -0.873314 1.502124 0.634515
v -0.874154 1.498687 0.646286
v -0.874154 1.502124 0.646286
v -1.123319 1.445444 -0.021715
v -1.123319 1.468568 -0.021630
v -1.100551 1.557507 -0.016030
v -1.100551 1.557533 -0.021630
v -1.123319 1.557533 -0.021630
v -1.123319 1.557507 -0.016030
v -1.100551 1.556825 -0.089124
v -1.100551 1.556797 -0.095056
v -1.019469 1.322184 -0.089102
v -1.019469 1.322184 -0.017362
v -1.023022 1.318622 -0.017362
v -1.023022 1.318622 -0.089102
v -1.114847 1.346926 -0.017362
v -1.117127 1.343064 -0.017362
v -1.117127 1.343064 -0.043413
v -1.114847 1.346926 -0.043413
v -1.117127 1.343064 -0.089102
v -1.114847 1.346926 -0.089102
v -1.114847 1.346926 -0.063051
v -1.117127 1.343064 -0.063051
v -1.096198 1.394007 -0.063051
v -1.098249 1.389778 -0.063051
v -1.098249 1.389778 -0.043413
v -1.096198 1.394007 -0.043413
v -0.834405 1.313487 -0.022785
v -0.834405 1.313487 -0.088350
v -0.825912 1.303365 -0.088350
v -0.825912 1.303365 -0.022785
v -1.105884 1.505203 -0.088350
v -1.105884 1.505203 -0.022785
v -1.130684 1.520114 -0.022785
v -1.130684 1.520114 -0.088350
v -1.019476 1.634039 -0.022785
v -1.019476 1.634039 -0.088350
v -1.033148 1.642378 -0.088350
v -1.033148 1.642378 -0.022785
v -1.113241 1.519633 -0.022785
v -1.071481 1.590647 -0.022785
v -1.071481 1.590647 -0.088350
v -1.113241 1.519633 -0.088350
v -1.028556 1.626665 -0.022785
v -1.028556 1.626665 -0.088350
v -1.036013 1.634755 -0.022785
v -1.036013 1.634755 -0.088350
v -1.080030 1.597821 -0.022785
v -1.080030 1.597821 -0.088350
v -1.122662 1.525297 -0.022785
v -1.122662 1.525297 -0.088350
v -0.995940 1.592224 -0.418304
v -0.995940 1.592224 -0.504545
v -1.002434 1.602967 -0.504545
v -1.002434 1.602967 -0.418304
v -0.789652 1.419127 -0.504545
v -0.778705 1.415236 -0.504545
v -0.814533 1.376031 -0.504545
v -0.805690 1.368497 -0.504545
v -0.852654 1.344044 -0.504545
v -0.847033 1.333805 -0.504545
v -0.852654 1.344044 -0.418304
v -0.847033 1.333805 -0.418304
v -1.034061 1.560237 -0.378124
v -1.058942 1.517141 -0.378124
v -0.961560 1.504535 -0.432587
v -0.984200 1.482839 -0.432587
v -0.984200 1.482839 -0.443206
v -0.961560 1.504535 -0.443206
v -1.002729 1.502175 -0.432587
v -0.980089 1.523870 -0.432587
v -0.980089 1.523870 -0.443206
v -1.002729 1.502175 -0.443206
v -1.028400 1.459029 -0.411015
v -1.011333 1.504699 -0.479255
v -1.047466 1.423323 -0.445074
v -1.047466 1.423323 -0.430719
v -0.958424 0.597369 -0.687677
v -0.885064 0.993959 -0.687189
v -0.883832 0.994721 -0.673413
v -0.955826 0.597369 -0.671607
v -0.864852 0.994721 -0.674435
v -0.936165 0.597369 -0.671668
v 0.569778 0.971190 -0.598368
v 0.573608 0.970812 -0.647451
v 0.585895 0.989410 -0.598368
v 0.585895 0.989410 -0.647451
v 0.600683 1.013400 -0.598368
v 0.600683 1.013400 -0.647451
v 0.609955 1.042907 -0.598368
v 0.609955 1.042907 -0.647451
v 0.613677 1.073082 -0.598368
v 0.613677 1.073082 -0.647451
v -1.165919 1.010725 -0.671246
v -1.163964 1.029855 -0.687747
v -1.292091 1.029855 -0.631259
v -1.407855 1.029855 -0.536927
v -1.513441 1.029855 -0.380374
v -1.559001 1.029855 -0.209866
v -1.588127 1.029855 0.000000
v -1.559001 1.029855 0.209866
v -1.513441 1.029855 0.380375
v -1.407855 1.029855 0.536927
v -1.292091 1.029855 0.631260
v -1.163964 1.029855 0.687747
v -1.165919 1.010725 0.671246
v 0.343149 1.402068 -0.202014
v 0.472470 1.232521 -0.202014
v 0.444384 1.463726 -0.202014
v 0.623030 1.220335 -0.202014
v 0.623030 1.220335 0.202014
v 0.444384 1.463726 0.202014
v 0.472470 1.232521 0.202014
v 0.403488 1.478757 -0.158607
v 0.343149 1.402068 0.202014
v 0.403488 1.478757 0.158607
v 0.338346 1.437816 -0.158618
v 0.338346 1.437816 0.158618
v 0.429394 1.227409 -0.284288
v 0.406367 1.214808 -0.284381
v -1.345121 0.895462 -0.518381
v -1.311723 0.993401 -0.535355
v -1.376970 0.894270 -0.515341
v -1.356132 0.866011 -0.506415
v -1.397375 0.869686 -0.505249
v -1.363067 0.843077 -0.490526
v -1.419082 0.849118 -0.490391
v -1.380657 0.827503 -0.472696
v -1.442770 0.832161 -0.471742
v -1.384381 0.816247 -0.449463
v -1.462805 0.820564 -0.447447
v -1.505954 0.812241 -0.380525
v -1.393176 0.809746 -0.380525
v -1.398574 0.809777 -0.209770
v -1.565098 0.814536 -0.206257
v -1.418223 0.809817 0.000000
v -1.592328 0.815759 0.000000
v -1.565098 0.814536 0.206257
v -1.398574 0.809777 0.209770
v -1.505954 0.812241 0.380526
v -1.393176 0.809746 0.380526
v -1.384381 0.816247 0.449463
v -1.462805 0.820564 0.447447
v -1.442770 0.832161 0.471742
v -1.380657 0.827503 0.472696
v -1.419082 0.849118 0.490391
v -1.363067 0.843077 0.490526
v -1.397375 0.869686 0.505249
v -1.356132 0.866011 0.506415
v -1.376970 0.894270 0.515341
v -1.345121 0.895462 0.518381
v -1.311723 0.993401 0.535355
v 0.334193 1.876321 -0.666822
v 0.334193 1.876321 -0.778868
v 0.266113 2.062840 -0.666822
v 0.266113 2.062840 -0.778868
v 0.392351 2.112278 -0.666822
v 0.392351 2.112278 -0.778868
v 0.454741 2.112278 -0.778868
v 0.454741 2.112278 -0.666822
v -0.131763 1.118397 -0.140703
v -0.131763 1.118397 -0.094124
v -0.131763 1.118397 0.094124
v -0.131763 1.118397 0.140703
v -0.583915 1.076377 -0.280530
v -0.135178 1.075984 -0.279314
v -0.955002 0.597369 -0.343624
v 0.694253 1.215268 -0.536180
v 0.694253 1.215268 0.536180
v 0.675366 1.187898 0.571512
v 0.571322 1.195827 0.571512
v 0.675366 1.187898 -0.571512
v 0.571322 1.195827 -0.571512
v -0.958424 0.597369 0.687677
v -0.885064 0.993959 0.687189
v -1.110293 1.227882 0.650959
v -1.229982 1.227882 0.579374
v -1.324713 1.227882 0.504334
v -1.408174 1.227882 0.380375
v -1.452856 1.227882 0.209866
v -1.481784 1.227882 0.000000
v -1.452856 1.227882 -0.209866
v -1.408174 1.227882 -0.380374
v -1.324713 1.227882 -0.504334
v -1.229982 1.227882 -0.579374
v -1.110293 1.227882 -0.650959
v 0.234640 0.503649 0.687500
v 0.600482 0.965159 0.674513
v 0.612769 0.983757 0.674513
v 0.612769 0.983757 0.647451
v 0.627557 1.007748 0.674513
v 0.627557 1.007748 0.647451
v 0.636829 1.040393 0.674513
v 0.636829 1.040393 0.647451
v 0.640510 1.071381 0.674513
v 0.640510 1.071381 0.647451
v 0.569778 0.971190 0.598368
v 0.585895 0.989410 0.598368
v 0.600683 1.013400 0.598368
v 0.609955 1.042907 0.598368
v 0.613677 1.073082 0.598368
v 0.613677 1.073082 0.647451
v 0.609955 1.042907 0.647451
v 0.600683 1.013400 0.647451
v 0.585895 0.989410 0.647451
v 0.573608 0.970812 0.647451
v -0.777959 2.215207 0.640262
v -0.779191 2.241725 0.656508
v -0.779079 2.266500 0.630559
v -1.576250 0.597369 0.187169
v -1.576250 0.521276 0.187169
v -1.598556 0.597369 0.000000
v -1.598556 0.517505 0.000000
v -1.576250 0.521276 -0.187169
v -1.576250 0.597369 -0.187169
v -1.463797 0.597369 0.541239
v -1.496311 0.597369 0.501026
v -1.523142 0.597369 0.457818
v -1.572279 0.597369 0.380364
v -1.625039 0.597369 0.205225
v -1.653480 0.597369 0.000000
v -1.625039 0.597369 -0.205225
v -1.572279 0.597369 -0.380364
v -1.523142 0.597369 -0.457818
v -1.496311 0.597369 -0.501026
v -1.463797 0.597369 -0.541238
v -1.374524 0.871849 0.589489
v -1.405771 0.838062 0.567956
v -1.440875 0.804198 0.541233
v -1.478387 0.779081 0.508499
v -1.519380 0.764402 0.457669
v -1.568596 0.762047 0.380483
v -1.620932 0.762102 0.205140
v -1.648906 0.762161 0.000000
v -1.620932 0.762102 -0.205140
v -1.568596 0.762047 -0.380483
v -1.519380 0.764402 -0.457669
v -1.478387 0.779081 -0.508499
v -1.440875 0.804198 -0.541233
v -1.405771 0.838062 -0.567956
v -1.374524 0.871849 -0.589489
v -1.425853 0.276307 0.479788
v -1.487105 0.276307 0.528628
v -1.416297 0.338912 0.485998
v -1.477548 0.338912 0.534838
v -1.406595 0.383564 0.492457
v -1.467601 0.383341 0.542336
v -1.394439 0.426331 0.500658
v -1.455101 0.425218 0.552453
v -1.381462 0.469510 0.508920
v -1.441242 0.467428 0.564165
v -1.398456 0.521276 0.561524
v -1.361031 0.521276 0.522461
v -1.421149 0.521435 0.582260
v -1.338697 0.543508 0.543709
v -1.376121 0.543508 0.582771
v -1.488251 0.521106 0.525955
v -1.291430 0.575013 0.597795
v -1.317054 0.580719 0.635877
v -1.576407 0.521276 0.393418
v -1.629368 0.521276 0.212965
v -1.660610 0.517505 0.000000
v -1.629368 0.521276 -0.212965
v -1.576407 0.521276 -0.393418
v -1.488251 0.521106 -0.525954
v -1.421149 0.521435 -0.582260
v -1.398456 0.521276 -0.561524
v -1.441242 0.467428 -0.564165
v -1.381462 0.469510 -0.508919
v -1.455101 0.425218 -0.552453
v -1.361031 0.521276 -0.522461
v -1.394439 0.426331 -0.500658
v -1.338697 0.543508 -0.543709
v -1.467601 0.383341 -0.542336
v -1.376121 0.543508 -0.582771
v -1.406595 0.383564 -0.492457
v -1.291430 0.575013 -0.597795
v -1.477548 0.338912 -0.534838
v -1.317054 0.580719 -0.635877
v -1.416297 0.338912 -0.485998
v -1.487105 0.276307 -0.528627
v -1.425853 0.276307 -0.479788
v -0.942950 0.005159 0.694287
v -0.942950 0.005159 0.456621
v -0.868290 0.043200 0.456621
v -0.868290 0.043200 0.694287
v -0.809039 0.102451 0.456621
v -0.809039 0.102450 0.694287
v -0.770998 0.177110 0.456621
v -0.770998 0.177110 0.694287
v -0.757890 0.259872 0.456621
v -0.757890 0.259871 0.694287
v -0.770998 0.342633 0.456621
v -0.770998 0.342633 0.694287
v -0.809039 0.417293 0.456621
v -0.809039 0.417293 0.694287
v -0.868289 0.476543 0.456621
v -0.868289 0.476543 0.694287
v -0.942949 0.514584 0.456621
v -0.942949 0.514584 0.694287
v -1.025710 0.527692 0.456621
v -1.025710 0.527692 0.694287
v -1.108472 0.514584 0.456621
v -1.108472 0.514584 0.694287
v -1.183131 0.476543 0.456621
v -1.183131 0.476543 0.694287
v -1.242382 0.417293 0.456621
v -1.242382 0.417293 0.694287
v -1.280423 0.342633 0.456621
v -1.280423 0.342633 0.694287
v -1.293531 0.259872 0.456621
v -1.293531 0.259872 0.694287
v -1.280423 0.177111 0.456621
v -1.280423 0.177111 0.694287
v -1.242382 0.102451 0.456621
v -1.242382 0.102451 0.694287
v -1.183132 0.043200 0.456621
v -1.183132 0.043200 0.694287
v -1.108472 0.005159 0.456621
v -1.108472 0.005159 0.694287
v -1.025711 -0.007949 0.456621
v -1.025711 -0.007949 0.694287
v -1.117715 0.386505 0.630909
v -1.064988 0.313932 0.630909
v -1.152343 0.351876 0.630909
v -1.079771 0.299149 0.630909
v -1.174576 0.308241 0.630909
v -1.089263 0.280521 0.630909
v -1.182237 0.259872 0.630909
v -1.092533 0.259872 0.630909
v -1.174576 0.211502 0.630909
v -1.089263 0.239222 0.630909
v -1.025711 0.205986 0.676350
v -1.009059 0.208623 0.676350
v -0.994037 0.216277 0.676350
v -0.982116 0.228198 0.676350
v -0.974462 0.243220 0.676350
v -0.971824 0.259872 0.676350
v -0.974462 0.276523 0.676350
v -0.982116 0.291545 0.676350
v -0.994037 0.303466 0.676350
v -1.009059 0.311120 0.676350
v -1.025710 0.313758 0.676350
v -1.042362 0.311120 0.676350
v -1.057384 0.303466 0.676350
v -1.069305 0.291545 0.676350
v -1.076959 0.276523 0.676350
v -1.079597 0.259872 0.676350
v -1.076959 0.243220 0.676350
v -1.069305 0.228198 0.676350
v -1.057384 0.216277 0.676350
v -1.042362 0.208623 0.676350
v 1.183882 0.439949 0.686728
v 1.183882 0.439949 0.466906
v 1.148882 0.524447 0.466906
v 1.148882 0.524447 0.686728
v 1.093205 0.597007 0.466906
v 1.093205 0.597007 0.686728
v 1.020645 0.652685 0.466906
v 1.020645 0.652685 0.686728
v 0.936147 0.687685 0.466906
v 0.936147 0.687685 0.686728
v 0.845469 0.699623 0.466906
v 0.845469 0.699623 0.686728
v 0.754792 0.687685 0.466906
v 0.754792 0.687685 0.686728
v 0.670294 0.652685 0.466906
v 0.670294 0.652685 0.686728
v 0.597734 0.597007 0.466906
v 0.597734 0.597007 0.686728
v 0.542057 0.524447 0.466906
v 0.542057 0.524447 0.686728
v 0.507056 0.439949 0.466906
v 0.507056 0.439949 0.686728
v 0.495118 0.349272 0.466906
v 0.495118 0.349272 0.686728
v 0.507056 0.258594 0.466906
v 0.507056 0.258594 0.686728
v 0.542057 0.174096 0.466906
v 0.542057 0.174096 0.686728
v 0.597734 0.101536 0.466906
v 0.597734 0.101536 0.686728
v 0.670294 0.045859 0.466906
v 0.670294 0.045859 0.686728
v 0.754792 0.010859 0.466906
v 0.754792 0.010859 0.686728
v 0.845469 -0.001079 0.466906
v 0.845469 -0.001079 0.686728
v 0.936147 0.010859 0.466906
v 0.936147 0.010859 0.686728
v 1.020645 0.045859 0.466906
v 1.020645 0.045859 0.686728
v 1.093205 0.101537 0.466906
v 1.093205 0.101536 0.686728
v 1.148882 0.174097 0.466906
v 1.148882 0.174097 0.686728
v 1.183882 0.258595 0.466906
v 1.183882 0.258595 0.686728
v 1.195820 0.349272 0.466906
v 1.195820 0.349272 0.686728
v -0.583915 1.076377 0.280530
v -0.135178 1.075984 0.279315
v -0.936165 0.597369 0.671668
v -0.955826 0.597369 0.671607
v -0.955002 0.597369 0.343625
v -1.629368 0.205634 0.212965
v -1.545001 0.205634 0.212965
v -1.660610 0.205634 0.000000
v -1.576243 0.205634 0.000000
v -1.545001 0.205634 -0.212965
v -1.629368 0.205634 -0.212965
v 0.652014 0.747047 0.687500
v 0.544078 0.700685 0.687500
v 0.447410 0.633546 0.687500
v 0.365348 0.549188 0.687500
v 0.306729 0.449635 0.687500
v 0.283077 0.340653 0.687500
v 0.280809 0.139149 0.687500
v -0.779079 2.266500 -0.630559
v -0.779191 2.241725 -0.656508
v -0.777959 2.215207 -0.640262
v 1.174918 2.069636 0.218131
v 1.170638 2.069636 0.210575
v 1.161954 2.069636 0.210504
v 1.157550 2.069636 0.217988
v 1.161831 2.069636 0.225544
v 1.170515 2.069636 0.225616
v 1.157550 2.069636 -0.208967
v 1.161831 2.069636 -0.201411
v 1.170515 2.069636 -0.201339
v 1.174917 2.069636 -0.208824
v 1.170638 2.069636 -0.216380
v 1.161954 2.069636 -0.216451
v 1.073602 2.303757 0.362139
v 1.061422 2.303757 0.383235
v 1.073602 2.303757 0.404331
v 1.097962 2.303757 0.362140
v 1.097962 2.303757 0.404332
v 1.110141 2.303757 0.383236
v 1.214325 2.271125 -0.234130
v 1.193701 2.245885 -0.234130
v 1.301845 2.214688 -0.234130
v 1.301847 2.245885 0.193871
v 1.281075 2.271125 0.193871
v 1.193701 2.214688 0.193871
v 1.214327 2.189448 0.193871
v 1.120265 2.295897 0.388054
v 1.152217 2.256444 0.286622
v 1.152217 2.256444 0.307129
v 1.167402 2.256444 0.286622
v 1.167402 2.256444 0.307129
v 1.152220 2.256444 -0.301024
v 1.167405 2.256444 -0.301024
v 1.190504 0.059593 -0.290919
v 1.181209 0.059593 -0.268479
v 1.158768 0.059590 -0.259184
v 1.136328 0.059588 -0.268479
v 1.127033 0.059587 -0.290919
v 1.136328 0.059588 -0.313359
v 1.158768 0.059590 -0.322654
v 1.181209 0.059592 -0.313359
v 1.174030 2.290271 -0.274852
v 1.174030 2.290272 0.313463
v 1.483399 1.407814 -0.580641
v 1.483399 1.407793 -0.562509
v 1.483399 1.431619 -0.577235
v 1.483399 1.429396 -0.560166
v 1.483399 1.455969 -0.565401
v 1.483399 1.448275 -0.551022
v 1.483399 1.475017 -0.548641
v 1.483399 1.464148 -0.537842
v 1.483399 1.488606 -0.526767
v 1.483399 1.476017 -0.520029
v 1.483399 1.495565 -0.502270
v 1.483399 1.480949 -0.499442
v 1.483399 1.480949 0.512884
v 1.483398 1.495565 0.515711
v 1.483399 1.476017 0.533471
v 1.483398 1.488606 0.540209
v 1.483399 1.464148 0.551284
v 1.483398 1.475017 0.562081
v 1.483399 1.448275 0.564463
v 1.483398 1.455969 0.578842
v 1.483398 1.429396 0.573607
v 1.483398 1.431619 0.590675
v 1.483398 1.407793 0.575951
v 1.483398 1.407814 0.594082
v 1.075957 0.976282 0.362753
v 1.110445 0.922024 0.436480
v 1.075958 0.976283 0.436480
v 1.103833 0.955911 0.436480
v 1.011995 0.864664 0.414018
v 1.007084 0.704000 0.368241
v 0.997674 0.718955 0.368241
v 0.999037 0.738501 0.368241
v 1.028995 0.698103 0.368241
v 1.012916 0.757317 0.368241
v 1.080678 0.881804 0.368241
v 1.038657 0.975669 0.368241
v 1.048304 0.886289 0.368241
v 1.014174 0.903010 0.368241
v 1.008931 0.958804 0.368241
v 0.999961 0.931131 0.368241
v 1.028995 0.698103 -0.362034
v 1.028995 0.698103 -0.395649
v 1.007084 0.704000 -0.362034
v 1.007084 0.704000 -0.395650
v 0.997674 0.718955 -0.362034
v 0.997674 0.718955 -0.395650
v 0.999037 0.738501 -0.362034
v 0.999037 0.738501 -0.395650
v 1.012916 0.757317 -0.362034
v 1.012916 0.757317 -0.395649
v 1.260511 0.727894 -0.445003
v 1.260511 0.727894 -0.411388
v 1.250980 0.929324 -0.445003
v 1.250980 0.929324 -0.411388
v 1.248932 0.977967 -0.445003
v 1.248932 0.977967 -0.411388
v 1.038656 0.975669 -0.395650
v 1.038656 0.975669 -0.362034
v 1.008931 0.958804 -0.395649
v 1.008931 0.958804 -0.362034
v 0.999961 0.931131 -0.395649
v 0.999961 0.931131 -0.362034
v 1.014174 0.903010 -0.395649
v 1.014174 0.903010 -0.362034
v 1.048304 0.886289 -0.395650
v 1.048304 0.886289 -0.362034
v 1.080678 0.881804 -0.395649
v 1.080678 0.881804 -0.362034
v 0.792137 0.823843 -0.380312
v 0.800270 0.811047 -0.343710
v 0.819902 0.780156 -0.328550
v 0.839535 0.749265 -0.343710
v 0.847667 0.736472 -0.380311
v 0.839534 0.749267 -0.416914
v 0.819902 0.780156 -0.432074
v 0.800270 0.811047 -0.416913
v 1.011995 0.864664 -0.407811
v 1.075957 0.976282 -0.404005
v 1.075958 0.976283 -0.430273
v 1.103833 0.955911 -0.430273
v 1.110445 0.922024 -0.430273
v 1.403307 0.598091 0.144206
v 1.405145 0.599126 0.165754
v 1.394137 0.611280 0.155800
v 1.392434 0.611577 0.144679
v 1.405251 0.622755 0.144036
v 1.413198 0.683122 -0.284280
v 1.429057 0.649476 -0.345007
v 1.428967 0.664736 -0.350992
v 1.428876 0.679995 -0.345004
v 1.397740 0.649291 0.363442
v -0.982430 0.227416 -0.710394
v -0.982430 0.290763 -0.710394
v -0.994351 0.215494 -0.710394
v -0.994351 0.302684 -0.710394
v -1.009373 0.207840 -0.710394
v -1.009373 0.310338 -0.710394
v -1.026025 0.205203 -0.710394
v -1.026025 0.312975 -0.710394
v -1.042676 0.207840 -0.710394
v -1.042676 0.310338 -0.710394
v -1.057698 0.215494 -0.710394
v -1.057698 0.302684 -0.710394
v -1.069620 0.227416 -0.710394
v -1.069620 0.290763 -0.710394
v -1.077273 0.242437 -0.710394
v -1.077273 0.275741 -0.710394
v -1.079911 0.259089 -0.710394
v 0.751142 0.511325 -0.651044
v 0.796490 0.530109 -0.651044
v 0.845155 0.536516 -0.651044
v 0.712200 0.481444 -0.651044
v 0.893820 0.530109 -0.651044
v 0.682319 0.442503 -0.651044
v 0.939168 0.511325 -0.651044
v 0.663535 0.397154 -0.651044
v 0.657129 0.348489 -0.651044
v 0.978110 0.481444 -0.651044
v 1.007991 0.442503 -0.651044
v 0.663535 0.299824 -0.651044
v 1.026775 0.397154 -0.651044
v 0.682319 0.254476 -0.651044
v 1.033182 0.348489 -0.651044
v 0.712200 0.215534 -0.651044
v 1.026775 0.299825 -0.651044
v 0.751142 0.185653 -0.651044
v 1.007991 0.254476 -0.651044
v 0.796490 0.166869 -0.651044
v 0.978110 0.215534 -0.651044
v 0.845155 0.160463 -0.651044
v 0.939169 0.185653 -0.651044
v 0.893820 0.166870 -0.651044
v 0.935833 0.686902 -0.476012
v 0.845155 0.698840 -0.476012
v 0.754478 0.686902 -0.476012
v 1.020330 0.651902 -0.476012
v 0.669980 0.651902 -0.476012
v 1.092891 0.596225 -0.476012
v 0.597420 0.596225 -0.476012
v 1.148568 0.523665 -0.476012
v 0.541742 0.523665 -0.476012
v 1.183568 0.439167 -0.476012
v 0.506742 0.439167 -0.476012
v 1.195506 0.348489 -0.476012
v 0.494804 0.348489 -0.476012
v 1.183568 0.257812 -0.476012
v 1.148568 0.173314 -0.476012
v 0.506742 0.257812 -0.476012
v 0.541742 0.173314 -0.476012
v 1.092891 0.100754 -0.476012
v 0.597420 0.100754 -0.476012
v 1.020331 0.045077 -0.476012
v 0.669980 0.045076 -0.476012
v 0.935833 0.010076 -0.476012
v 0.754478 0.010076 -0.476012
v 0.845155 -0.001862 -0.476012
v -0.943264 0.513802 -0.494785
v -1.026025 0.526910 -0.494785
v -1.108786 0.513802 -0.494785
v -0.868604 0.475761 -0.494785
v -1.183446 0.475761 -0.494785
v -0.809353 0.416510 -0.494785
v -1.242696 0.416510 -0.494785
v -0.771312 0.341850 -0.494785
v -1.280737 0.341850 -0.494785
v -0.758204 0.259089 -0.494785
v -1.293845 0.259089 -0.494785
v -0.771312 0.176328 -0.494785
v -0.809353 0.101668 -0.494784
v -1.280737 0.176328 -0.494785
v -1.242696 0.101668 -0.494784
v -0.868604 0.042418 -0.494784
v -1.183446 0.042418 -0.494784
v -0.943264 0.004376 -0.494784
v -1.108786 0.004377 -0.494784
v -1.026025 -0.008732 -0.494784
v 1.314860 2.258357 -0.233885
v 1.314860 2.258357 -0.183603
v 1.285475 2.299421 -0.233885
v 1.285475 2.299421 -0.183603
v 1.236723 2.314827 -0.233886
v 1.236723 2.314827 -0.183604
v 1.187884 2.298420 -0.233886
v 1.187884 2.298420 -0.183603
v 1.156672 2.257361 -0.233886
v 1.156671 2.257361 -0.183603
v 1.300099 2.211289 -0.233885
v 1.300099 2.252898 -0.233885
v 1.275641 2.286561 -0.233885
v 1.236070 2.299420 -0.233886
v 1.196496 2.286561 -0.233886
v 1.172039 2.252898 -0.233886
v 1.172039 2.211289 -0.233886
v 1.300099 2.211289 -0.183603
v 1.300099 2.252898 -0.183603
v 1.275641 2.286561 -0.183603
v 1.236070 2.299420 -0.183604
v 1.196496 2.286561 -0.183603
v 1.172039 2.252898 -0.183603
v 1.172039 2.211289 -0.183603
v -0.811225 1.206727 -0.555372
v -0.787268 1.206554 -0.543454
v -0.775351 1.206461 -0.567401
v -0.799293 1.206643 -0.579329
v -0.895534 1.483496 -0.602811
v -0.895534 1.495547 -0.602811
v -0.915348 1.495547 -0.621339
v -0.915348 1.483496 -0.621339
v -0.915348 1.495547 -0.644363
v -0.915348 1.483496 -0.644363
v -0.895534 1.495547 -0.662891
v -0.895534 1.483496 -0.662891
v -0.896607 1.369033 -0.662891
v -0.896607 1.356982 -0.662891
v -0.916420 1.356982 -0.644363
v -0.916420 1.369033 -0.644363
v -0.916420 1.356982 -0.621339
v -0.916420 1.369033 -0.621339
v -0.896607 1.356982 -0.602811
v -0.896607 1.369033 -0.602811
v -0.844537 1.369033 -0.602811
v -0.844537 1.369033 -0.662891
v -0.835602 1.372737 -0.662891
v -0.835602 1.372737 -0.602811
v -0.842138 1.356982 -0.662891
v -0.842138 1.356982 -0.602811
v -0.826379 1.363515 -0.602811
v -0.826379 1.363515 -0.662891
v -0.869331 1.383665 -0.662159
v -0.896976 1.383665 -0.662159
v -0.909596 1.383665 -0.647436
v -0.856711 1.383665 -0.647436
v -0.923883 1.383665 -0.570563
v -0.842424 1.383665 -0.570563
v -0.842424 1.387369 -0.561628
v -0.923883 1.387369 -0.561628
v -0.842424 1.396304 -0.557923
v -0.923883 1.396304 -0.557923
v -0.842424 1.456087 -0.557868
v -0.923883 1.456087 -0.557868
v -0.842424 1.465022 -0.561572
v -0.923883 1.465022 -0.561572
v -0.842424 1.468726 -0.570507
v -0.923883 1.468726 -0.570507
v -0.909596 1.468726 -0.646635
v -0.856711 1.468726 -0.646635
v -0.869331 1.468726 -0.661358
v -0.896976 1.468726 -0.661358
v -0.896976 1.371614 -0.662159
v -0.869331 1.371614 -0.662159
v -0.856711 1.371614 -0.647435
v -0.909596 1.371614 -0.647436
v -0.842424 1.371614 -0.568164
v -0.923883 1.371614 -0.568164
v -0.923883 1.378147 -0.552406
v -0.842424 1.378147 -0.552406
v -0.923883 1.393905 -0.545872
v -0.842424 1.393905 -0.545872
v -0.923883 1.458486 -0.545817
v -0.842424 1.458486 -0.545817
v -0.923883 1.474244 -0.552350
v -0.842424 1.474244 -0.552350
v -0.923883 1.480777 -0.568108
v -0.842424 1.480777 -0.568108
v -0.856711 1.480777 -0.646635
v -0.909596 1.480777 -0.646635
v -0.896976 1.480777 -0.661358
v -0.869331 1.480777 -0.661358
v -0.889198 1.322706 -0.627843
v -0.889198 1.384544 -0.627843
v -0.889834 1.384544 -0.636758
v -0.889834 1.322706 -0.636758
v -0.882432 1.384544 -0.641765
v -0.882432 1.322706 -0.641765
v -0.874394 1.384544 -0.637859
v -0.874394 1.322706 -0.637859
v -0.873758 1.384544 -0.628944
v -0.873758 1.322706 -0.628944
v -0.881161 1.384544 -0.623937
v -0.881161 1.322706 -0.623937
v -0.889198 1.498913 -0.627843
v -0.889198 1.534284 -0.627843
v -0.889834 1.534284 -0.636758
v -0.889834 1.498913 -0.636758
v -0.882432 1.534284 -0.641765
v -0.882432 1.498913 -0.641765
v -0.874394 1.534284 -0.637859
v -0.874394 1.498913 -0.637859
v -0.873758 1.534284 -0.628944
v -0.873758 1.498913 -0.628944
v -0.881161 1.534284 -0.623937
v -0.881161 1.498913 -0.623937
v -0.882855 1.384544 -0.647700
v -0.882855 1.467695 -0.647700
v -0.869465 1.467695 -0.641192
v -0.869466 1.384544 -0.641193
v -0.868407 1.467695 -0.626343
v -0.868407 1.384544 -0.626343
v -0.880737 1.467695 -0.618001
v -0.880737 1.384544 -0.618001
v -0.894127 1.467695 -0.624509
v -0.894127 1.384544 -0.624509
v -0.895186 1.467695 -0.639359
v -0.895186 1.384544 -0.639359
v -1.093681 1.290099 0.551147
v -1.107351 1.315395 0.551147
v -1.112189 1.340525 0.551147
v -1.106790 1.363184 0.551147
v -1.093400 1.386808 0.551147
v -0.978265 1.387538 0.551147
v -0.952702 1.475950 0.551147
v -0.941182 1.483882 0.551147
v -0.923975 1.487069 0.551147
v -0.906666 1.483940 0.551147
v -0.894956 1.476115 0.551147
v -0.871317 1.387538 0.551147
v -0.758818 1.386810 0.551147
v -0.744795 1.363188 0.551147
v -0.739412 1.340525 0.551147
v -0.744690 1.315429 0.551147
v -0.758517 1.290208 0.551147
v -0.758517 1.290208 -0.546754
v -0.758517 1.290208 -0.531438
v -0.853600 1.290177 -0.531438
v -1.093681 1.290099 -0.546754
v -0.997746 1.290130 -0.531438
v -1.093681 1.290099 -0.531438
v -0.806576 1.341512 -0.531438
v -0.806576 1.311161 -0.531438
v -0.776225 1.311161 -0.531438
v -0.776225 1.341512 -0.531438
v -1.070670 1.341512 -0.531438
v -1.070670 1.311161 -0.531438
v -1.040319 1.311161 -0.531438
v -1.040319 1.341512 -0.531438
v -0.897667 1.497118 0.669714
v -0.897667 1.485067 0.669714
v -0.836637 1.485067 0.669714
v -0.834238 1.497118 0.669714
v -0.827702 1.481362 0.669714
v -0.818480 1.490585 0.669714
v -0.823998 1.472427 0.669714
v -0.811947 1.474826 0.669714
v -0.834030 1.383242 0.669714
v -0.821979 1.380843 0.669714
v -0.837734 1.374308 0.669714
v -0.828512 1.365085 0.669714
v -0.846669 1.370603 0.669714
v -0.844270 1.358552 0.669714
v -0.898739 1.370603 0.669714
v -0.898739 1.358552 0.669714
v -0.897667 1.485067 0.609633
v -0.897667 1.497118 0.609634
v -0.834238 1.497118 0.609633
v -0.836637 1.485067 0.609633
v -0.818480 1.490585 0.609633
v -0.827702 1.481362 0.609633
v -0.811947 1.474826 0.609633
v -0.823998 1.472427 0.609633
v -0.821979 1.380843 0.609633
v -0.834030 1.383242 0.609633
v -0.828512 1.365085 0.609633
v -0.837734 1.374308 0.609633
v -0.844270 1.358552 0.609633
v -0.846669 1.370603 0.609633
v -0.898739 1.358552 0.609633
v -0.898739 1.370603 0.609633
v -0.891966 1.502124 0.643580
v -0.892085 1.523092 0.643638
v -0.891440 1.523092 0.634592
v -0.891331 1.502124 0.634666
v -0.883284 1.523092 0.630627
v -0.883293 1.502124 0.630759
v -0.875772 1.523092 0.635709
v -0.875891 1.502124 0.635767
v -0.876417 1.523092 0.644755
v -0.876527 1.502124 0.644681
v -0.884574 1.523092 0.648720
v -0.884564 1.502124 0.648588
v -0.891526 1.323615 0.643847
v -0.891648 1.352574 0.644227
v -0.891684 1.352574 0.635290
v -0.890891 1.323615 0.634933
v -0.883963 1.352574 0.630791
v -0.882853 1.323615 0.631026
v -0.876205 1.352574 0.635228
v -0.875451 1.323615 0.636034
v -0.876169 1.352574 0.644165
v -0.876086 1.323615 0.644948
v -0.883891 1.352574 0.648664
v -0.884124 1.323615 0.648855
v -1.123319 1.468626 -0.016030
v -1.119350 1.393194 -0.043413
v -1.119258 1.398039 -0.043413
v -1.132893 1.388405 -0.043413
v -1.137050 1.391950 -0.043413
v -1.142116 1.376492 -0.043413
v -1.147816 1.377884 -0.043413
v -1.146742 1.363200 -0.043413
v -1.141436 1.364736 -0.043413
v -1.134999 1.351015 -0.043413
v -1.131746 1.354441 -0.043413
v -1.131746 1.354441 -0.063051
v -1.134999 1.351015 -0.063051
v -1.141436 1.364736 -0.063051
v -1.146742 1.363200 -0.063051
v -1.142116 1.376492 -0.063051
v -1.147816 1.377884 -0.063051
v -1.137050 1.391950 -0.063051
v -1.132893 1.388405 -0.063051
v -1.119258 1.398039 -0.063051
v -1.119350 1.393194 -0.063051
v -1.082555 1.364229 -0.089102
v -1.080548 1.368878 -0.089102
v -1.098249 1.389778 -0.089102
v -1.096198 1.394007 -0.089102
v -1.119258 1.398039 -0.089102
v -1.119350 1.393194 -0.089102
v -1.137050 1.391950 -0.089102
v -1.132893 1.388405 -0.089102
v -1.147816 1.377884 -0.089102
v -1.142116 1.376492 -0.089102
v -1.146742 1.363200 -0.089102
v -1.141436 1.364736 -0.089102
v -1.134999 1.351015 -0.089102
v -1.131746 1.354441 -0.089102
v -1.060349 1.582756 -0.088350
v -1.060349 1.582756 -0.022785
v -1.012870 1.622596 -0.088350
v -1.012870 1.622596 -0.022785
v -0.954627 1.643794 -0.088350
v -0.954627 1.643794 -0.022785
v -0.892647 1.643794 -0.088350
v -0.892647 1.643794 -0.022785
v -0.834405 1.622596 -0.088350
v -0.834405 1.622596 -0.022785
v -0.786926 1.582756 -0.088350
v -0.786926 1.582756 -0.022785
v -0.755936 1.529080 -0.088350
v -0.755936 1.529080 -0.022785
v -0.745173 1.468041 -0.088350
v -0.745173 1.468042 -0.022785
v -0.755936 1.407003 -0.088350
v -0.755936 1.407003 -0.022785
v -0.786926 1.353327 -0.088350
v -0.786926 1.353327 -0.022785
v -0.896779 1.580068 -0.385794
v -0.910378 1.570314 -0.385794
v -0.913097 1.553801 -0.385794
v -0.892097 1.558305 -0.408981
v -0.903343 1.540202 -0.385794
v -0.886830 1.537483 -0.385794
v -0.873231 1.547237 -0.385794
v -0.870512 1.563750 -0.385794
v -0.880266 1.577349 -0.385794
v -0.896427 1.568025 -0.404207
v -0.984026 1.516863 -0.398861
v -0.992525 1.525114 -0.398861
v -0.980308 1.528110 -0.398861
v -0.971780 1.513301 -0.398861
v -0.968886 1.524787 -0.398861
v -0.960183 1.515705 -0.398861
v -0.968743 1.500915 -0.398861
v -0.957349 1.504150 -0.398861
v -0.960863 1.492072 -0.398861
v -0.995969 1.530868 -0.479255
v -0.955260 1.488386 -0.479255
v -0.979917 1.534804 -0.479255
v -0.950643 1.504256 -0.479255
v -0.965624 1.530646 -0.479255
v -0.954189 1.518713 -0.479255
v 0.600482 0.965159 -0.674513
v 0.612769 0.983757 -0.674513
v 0.612769 0.983757 -0.647451
v 0.627557 1.007748 -0.674513
v 0.627557 1.007748 -0.647451
v 0.636829 1.040393 -0.674513
v 0.636829 1.040393 -0.647451
v 0.640510 1.071381 -0.674513
v 0.640510 1.071381 -0.647451
v -0.774233 2.272005 0.633791
v -0.774233 2.272005 -0.633791
v -0.883832 0.994721 0.673413
v -0.864852 0.994721 0.674435
v -0.859760 0.994721 0.687716
v -0.930367 0.597369 0.687001
v 0.429394 1.227409 0.284288
v 0.406367 1.214808 0.284381
v 0.334193 1.876321 0.666822
v 0.457370 1.876321 0.666822
v 0.457370 1.876321 0.778868
v 0.334193 1.876321 0.778868
v 0.266113 2.062840 0.666822
v 0.266113 2.062840 0.778868
v 0.392351 2.112278 0.666822
v 0.392351 2.112278 0.778868
v 0.454741 2.112278 0.778868
v 0.454741 2.112278 0.666822
v 0.463324 2.103695 0.786658
v 0.463324 2.103695 0.659031
v 0.394823 2.104059 0.659031
v 0.276393 2.057648 0.659031
v 0.463324 1.884904 0.659031
v 0.340776 1.884904 0.659031
v 0.463324 1.884904 0.786658
v 0.340776 1.884904 0.786659
v 0.394823 2.104059 0.786658
v 0.276393 2.057648 0.786658
v 0.845469 0.537299 0.641938
v 0.796804 0.530892 0.641938
v 0.751456 0.512108 0.641938
v 0.712514 0.482227 0.641938
v 0.894134 0.530892 0.641938
v 0.682633 0.443285 0.641938
v 0.939483 0.512108 0.641938
v 0.663849 0.397937 0.641938
v 0.657443 0.349272 0.641938
v 0.978424 0.482227 0.641938
v 1.008305 0.443285 0.641938
v 0.663850 0.300607 0.641938
v 1.027089 0.397937 0.641938
v 0.682633 0.255258 0.641938
v 1.033496 0.349272 0.641938
v 0.712514 0.216317 0.641938
v 1.027089 0.300607 0.641938
v 0.751456 0.186436 0.641938
v 1.008305 0.255259 0.641938
v 0.796805 0.167652 0.641938
v 0.978424 0.216317 0.641938
v 0.845469 0.161245 0.641938
v 0.939483 0.186436 0.641938
v 0.894134 0.167652 0.641938
v -0.842931 0.568819 0.687345
v -0.774384 0.529543 0.687500
v -0.729898 0.490987 0.687500
v -0.679686 0.429909 0.681598
v -0.642140 0.364058 0.670401
v -0.617999 0.289571 0.669891
v -0.606927 0.139149 0.687500
v 0.168906 1.464947 0.103981
v 0.184600 1.444403 0.103981
v 0.261865 1.535959 0.041817
v 0.277558 1.515416 0.041817
v 0.172605 1.467772 -0.028408
v 0.188298 1.447228 -0.028408
v 1.170515 1.993218 0.225616
v 1.174918 1.993218 0.218131
v 1.170638 1.993218 0.210575
v 1.161954 1.993218 0.210504
v 1.157550 1.993218 0.217988
v 1.161831 1.993218 0.225544
v 1.145440 1.993218 0.217889
v 1.155985 1.993218 0.199966
v 1.155985 1.975089 0.199966
v 1.145440 1.975089 0.217889
v 1.155689 1.993218 0.235983
v 1.155689 1.975089 0.235983
v 1.176484 1.993218 0.236153
v 1.176484 1.975089 0.236153
v 1.187029 1.993218 0.218230
v 1.187029 1.975089 0.218230
v 1.176779 1.993218 0.200136
v 1.176779 1.975089 0.200136
v 1.170515 1.993218 -0.201339
v 1.174917 1.993218 -0.208824
v 1.170638 1.993218 -0.216380
v 1.161954 1.993218 -0.216451
v 1.157550 1.993218 -0.208967
v 1.161831 1.993218 -0.201411
v 1.155985 1.975089 -0.226989
v 1.145439 1.975089 -0.209066
v 1.145439 1.993218 -0.209066
v 1.155985 1.993218 -0.226989
v 1.176779 1.975089 -0.226818
v 1.176779 1.993218 -0.226818
v 1.187028 1.975089 -0.208725
v 1.187028 1.993218 -0.208725
v 1.176484 1.975089 -0.190802
v 1.176484 1.993218 -0.190802
v 1.155689 1.975089 -0.190972
v 1.155689 1.993218 -0.190972
v 1.073602 1.970733 -0.353000
v 1.097962 1.970733 -0.353000
v 1.097962 2.303757 -0.353000
v 1.073602 2.303757 -0.353000
v 1.061422 1.970733 -0.374096
v 1.061422 2.303757 -0.374096
v 1.073602 1.970733 -0.395192
v 1.073602 2.303757 -0.395192
v 1.097962 1.970733 -0.395192
v 1.097962 2.303757 -0.395192
v 1.110141 1.970733 -0.374096
v 1.110141 2.303757 -0.374096
v 1.097961 1.970733 0.362140
v 1.073602 1.970733 0.362139
v 1.110141 1.970733 0.383236
v 1.097962 1.970733 0.404332
v 1.073602 1.970733 0.404331
v 1.061422 1.970733 0.383235
v 1.174030 2.290272 -0.306950
v 1.190503 0.059593 0.297432
v 1.181209 0.059593 0.274992
v 1.158768 0.059590 0.265697
v 1.136328 0.059588 0.274992
v 1.127033 0.059587 0.297432
v 1.136328 0.059588 0.319872
v 1.158768 0.059590 0.329167
v 1.181209 0.059592 0.319872
v 1.028995 0.698103 0.401857
v 1.007084 0.704000 0.401857
v 0.997674 0.718955 0.401857
v 0.999037 0.738501 0.401857
v 1.012916 0.757317 0.401857
v 1.260511 0.727894 0.451210
v 1.260511 0.727894 0.417595
v 1.250980 0.929324 0.451210
v 1.250980 0.929324 0.417595
v 1.248932 0.977967 0.451210
v 1.248932 0.977967 0.417595
v 1.038657 0.975669 0.401856
v 1.008931 0.958804 0.401857
v 0.999961 0.931131 0.401857
v 1.014174 0.903010 0.401857
v 1.048304 0.886289 0.401857
v 1.080678 0.881804 0.401857
v 0.800270 0.811047 0.349918
v 0.792137 0.823843 0.386519
v 0.819902 0.780156 0.334757
v 0.839535 0.749265 0.349918
v 0.847667 0.736472 0.386519
v 0.839534 0.749267 0.423121
v 0.819902 0.780156 0.438281
v 0.800269 0.811047 0.423120
v 1.075957 0.976282 0.410212
v 1.075957 0.976282 -0.356546
v 0.766385 0.742375 0.154358
v 1.127267 0.792055 0.154358
v 1.142489 0.778297 0.154358
v 1.141752 0.672418 0.154358
v 0.766385 0.622740 0.154358
v 1.037143 0.756234 -0.414652
v 1.023289 0.732237 -0.414652
v 1.064853 0.756234 -0.414652
v 1.078707 0.732237 -0.414652
v 1.064853 0.708240 -0.414652
v 1.037143 0.708240 -0.414652
v 1.037143 0.756234 0.154358
v 1.023288 0.732237 0.154358
v 1.023289 0.732237 0.417386
v 1.037143 0.756234 0.417386
v 1.064853 0.756234 0.154358
v 1.064853 0.756234 0.417386
v 1.078707 0.732237 0.154358
v 1.078708 0.732237 0.417386
v 1.064853 0.708240 0.154358
v 1.064853 0.708240 0.417386
v 1.037143 0.708240 0.154358
v 1.037143 0.708240 0.417386
v 1.416166 0.609103 0.155027
v 1.405179 0.636875 0.143763
v 1.416349 0.636910 0.154940
v 1.405172 0.636910 0.166116
v 1.393996 0.636910 0.154940
v 1.416512 0.608895 0.143803
v -0.943264 0.004376 -0.703394
v -0.868604 0.042418 -0.703394
v -0.809353 0.101668 -0.703394
v -0.771312 0.176328 -0.703394
v -0.758204 0.259089 -0.703394
v -0.771312 0.341850 -0.703394
v -0.809353 0.416510 -0.703394
v -0.868604 0.475761 -0.703394
v -0.943264 0.513802 -0.703394
v -1.026025 0.526910 -0.703394
v -1.108786 0.513802 -0.703394
v -1.183446 0.475761 -0.703394
v -1.242696 0.416510 -0.703394
v -1.280737 0.341850 -0.703394
v -1.293845 0.259089 -0.703394
v -1.280737 0.176328 -0.703394
v -1.242696 0.101668 -0.703394
v -1.183446 0.042418 -0.703394
v -1.108786 0.004377 -0.703394
v -1.026025 -0.008732 -0.703394
v 1.183568 0.439167 -0.695834
v 1.148568 0.523665 -0.695834
v 1.092891 0.596225 -0.695834
v 1.020330 0.651902 -0.695834
v 0.935833 0.686902 -0.695834
v 0.845155 0.698840 -0.695834
v 0.754478 0.686902 -0.695834
v 0.669980 0.651902 -0.695834
v 0.597420 0.596225 -0.695834
v 0.541742 0.523665 -0.695834
v 0.506742 0.439167 -0.695834
v 0.494804 0.348489 -0.695834
v 0.506742 0.257812 -0.695834
v 0.541742 0.173314 -0.695834
v 0.597420 0.100754 -0.695834
v 0.669980 0.045076 -0.695834
v 0.754478 0.010076 -0.695834
v 0.845155 -0.001862 -0.695834
v 0.935833 0.010076 -0.695834
v 1.020331 0.045077 -0.695834
v 1.092891 0.100754 -0.695834
v 1.148568 0.173314 -0.695834
v 1.183568 0.257812 -0.695834
v 1.195506 0.348489 -0.695834
v 1.312138 2.256810 0.243323
v 1.312139 2.256810 0.193042
v 1.283082 2.296803 0.243324
v 1.283083 2.296803 0.193042
v 1.236069 2.312078 0.243324
v 1.236069 2.312078 0.193042
v 1.189055 2.296803 0.243324
v 1.189055 2.296803 0.193042
v 1.159999 2.256810 0.243324
v 1.159999 2.256810 0.193042
v 1.300099 2.211289 0.243324
v 1.300099 2.252899 0.243324
v 1.275641 2.286561 0.243324
v 1.236069 2.299420 0.243324
v 1.196497 2.286561 0.243324
v 1.172039 2.252899 0.243324
v 1.172039 2.211289 0.243324
v 1.300099 2.211289 0.193042
v 1.300099 2.252899 0.193042
v 1.275641 2.286561 0.193042
v 1.236069 2.299420 0.193042
v 1.196497 2.286561 0.193042
v 1.172039 2.252899 0.193042
v 1.172039 2.211289 0.193042
v -0.834505 1.483496 -0.662891
v -0.832106 1.495547 -0.662891
v -0.825570 1.479792 -0.662891
v -0.816348 1.489014 -0.662891
v -0.821865 1.470857 -0.662891
v -0.809814 1.473256 -0.662891
v -0.831897 1.381672 -0.662891
v -0.819846 1.379273 -0.662891
v -0.832106 1.495547 -0.602811
v -0.834505 1.483496 -0.602811
v -0.816348 1.489014 -0.602811
v -0.825570 1.479792 -0.602811
v -0.809814 1.473256 -0.602811
v -0.821865 1.470857 -0.602811
v -0.819846 1.379273 -0.602811
v -0.831897 1.381672 -0.602811
v -0.892393 1.547716 -0.625682
v -0.880883 1.580926 -0.620043
v -0.892432 1.580926 -0.625656
v -0.893303 1.547716 -0.638443
v -0.893345 1.580926 -0.638464
v -0.882710 1.580926 -0.645659
v -0.871161 1.580926 -0.640046
v -0.870248 1.580926 -0.627238
v -0.889198 1.547716 -0.627843
v -0.889834 1.547716 -0.636758
v -0.882432 1.547716 -0.641765
v -0.889834 1.537721 -0.636758
v -0.889198 1.537721 -0.627843
v -0.882432 1.537721 -0.641765
v -0.874394 1.537721 -0.637859
v -0.873758 1.537721 -0.628944
v -0.881161 1.537721 -0.623937
v -0.889834 1.467695 -0.636758
v -0.889198 1.467695 -0.627843
v -0.889198 1.495476 -0.627843
v -0.889834 1.495476 -0.636758
v -0.882432 1.467695 -0.641765
v -0.882432 1.495476 -0.641765
v -0.874394 1.467695 -0.637859
v -0.874394 1.495476 -0.637859
v -0.873758 1.467695 -0.628944
v -0.873758 1.495476 -0.628944
v -0.881161 1.467695 -0.623937
v -0.881161 1.495476 -0.623937
v -1.107351 1.315395 -0.546754
v -1.107351 1.315395 -0.531438
v -1.112189 1.340525 -0.546754
v -1.112189 1.340525 -0.531438
v -1.106790 1.363184 -0.546754
v -1.106790 1.363184 -0.531438
v -1.093400 1.386808 -0.546754
v -1.093400 1.386808 -0.531438
v -0.978265 1.387538 -0.546754
v -0.978265 1.387538 -0.531438
v -0.952702 1.475950 -0.546754
v -0.952702 1.475950 -0.531438
v -0.941182 1.483882 -0.546754
v -0.941182 1.483882 -0.531438
v -0.923975 1.487069 -0.546754
v -0.923975 1.487069 -0.531438
v -0.906666 1.483940 -0.546754
v -0.906666 1.483940 -0.531438
v -0.894956 1.476115 -0.531438
v -0.894956 1.476115 -0.546754
v -0.871317 1.387538 -0.546754
v -0.871317 1.387538 -0.531438
v -0.758818 1.386810 -0.546754
v -0.758818 1.386810 -0.531438
v -0.744795 1.363188 -0.546754
v -0.744795 1.363188 -0.531438
v -0.739412 1.340525 -0.546754
v -0.739412 1.340525 -0.531438
v -0.744690 1.315430 -0.546754
v -0.744690 1.315430 -0.531438
v -1.030873 1.422311 0.274360
v -0.976225 1.360572 0.274360
v -0.869243 1.360572 0.274360
v -0.814594 1.422311 0.274360
v -0.770403 1.422311 0.274360
v -0.770403 1.422311 0.281983
v -0.814594 1.422311 0.281983
v -0.869243 1.360572 0.281983
v -0.976225 1.360572 0.281983
v -1.030873 1.422311 0.281983
v -1.030873 1.422311 0.526749
v -0.976225 1.360572 0.526749
v -0.869243 1.360572 0.526749
v -0.814594 1.422311 0.526749
v -0.770403 1.422311 0.526749
v -0.770403 1.422311 0.532869
v -0.814594 1.422311 0.532869
v -0.869243 1.360572 0.532869
v -0.976225 1.360572 0.532869
v -1.030873 1.422311 0.532869
v -0.917480 1.497118 0.628162
v -0.917480 1.485067 0.628162
v -0.917480 1.497118 0.651185
v -0.917480 1.485067 0.651185
v -0.918553 1.358552 0.651185
v -0.918553 1.370603 0.651185
v -0.918553 1.358552 0.628162
v -0.918553 1.370603 0.628162
v -0.911728 1.385235 0.654258
v -0.899109 1.385235 0.668981
v -0.871464 1.385235 0.668981
v -0.858844 1.385235 0.654258
v -0.926016 1.385235 0.577385
v -0.844556 1.385235 0.577385
v -0.844556 1.388940 0.568450
v -0.926016 1.388940 0.568450
v -0.844556 1.397875 0.564746
v -0.926016 1.397875 0.564746
v -0.844556 1.457657 0.564690
v -0.926016 1.457657 0.564690
v -0.844556 1.466592 0.568394
v -0.926016 1.466592 0.568394
v -0.844556 1.470297 0.577330
v -0.926016 1.470297 0.577330
v -0.911728 1.470297 0.653457
v -0.858844 1.470297 0.653457
v -0.871463 1.470297 0.668180
v -0.899108 1.470297 0.668180
v -0.858844 1.373184 0.654258
v -0.871464 1.373184 0.668981
v -0.899109 1.373184 0.668981
v -0.911728 1.373184 0.654258
v -0.844556 1.373184 0.574986
v -0.926016 1.373184 0.574986
v -0.926016 1.379717 0.559228
v -0.844556 1.379717 0.559228
v -0.926016 1.395476 0.552695
v -0.844556 1.395476 0.552695
v -0.926016 1.460056 0.552639
v -0.844556 1.460056 0.552639
v -0.926016 1.475814 0.559172
v -0.844556 1.475814 0.559172
v -0.926016 1.482347 0.574931
v -0.844556 1.482347 0.574931
v -0.858844 1.482347 0.653457
v -0.911728 1.482347 0.653457
v -0.899108 1.482347 0.668180
v -0.871463 1.482347 0.668180
v -0.891684 1.356011 0.635290
v -0.891648 1.356011 0.644227
v -0.891966 1.498687 0.643580
v -0.891331 1.498687 0.634666
v -0.883963 1.356011 0.630791
v -0.883293 1.498687 0.630759
v -0.876205 1.356011 0.635228
v -0.875891 1.498687 0.635767
v -0.876169 1.356011 0.644165
v -0.876527 1.498687 0.644681
v -0.883891 1.356011 0.648664
v -0.884564 1.498687 0.648588
v -1.100551 1.468626 -0.016030
v -1.100551 1.445444 -0.021715
v -1.100551 1.468568 -0.021630
v -1.100551 1.447335 -0.026424
v -1.100551 1.431068 -0.041992
v -1.100551 1.430833 -0.068841
v -1.100551 1.443975 -0.083054
v -1.100551 1.467860 -0.089124
v -1.100551 1.467916 -0.095057
v -1.100551 1.442469 -0.087654
v -1.134999 1.351015 -0.017362
v -1.131746 1.354441 -0.017362
v -1.146742 1.363200 -0.017362
v -1.141436 1.364736 -0.017362
v -1.147816 1.377884 -0.017362
v -1.142116 1.376492 -0.017362
v -1.137050 1.391950 -0.017362
v -1.132893 1.388405 -0.017362
v -1.119258 1.398039 -0.017362
v -1.119350 1.393194 -0.017362
v -1.096198 1.394007 -0.017362
v -1.098249 1.389778 -0.017362
v -1.080548 1.368878 -0.017362
v -1.082555 1.364229 -0.017362
v -1.082855 1.601640 -0.088350
v -1.082855 1.601640 -0.022785
v -0.956922 1.656807 -0.088350
v -0.956922 1.656807 -0.022785
v -0.890353 1.656807 -0.088350
v -0.890353 1.656807 -0.022785
v -0.827799 1.634039 -0.088350
v -0.827799 1.634039 -0.022785
v -0.776804 1.591249 -0.088350
v -0.776804 1.591249 -0.022785
v -0.743519 1.533599 -0.088350
v -0.743519 1.533599 -0.022785
v -0.731960 1.468041 -0.088350
v -0.731960 1.468042 -0.022785
v -0.743519 1.402484 -0.088350
v -0.743519 1.402484 -0.022785
v -0.776804 1.344833 -0.088350
v -0.776804 1.344833 -0.022785
v -0.897749 1.621426 -0.418304
v -0.899416 1.609244 -0.418304
v -0.951719 1.621426 -0.418304
v -0.949179 1.609244 -0.418304
v -0.899416 1.609244 -0.504545
v -0.897749 1.621426 -0.504545
v -0.949179 1.609244 -0.504545
v -0.951719 1.621426 -0.504545
v -0.789652 1.419127 -0.418304
v -0.778705 1.415236 -0.418304
v -0.814533 1.376031 -0.418304
v -0.805690 1.368497 -0.418304
v -1.007788 1.490242 -0.466775
v -1.011333 1.504699 -0.466775
v -0.996352 1.478309 -0.466775
v -0.982060 1.474151 -0.466775
v -0.966008 1.478087 -0.466775
v -0.955260 1.488386 -0.466775
v -0.950643 1.504256 -0.466775
v -0.954189 1.518713 -0.466775
v -0.965624 1.530646 -0.466775
v -0.979917 1.534804 -0.466775
v -0.995969 1.530868 -0.466775
v -1.006716 1.520569 -0.466775
v -0.875848 1.584462 -0.377434
v -0.862359 1.565655 -0.377434
v -0.898684 1.588221 -0.377434
v -0.917491 1.574732 -0.377434
v -0.921250 1.551896 -0.377434
v -0.907761 1.533089 -0.377434
v -0.884925 1.529330 -0.377434
v -0.866118 1.542819 -0.377434
v -0.929352 1.443296 -0.440095
v -0.938286 1.446996 -0.440095
v -0.938286 1.446996 -0.446922
v -0.929352 1.443296 -0.446922
v -0.919242 1.443296 -0.440095
v -0.919242 1.443296 -0.446922
v -0.910308 1.446996 -0.440095
v -0.910308 1.446996 -0.446922
v -0.903159 1.454145 -0.440095
v -0.903159 1.454145 -0.446922
v -0.899459 1.463079 -0.440095
v -0.899459 1.463079 -0.446922
v -0.899459 1.473189 -0.440095
v -0.899459 1.473189 -0.446922
v -0.903159 1.482123 -0.440095
v -0.903159 1.482123 -0.446922
v -0.910308 1.489272 -0.440095
v -0.910308 1.489272 -0.446922
v -0.919242 1.492973 -0.440095
v -0.919242 1.492973 -0.446922
v -0.929352 1.492973 -0.440095
v -0.929352 1.492973 -0.446922
v -0.938286 1.489272 -0.440095
v -0.938286 1.489272 -0.446922
v -0.945435 1.482123 -0.440095
v -0.945435 1.482123 -0.446922
v -0.949136 1.473189 -0.440095
v -0.949136 1.473189 -0.446922
v -0.949136 1.463079 -0.440095
v -0.949136 1.463079 -0.446922
v -0.945435 1.454145 -0.440095
v -0.945435 1.454145 -0.446922
v -0.934684 1.478521 -0.392751
v -0.924297 1.482823 -0.392751
v -0.924297 1.482823 -0.440095
v -0.934684 1.478521 -0.440095
v -0.938986 1.468134 -0.392751
v -0.938986 1.468134 -0.440095
v -0.934684 1.457747 -0.392751
v -0.934684 1.457747 -0.440095
v -0.924297 1.453445 -0.392751
v -0.924297 1.453445 -0.440095
v -0.913910 1.457748 -0.392751
v -0.913910 1.457748 -0.440095
v -0.909608 1.468134 -0.392751
v -0.909608 1.468134 -0.440095
v -0.913910 1.478521 -0.392751
v -0.913910 1.478521 -0.440095
v -0.852265 1.571182 -0.414970
v -0.851693 1.571438 -0.415325
v -0.850094 1.567765 -0.409812
v -0.849417 1.567803 -0.409798
v -0.851778 1.563795 -0.403230
v -0.851166 1.563679 -0.402964
v -0.856421 1.560615 -0.398189
v -0.856046 1.560337 -0.397666
v -0.863686 1.559514 -0.396954
v -0.863785 1.559164 -0.396350
v -0.873518 1.561809 -0.401863
v -0.873836 1.561509 -0.401368
v -0.852940 1.582015 -0.407958
v -0.850867 1.578827 -0.403184
v -0.852504 1.574953 -0.396762
v -0.857075 1.571817 -0.391790
v -0.864280 1.570723 -0.390560
v -0.874099 1.573014 -0.395462
v -0.852367 1.582271 -0.408312
v -0.850190 1.578864 -0.403170
v -0.851892 1.574838 -0.396496
v -0.856700 1.571539 -0.391266
v -0.864380 1.570373 -0.389956
v -0.874416 1.572715 -0.394967
v -0.968743 1.500915 -0.466775
v -0.971780 1.513301 -0.466775
v -0.984026 1.516863 -0.466775
v -0.993234 1.508040 -0.398861
v -0.993234 1.508040 -0.466775
v -0.990196 1.495654 -0.398861
v -0.990196 1.495654 -0.466775
v -0.977951 1.492092 -0.398861
v -0.977951 1.492092 -0.466775
v -1.001115 1.516882 -0.398861
v -1.004628 1.504804 -0.398861
v -1.001794 1.493250 -0.398861
v -0.993091 1.484168 -0.398861
v -0.981668 1.480845 -0.398861
v -0.969452 1.483841 -0.398861
v -0.723022 2.272139 -0.643007
v -0.796074 2.245100 -0.628978
v -0.796074 2.245100 0.628978
v -0.795979 2.195261 -0.628978
v -0.795979 2.195261 0.628978
v -0.843020 0.568550 -0.343624
v -0.774384 0.529543 -0.343624
v -0.729898 0.490987 -0.343624
v -0.679613 0.429781 -0.343624
v -0.642213 0.364185 -0.343624
v -0.642213 0.364185 0.343625
v -0.679613 0.429781 0.343625
v -0.729898 0.490987 0.343625
v -0.774384 0.529543 0.343625
v -0.843020 0.568550 0.343625
v -0.723022 2.272139 0.643007
v 1.401120 1.407793 0.575950
v 1.401120 1.429396 0.573607
v 1.401120 1.448275 0.564463
v 1.401120 1.464148 0.551283
v 1.401120 1.476016 0.533471
v 1.401120 1.480949 0.512883
v 1.401120 1.480949 -0.499442
v 1.401121 1.476016 -0.520029
v 1.401121 1.464148 -0.537842
v 1.401120 1.448275 -0.551022
v 1.401120 1.429396 -0.560166
v 1.401120 1.407793 -0.562509
v 1.401120 1.407814 0.594082
v 1.401120 1.431619 0.590675
v 1.401120 1.455969 0.578842
v 1.401120 1.475017 0.562081
v 1.401120 1.488606 0.540209
v 1.401120 1.495565 0.515711
v 1.401120 1.495565 -0.502270
v 1.401120 1.488606 -0.526767
v 1.401120 1.475017 -0.548640
v 1.401120 1.455969 -0.565401
v 1.401120 1.431619 -0.577234
v 1.401120 1.407814 -0.580641
v 1.408751 0.622991 -0.135787
v 1.396442 0.609088 -0.147700
v 1.397820 0.610192 -0.135787
v 1.407367 0.638180 -0.135787
v 1.396276 0.638122 -0.147297
v 1.407457 0.600379 -0.158233
v 1.407452 0.638122 -0.158473
v 1.418455 0.611436 -0.148335
v 1.418629 0.638122 -0.147297
v 1.419925 0.612567 -0.135787
v 1.409851 0.600150 -0.135787
v -1.034061 1.376031 -0.418304
v -1.043777 1.368497 -0.418304
v -1.070763 1.415236 -0.418304
v -1.058942 1.419127 -0.418304
v -0.968885 1.524786 -0.377434
v -0.980309 1.528110 -0.377434
v -0.992526 1.525113 -0.377434
v -1.001114 1.516883 -0.377434
v -1.004628 1.504806 -0.377434
v -1.001794 1.493250 -0.377434
v -0.993091 1.484168 -0.377434
v -0.981668 1.480845 -0.377434
v -0.969452 1.483841 -0.377434
v -0.960863 1.492072 -0.377434
v -0.957349 1.504150 -0.377434
v -0.960182 1.515705 -0.377434
v -0.869010 1.595469 -0.408801
v -0.881874 1.598658 -0.412063
v -0.891508 1.593047 -0.419937
v -0.892269 1.581924 -0.427811
v -0.883710 1.571805 -0.431072
v -0.870846 1.568617 -0.427811
v -1.351853 0.993401 -0.209770
v -1.368094 0.993401 0.000000
v -1.350173 0.996661 0.000000
v -1.337508 0.996661 -0.209439
v -1.346882 1.010725 0.000000
v -1.344201 0.993401 -0.380525
v -1.332020 1.010725 -0.209434
v -1.321160 0.996661 -0.378576
v -1.315676 1.010725 -0.378525
v -1.287079 0.996661 -0.623503
v -1.169213 0.996661 -0.671194
v 0.300930 2.055336 -0.583367
v 0.326032 2.068343 -0.603141
v 0.265203 2.110049 -0.581452
v 0.326032 2.068343 -0.642688
v 0.287153 2.129960 -0.602183
v 0.216416 2.155567 -0.581452
v 0.300930 2.055336 -0.662462
v 0.160974 2.192339 -0.581452
v 0.265203 2.110049 -0.664373
v 0.287153 2.129960 -0.643643
v 0.216416 2.155567 -0.664373
v 0.234776 2.178829 -0.643643
v 0.234776 2.178829 -0.602183
v 0.175261 2.218302 -0.602183
v 0.175261 2.218302 -0.643643
v 0.160974 2.192339 -0.664373
v 0.100061 2.219577 -0.581452
v 0.109866 2.247543 -0.602183
v 0.034864 2.236495 -0.581452
v 0.039861 2.265710 -0.602183
v -0.723022 2.271538 -0.601553
v 0.109866 2.247543 -0.643643
v 0.039861 2.265710 -0.643643
v 0.100061 2.219577 -0.664373
v 0.034864 2.236496 -0.664373
v -0.773602 2.242751 -0.664479
v -0.772424 2.213592 -0.645939
v 0.394823 2.104059 -0.659031
v 0.276393 2.057648 -0.659031
v 0.340776 1.884904 -0.659031
v -0.214035 1.123543 -0.259523
v -0.133602 1.134054 -0.256895
v -0.221128 1.236198 -0.267279
v -0.494945 1.226247 -0.135425
v -0.140172 1.228670 -0.248866
v -0.084390 1.193135 -0.236174
v -0.092307 1.150604 -0.222633
v -0.219859 1.203988 -0.135425
v -0.140306 1.224413 -0.135425
v -0.082269 1.193437 -0.135425
v -0.140306 1.217773 -0.094730
v -0.219859 1.203988 0.135425
v -0.494945 1.226247 0.135425
v -0.140306 1.217773 0.094730
v -0.113775 1.187763 -0.094730
v -0.083556 1.149580 -0.135425
v -0.117893 1.149580 -0.094730
v -0.113775 1.187763 0.094730
v -0.117893 1.149580 0.094731
v -0.083556 1.149580 0.135425
v -0.082269 1.193437 0.135425
v -0.140306 1.224413 0.135425
v -0.084390 1.193135 0.236174
v -0.092307 1.150604 0.222633
v -0.133602 1.134054 0.256895
v -0.140172 1.228670 0.248866
v -0.214035 1.123543 0.259523
v -0.221128 1.236198 0.267279
v -1.351853 0.993401 0.209770
v -1.337508 0.996661 0.209439
v -1.344201 0.993401 0.380526
v -1.321160 0.996661 0.378576
v -1.332020 1.010725 0.209434
v -1.315676 1.010725 0.378525
v -1.287079 0.996661 0.623503
v -1.169213 0.996661 0.671194
v 0.300930 2.055336 0.583367
v 0.265203 2.110049 0.581453
v 0.326032 2.068343 0.603141
v 0.216416 2.155567 0.581453
v 0.287153 2.129960 0.602183
v 0.326032 2.068343 0.642688
v 0.160974 2.192339 0.581453
v 0.300930 2.055336 0.662461
v 0.287153 2.129960 0.643643
v 0.265203 2.110049 0.664373
v 0.234776 2.178829 0.602183
v 0.234776 2.178829 0.643643
v 0.216416 2.155567 0.664373
v 0.175261 2.218302 0.602183
v 0.175261 2.218302 0.643643
v 0.160974 2.192339 0.664373
v 0.100061 2.219577 0.581453
v 0.100061 2.219577 0.664373
v 0.034864 2.236495 0.581453
v 0.109866 2.247543 0.602183
v 0.039861 2.265710 0.602183
v -0.723022 2.271538 0.601553
v 0.109866 2.247543 0.643643
v 0.039861 2.265710 0.643643
v 0.034864 2.236496 0.664373
v -0.773602 2.242751 0.664479
v -0.772424 2.213592 0.645939
v 0.216700 1.590672 0.457301
v 0.215542 1.579556 0.444942
v 0.312838 1.562229 0.444942
v 0.316379 1.572894 0.457301
v 0.331501 1.553768 0.444942
v 0.217857 1.601788 0.444942
v 0.337758 1.563202 0.457301
v 0.345888 1.540483 0.444942
v 0.319921 1.583560 0.444942
v 0.216700 1.590672 0.432584
v 0.354795 1.547471 0.457301
v 0.355942 1.522310 0.444942
v 0.344015 1.572637 0.444942
v 0.316379 1.572894 0.432584
v 0.337758 1.563202 0.432584
v 0.363701 1.554459 0.444942
v 0.354795 1.547471 0.432584
v 0.366158 1.526932 0.457301
v 0.376373 1.531554 0.444942
v 0.366158 1.526932 0.432584
v 0.451797 1.321259 0.444942
v 0.441385 1.317185 0.457301
v 0.430973 1.313111 0.444942
v 0.441385 1.317185 0.432584
v 0.203097 1.566232 0.444942
v 0.206361 1.591611 0.473554
v 0.156442 1.573368 0.444942
v 0.209707 1.617551 0.444942
v 0.159747 1.599027 0.473554
v 0.101977 1.571572 0.444942
v 0.206361 1.591611 0.416330
v 0.159747 1.599027 0.416330
v 0.163052 1.624687 0.444942
v 0.106587 1.607300 0.405534
v 0.092976 1.608518 0.427920
v 0.091382 1.593207 0.444942
v 0.094570 1.623829 0.444942
v 0.111082 1.642255 0.444942
v 0.106587 1.607300 0.484351
v 0.092976 1.608518 0.461964
v 0.216700 1.590672 0.354477
v 0.215542 1.579556 0.342118
v 0.312838 1.562229 0.342118
v 0.316379 1.572894 0.354477
v 0.331501 1.553768 0.342118
v 0.217857 1.601788 0.342118
v 0.337758 1.563202 0.354477
v 0.345888 1.540483 0.342118
v 0.319921 1.583560 0.342118
v 0.216700 1.590672 0.329760
v 0.354795 1.547471 0.354477
v 0.355942 1.522310 0.342118
v 0.344015 1.572637 0.342118
v 0.316379 1.572894 0.329760
v 0.337758 1.563202 0.329760
v 0.363701 1.554459 0.342118
v 0.354795 1.547471 0.329760
v 0.366158 1.526932 0.354477
v 0.376373 1.531554 0.342118
v 0.366158 1.526932 0.329760
v 0.451797 1.321259 0.342118
v 0.441385 1.317185 0.354477
v 0.430973 1.313111 0.342118
v 0.441385 1.317185 0.329760
v 0.203097 1.566232 0.342118
v 0.206361 1.591611 0.370731
v 0.156442 1.573368 0.342118
v 0.209707 1.617551 0.342118
v 0.159747 1.599027 0.370731
v 0.101977 1.571572 0.342118
v 0.206361 1.591611 0.313506
v 0.159747 1.599027 0.313506
v 0.163052 1.624687 0.342118
v 0.106587 1.607300 0.302710
v 0.092976 1.608518 0.325096
v 0.091382 1.593207 0.342118
v 0.094570 1.623829 0.342118
v 0.111082 1.642255 0.342118
v 0.106587 1.607300 0.381527
v 0.092976 1.608518 0.359140
v 0.034388 1.423666 -0.062140
v -0.005246 1.393389 -0.002862
v 0.016548 1.410038 -0.075466
v -0.023453 1.417223 -0.002862
v 0.069903 1.450796 -0.114112
v -0.001659 1.433872 -0.075466
v 0.056760 1.440757 -0.134312
v 0.117401 1.487081 -0.147663
v 0.016181 1.447500 -0.062140
v 0.038553 1.464591 -0.134312
v 0.110542 1.481841 -0.172302
v 0.171154 1.528144 -0.158748
v 0.051695 1.474630 -0.114112
v 0.092335 1.505675 -0.172302
v 0.171405 1.528336 -0.184853
v 0.099194 1.510915 -0.147663
v 0.153198 1.552169 -0.184853
v 0.232008 1.574632 -0.170452
v 0.152947 1.551978 -0.158748
v 0.213801 1.598466 -0.170452
v 0.285043 1.615146 -0.130836
v 0.306022 1.631172 -0.058004
v 0.266836 1.638980 -0.130836
v 0.324112 1.644992 -0.070782
v 0.324031 1.644929 0.006686
v 0.305905 1.668826 -0.070782
v 0.344504 1.660569 0.002464
v 0.323371 1.644426 0.075226
v 0.287815 1.655006 -0.058004
v 0.326297 1.684403 0.002464
v 0.343757 1.659999 0.080070
v 0.304124 1.629722 0.139349
v 0.305824 1.668763 0.006686
v 0.325550 1.683833 0.080070
v 0.321964 1.643350 0.152675
v 0.305164 1.668260 0.075226
v 0.303757 1.667184 0.152675
v 0.281751 1.612631 0.211521
v 0.285917 1.653556 0.139349
v 0.263544 1.636465 0.211521
v 0.227970 1.571547 0.249510
v 0.167358 1.525244 0.235957
v 0.209763 1.595381 0.249510
v 0.167107 1.525053 0.262062
v 0.113834 1.484357 0.223238
v 0.148900 1.548886 0.262062
v 0.106503 1.478756 0.247661
v 0.066995 1.448575 0.188250
v 0.149151 1.549078 0.235957
v 0.088296 1.502590 0.247661
v 0.053468 1.438242 0.208044
v 0.032490 1.422216 0.135212
v 0.095627 1.508190 0.223238
v 0.035261 1.462076 0.208044
v 0.014399 1.408396 0.147991
v 0.048788 1.472409 0.188250
v -0.003808 1.432230 0.147991
v -0.005992 1.392819 0.074744
v 0.014283 1.446050 0.135212
v -0.024199 1.416653 0.074744
v 1.381906 0.431376 -0.285073
v 1.379812 0.420616 -0.285073
v 1.378281 0.421751 -0.247272
v 1.380985 0.432798 -0.247272
v 1.379942 0.450870 -0.214077
v 1.393203 0.429621 -0.285073
v 1.385457 0.455326 -0.221600
v 1.389515 0.479214 -0.194349
v 1.391964 0.429857 -0.247272
v 1.391109 0.418861 -0.285073
v 1.396336 0.483986 -0.201513
v 1.391384 0.515702 -0.182913
v 1.395226 0.450177 -0.217539
v 1.389260 0.418811 -0.247272
v 1.389679 0.445663 -0.209965
v 1.404924 0.478582 -0.196383
v 1.398118 0.473796 -0.189143
v 1.400464 0.520797 -0.187352
v 1.381981 0.554249 -0.162885
v 1.406832 0.516734 -0.178872
v 1.397752 0.511638 -0.174433
v 1.390927 0.559884 -0.167049
v 1.379039 0.567749 -0.150936
v 1.397630 0.554465 -0.159276
v 1.388684 0.548830 -0.155113
v 1.387986 0.573383 -0.155100
v 1.374708 0.592079 -0.115769
v 1.394689 0.567964 -0.147327
v 1.385743 0.562329 -0.143164
v 1.383448 0.598886 -0.118231
v 1.376669 0.604129 -0.049263
v 1.390650 0.590640 -0.114539
v 1.381910 0.583834 -0.112077
v 1.385447 0.611122 -0.050651
v 1.381793 0.609810 0.018352
v 1.392555 0.602343 -0.049864
v 1.383777 0.595351 -0.048476
v 1.390588 0.616821 0.017184
v 1.389020 0.611313 0.086918
v 1.397624 0.607962 0.017015
v 1.388828 0.600951 0.018183
v 1.397829 0.618327 0.085878
v 1.404806 0.609456 0.085153
v 1.405144 0.618416 0.144077
v 1.396532 0.611116 0.144271
v 1.412389 0.609237 0.144271
v 1.395997 0.602442 0.086192
v 1.403865 0.602212 0.144271
v 1.393278 0.406408 -0.285073
v 1.381827 0.407595 -0.285073
v 1.378561 0.406159 -0.247272
v 1.390177 0.404800 -0.247272
v 1.359277 0.390624 -0.196076
v 1.391806 0.394625 -0.285073
v 1.370373 0.388938 -0.192079
v 1.347465 0.381718 -0.141034
v 1.389261 0.393143 -0.247272
v 1.380356 0.395812 -0.285073
v 1.358996 0.380237 -0.138234
v 1.332696 0.380338 -0.080962
v 1.369657 0.377390 -0.195003
v 1.381476 0.394501 -0.247272
v 1.358561 0.379075 -0.199001
v 1.357467 0.368319 -0.138884
v 1.345936 0.369800 -0.141683
v 1.344228 0.378861 -0.078161
v 1.326674 0.386624 -0.036651
v 1.342703 0.366944 -0.078809
v 1.331171 0.368420 -0.081610
v 1.338535 0.384884 -0.036272
v 1.327906 0.401238 0.022349
v 1.336467 0.373396 -0.032937
v 1.324606 0.375136 -0.033316
v 1.338835 0.400749 0.022378
v 1.334358 0.422083 0.063047
v 1.336760 0.389263 0.025713
v 1.324901 0.391010 0.025331
v 1.345809 0.419178 0.061079
v 1.351408 0.449648 0.098391
v 1.344464 0.409785 0.068696
v 1.333013 0.412691 0.070665
v 1.362859 0.446731 0.096432
v 1.363513 0.478152 0.130366
v 1.361499 0.437343 0.104052
v 1.350049 0.440260 0.106011
v 1.374148 0.473773 0.127155
v 1.391372 0.516215 0.159519
v 1.374602 0.467642 0.137590
v 1.363967 0.472021 0.140800
v 1.402011 0.511819 0.156345
v 1.401533 0.546482 0.166652
v 1.402428 0.505704 0.166790
v 1.391790 0.510100 0.169965
v 1.411396 0.541850 0.163098
v 1.419605 0.572508 0.156856
v 1.414951 0.541163 0.175174
v 1.405088 0.545795 0.178726
v 1.429860 0.566869 0.154674
v 1.424620 0.588796 0.146483
v 1.433523 0.569670 0.166929
v 1.423269 0.575310 0.169113
v 1.433889 0.582120 0.143947
v 1.426072 0.598337 0.129944
v 1.441145 0.589159 0.150886
v 1.431925 0.595983 0.153492
v 1.435261 0.591270 0.127116
v 1.424276 0.607350 0.104212
v 1.443110 0.599084 0.134856
v 1.433918 0.606155 0.137685
v 1.433510 0.599983 0.102645
v 1.417502 0.612907 0.033129
v 1.440988 0.609276 0.103207
v 1.431754 0.616643 0.104774
v 1.426782 0.605518 0.032041
v 1.403186 0.610789 -0.103618
v 1.434149 0.614864 0.031440
v 1.424869 0.622254 0.032528
v 1.413206 0.602830 -0.104592
v 1.421090 0.612894 -0.105721
v 1.411070 0.620853 -0.104748
v 1.417409 0.612500 -0.106652
v 1.412074 0.605935 -0.106292
v 1.405809 0.611123 -0.105981
v 1.411129 0.617632 -0.106341
v 1.403207 0.610699 -0.135787
v 1.409726 0.605177 -0.135787
v 1.415516 0.612169 -0.135787
v 1.408973 0.617599 -0.135787
v -1.086204 1.404282 -0.431760
v -1.077352 1.394004 -0.442529
v -1.107284 1.386511 -0.429917
v -1.067109 1.388106 -0.429655
v -1.106992 1.372902 -0.440207
v -1.146670 1.388365 -0.428966
v -1.075960 1.398385 -0.418886
v -1.105240 1.362545 -0.426679
v -1.149136 1.374831 -0.439113
v -1.195728 1.397724 -0.421816
v -1.105532 1.376155 -0.416389
v -1.149177 1.364631 -0.425485
v -1.201967 1.384865 -0.431349
v -1.232768 1.408895 -0.402252
v -1.146710 1.378164 -0.415338
v -1.200138 1.374371 -0.417949
v -1.242604 1.397028 -0.409732
v -1.253445 1.412513 -0.371487
v -1.193900 1.387229 -0.408416
v -1.235710 1.385146 -0.398901
v -1.264827 1.400740 -0.376276
v -1.247982 1.396139 -0.334815
v -1.225875 1.397014 -0.391421
v -1.251145 1.387893 -0.375293
v -1.259076 1.383865 -0.338824
v -1.213105 1.352291 -0.301178
v -1.239762 1.399666 -0.370505
v -1.247123 1.376618 -0.350002
v -1.225316 1.341559 -0.306680
v -1.194265 1.321249 -0.297146
v -1.236029 1.388891 -0.345992
v -1.217827 1.340371 -0.322248
v -1.209577 1.315677 -0.303413
v -1.185488 1.289740 -0.312981
v -1.205616 1.351103 -0.316746
v -1.205639 1.320510 -0.319713
v -1.202285 1.289455 -0.316530
v -1.184173 1.263143 -0.341869
v -1.190327 1.326082 -0.313446
v -1.199999 1.300033 -0.329960
v -1.201085 1.265102 -0.342923
v -1.186976 1.242827 -0.379521
v -1.183202 1.300318 -0.326411
v -1.198998 1.278929 -0.352835
v -1.203784 1.245537 -0.379123
v -1.191315 1.230822 -0.422423
v -1.182086 1.276970 -0.351782
v -1.201472 1.261191 -0.385659
v -1.208105 1.233560 -0.421779
v -1.193312 1.225871 -0.479361
v -1.184664 1.258481 -0.386057
v -1.205494 1.250156 -0.424976
v -1.210158 1.228449 -0.480077
v -1.187488 1.227897 -0.530595
v -1.188703 1.247419 -0.425619
v -1.207485 1.245304 -0.480378
v -1.204007 1.230565 -0.534225
v -1.173063 1.234651 -0.569679
v -1.190639 1.242726 -0.479662
v -1.201653 1.247322 -0.531933
v -1.187674 1.238172 -0.578508
v -1.150049 1.243712 -0.590373
v -1.185134 1.244654 -0.528303
v -1.186490 1.254407 -0.573160
v -1.157592 1.249953 -0.605600
v -1.116462 1.253613 -0.588725
v -1.171879 1.250886 -0.564331
v -1.159692 1.264932 -0.597374
v -1.115991 1.262130 -0.603616
v -1.045792 1.268238 -0.567068
v -1.152149 1.258691 -0.582148
v -1.120954 1.276311 -0.595604
v -1.043852 1.277006 -0.581543
v -0.953332 1.279487 -0.555719
v -1.121425 1.267794 -0.580713
v -1.048194 1.291344 -0.573394
v -0.952559 1.288100 -0.570391
v -0.853162 1.282987 -0.553939
v -1.050135 1.282576 -0.558920
v -0.954970 1.302694 -0.561915
v -0.853996 1.291518 -0.568647
v -0.804054 1.282959 -0.557563
v -0.955743 1.294080 -0.547243
v -0.852913 1.297717 -0.545404
v -0.796394 1.291623 -0.572801
v -0.853747 1.306248 -0.560112
v -0.781031 1.306275 -0.565215
v -0.788691 1.297610 -0.549977
v -0.951719 1.315346 -0.418304
v -0.951719 1.315346 -0.378124
v -1.002434 1.333805 -0.378124
v -1.043777 1.368497 -0.378124
v -0.951719 1.315346 -0.504545
v -1.070763 1.415236 -0.378124
v -1.080135 1.468386 -0.378124
v -1.070763 1.521536 -0.378124
v -1.070763 1.521536 -0.418304
v -1.043778 1.568276 -0.378124
v -1.043778 1.568276 -0.418304
v -1.002434 1.602967 -0.378124
v -1.070763 1.521536 -0.504545
v -0.951719 1.621426 -0.378124
v -0.897749 1.621426 -0.378124
v -0.847033 1.602967 -0.378124
v -0.805690 1.568276 -0.378124
v -1.043778 1.568276 -0.504545
v -0.805690 1.568276 -0.418304
v -0.778705 1.521536 -0.378124
v -0.778705 1.521536 -0.418304
v -0.769333 1.468386 -0.378124
v -0.805690 1.568276 -0.504545
v -0.778705 1.415236 -0.378124
v -0.805690 1.368497 -0.378124
v -0.847033 1.333805 -0.378124
v -0.897749 1.315346 -0.378124
v -0.778705 1.521536 -0.504545
v -0.897749 1.315346 -0.418304
v -0.897749 1.315346 -0.504545
v -0.951719 1.315346 -0.532282
v -0.897749 1.315346 -0.532282
v -0.847033 1.333805 -0.532282
v -0.899416 1.327024 -0.532282
v -0.949178 1.327024 -0.532282
v -0.852654 1.344044 -0.532282
v -0.805690 1.368497 -0.532282
v -0.814533 1.376031 -0.532282
v -0.778705 1.415236 -0.532282
v -0.789652 1.419127 -0.532282
v -0.899416 1.327024 -0.504545
v -0.949178 1.327024 -0.504545
v -0.949178 1.327024 -0.418304
v -0.899416 1.327024 -0.418304
v -0.789652 1.517141 -0.418304
v -0.789652 1.517141 -0.504545
v -0.814533 1.560237 -0.418304
v -0.814533 1.560237 -0.504545
v -0.781010 1.468134 -0.532282
v -1.034061 1.560237 -0.418304
v -1.034061 1.560237 -0.504545
v -1.058942 1.517141 -0.418304
v -1.058942 1.517141 -0.504545
v -0.995940 1.344044 -0.532282
v -1.034061 1.376031 -0.532282
v -1.002434 1.333805 -0.532282
v -1.043777 1.368497 -0.532282
v -1.070763 1.415236 -0.532282
v -1.058942 1.419127 -0.532282
v -1.080135 1.468386 -0.532282
v -1.067584 1.468134 -0.532282
v -1.070763 1.521536 -0.532282
v -1.058942 1.517141 -0.532282
v -1.043778 1.568276 -0.532282
v -1.034061 1.560237 -0.532282
v -1.002434 1.602967 -0.532282
v -0.995940 1.592224 -0.532282
v -0.951719 1.621426 -0.532282
v -0.949179 1.609244 -0.532282
v -0.897749 1.621426 -0.532282
v -0.899416 1.609244 -0.532282
v -0.847033 1.602967 -0.532282
v -0.852654 1.592224 -0.532282
v -0.805690 1.568276 -0.532282
v -0.814533 1.560237 -0.532282
v -0.778705 1.521536 -0.532282
v -0.789652 1.517141 -0.532282
v -0.769333 1.468386 -0.532282
v -0.955701 1.292764 -0.336766
v -1.013899 1.313947 -0.336766
v -0.955701 1.292764 0.209154
v -1.061344 1.353757 -0.336766
v -1.013899 1.313946 0.209154
v -0.953962 1.302622 0.234532
v -1.008894 1.322616 0.234532
v -1.053675 1.360191 0.234533
v -1.061344 1.353757 0.209154
v -1.082904 1.410817 0.234533
v -1.092310 1.407393 -0.336766
v -1.092310 1.407393 0.209154
v -1.093055 1.468386 0.234533
v -1.103065 1.468386 -0.336766
v -1.103065 1.468386 0.209154
v -1.082904 1.525955 0.234533
v -1.092311 1.529379 -0.336766
v -1.092311 1.529379 0.209154
v -1.053675 1.576581 0.234533
v -1.061344 1.583016 -0.336766
v -1.061344 1.583015 0.209154
v -1.008894 1.614156 0.234533
v -1.013900 1.622826 -0.336766
v -1.013900 1.622826 0.209154
v -0.953962 1.634150 0.234533
v -0.955701 1.644008 -0.336766
v -0.955701 1.644008 0.209154
v -0.895505 1.634150 0.234533
v -0.893767 1.644008 -0.336766
v -0.893767 1.644008 0.209154
v -0.840573 1.614156 0.234533
v -0.835568 1.622826 -0.336766
v -0.835568 1.622826 0.209154
v -0.795792 1.576581 0.234533
v -0.788124 1.583016 -0.336766
v -0.788124 1.583015 0.209154
v -0.766564 1.525955 0.234533
v -0.757157 1.529379 -0.336766
v -0.757157 1.529379 0.209154
v -0.756413 1.468386 0.234533
v -0.746402 1.468386 -0.336766
v -0.746402 1.468386 0.209154
v -0.766564 1.410817 0.234533
v -0.757157 1.407393 -0.336766
v -0.757157 1.407393 0.209154
v -0.795792 1.360192 0.234533
v -0.788124 1.353757 -0.336766
v -0.788124 1.353757 0.209154
v -0.840573 1.322616 0.234532
v -0.835568 1.313947 -0.336766
v -0.835568 1.313947 0.209154
v -0.895505 1.302622 0.234532
v -0.893767 1.292764 -0.336766
v -0.893767 1.292764 0.209154
v 0.340776 1.884904 -0.786658
v 0.394823 2.104059 -0.786658
v 0.276393 2.057648 -0.786658
v -0.458422 1.306772 -0.261641
v -0.506767 1.303022 -0.123020
v -0.503783 1.369584 -0.122494
v -0.419308 1.371284 -0.279316
v -0.402014 1.452968 -0.291253
v -0.506767 1.303022 0.123021
v -0.458422 1.306772 0.261641
v -0.503783 1.369584 0.122494
v -0.419308 1.371284 0.279316
v -0.402014 1.452968 0.291253
v -0.516301 1.425461 -0.119034
v -0.516301 1.425461 0.119034
v -0.532796 1.492446 -0.118194
v -0.426477 1.513896 -0.291304
v -0.532796 1.492446 0.118194
v -0.426477 1.513896 0.291304
v -0.556407 1.578351 -0.116059
v -0.514632 1.596657 -0.277130
v -0.556407 1.578351 0.116059
v -0.514632 1.596657 0.277130
v -0.556535 1.693369 -0.100580
v -0.542918 1.697021 -0.212822
v -0.556535 1.693369 0.100580
v -0.542918 1.697021 0.212822
v -0.562971 1.756447 -0.076068
v -0.549252 1.754040 -0.177445
v -0.562971 1.756447 0.076068
v -0.549252 1.754040 0.177445
v -0.582530 1.779556 -0.075625
v -0.567315 1.776030 -0.160981
v -0.582530 1.779556 0.075625
v -0.567315 1.776030 0.160981
v -0.646617 1.782229 -0.160653
v -0.646617 1.782229 0.160653
v -0.649429 1.785250 -0.075656
v -0.649429 1.785250 0.075657
v -0.668384 1.765219 0.132936
v -0.668384 1.765219 -0.132936
v -0.659041 1.763360 0.176019
v -0.673774 1.706715 0.156772
v -0.664663 1.707798 0.227123
v -0.657080 1.581280 0.287570
v -0.672402 1.576342 0.171904
v -0.673774 1.706715 -0.156772
v -0.659041 1.763360 -0.176019
v -0.664663 1.707798 -0.227123
v -0.672402 1.576342 -0.171904
v -0.657080 1.581280 -0.287570
v -0.656227 1.467222 -0.171904
v -0.639913 1.470966 -0.302938
v -0.627746 1.403856 -0.301648
v -0.643175 1.399369 -0.172521
v -0.656227 1.467222 0.171904
v -0.639913 1.470966 0.302938
v -0.643175 1.399369 0.172521
v -0.627746 1.403856 0.301648
v -0.631725 1.348609 0.173808
v -0.619027 1.356738 0.291060
v -0.612583 1.192156 0.135425
v -0.612583 1.192156 -0.135425
v -0.631725 1.348609 -0.173808
v -0.619027 1.356738 -0.291059
v -1.182237 0.259872 0.694287
v -1.174576 0.308241 0.694287
v -1.174576 0.211502 0.694287
v -1.152343 0.351876 0.694287
v -1.152343 0.167868 0.694287
v -1.117715 0.386505 0.694287
v -1.117715 0.133239 0.694287
v -1.074080 0.408738 0.694287
v -1.074080 0.111006 0.694287
v -1.025710 0.416398 0.694287
v -1.025711 0.103345 0.694287
v -0.977341 0.408738 0.694287
v -0.977341 0.111006 0.694287
v -0.933706 0.386505 0.694287
v -0.933706 0.133239 0.694287
v -0.899078 0.351876 0.694287
v -0.899078 0.167867 0.694287
v -0.876845 0.308241 0.694287
v -0.876845 0.211502 0.694287
v -0.869184 0.259872 0.694287
v 0.657443 0.349272 0.686728
v 0.663849 0.397937 0.686728
v 0.663850 0.300607 0.686728
v 0.682633 0.443285 0.686728
v 0.682633 0.255258 0.686728
v 0.712514 0.482227 0.686728
v 0.712514 0.216317 0.686728
v 0.751456 0.512108 0.686728
v 0.751456 0.186436 0.686728
v 0.796804 0.530892 0.686728
v 0.796805 0.167652 0.686728
v 0.845469 0.537299 0.686728
v 0.845469 0.161245 0.686728
v 0.894134 0.530892 0.686728
v 0.894134 0.167652 0.686728
v 0.939483 0.512108 0.686728
v 0.939483 0.186436 0.686728
v 0.978424 0.482227 0.686728
v 0.978424 0.216317 0.686728
v 1.008305 0.443285 0.686728
v 1.008305 0.255259 0.686728
v 1.027089 0.397937 0.686728
v 1.027089 0.300607 0.686728
v 1.033496 0.349272 0.686728
v 1.412527 0.636910 0.154940
v 1.405172 0.636910 0.162295
v 1.405172 0.636910 0.147584
v 1.397817 0.636910 0.154940
v -1.177421 0.308281 -0.703932
v -1.185213 0.259089 -0.703932
v -1.154810 0.352657 -0.703932
v -1.177421 0.209898 -0.703932
v -1.119593 0.387875 -0.703932
v -1.154810 0.165521 -0.703932
v -1.075216 0.410486 -0.703932
v -1.119593 0.130304 -0.703932
v -1.026025 0.418277 -0.703932
v -1.075217 0.107693 -0.703932
v -0.976833 0.410486 -0.703932
v -1.026025 0.099901 -0.703932
v -0.932456 0.387875 -0.703932
v -0.976833 0.107692 -0.703932
v -0.897239 0.352657 -0.703932
v -0.932456 0.130303 -0.703932
v -0.874628 0.308281 -0.703932
v -0.897239 0.165521 -0.703932
v -0.866837 0.259089 -0.703932
v -0.874628 0.209897 -0.703932
v 0.663535 0.397154 -0.695834
v 0.657129 0.348489 -0.695834
v 0.682319 0.442503 -0.695834
v 0.663535 0.299824 -0.695834
v 0.712200 0.481444 -0.695834
v 0.682319 0.254476 -0.695834
v 0.751142 0.511325 -0.695834
v 0.712200 0.215534 -0.695834
v 0.796490 0.530109 -0.695834
v 0.751142 0.185653 -0.695834
v 0.845155 0.536516 -0.695834
v 0.796490 0.166869 -0.695834
v 0.893820 0.530109 -0.695834
v 0.845155 0.160463 -0.695834
v 0.939168 0.511325 -0.695834
v 0.893820 0.166870 -0.695834
v 0.978110 0.481444 -0.695834
v 0.939169 0.185654 -0.695834
v 1.007991 0.442503 -0.695834
v 0.978110 0.215534 -0.695834
v 1.026775 0.397154 -0.695834
v 1.007991 0.254476 -0.695834
v 1.033182 0.348489 -0.695834
v 1.026775 0.299825 -0.695834
v -0.963494 1.468134 -0.377434
v -0.952014 1.495851 -0.377434
v -0.941521 1.485358 -0.392751
v -0.948655 1.468134 -0.392751
v -0.924297 1.492492 -0.392751
v -0.952014 1.440418 -0.377434
v -0.924297 1.507331 -0.377434
v -0.941521 1.450910 -0.392751
v -0.907073 1.485358 -0.392751
v -0.924297 1.428937 -0.377434
v -0.896581 1.495851 -0.377434
v -0.924297 1.443776 -0.392751
v -0.899939 1.468134 -0.392751
v -0.896581 1.440418 -0.377434
v -0.885100 1.468134 -0.377434
v -0.907073 1.450910 -0.392751
v -0.924297 1.468134 -0.452803
v -1.075374 1.468386 0.256709
v -1.066289 1.519908 0.256709
v -1.066289 1.416864 0.256709
v -1.040131 1.565216 0.256709
v -1.036246 1.468386 0.279319
v -1.000054 1.598844 0.256709
v -1.029521 1.506526 0.279319
v -1.029521 1.430247 0.279319
v -1.010157 1.540065 0.279319
v -1.010157 1.396707 0.279319
v -1.040131 1.371557 0.256709
v -0.980490 1.371814 0.279319
v -1.000054 1.337928 0.256709
v -0.980490 1.564959 0.279319
v -0.944098 1.358568 0.279319
v -0.950892 1.320035 0.256709
v -0.950892 1.616738 0.256709
v -0.944098 1.578205 0.279319
v -0.898575 1.616738 0.256709
v -0.905370 1.358568 0.279319
v -0.905370 1.578205 0.279319
v -0.849414 1.598844 0.256709
v -0.898575 1.320035 0.256709
v -0.809337 1.565216 0.256709
v -0.849414 1.337928 0.256709
v -0.868977 1.371814 0.279319
v -0.809337 1.371557 0.256709
v -0.839310 1.396707 0.279319
v -0.868977 1.564959 0.279319
v -0.839310 1.540065 0.279319
v -0.819946 1.430247 0.279319
v -0.783178 1.416864 0.256709
v -0.819946 1.506526 0.279319
v -0.774094 1.468386 0.256709
v -0.813221 1.468386 0.279319
v -0.783178 1.519908 0.256709
vt 0.948242 0.257324
vt 0.937012 0.291504
vt 0.899902 0.272461
vt 0.911133 0.237793
vt 0.910645 0.174805
vt 0.936035 0.141602
vt 0.936035 0.218750
vt 0.911133 0.218750
vt 0.812500 0.281738
vt 0.842773 0.281738
vt 0.841309 0.310547
vt 0.812988 0.310547
vt 0.805176 0.367188
vt 0.812012 0.333984
vt 0.834961 0.333984
vt 0.822266 0.354980
vt 0.954590 0.353027
vt 0.967773 0.353516
vt 0.966309 0.514404
vt 0.953125 0.514404
vt 0.820801 0.087402
vt 0.847168 0.066895
vt 0.847168 0.090820
vt 0.825195 0.107422
vt 0.872559 0.091309
vt 0.949219 0.141602
vt 0.950195 0.218750
vt 0.946289 0.221680
vt 0.946289 0.143555
vt 0.939453 0.143555
vt 0.939941 0.221680
vt 0.012726 0.828369
vt 0.009674 0.828369
vt 0.009674 0.703613
vt 0.012726 0.701660
vt 0.012726 0.837158
vt 0.009674 0.837158
vt 0.012726 0.846558
vt 0.009674 0.846558
vt 0.012726 0.855835
vt 0.009674 0.855835
vt 0.012726 0.865112
vt 0.009674 0.865112
vt 0.012726 0.874390
vt 0.009674 0.874390
vt 0.037048 0.874390
vt 0.037048 0.865112
vt 0.039825 0.865112
vt 0.039825 0.874390
vt 0.037048 0.855835
vt 0.039825 0.855835
vt 0.037048 0.846558
vt 0.039825 0.846558
vt 0.037048 0.837158
vt 0.039825 0.837158
vt 0.037048 0.828369
vt 0.039825 0.828369
vt 0.037048 0.700439
vt 0.039825 0.701904
vt 0.158447 0.711426
vt 0.158447 0.879639
vt 0.140747 0.878113
vt 0.140747 0.708496
vt 0.167969 0.710693
vt 0.170654 0.710693
vt 0.170654 0.886536
vt 0.167969 0.882385
vt 0.184692 0.884460
vt 0.185059 0.708496
vt 0.187256 0.877686
vt 0.187744 0.880310
vt 0.163696 0.711426
vt 0.163696 0.879761
vt 0.584961 0.839111
vt 0.584961 0.835815
vt 0.589355 0.835815
vt 0.597656 0.839111
vt 0.597656 0.835815
vt 0.600586 0.835815
vt 0.600586 0.839111
vt 0.565918 0.870117
vt 0.565430 0.920349
vt 0.552246 0.919739
vt 0.552734 0.870483
vt 0.490234 0.755493
vt 0.494873 0.754150
vt 0.494873 0.757568
vt 0.485352 0.758057
vt 0.483398 0.754150
vt 0.490234 0.765747
vt 0.483398 0.766479
vt 0.485352 0.763184
vt 0.494873 0.763184
vt 0.494873 0.766479
vt 0.500488 0.095215
vt 0.500488 0.093750
vt 0.539551 0.107910
vt 0.713379 0.203125
vt 0.697266 0.203125
vt 0.713379 0.166504
vt 0.900391 0.175293
vt 0.931641 0.141602
vt 0.358154 0.927307
vt 0.358154 0.935303
vt 0.355713 0.936584
vt 0.358154 0.959106
vt 0.335449 0.972549
vt 0.335449 0.954132
vt 0.358154 0.954132
vt 0.825195 0.358398
vt 0.845215 0.320312
vt 0.846680 0.323242
vt 0.827148 0.359375
vt 0.873047 0.295898
vt 0.937988 0.295898
vt 0.937988 0.298828
vt 0.874512 0.298828
vt 0.944336 0.297363
vt 0.942871 0.300293
vt 0.948730 0.300293
vt 0.947266 0.302734
vt 0.953125 0.304199
vt 0.955566 0.309082
vt 0.953125 0.310547
vt 0.950684 0.306152
vt 0.956055 0.309570
vt 0.962402 0.332031
vt 0.958496 0.330566
vt 0.850098 0.324219
vt 0.830078 0.360840
vt 0.936035 0.302246
vt 0.874023 0.302246
vt 0.940918 0.303223
vt 0.945312 0.305664
vt 0.948730 0.309082
vt 0.951172 0.313965
vt 0.955566 0.330566
vt 0.195557 0.708496
vt 0.192627 0.877869
vt 0.294922 0.574707
vt 0.297607 0.574463
vt 0.297607 0.724121
vt 0.294922 0.724121
vt 0.274170 0.727783
vt 0.273438 0.727539
vt 0.273438 0.571045
vt 0.274170 0.570801
vt 0.507324 0.767700
vt 0.506348 0.767578
vt 0.506836 0.766846
vt 0.507324 0.766968
vt 0.272461 0.727539
vt 0.272461 0.571045
vt 0.304688 0.736816
vt 0.300293 0.736816
vt 0.300781 0.734131
vt 0.304688 0.734131
vt 0.306885 0.736816
vt 0.306885 0.741699
vt 0.306152 0.741699
vt 0.306152 0.736816
vt 0.306885 0.746338
vt 0.306152 0.745850
vt 0.278809 0.729492
vt 0.278809 0.569336
vt 0.279541 0.569824
vt 0.279541 0.729004
vt 0.280273 0.729004
vt 0.280273 0.569824
vt 0.281006 0.569336
vt 0.281006 0.729492
vt 0.304688 0.746338
vt 0.304688 0.741699
vt 0.305420 0.741699
vt 0.305420 0.745850
vt 0.305420 0.736816
vt 0.305420 0.734131
vt 0.306885 0.734131
vt 0.306152 0.734131
vt 0.302246 0.728516
vt 0.302246 0.729492
vt 0.298096 0.729248
vt 0.306396 0.727539
vt 0.305420 0.728760
vt 0.303223 0.728760
vt 0.399658 0.766968
vt 0.399658 0.780884
vt 0.373047 0.780884
vt 0.399170 0.765991
vt 0.372559 0.779907
vt 0.387695 0.758057
vt 0.829590 0.373535
vt 0.861328 0.373535
vt 0.860352 0.492676
vt 0.828613 0.491699
vt 0.852051 0.323730
vt 0.881836 0.333984
vt 0.832031 0.361816
vt 0.935547 0.304199
vt 0.873047 0.304199
vt 0.364258 0.764160
vt 0.363037 0.777466
vt 0.361572 0.776367
vt 0.361084 0.763794
vt 0.876953 0.400879
vt 0.875977 0.465332
vt 0.891602 0.346191
vt 0.876953 0.375488
vt 0.954102 0.333984
vt 0.949707 0.314453
vt 0.947754 0.310547
vt 0.944336 0.307129
vt 0.940430 0.304688
vt 0.372803 0.774414
vt 0.367432 0.781006
vt 0.827637 0.374512
vt 0.826660 0.491211
vt 0.417236 0.759033
vt 0.432617 0.758301
vt 0.423340 0.783691
vt 0.565430 0.297363
vt 0.562988 0.296875
vt 0.568848 0.277344
vt 0.571289 0.280762
vt 0.961914 0.335449
vt 0.958984 0.344238
vt 0.958984 0.335449
vt 0.994629 0.354004
vt 0.993652 0.514160
vt 0.553711 0.366699
vt 0.534668 0.367188
vt 0.545898 0.312012
vt 0.570312 0.311523
vt 0.439941 0.819214
vt 0.439453 0.800903
vt 0.445068 0.807129
vt 0.445068 0.819214
vt 0.607422 0.976334
vt 0.612793 0.949677
vt 0.607422 0.982315
vt 0.620117 0.950043
vt 0.627441 0.950226
vt 0.627441 0.982315
vt 0.620117 0.982315
vt 0.635254 0.950287
vt 0.635254 0.982315
vt 0.491455 0.786499
vt 0.508789 0.786499
vt 0.508789 0.818970
vt 0.491455 0.818970
vt 0.457031 0.873657
vt 0.472656 0.877258
vt 0.472900 0.889343
vt 0.457031 0.892883
vt 0.455811 0.904358
vt 0.457031 0.906921
vt 0.457031 0.915588
vt 0.455811 0.918457
vt 0.256348 0.776367
vt 0.256348 0.760254
vt 0.260742 0.756958
vt 0.260742 0.778809
vt 0.260742 0.704590
vt 0.260742 0.726318
vt 0.255615 0.722900
vt 0.255615 0.707275
vt 0.262939 0.756958
vt 0.267822 0.760132
vt 0.267822 0.776367
vt 0.262939 0.778809
vt 0.267578 0.722900
vt 0.262939 0.726318
vt 0.262939 0.704590
vt 0.267578 0.707275
vt 0.935547 0.401367
vt 0.934570 0.465820
vt 0.808594 0.663330
vt 0.801270 0.667236
vt 0.790039 0.662842
vt 0.806641 0.399414
vt 0.754395 0.399414
vt 0.749512 0.394531
vt 0.811523 0.394531
vt 0.805176 0.666504
vt 0.816895 0.399414
vt 0.816895 0.394531
vt 0.749512 0.401367
vt 0.743652 0.401367
vt 0.744141 0.394531
vt 0.312988 0.780884
vt 0.304932 0.776978
vt 0.304199 0.759155
vt 0.311768 0.755981
vt 0.305908 0.785522
vt 0.289062 0.778564
vt 0.291992 0.771484
vt 0.280762 0.757690
vt 0.288818 0.759155
vt 0.285156 0.775269
vt 0.306641 0.751465
vt 0.286133 0.751465
vt 0.847168 0.118652
vt 0.872559 0.095215
vt 0.581055 0.026367
vt 0.581055 0.002930
vt 0.584961 0.012695
vt 0.584961 0.016602
vt 0.592285 0.002930
vt 0.592285 0.026367
vt 0.588379 0.016602
vt 0.588379 0.012695
vt 0.566406 0.031738
vt 0.563477 0.031738
vt 0.563477 0.007812
vt 0.566406 0.007812
vt 0.575684 0.031738
vt 0.572266 0.031738
vt 0.572266 0.007812
vt 0.575684 0.007812
vt 0.569336 0.031738
vt 0.569336 0.007812
vt 0.393311 0.935303
vt 0.393311 0.959106
vt 0.387695 0.953583
vt 0.387695 0.940796
vt 0.359131 0.953583
vt 0.359131 0.940796
vt 0.343750 0.747314
vt 0.343750 0.734619
vt 0.344971 0.734619
vt 0.344971 0.747314
vt 0.315430 0.747314
vt 0.343750 0.748535
vt 0.315430 0.748535
vt 0.315430 0.734619
vt 0.314209 0.747314
vt 0.314209 0.734619
vt 0.315430 0.733398
vt 0.343750 0.733398
vt 0.218872 0.872070
vt 0.224365 0.868774
vt 0.223022 0.872070
vt 0.398193 0.963135
vt 0.398193 0.998734
vt 0.365967 0.998645
vt 0.690918 0.200684
vt 0.574219 0.114746
vt 0.573242 0.116211
vt 0.277588 0.797119
vt 0.249512 0.797119
vt 0.249512 0.789551
vt 0.277588 0.789551
vt 0.675781 0.164551
vt 0.675781 0.195801
vt 0.417236 0.556152
vt 0.404785 0.539795
vt 0.429688 0.539795
vt 0.737793 0.357422
vt 0.737793 0.385254
vt 0.661133 0.357422
vt 0.734375 0.400391
vt 0.726562 0.414062
vt 0.714844 0.425781
vt 0.702148 0.435059
vt 0.687012 0.441406
vt 0.669922 0.444824
vt 0.659668 0.445312
vt 0.765137 0.122559
vt 0.762207 0.120117
vt 0.764160 0.118164
vt 0.746582 0.122559
vt 0.748535 0.118164
vt 0.743164 0.101074
vt 0.037048 0.961731
vt 0.039825 0.957947
vt 0.616211 0.950226
vt 0.452393 0.921326
vt 0.452637 0.901978
vt 0.445312 0.921448
vt 0.445557 0.902100
vt 0.009674 0.957947
vt 0.012665 0.973831
vt 0.010284 0.973816
vt 0.304688 0.729736
vt 0.303223 0.729492
vt 0.900391 0.142090
vt 0.379883 0.556152
vt 0.379883 0.543457
vt 0.432129 0.755493
vt 0.436035 0.760864
vt 0.434814 0.780884
vt 0.374756 0.771729
vt 0.996582 0.336426
vt 0.846680 0.257324
vt 0.883301 0.237793
vt 0.895020 0.272461
vt 0.857910 0.291504
vt 0.883789 0.174805
vt 0.883789 0.218750
vt 0.858887 0.218750
vt 0.858887 0.141602
vt 0.812500 0.252930
vt 0.841309 0.252930
vt 0.805176 0.196289
vt 0.821777 0.208496
vt 0.834961 0.229492
vt 0.811523 0.229492
vt 0.967285 0.087402
vt 0.963379 0.107422
vt 0.941406 0.090820
vt 0.941406 0.066895
vt 0.845703 0.141602
vt 0.848633 0.143555
vt 0.848633 0.221680
vt 0.844727 0.218750
vt 0.854980 0.221680
vt 0.855469 0.143555
vt 0.072998 0.828369
vt 0.072998 0.701660
vt 0.076050 0.703613
vt 0.076050 0.828369
vt 0.076050 0.837158
vt 0.072998 0.837158
vt 0.076050 0.846558
vt 0.072998 0.846558
vt 0.076050 0.855835
vt 0.072998 0.855835
vt 0.076050 0.865112
vt 0.072998 0.865112
vt 0.076050 0.874390
vt 0.072998 0.874390
vt 0.048645 0.874390
vt 0.045868 0.874390
vt 0.045868 0.865112
vt 0.048645 0.865112
vt 0.045868 0.855835
vt 0.048645 0.855835
vt 0.045868 0.846558
vt 0.048645 0.846558
vt 0.045868 0.837158
vt 0.048645 0.837158
vt 0.045868 0.828369
vt 0.048645 0.828369
vt 0.045868 0.701904
vt 0.048645 0.700439
vt 0.120483 0.711182
vt 0.138184 0.708252
vt 0.138184 0.877930
vt 0.120483 0.879517
vt 0.115234 0.711182
vt 0.115234 0.879639
vt 0.111023 0.882202
vt 0.111023 0.710693
vt 0.108398 0.886353
vt 0.108398 0.710449
vt 0.094360 0.884338
vt 0.091248 0.880188
vt 0.091736 0.877563
vt 0.094360 0.708252
vt 0.573242 0.822998
vt 0.577637 0.822998
vt 0.577637 0.826172
vt 0.564941 0.826172
vt 0.562012 0.826172
vt 0.562012 0.822998
vt 0.564941 0.822998
vt 0.610840 0.882751
vt 0.624512 0.883057
vt 0.625000 0.932373
vt 0.611816 0.933044
vt 0.501953 0.755493
vt 0.497314 0.757568
vt 0.497314 0.754150
vt 0.508789 0.754150
vt 0.506836 0.758057
vt 0.501953 0.765747
vt 0.497314 0.766479
vt 0.497314 0.763184
vt 0.832031 0.184570
vt 0.791992 0.197266
vt 0.832031 0.182617
vt 0.763672 0.173828
vt 0.763672 0.137207
vt 0.779785 0.174805
vt 0.863281 0.141602
vt 0.894531 0.175293
vt 0.279541 0.927307
vt 0.282227 0.936584
vt 0.279541 0.935303
vt 0.279541 0.959106
vt 0.279785 0.954132
vt 0.302490 0.954132
vt 0.302490 0.972549
vt 0.823730 0.507080
vt 0.826172 0.506104
vt 0.845215 0.542236
vt 0.843262 0.545654
vt 0.870605 0.570557
vt 0.872070 0.567139
vt 0.935547 0.568359
vt 0.935547 0.571533
vt 0.940430 0.567139
vt 0.941895 0.570068
vt 0.945312 0.564941
vt 0.946777 0.567383
vt 0.950684 0.563477
vt 0.948730 0.561279
vt 0.950684 0.556885
vt 0.953613 0.558350
vt 0.954102 0.557861
vt 0.956543 0.536865
vt 0.960449 0.535889
vt 0.828613 0.504639
vt 0.848145 0.541504
vt 0.872070 0.563965
vt 0.933594 0.565186
vt 0.938965 0.564209
vt 0.943359 0.561768
vt 0.946777 0.558105
vt 0.948730 0.553711
vt 0.953613 0.536865
vt 0.086426 0.877747
vt 0.083923 0.708252
vt 0.484131 0.767700
vt 0.483887 0.766968
vt 0.484619 0.766846
vt 0.485107 0.767578
vt 0.291504 0.736328
vt 0.291504 0.733643
vt 0.295410 0.733643
vt 0.295898 0.736328
vt 0.289307 0.736328
vt 0.290039 0.736328
vt 0.290039 0.741211
vt 0.289307 0.741211
vt 0.290039 0.745361
vt 0.289307 0.746094
vt 0.291504 0.746094
vt 0.291016 0.745361
vt 0.291016 0.741211
vt 0.291504 0.741211
vt 0.291016 0.736328
vt 0.291016 0.733643
vt 0.289307 0.733643
vt 0.290039 0.733643
vt 0.298096 0.569336
vt 0.302246 0.569336
vt 0.302246 0.570068
vt 0.306396 0.571045
vt 0.303223 0.570068
vt 0.305420 0.569824
vt 0.353027 0.746094
vt 0.379639 0.760010
vt 0.353027 0.760010
vt 0.353516 0.745117
vt 0.380127 0.759033
vt 0.364746 0.737305
vt 0.850098 0.541748
vt 0.830566 0.503418
vt 0.879883 0.532471
vt 0.933594 0.563232
vt 0.870605 0.562256
vt 0.357666 0.764160
vt 0.360840 0.763794
vt 0.360352 0.776367
vt 0.358887 0.777466
vt 0.875977 0.490723
vt 0.890137 0.520508
vt 0.953125 0.521484
vt 0.952148 0.533691
vt 0.947266 0.552979
vt 0.945312 0.557129
vt 0.942383 0.560303
vt 0.937988 0.562500
vt 0.349121 0.774414
vt 0.354492 0.781006
vt 0.458984 0.759521
vt 0.453125 0.784180
vt 0.443848 0.758789
vt 0.754883 0.295898
vt 0.750488 0.280762
vt 0.752930 0.277344
vt 0.757812 0.294922
vt 0.960449 0.532227
vt 0.957031 0.532227
vt 0.957031 0.523438
vt 0.761719 0.367188
vt 0.745605 0.312012
vt 0.769531 0.312500
vt 0.781250 0.367676
vt 0.483154 0.819214
vt 0.477783 0.819214
vt 0.477783 0.807129
vt 0.483398 0.800903
vt 0.496094 0.976334
vt 0.490723 0.949677
vt 0.496094 0.946594
vt 0.483398 0.950043
vt 0.483398 0.982315
vt 0.475830 0.982315
vt 0.475830 0.950226
vt 0.468262 0.982315
vt 0.468262 0.950287
vt 0.505371 0.889343
vt 0.521484 0.892883
vt 0.498047 0.889343
vt 0.521484 0.873657
vt 0.505859 0.877258
vt 0.522461 0.904358
vt 0.522949 0.918457
vt 0.521484 0.915588
vt 0.521484 0.906921
vt 0.932617 0.878784
vt 0.936523 0.866699
vt 0.939453 0.867188
vt 0.939453 0.879883
vt 0.942383 0.866699
vt 0.946289 0.878784
vt 0.944824 0.850098
vt 0.952637 0.839844
vt 0.957520 0.844727
vt 0.931641 0.852173
vt 0.921387 0.844727
vt 0.926270 0.839844
vt 0.247925 0.776489
vt 0.243530 0.778809
vt 0.243530 0.756958
vt 0.247925 0.760254
vt 0.243530 0.704590
vt 0.248779 0.707275
vt 0.248779 0.722900
vt 0.243530 0.726318
vt 0.241455 0.756958
vt 0.241455 0.778809
vt 0.236572 0.776367
vt 0.236572 0.760132
vt 0.236694 0.722900
vt 0.236694 0.707275
vt 0.241455 0.704590
vt 0.241455 0.726318
vt 0.733887 0.663330
vt 0.752441 0.662842
vt 0.741211 0.667236
vt 0.755371 0.422852
vt 0.750977 0.417969
vt 0.812500 0.417969
vt 0.808105 0.422852
vt 0.737305 0.666504
vt 0.745605 0.422852
vt 0.745605 0.417969
vt 0.812988 0.424805
vt 0.818359 0.417969
vt 0.818848 0.424805
vt 0.316895 0.781494
vt 0.317871 0.756592
vt 0.325684 0.759644
vt 0.324707 0.777466
vt 0.323975 0.786133
vt 0.337891 0.771973
vt 0.340820 0.779053
vt 0.349121 0.758301
vt 0.344482 0.775757
vt 0.340820 0.759766
vt 0.323242 0.751953
vt 0.343750 0.751953
vt 0.941406 0.118652
vt 0.916016 0.095215
vt 0.916016 0.091309
vt 0.607422 0.024414
vt 0.603516 0.015625
vt 0.603516 0.012207
vt 0.597168 0.002930
vt 0.600586 0.012207
vt 0.600586 0.015625
vt 0.597168 0.024414
vt 0.558594 0.032227
vt 0.558594 0.007324
vt 0.561523 0.007324
vt 0.561523 0.032227
vt 0.549316 0.032227
vt 0.549316 0.007324
vt 0.552734 0.007324
vt 0.552734 0.032227
vt 0.555664 0.007324
vt 0.555664 0.032227
vt 0.244629 0.935303
vt 0.250244 0.940796
vt 0.250244 0.953583
vt 0.244629 0.959106
vt 0.278564 0.953583
vt 0.278564 0.940796
vt 0.462646 0.826294
vt 0.448486 0.826294
vt 0.441650 0.824829
vt 0.469727 0.824829
vt 0.443115 0.831543
vt 0.441650 0.837524
vt 0.448486 0.836548
vt 0.468262 0.831055
vt 0.469727 0.837524
vt 0.462891 0.836182
vt 0.457275 0.831177
vt 0.454102 0.831543
vt 0.440430 0.837524
vt 0.440430 0.824829
vt 0.469727 0.838745
vt 0.441650 0.838745
vt 0.470947 0.824829
vt 0.470947 0.837524
vt 0.441650 0.823608
vt 0.469727 0.823608
vt 0.449219 0.872070
vt 0.445068 0.872070
vt 0.443848 0.868774
vt 0.239624 0.963135
vt 0.239624 0.998734
vt 0.271729 0.998645
vt 0.786133 0.170898
vt 0.756836 0.204590
vt 0.757812 0.205566
vt 0.390381 0.797119
vt 0.390381 0.789551
vt 0.418701 0.789551
vt 0.418701 0.797119
vt 0.801270 0.135254
vt 0.801270 0.166504
vt 0.499512 0.556152
vt 0.487061 0.539795
vt 0.511719 0.539795
vt 0.578125 0.357422
vt 0.655273 0.357422
vt 0.578613 0.385254
vt 0.582031 0.400391
vt 0.589844 0.414062
vt 0.601074 0.425293
vt 0.614258 0.434570
vt 0.629395 0.441406
vt 0.646484 0.444824
vt 0.656738 0.445312
vt 0.048676 0.961731
vt 0.045868 0.957947
vt 0.496094 0.982315
vt 0.487061 0.950226
vt 0.525879 0.901978
vt 0.526367 0.921326
vt 0.533203 0.902100
vt 0.533203 0.921448
vt 0.076050 0.957947
vt 0.075439 0.973816
vt 0.073059 0.973831
vt 0.304688 0.569092
vt 0.303223 0.569336
vt 0.894531 0.142090
vt 0.536621 0.543457
vt 0.536621 0.556152
vt 0.444092 0.755981
vt 0.441650 0.781372
vt 0.440430 0.761353
vt 0.346924 0.771729
vt 0.994629 0.531982
vt 0.607422 0.946594
vt 0.480713 0.889343
vt 0.875488 0.095215
vt 0.913086 0.095215
vt 0.290527 0.721680
vt 0.290527 0.576904
vt 0.913086 0.091309
vt 0.875488 0.091309
vt 0.105774 0.439453
vt 0.105774 0.432617
vt 0.106567 0.433594
vt 0.106567 0.438477
vt 0.109009 0.432617
vt 0.108276 0.433594
vt 0.109009 0.439453
vt 0.108276 0.438477
vt 0.105713 0.487305
vt 0.105713 0.479492
vt 0.106445 0.480469
vt 0.106445 0.486816
vt 0.109009 0.479492
vt 0.109009 0.487305
vt 0.108276 0.486816
vt 0.108276 0.480469
vt 0.105713 0.535645
vt 0.105713 0.527588
vt 0.106323 0.528809
vt 0.106262 0.534668
vt 0.109009 0.527588
vt 0.109009 0.535645
vt 0.108521 0.534668
vt 0.108521 0.528809
vt 0.015068 0.442871
vt 0.021881 0.442871
vt 0.021881 0.463379
vt 0.015068 0.463379
vt 0.001348 0.443359
vt 0.004910 0.446289
vt 0.004910 0.466309
vt 0.001348 0.463867
vt 0.011719 0.446289
vt 0.011719 0.465820
vt 0.014946 0.464355
vt 0.021759 0.464844
vt 0.021759 0.484863
vt 0.014946 0.484863
vt 0.004761 0.468262
vt 0.011574 0.467773
vt 0.011574 0.487305
vt 0.004761 0.487305
vt 0.011612 0.424316
vt 0.015060 0.420898
vt 0.015060 0.441406
vt 0.011612 0.443848
vt 0.021866 0.421387
vt 0.021866 0.441895
vt 0.001437 0.421387
vt 0.004799 0.424805
vt 0.004799 0.443848
vt 0.001437 0.441406
vt 0.405762 0.284180
vt 0.408936 0.284180
vt 0.408936 0.285645
vt 0.405762 0.285645
vt 0.414307 0.272461
vt 0.408936 0.272461
vt 0.408936 0.270508
vt 0.414307 0.270508
vt 0.405762 0.272461
vt 0.405762 0.270508
vt 0.404785 0.285156
vt 0.401611 0.285156
vt 0.401611 0.283691
vt 0.404785 0.283691
vt 0.396240 0.296875
vt 0.401855 0.296875
vt 0.401855 0.298340
vt 0.396240 0.298340
vt 0.404785 0.296875
vt 0.404785 0.298340
vt 0.303467 0.208496
vt 0.294434 0.195801
vt 0.297852 0.191406
vt 0.313232 0.256348
vt 0.313232 0.262207
vt 0.304932 0.249023
vt 0.310059 0.250977
vt 0.312744 0.278320
vt 0.310059 0.281738
vt 0.305420 0.283203
vt 0.305908 0.284668
vt 0.310547 0.286133
vt 0.313232 0.289551
vt 0.157959 0.318359
vt 0.157959 0.013184
vt 0.162598 0.013672
vt 0.162598 0.318359
vt 0.192261 0.013672
vt 0.209839 0.013184
vt 0.209839 0.318359
vt 0.192261 0.318359
vt 0.220459 0.318359
vt 0.220459 0.013184
vt 0.181030 0.318359
vt 0.177246 0.318359
vt 0.177246 0.013672
vt 0.181030 0.013672
vt 0.193726 0.004883
vt 0.193726 0.007324
vt 0.192139 0.004883
vt 0.039368 0.331055
vt 0.050049 0.320801
vt 0.065674 0.320801
vt 0.074036 0.010742
vt 0.076477 0.010742
vt 0.074036 0.037109
vt 0.150269 0.297363
vt 0.153320 0.323242
vt 0.150757 0.323242
vt 0.050201 0.008301
vt 0.074036 0.008301
vt 0.050232 0.010742
vt 0.125977 0.296875
vt 0.117981 0.294922
vt 0.142822 0.294922
vt 0.065857 0.039062
vt 0.076294 0.320801
vt 0.116455 0.016113
vt 0.105896 0.013184
vt 0.116455 0.013184
vt 0.039368 0.317871
vt 0.039368 0.320801
vt 0.028809 0.320801
vt 0.041962 0.039062
vt 0.050201 0.037109
vt 0.039551 0.039062
vt 0.029007 0.010742
vt 0.039825 0.010742
vt 0.041962 0.010742
vt 0.041962 0.008301
vt 0.116699 0.323242
vt 0.105896 0.323242
vt 0.126221 0.322754
vt 0.117493 0.323730
vt 0.314697 0.013184
vt 0.314697 0.008301
vt 0.335205 0.008301
vt 0.335449 0.013184
vt 0.327881 0.020508
vt 0.309814 0.020020
vt 0.345459 0.146484
vt 0.329590 0.143555
vt 0.329590 0.025879
vt 0.345459 0.023438
vt 0.314697 0.156250
vt 0.335449 0.156250
vt 0.335205 0.161133
vt 0.314697 0.161133
vt 0.327881 0.149414
vt 0.309814 0.149414
vt 0.320312 0.308105
vt 0.313477 0.301758
vt 0.314941 0.297852
vt 0.339600 0.009766
vt 0.348877 0.019531
vt 0.348877 0.149902
vt 0.339600 0.159668
vt 0.313965 0.173828
vt 0.314209 0.168945
vt 0.336182 0.168945
vt 0.336670 0.173828
vt 0.329102 0.180176
vt 0.308838 0.179688
vt 0.329102 0.309570
vt 0.336670 0.315430
vt 0.313965 0.315430
vt 0.308838 0.309570
vt 0.344727 0.183594
vt 0.330811 0.185059
vt 0.330811 0.304199
vt 0.344971 0.305664
vt 0.348389 0.310059
vt 0.340332 0.318848
vt 0.412354 0.253418
vt 0.421631 0.253418
vt 0.421631 0.265137
vt 0.412354 0.265137
vt 0.394043 0.253418
vt 0.398438 0.253418
vt 0.398438 0.265137
vt 0.394043 0.265137
vt 0.443848 0.095215
vt 0.446777 0.085449
vt 0.446777 0.093750
vt 0.419189 0.138672
vt 0.419189 0.155273
vt 0.406982 0.155273
vt 0.414307 0.138672
vt 0.405273 0.151855
vt 0.405273 0.141602
vt 0.405273 0.155762
vt 0.403809 0.155762
vt 0.403809 0.151855
vt 0.402100 0.155273
vt 0.394775 0.138672
vt 0.403809 0.141602
vt 0.403809 0.132324
vt 0.405273 0.132324
vt 0.440186 0.261719
vt 0.441650 0.261719
vt 0.441650 0.271484
vt 0.440186 0.271484
vt 0.440186 0.256836
vt 0.441650 0.256836
vt 0.412598 0.240234
vt 0.411621 0.240234
vt 0.411621 0.238770
vt 0.412598 0.230469
vt 0.451416 0.254883
vt 0.451416 0.252930
vt 0.452393 0.254883
vt 0.389893 0.156250
vt 0.402100 0.156250
vt 0.446777 0.083984
vt 0.443848 0.022461
vt 0.446777 0.023926
vt 0.446777 0.032715
vt 0.416748 0.127930
vt 0.412109 0.127930
vt 0.404785 0.111328
vt 0.416748 0.111328
vt 0.403076 0.124512
vt 0.403076 0.114746
vt 0.402832 0.110840
vt 0.401367 0.114746
vt 0.401367 0.110840
vt 0.399658 0.111328
vt 0.401367 0.124512
vt 0.392334 0.127930
vt 0.445312 0.279297
vt 0.445312 0.289062
vt 0.443848 0.289062
vt 0.443848 0.279297
vt 0.443848 0.308594
vt 0.443848 0.298828
vt 0.445312 0.298828
vt 0.445312 0.308594
vt 0.443848 0.274414
vt 0.445312 0.274414
vt 0.451416 0.204102
vt 0.452393 0.202637
vt 0.443848 0.273438
vt 0.412598 0.170410
vt 0.412598 0.180176
vt 0.411621 0.171875
vt 0.401367 0.109863
vt 0.439453 0.252930
vt 0.439453 0.204102
vt 0.387451 0.110352
vt 0.387695 0.127930
vt 0.446777 0.034180
vt 0.461914 0.308594
vt 0.461914 0.313477
vt 0.445312 0.313477
vt 0.446777 0.022461
vt 0.443848 0.011230
vt 0.446777 0.011230
vt 0.390137 0.264160
vt 0.387207 0.264160
vt 0.387207 0.240234
vt 0.390137 0.240234
vt 0.446289 0.095215
vt 0.446289 0.105957
vt 0.443848 0.105957
vt 0.412598 0.250977
vt 0.394287 0.250977
vt 0.394287 0.240234
vt 0.431641 0.282227
vt 0.434326 0.282227
vt 0.434326 0.287109
vt 0.431641 0.287109
vt 0.387207 0.158691
vt 0.390137 0.158691
vt 0.390137 0.179199
vt 0.387207 0.179199
vt 0.413818 0.230957
vt 0.413818 0.182617
vt 0.419678 0.011230
vt 0.425293 0.034668
vt 0.419678 0.034668
vt 0.387207 0.234863
vt 0.390137 0.234863
vt 0.387207 0.184570
vt 0.390137 0.184570
vt 0.394287 0.180176
vt 0.394287 0.171875
vt 0.394287 0.238770
vt 0.394287 0.230469
vt 0.433105 0.530029
vt 0.436523 0.530029
vt 0.436523 0.530762
vt 0.433105 0.530762
vt 0.412598 0.530029
vt 0.416016 0.530029
vt 0.416016 0.530762
vt 0.412598 0.530762
vt 0.419434 0.530029
vt 0.419434 0.530762
vt 0.422852 0.530029
vt 0.422852 0.530762
vt 0.426270 0.530029
vt 0.426270 0.530762
vt 0.429688 0.530029
vt 0.429688 0.530762
vt 0.147217 0.466797
vt 0.146606 0.468262
vt 0.143921 0.468262
vt 0.145386 0.464844
vt 0.147217 0.469727
vt 0.145386 0.471680
vt 0.148682 0.470703
vt 0.148682 0.473145
vt 0.150146 0.469727
vt 0.152100 0.471680
vt 0.150757 0.468262
vt 0.153564 0.468262
vt 0.150146 0.466797
vt 0.152100 0.464844
vt 0.148682 0.466309
vt 0.148682 0.463867
vt 0.154175 0.469727
vt 0.154175 0.463379
vt 0.155273 0.465820
vt 0.155273 0.469727
vt 0.155273 0.478516
vt 0.155273 0.482422
vt 0.154175 0.485352
vt 0.154175 0.478516
vt 0.147461 0.463379
vt 0.147461 0.457031
vt 0.154175 0.457031
vt 0.160767 0.469727
vt 0.159668 0.469727
vt 0.159668 0.465820
vt 0.160767 0.463379
vt 0.159668 0.478516
vt 0.160767 0.478516
vt 0.160767 0.485352
vt 0.159668 0.482422
vt 0.167480 0.463379
vt 0.167480 0.457031
vt 0.169312 0.458008
vt 0.156494 0.399414
vt 0.150513 0.399414
vt 0.150635 0.395020
vt 0.155640 0.461914
vt 0.154907 0.459961
vt 0.160034 0.459961
vt 0.159302 0.461914
vt 0.157471 0.462891
vt 0.155640 0.458496
vt 0.157471 0.457520
vt 0.159302 0.458496
vt 0.160767 0.457031
vt 0.153687 0.392578
vt 0.155762 0.393555
vt 0.156616 0.395020
vt 0.156494 0.403809
vt 0.150391 0.407715
vt 0.150513 0.403320
vt 0.156372 0.407715
vt 0.155518 0.409668
vt 0.153320 0.410156
vt 0.145630 0.458008
vt 0.145630 0.462402
vt 0.144775 0.459961
vt 0.169312 0.462402
vt 0.170166 0.459961
vt 0.153320 0.366699
vt 0.152344 0.367188
vt 0.152222 0.362793
vt 0.153198 0.363281
vt 0.155151 0.359863
vt 0.155640 0.360840
vt 0.159424 0.359863
vt 0.159058 0.360840
vt 0.162598 0.362793
vt 0.159790 0.370117
vt 0.159302 0.369141
vt 0.161621 0.366699
vt 0.155518 0.370117
vt 0.155884 0.369141
vt 0.153076 0.384766
vt 0.151978 0.384277
vt 0.154907 0.381348
vt 0.155396 0.382324
vt 0.158813 0.382324
vt 0.159302 0.381348
vt 0.162354 0.384277
vt 0.161377 0.384766
vt 0.162598 0.388672
vt 0.159668 0.391602
vt 0.159180 0.390625
vt 0.161499 0.388184
vt 0.155762 0.390625
vt 0.155273 0.391602
vt 0.152222 0.388672
vt 0.153198 0.388184
vt 0.121948 0.341309
vt 0.121948 0.327637
vt 0.123535 0.327637
vt 0.123535 0.345215
vt 0.131470 0.327637
vt 0.131470 0.345215
vt 0.133057 0.327637
vt 0.133057 0.341309
vt 0.462402 0.567139
vt 0.462402 0.561279
vt 0.476807 0.561279
vt 0.476807 0.567383
vt 0.463379 0.584961
vt 0.475586 0.584961
vt 0.476807 0.588379
vt 0.475586 0.587158
vt 0.463379 0.587158
vt 0.462402 0.588379
vt 0.465576 0.530029
vt 0.465576 0.530762
vt 0.461914 0.530762
vt 0.461914 0.530029
vt 0.458496 0.530762
vt 0.458496 0.530029
vt 0.455078 0.530029
vt 0.455078 0.530762
vt 0.451660 0.530762
vt 0.451660 0.530029
vt 0.448242 0.530029
vt 0.448242 0.530762
vt 0.444824 0.530762
vt 0.444824 0.530029
vt 0.150391 0.477051
vt 0.152222 0.475098
vt 0.153687 0.478516
vt 0.152222 0.481934
vt 0.150391 0.479980
vt 0.151001 0.478516
vt 0.148926 0.483398
vt 0.148926 0.480469
vt 0.145508 0.481934
vt 0.147461 0.479980
vt 0.144043 0.478516
vt 0.146851 0.478516
vt 0.145508 0.475098
vt 0.147461 0.477051
vt 0.148926 0.473633
vt 0.148926 0.476562
vt 0.153931 0.443848
vt 0.155029 0.443848
vt 0.155029 0.447754
vt 0.153931 0.450684
vt 0.155029 0.435059
vt 0.153931 0.435059
vt 0.153931 0.428711
vt 0.155029 0.431152
vt 0.160645 0.443848
vt 0.160645 0.450684
vt 0.159424 0.447754
vt 0.159424 0.443848
vt 0.159424 0.435059
vt 0.159424 0.431152
vt 0.160645 0.428711
vt 0.160645 0.435059
vt 0.157104 0.399414
vt 0.163086 0.395020
vt 0.163086 0.399414
vt 0.163208 0.403809
vt 0.157227 0.403809
vt 0.155396 0.451660
vt 0.154663 0.453613
vt 0.159912 0.453613
vt 0.159058 0.451660
vt 0.157227 0.450684
vt 0.153931 0.456543
vt 0.155396 0.455566
vt 0.157227 0.456055
vt 0.160645 0.456543
vt 0.159058 0.455566
vt 0.157104 0.395020
vt 0.157837 0.393555
vt 0.160034 0.392578
vt 0.163208 0.407715
vt 0.157227 0.407715
vt 0.162354 0.409668
vt 0.160278 0.410156
vt 0.145508 0.455566
vt 0.145508 0.451172
vt 0.147217 0.450684
vt 0.147217 0.456543
vt 0.144653 0.453613
vt 0.169067 0.451172
vt 0.169922 0.453613
vt 0.169067 0.455566
vt 0.192871 0.342285
vt 0.192993 0.339355
vt 0.194092 0.338867
vt 0.193970 0.342773
vt 0.190674 0.336914
vt 0.191162 0.335938
vt 0.187256 0.336914
vt 0.186890 0.335938
vt 0.183716 0.338867
vt 0.184570 0.342285
vt 0.186890 0.344727
vt 0.186523 0.345703
vt 0.190430 0.344727
vt 0.190796 0.345703
vt 0.161499 0.374023
vt 0.159180 0.371582
vt 0.159668 0.370605
vt 0.152222 0.373535
vt 0.155273 0.370605
vt 0.155762 0.371582
vt 0.153198 0.374023
vt 0.153076 0.377441
vt 0.151978 0.377930
vt 0.155396 0.379883
vt 0.154907 0.380859
vt 0.158813 0.379883
vt 0.159180 0.380859
vt 0.162354 0.377930
vt 0.184814 0.393555
vt 0.192871 0.393555
vt 0.192871 0.406738
vt 0.184937 0.407227
vt 0.173828 0.393555
vt 0.175293 0.389648
vt 0.175293 0.407227
vt 0.173706 0.407227
vt 0.183350 0.389648
vt 0.183350 0.407227
vt 0.438232 0.563477
vt 0.452393 0.563477
vt 0.452393 0.569580
vt 0.438232 0.569580
vt 0.439209 0.545898
vt 0.451416 0.545898
vt 0.451416 0.543457
vt 0.452393 0.542236
vt 0.439209 0.543457
vt 0.438232 0.542236
vt 0.423096 0.324707
vt 0.423096 0.487305
vt 0.416748 0.487305
vt 0.416748 0.324707
vt 0.411621 0.313477
vt 0.412598 0.314453
vt 0.412598 0.319336
vt 0.411621 0.319336
vt 0.409668 0.487305
vt 0.409668 0.324707
vt 0.415283 0.324707
vt 0.415283 0.487305
vt 0.423828 0.324219
vt 0.423096 0.318848
vt 0.360352 0.539795
vt 0.363281 0.533691
vt 0.363281 0.543945
vt 0.432861 0.487305
vt 0.432861 0.324707
vt 0.442383 0.324707
vt 0.442383 0.487305
vt 0.431885 0.324219
vt 0.431885 0.316406
vt 0.432861 0.315430
vt 0.456543 0.324707
vt 0.456543 0.487305
vt 0.448242 0.487305
vt 0.448242 0.324707
vt 0.420654 0.314453
vt 0.421631 0.313477
vt 0.421631 0.322754
vt 0.420654 0.321777
vt 0.444824 0.324707
vt 0.444824 0.487305
vt 0.419189 0.322754
vt 0.419189 0.321777
vt 0.314697 0.573486
vt 0.309570 0.573486
vt 0.309570 0.405762
vt 0.314697 0.405762
vt 0.321533 0.405762
vt 0.326416 0.411621
vt 0.326416 0.567871
vt 0.321533 0.573486
vt 0.352051 0.573486
vt 0.347168 0.567871
vt 0.347168 0.411621
vt 0.352051 0.405762
vt 0.365723 0.468262
vt 0.365723 0.531006
vt 0.360107 0.525879
vt 0.360107 0.468262
vt 0.341797 0.567871
vt 0.340332 0.573486
vt 0.340332 0.405762
vt 0.341797 0.411621
vt 0.341064 0.405273
vt 0.308350 0.405762
vt 0.308350 0.411133
vt 0.308350 0.568115
vt 0.308350 0.567871
vt 0.308350 0.573486
vt 0.064209 0.628418
vt 0.056366 0.628418
vt 0.056305 0.624756
vt 0.064209 0.624756
vt 0.019119 0.586182
vt 0.026398 0.586182
vt 0.026520 0.624023
vt 0.019119 0.624023
vt 0.056335 0.585449
vt 0.064209 0.585449
vt 0.093506 0.629639
vt 0.091614 0.629639
vt 0.091614 0.624756
vt 0.093506 0.624756
vt 0.008240 0.653564
vt 0.006691 0.649902
vt 0.007812 0.649902
vt 0.009056 0.652832
vt 0.008247 0.646240
vt 0.009018 0.646973
vt 0.011986 0.644531
vt 0.011986 0.645752
vt 0.015732 0.646240
vt 0.014954 0.646973
vt 0.017288 0.649902
vt 0.016144 0.649902
vt 0.015732 0.653564
vt 0.014915 0.652832
vt 0.011986 0.655273
vt 0.011986 0.654053
vt 0.018173 0.659180
vt 0.018173 0.644287
vt 0.020706 0.649902
vt 0.020706 0.659180
vt 0.020706 0.678467
vt 0.020706 0.687744
vt 0.018173 0.693359
vt 0.018173 0.678467
vt 0.005768 0.644287
vt 0.005768 0.630859
vt 0.018173 0.630859
vt 0.033051 0.659180
vt 0.030533 0.659180
vt 0.030533 0.649902
vt 0.033051 0.644287
vt 0.030533 0.678467
vt 0.033051 0.678467
vt 0.033051 0.693359
vt 0.030533 0.687744
vt 0.095276 0.608887
vt 0.107239 0.609131
vt 0.107178 0.617188
vt 0.021515 0.641602
vt 0.019821 0.637451
vt 0.031403 0.637451
vt 0.029724 0.641602
vt 0.025620 0.643311
vt 0.033051 0.630859
vt 0.101196 0.622559
vt 0.096924 0.620850
vt 0.095215 0.617188
vt 0.095337 0.600342
vt 0.107361 0.592041
vt 0.107300 0.600342
vt 0.095398 0.592041
vt 0.097168 0.588379
vt 0.101440 0.586914
vt 0.002407 0.632812
vt 0.002407 0.642334
vt 0.000851 0.637451
vt 0.045471 0.630859
vt 0.045471 0.644287
vt 0.125854 0.628418
vt 0.125854 0.624756
vt 0.133789 0.624756
vt 0.133789 0.628418
vt 0.172241 0.586182
vt 0.172241 0.624023
vt 0.164795 0.624023
vt 0.164917 0.586182
vt 0.125854 0.585449
vt 0.133789 0.585449
vt 0.096680 0.629639
vt 0.096680 0.624756
vt 0.098572 0.624756
vt 0.098572 0.629639
vt 0.093445 0.654785
vt 0.092590 0.654053
vt 0.093872 0.651123
vt 0.094971 0.650879
vt 0.092651 0.647949
vt 0.093445 0.647217
vt 0.089661 0.646729
vt 0.089722 0.645752
vt 0.086731 0.647949
vt 0.085938 0.647217
vt 0.085510 0.651123
vt 0.084412 0.650879
vt 0.086792 0.653809
vt 0.085938 0.654785
vt 0.089661 0.655029
vt 0.089722 0.656250
vt 0.083862 0.658936
vt 0.081299 0.658936
vt 0.081299 0.649658
vt 0.083862 0.644043
vt 0.081299 0.678223
vt 0.083862 0.678223
vt 0.083862 0.693115
vt 0.081299 0.687500
vt 0.096252 0.644043
vt 0.083862 0.630615
vt 0.096252 0.630615
vt 0.068970 0.658936
vt 0.068970 0.644043
vt 0.071472 0.649658
vt 0.071472 0.658936
vt 0.071472 0.678223
vt 0.071472 0.687500
vt 0.068970 0.693115
vt 0.068970 0.678223
vt 0.094666 0.608398
vt 0.082764 0.616699
vt 0.082703 0.608643
vt 0.080505 0.641357
vt 0.082214 0.637207
vt 0.070618 0.637207
vt 0.072327 0.641357
vt 0.076416 0.643066
vt 0.068970 0.630615
vt 0.094727 0.616699
vt 0.093018 0.620361
vt 0.088806 0.622070
vt 0.094604 0.599854
vt 0.082642 0.599854
vt 0.082642 0.591553
vt 0.088562 0.586426
vt 0.092834 0.587891
vt 0.094543 0.591553
vt 0.099609 0.632568
vt 0.099609 0.642090
vt 0.101196 0.637207
vt 0.056580 0.644043
vt 0.056580 0.630615
vt 0.307861 0.449707
vt 0.307861 0.433105
vt 0.302979 0.411133
vt 0.303955 0.433105
vt 0.303955 0.449707
vt 0.232178 0.651611
vt 0.232178 0.667725
vt 0.228271 0.660400
vt 0.252686 0.660400
vt 0.248779 0.667725
vt 0.248779 0.651611
vt 0.196167 0.583496
vt 0.196167 0.582764
vt 0.199707 0.582764
vt 0.199707 0.583496
vt 0.203247 0.582764
vt 0.203247 0.583496
vt 0.206787 0.582764
vt 0.206787 0.583496
vt 0.210205 0.582764
vt 0.210205 0.583496
vt 0.213745 0.583496
vt 0.213745 0.582764
vt 0.217285 0.582764
vt 0.217285 0.583496
vt 0.220825 0.582764
vt 0.220825 0.583496
vt 0.192627 0.583496
vt 0.192627 0.582764
vt 0.213867 0.639648
vt 0.210815 0.639893
vt 0.213257 0.636719
vt 0.215454 0.638916
vt 0.217163 0.636475
vt 0.217285 0.639404
vt 0.220337 0.638916
vt 0.218262 0.641113
vt 0.220825 0.643066
vt 0.217773 0.643066
vt 0.218384 0.646240
vt 0.216187 0.644043
vt 0.214478 0.646484
vt 0.214355 0.643311
vt 0.211426 0.643799
vt 0.213379 0.641602
vt 0.239014 0.637695
vt 0.240112 0.637695
vt 0.240112 0.641846
vt 0.239014 0.644287
vt 0.240112 0.629639
vt 0.239014 0.629639
vt 0.239014 0.623291
vt 0.240112 0.625732
vt 0.245361 0.637695
vt 0.245361 0.644287
vt 0.244263 0.641846
vt 0.244263 0.637695
vt 0.244263 0.629639
vt 0.244263 0.625732
vt 0.245361 0.623291
vt 0.245361 0.629639
vt 0.215942 0.566162
vt 0.221436 0.561768
vt 0.221436 0.566162
vt 0.221558 0.570312
vt 0.216064 0.570312
vt 0.240356 0.645264
vt 0.239746 0.646973
vt 0.244629 0.646973
vt 0.243896 0.645264
vt 0.242188 0.644531
vt 0.239014 0.649902
vt 0.240356 0.648682
vt 0.245361 0.649902
vt 0.243896 0.648682
vt 0.221558 0.574951
vt 0.218872 0.577881
vt 0.216919 0.576904
vt 0.216064 0.574951
vt 0.220825 0.576904
vt 0.229980 0.649170
vt 0.229980 0.645020
vt 0.231812 0.644287
vt 0.231812 0.649902
vt 0.229004 0.646973
vt 0.254395 0.645020
vt 0.255127 0.646973
vt 0.254395 0.649170
vt 0.196167 0.619873
vt 0.199707 0.619873
vt 0.199707 0.620605
vt 0.196167 0.620605
vt 0.203247 0.619873
vt 0.203247 0.620605
vt 0.206787 0.619873
vt 0.206787 0.620605
vt 0.210205 0.619873
vt 0.210205 0.620605
vt 0.213745 0.619873
vt 0.213745 0.620605
vt 0.217285 0.619873
vt 0.217285 0.620605
vt 0.220825 0.619873
vt 0.220825 0.620605
vt 0.192627 0.619873
vt 0.192627 0.620605
vt 0.213135 0.631592
vt 0.214478 0.633057
vt 0.211670 0.634277
vt 0.210327 0.630615
vt 0.216431 0.633301
vt 0.215332 0.635986
vt 0.218018 0.632080
vt 0.219238 0.634766
vt 0.218140 0.630127
vt 0.216797 0.628662
vt 0.219727 0.627441
vt 0.221069 0.631104
vt 0.214844 0.628418
vt 0.215942 0.625732
vt 0.213257 0.629883
vt 0.212158 0.626953
vt 0.231934 0.628662
vt 0.231934 0.622314
vt 0.233032 0.624756
vt 0.233032 0.628662
vt 0.233032 0.636963
vt 0.233032 0.640869
vt 0.231934 0.643311
vt 0.231934 0.636963
vt 0.238281 0.628662
vt 0.237183 0.628662
vt 0.237183 0.624756
vt 0.238281 0.622314
vt 0.237183 0.636963
vt 0.238281 0.636963
vt 0.238281 0.643311
vt 0.237183 0.640869
vt 0.245361 0.622314
vt 0.245361 0.616699
vt 0.247192 0.617432
vt 0.247192 0.621582
vt 0.214844 0.565918
vt 0.209351 0.565918
vt 0.209351 0.561523
vt 0.214722 0.570068
vt 0.209229 0.570068
vt 0.233398 0.621338
vt 0.232666 0.619629
vt 0.237549 0.619629
vt 0.236816 0.621338
vt 0.235107 0.622070
vt 0.231934 0.616699
vt 0.233398 0.617676
vt 0.235107 0.617188
vt 0.236816 0.617676
vt 0.238281 0.616699
vt 0.209229 0.574707
vt 0.214722 0.574707
vt 0.213867 0.576660
vt 0.211914 0.577393
vt 0.223022 0.617432
vt 0.223022 0.621582
vt 0.222046 0.619629
vt 0.248169 0.619629
vt 0.163330 0.632080
vt 0.167725 0.632080
vt 0.167725 0.636719
vt 0.163330 0.636719
vt 0.174561 0.638916
vt 0.170044 0.638916
vt 0.170044 0.636719
vt 0.174561 0.636719
vt 0.174438 0.632080
vt 0.170044 0.632080
vt 0.170044 0.629639
vt 0.174438 0.629639
vt 0.157959 0.639648
vt 0.162354 0.639648
vt 0.162354 0.644043
vt 0.157959 0.644043
vt 0.169067 0.646484
vt 0.164673 0.646484
vt 0.164673 0.644043
vt 0.169067 0.644043
vt 0.174316 0.635498
vt 0.174316 0.633057
vt 0.172729 0.633057
vt 0.172729 0.635498
vt 0.168945 0.643066
vt 0.168945 0.640625
vt 0.169067 0.639648
vt 0.167358 0.640625
vt 0.164673 0.639648
vt 0.167358 0.643066
vt 0.118591 0.409180
vt 0.112549 0.407227
vt 0.112549 0.327148
vt 0.118591 0.327148
vt 0.149902 0.327148
vt 0.149902 0.407227
vt 0.143799 0.409180
vt 0.143799 0.327148
vt 0.074768 0.482910
vt 0.067566 0.487305
vt 0.074768 0.351074
vt 0.104614 0.487305
vt 0.097412 0.482910
vt 0.097412 0.351074
vt 0.074768 0.333984
vt 0.097412 0.333984
vt 0.074707 0.332520
vt 0.097351 0.332520
vt 0.142944 0.417480
vt 0.154053 0.413574
vt 0.151489 0.417480
vt 0.110901 0.417480
vt 0.108337 0.413574
vt 0.119385 0.417480
vt 0.142212 0.424316
vt 0.151245 0.421387
vt 0.111084 0.421387
vt 0.120117 0.424316
vt 0.195068 0.409668
vt 0.195068 0.327148
vt 0.201172 0.327148
vt 0.201172 0.407227
vt 0.163818 0.327148
vt 0.169922 0.327148
vt 0.169922 0.409668
vt 0.163818 0.407227
vt 0.054749 0.482910
vt 0.054749 0.351074
vt 0.061920 0.487305
vt 0.024857 0.487305
vt 0.024857 0.335938
vt 0.025681 0.335938
vt 0.032104 0.351074
vt 0.054749 0.333984
vt 0.032104 0.333984
vt 0.170654 0.417480
vt 0.162231 0.417480
vt 0.159668 0.413574
vt 0.202759 0.417480
vt 0.194336 0.417480
vt 0.205444 0.413574
vt 0.171387 0.424316
vt 0.162354 0.421387
vt 0.202637 0.421387
vt 0.193604 0.424316
vt 0.103821 0.335938
vt 0.104614 0.335938
vt 0.067566 0.335938
vt 0.068420 0.335938
vt 0.032104 0.482910
vt 0.061920 0.335938
vt 0.061096 0.335938
vt 0.055420 0.578369
vt 0.031799 0.578369
vt 0.032104 0.571289
vt 0.054749 0.571289
vt 0.141968 0.402832
vt 0.140869 0.402832
vt 0.140869 0.399902
vt 0.140869 0.385254
vt 0.140869 0.388184
vt 0.132690 0.388184
vt 0.132690 0.385254
vt 0.130615 0.402832
vt 0.129517 0.402832
vt 0.129517 0.399902
vt 0.021698 0.335449
vt 0.021698 0.340332
vt 0.020584 0.340332
vt 0.020584 0.335449
vt 0.012367 0.335449
vt 0.012367 0.340332
vt 0.011261 0.340332
vt 0.011261 0.335449
vt 0.021545 0.321777
vt 0.021545 0.326660
vt 0.020462 0.326660
vt 0.020462 0.321777
vt 0.021545 0.328613
vt 0.021545 0.333496
vt 0.020462 0.333496
vt 0.020462 0.328613
vt 0.012260 0.333496
vt 0.012260 0.328613
vt 0.011169 0.333496
vt 0.011162 0.328613
vt 0.003044 0.335449
vt 0.004059 0.336426
vt 0.004059 0.340332
vt 0.003044 0.340332
vt 0.010254 0.340332
vt 0.010254 0.336426
vt 0.002796 0.341797
vt 0.003813 0.342773
vt 0.003813 0.346680
vt 0.002796 0.347168
vt 0.011024 0.347168
vt 0.010010 0.346680
vt 0.010010 0.342773
vt 0.011024 0.341797
vt 0.002964 0.321777
vt 0.003975 0.322754
vt 0.003979 0.326660
vt 0.002966 0.326660
vt 0.011162 0.326660
vt 0.010155 0.326660
vt 0.010147 0.322754
vt 0.011162 0.321777
vt 0.002966 0.328613
vt 0.003979 0.329590
vt 0.003979 0.333496
vt 0.002968 0.333496
vt 0.010155 0.333496
vt 0.010155 0.329590
vt 0.011841 0.368652
vt 0.011841 0.359375
vt 0.015747 0.359375
vt 0.015747 0.368652
vt 0.001735 0.368652
vt 0.001735 0.359375
vt 0.005646 0.359375
vt 0.005646 0.368652
vt 0.131592 0.402832
vt 0.132690 0.399902
vt 0.132690 0.402832
vt 0.132690 0.398926
vt 0.131592 0.385742
vt 0.132690 0.389648
vt 0.140869 0.398926
vt 0.141968 0.385742
vt 0.140869 0.389648
vt 0.120239 0.385254
vt 0.121399 0.388184
vt 0.121399 0.389648
vt 0.120300 0.402832
vt 0.121338 0.398926
vt 0.121338 0.399902
vt 0.121338 0.402832
vt 0.129517 0.398926
vt 0.130615 0.385254
vt 0.129517 0.389648
vt 0.129517 0.388184
vt 0.411621 0.170410
vt 0.394287 0.170410
vt 0.394287 0.159668
vt 0.412598 0.159668
vt 0.330811 0.273438
vt 0.142822 0.013184
vt 0.153320 0.013184
vt 0.297852 0.206055
vt 0.294678 0.201172
vt 0.308838 0.192871
vt 0.312256 0.197754
vt 0.312256 0.203125
vt 0.313965 0.221191
vt 0.310303 0.225586
vt 0.304688 0.227051
vt 0.339600 0.164551
vt 0.341309 0.160156
vt 0.344727 0.157715
vt 0.292969 0.004395
vt 0.296143 0.001953
vt 0.300781 0.014648
vt 0.353271 0.165527
vt 0.351807 0.169922
vt 0.348145 0.172363
vt 0.352295 0.160645
vt 0.296631 0.015137
vt 0.293213 0.012695
vt 0.291748 0.008301
vt 0.310059 0.266602
vt 0.304932 0.268066
vt 0.296631 0.254883
vt 0.299805 0.250488
vt 0.299805 0.266113
vt 0.296631 0.260742
vt 0.310547 0.296875
vt 0.298584 0.293457
vt 0.298584 0.289551
vt 0.298096 0.274414
vt 0.301025 0.270996
vt 0.305420 0.269531
vt 0.305908 0.298340
vt 0.301514 0.296875
vt 0.419434 0.182617
vt 0.413818 0.244629
vt 0.419434 0.230957
vt 0.418701 0.244629
vt 0.440186 0.295898
vt 0.440186 0.291016
vt 0.441650 0.291016
vt 0.426758 0.008301
vt 0.444092 0.008301
vt 0.443604 0.108887
vt 0.426025 0.108887
vt 0.399658 0.110352
vt 0.389893 0.138672
vt 0.869629 0.857666
vt 0.868652 0.864502
vt 0.856445 0.860596
vt 0.856934 0.857666
vt 0.865723 0.870605
vt 0.855469 0.863159
vt 0.860840 0.875549
vt 0.853027 0.865234
vt 0.854492 0.878662
vt 0.850586 0.866577
vt 0.847656 0.879761
vt 0.847656 0.867065
vt 0.840820 0.878662
vt 0.844727 0.866577
vt 0.834473 0.875549
vt 0.842285 0.865234
vt 0.829590 0.870605
vt 0.839844 0.863159
vt 0.826660 0.864502
vt 0.838867 0.860596
vt 0.825684 0.857666
vt 0.838379 0.857666
vt 0.826660 0.850830
vt 0.838867 0.854736
vt 0.829590 0.844604
vt 0.839844 0.852051
vt 0.834473 0.839722
vt 0.842285 0.849976
vt 0.840820 0.836548
vt 0.844727 0.848633
vt 0.847656 0.835449
vt 0.847656 0.848145
vt 0.854492 0.836548
vt 0.850586 0.848633
vt 0.860840 0.839722
vt 0.853027 0.849976
vt 0.865723 0.844604
vt 0.855469 0.852051
vt 0.868652 0.850830
vt 0.856445 0.854736
vt 0.745605 0.719727
vt 0.745117 0.717285
vt 0.745117 0.715088
vt 0.749512 0.117188
vt 0.746094 0.096680
vt 0.747559 0.095703
vt 0.765137 0.095215
vt 0.766113 0.096680
vt 0.763184 0.116699
vt 0.761230 0.118652
vt 0.751465 0.118652
vt 0.762207 0.120117
vt 0.750488 0.120117
vt 0.750488 0.120117
vt 0.762207 0.120117
vt 0.748535 0.118164
vt 0.748535 0.118164
vt 0.744629 0.095215
vt 0.744629 0.095215
vt 0.746582 0.093750
vt 0.746582 0.093750
vt 0.766113 0.093750
vt 0.766113 0.093750
vt 0.767578 0.095215
vt 0.767578 0.095215
vt 0.764160 0.118164
vt 0.764160 0.118164
vt 0.750488 0.120117
vt 0.744629 0.095215
vt 0.746582 0.093750
vt 0.766113 0.093750
vt 0.767578 0.095215
vt 0.462646 0.601807
vt 0.460205 0.601807
vt 0.460205 0.600342
vt 0.462646 0.600342
vt 0.457520 0.601807
vt 0.457520 0.600342
vt 0.455322 0.601807
vt 0.455322 0.600342
vt 0.465820 0.601807
vt 0.465820 0.600342
vt 0.496338 0.607178
vt 0.497314 0.607666
vt 0.497314 0.608154
vt 0.495850 0.607666
vt 0.498291 0.607178
vt 0.498779 0.607422
vt 0.498779 0.605713
vt 0.473389 0.616211
vt 0.473389 0.613770
vt 0.477295 0.613770
vt 0.477295 0.616211
vt 0.473145 0.613281
vt 0.477539 0.613281
vt 0.477783 0.616211
vt 0.477783 0.613770
vt 0.478271 0.613281
vt 0.478271 0.613770
vt 0.472656 0.613770
vt 0.472656 0.613281
vt 0.473145 0.616211
vt 0.473145 0.613770
vt 0.388672 0.668701
vt 0.381104 0.674316
vt 0.377197 0.674316
vt 0.602051 0.440918
vt 0.601074 0.440918
vt 0.601074 0.430664
vt 0.601562 0.430176
vt 0.493652 0.569336
vt 0.493652 0.586914
vt 0.491211 0.586914
vt 0.490967 0.569336
vt 0.496826 0.569336
vt 0.497314 0.569336
vt 0.497314 0.586914
vt 0.496826 0.586914
vt 0.493652 0.587158
vt 0.491211 0.587158
vt 0.497070 0.587646
vt 0.496582 0.587402
vt 0.496826 0.568848
vt 0.497314 0.568848
vt 0.490967 0.569092
vt 0.493652 0.569092
vt 0.494141 0.586914
vt 0.494141 0.587402
vt 0.494141 0.569336
vt 0.494141 0.568848
vt 0.481934 0.674316
vt 0.481934 0.678223
vt 0.480957 0.676758
vt 0.480957 0.675781
vt 0.479004 0.678223
vt 0.479004 0.674316
vt 0.479980 0.675781
vt 0.479980 0.676758
vt 0.565430 0.685791
vt 0.563965 0.685791
vt 0.563477 0.685303
vt 0.565918 0.685303
vt 0.563965 0.687012
vt 0.565430 0.687012
vt 0.565918 0.687500
vt 0.563477 0.687500
vt 0.558594 0.687500
vt 0.556152 0.687500
vt 0.556152 0.685303
vt 0.558594 0.685303
vt 0.645508 0.736328
vt 0.645508 0.747559
vt 0.644531 0.746582
vt 0.644531 0.737793
vt 0.579102 0.747559
vt 0.579102 0.736328
vt 0.580078 0.737305
vt 0.580078 0.746094
vt 0.668945 0.737793
vt 0.668945 0.746582
vt 0.667480 0.747559
vt 0.667480 0.736328
vt 0.600098 0.746094
vt 0.600098 0.737305
vt 0.601562 0.736328
vt 0.601562 0.747559
vt 0.582031 0.610107
vt 0.579102 0.611816
vt 0.580078 0.610107
vt 0.584961 0.611816
vt 0.585938 0.610107
vt 0.587891 0.610107
vt 0.582520 0.640137
vt 0.583496 0.641357
vt 0.583008 0.641846
vt 0.585938 0.640137
vt 0.584961 0.641846
vt 0.584961 0.641357
vt 0.585449 0.640137
vt 0.584961 0.638916
vt 0.584961 0.638428
vt 0.582031 0.640137
vt 0.583008 0.638428
vt 0.583496 0.638916
vt 0.583008 0.648926
vt 0.584961 0.648926
vt 0.585449 0.650635
vt 0.582031 0.650635
vt 0.587402 0.647217
vt 0.585938 0.647217
vt 0.584961 0.645508
vt 0.585449 0.644043
vt 0.582031 0.647217
vt 0.612793 0.641113
vt 0.611816 0.639404
vt 0.612305 0.637939
vt 0.609863 0.639404
vt 0.608887 0.637939
vt 0.606934 0.641113
vt 0.608887 0.641113
vt 0.609863 0.642822
vt 0.608887 0.644287
vt 0.611816 0.642822
vt 0.612305 0.644287
vt 0.599609 0.644531
vt 0.597656 0.643555
vt 0.596191 0.641602
vt 0.589355 0.637939
vt 0.590332 0.639160
vt 0.589844 0.639404
vt 0.589355 0.638428
vt 0.590332 0.640869
vt 0.589844 0.640625
vt 0.589355 0.642090
vt 0.587402 0.642090
vt 0.587891 0.641602
vt 0.589355 0.641602
vt 0.586426 0.640869
vt 0.586914 0.640625
vt 0.586914 0.639404
vt 0.587402 0.637939
vt 0.590332 0.649170
vt 0.588867 0.647949
vt 0.589355 0.647705
vt 0.590332 0.648438
vt 0.589355 0.646240
vt 0.588867 0.645996
vt 0.590332 0.644531
vt 0.590332 0.645264
vt 0.592773 0.646240
vt 0.591797 0.645264
vt 0.591797 0.644531
vt 0.593262 0.645996
vt 0.593262 0.647949
vt 0.592773 0.647705
vt 0.591797 0.649170
vt 0.591797 0.648438
vt 0.589355 0.604004
vt 0.589355 0.606201
vt 0.588867 0.606201
vt 0.588867 0.604004
vt 0.589355 0.601318
vt 0.589355 0.603760
vt 0.588867 0.603760
vt 0.588867 0.601318
vt 0.604492 0.635010
vt 0.603516 0.633301
vt 0.607910 0.633301
vt 0.606934 0.635010
vt 0.597656 0.637451
vt 0.601562 0.644531
vt 0.947266 0.852173
vt 0.942383 0.848755
vt 0.946289 0.836670
vt 0.939453 0.848267
vt 0.939453 0.835571
vt 0.936523 0.848755
vt 0.932617 0.836670
vt 0.934082 0.850098
vt 0.304688 0.209961
vt 0.310303 0.211426
vt 0.295410 0.215820
vt 0.313965 0.215820
vt 0.295410 0.221191
vt 0.299072 0.225586
vt 0.299072 0.211426
vt 0.301514 0.286133
vt 0.313232 0.293457
vt 0.065674 0.331055
vt 0.431641 0.293457
vt 0.431641 0.297852
vt 0.427002 0.297852
vt 0.428223 0.291504
vt 0.430176 0.291504
vt 0.167236 0.450684
vt 0.167236 0.456543
vt 0.423828 0.318848
vt 0.302979 0.568115
vt 0.228271 0.651611
vt 0.225464 0.660400
vt 0.225464 0.667725
vt 0.144653 0.700439
vt 0.146973 0.697510
vt 0.156372 0.692383
vt 0.140869 0.699951
vt 0.154297 0.706787
vt 0.102661 0.706543
vt 0.139404 0.696289
vt 0.104858 0.690186
vt 0.141724 0.693359
vt 0.154663 0.690186
vt 0.145508 0.693848
vt 0.325439 0.137207
vt 0.313477 0.110352
vt 0.313477 0.061035
vt 0.313477 0.135254
vt 0.318604 0.145020
vt 0.312012 0.139648
vt 0.294922 0.140137
vt 0.298828 0.145020
vt 0.313477 0.119141
vt 0.325439 0.033203
vt 0.313477 0.051758
vt 0.313477 0.035156
vt 0.312012 0.030762
vt 0.318604 0.025391
vt 0.294922 0.030762
vt 0.298828 0.025391
vt 0.304199 0.012207
vt 0.300537 0.001465
vt 0.305420 0.008301
vt 0.303955 0.003906
vt 0.299072 0.231445
vt 0.304443 0.229004
vt 0.309814 0.229980
vt 0.295654 0.236328
vt 0.313232 0.234375
vt 0.295654 0.241699
vt 0.313232 0.239746
vt 0.299072 0.246094
vt 0.309814 0.244629
vt 0.304443 0.247070
vt 0.478271 0.671631
vt 0.478271 0.668457
vt 0.479004 0.668457
vt 0.478271 0.657715
vt 0.479004 0.657715
vt 0.478271 0.681396
vt 0.478271 0.678223
vt 0.478271 0.674316
vt 0.479004 0.671631
vt 0.586426 0.746094
vt 0.593750 0.746094
vt 0.593750 0.747559
vt 0.586426 0.747559
vt 0.508789 0.716797
vt 0.492188 0.746094
vt 0.486084 0.743896
vt 0.512207 0.722168
vt 0.498291 0.746094
vt 0.513184 0.728271
vt 0.503906 0.743896
vt 0.503906 0.712646
vt 0.481445 0.739990
vt 0.498291 0.710693
vt 0.478271 0.734619
vt 0.492188 0.710693
vt 0.477295 0.728271
vt 0.486084 0.712646
vt 0.478271 0.722168
vt 0.481445 0.716797
vt 0.583008 0.645508
vt 0.582031 0.644043
vt 0.580078 0.647217
vt 0.158081 0.409668
vt 0.360352 0.543945
vt 0.357178 0.539795
vt 0.357178 0.533691
vt 0.341797 0.573486
vt 0.252686 0.651611
vt 0.255371 0.667725
vt 0.255371 0.660400
vt 0.386230 0.680664
vt 0.374268 0.668701
vt 0.372803 0.671631
vt 0.372070 0.674561
vt 0.377197 0.678223
vt 0.372559 0.677734
vt 0.374268 0.680664
vt 0.381104 0.678223
vt 0.404297 0.680664
vt 0.402100 0.668701
vt 0.391846 0.657471
vt 0.399170 0.657471
vt 0.397705 0.656494
vt 0.393311 0.656494
vt 0.395508 0.656250
vt 0.410156 0.678223
vt 0.410156 0.674316
vt 0.414062 0.678223
vt 0.416260 0.668701
vt 0.416260 0.680664
vt 0.414062 0.674316
vt 0.417969 0.677734
vt 0.417969 0.671631
vt 0.418701 0.674561
vt 0.379883 0.525146
vt 0.406250 0.525146
vt 0.801758 0.039062
vt 0.802246 0.019531
vt 0.836914 0.007324
vt 0.836914 0.066895
vt 0.847168 0.139160
vt 0.941406 0.139160
vt 0.597656 0.881287
vt 0.597656 0.861450
vt 0.600586 0.861450
vt 0.600586 0.881287
vt 0.597656 0.851196
vt 0.600586 0.851196
vt 0.597656 0.846558
vt 0.600586 0.846558
vt 0.597656 0.842285
vt 0.600586 0.842285
vt 0.823730 0.490723
vt 0.824707 0.374512
vt 0.455078 0.853882
vt 0.457764 0.850586
vt 0.458252 0.867065
vt 0.455322 0.867188
vt 0.403076 0.971054
vt 0.462402 0.971054
vt 0.462402 0.973495
vt 0.403076 0.973495
vt 0.403076 0.968597
vt 0.403076 0.966125
vt 0.462402 0.966125
vt 0.462402 0.968597
vt 0.462402 0.975967
vt 0.403076 0.975967
vt 0.403076 0.993366
vt 0.462402 0.993366
vt 0.462402 0.995811
vt 0.403076 0.995811
vt 0.403076 0.990898
vt 0.403076 0.988449
vt 0.462402 0.988449
vt 0.462402 0.990898
vt 0.462402 0.998279
vt 0.403076 0.998279
vt 0.403076 0.936096
vt 0.462402 0.936096
vt 0.462402 0.938538
vt 0.403076 0.938538
vt 0.403076 0.933655
vt 0.403076 0.931213
vt 0.462402 0.931213
vt 0.462402 0.933655
vt 0.462402 0.941010
vt 0.403076 0.941010
vt 0.315674 0.579346
vt 0.315674 0.729736
vt 0.312012 0.729736
vt 0.312012 0.579346
vt 0.319336 0.579346
vt 0.322998 0.579346
vt 0.322998 0.729736
vt 0.319336 0.729736
vt 0.308105 0.729736
vt 0.308105 0.579346
vt 0.347412 0.579346
vt 0.347412 0.729736
vt 0.343750 0.729736
vt 0.343750 0.579346
vt 0.351074 0.579346
vt 0.354736 0.579346
vt 0.354736 0.729736
vt 0.351074 0.729736
vt 0.340088 0.729736
vt 0.340088 0.579346
vt 0.331543 0.579346
vt 0.331543 0.729736
vt 0.327881 0.729736
vt 0.327881 0.579346
vt 0.335205 0.579346
vt 0.338867 0.579346
vt 0.338867 0.729736
vt 0.335205 0.729736
vt 0.324219 0.729736
vt 0.324219 0.579346
vt 0.363525 0.722168
vt 0.363525 0.579346
vt 0.367188 0.579346
vt 0.367188 0.722168
vt 0.359619 0.722168
vt 0.355957 0.722168
vt 0.355957 0.579346
vt 0.359619 0.579346
vt 0.370850 0.579346
vt 0.370850 0.722168
vt 0.226562 0.827026
vt 0.226562 0.697266
vt 0.229370 0.697266
vt 0.229370 0.827026
vt 0.220947 0.827026
vt 0.218140 0.827026
vt 0.218140 0.697266
vt 0.220947 0.697266
vt 0.234863 0.697266
vt 0.234863 0.827026
vt 0.218140 0.691650
vt 0.220947 0.691650
vt 0.373047 0.781982
vt 0.399658 0.781982
vt 0.400635 0.780884
vt 0.400635 0.766968
vt 0.954590 0.346191
vt 0.405762 0.784546
vt 0.403809 0.759644
vt 0.549805 0.789673
vt 0.524414 0.789673
vt 0.524414 0.779175
vt 0.549805 0.779175
vt 0.518555 0.789673
vt 0.518555 0.779175
vt 0.526367 0.773560
vt 0.551758 0.773560
vt 0.555664 0.779175
vt 0.555664 0.789673
vt 0.551758 0.795288
vt 0.526367 0.795288
vt 0.445068 0.798828
vt 0.477783 0.798828
vt 0.521484 0.899963
vt 0.457031 0.899963
vt 0.782715 0.037598
vt 0.754883 0.037598
vt 0.754883 0.005371
vt 0.782715 0.005371
vt 0.255615 0.754272
vt 0.255615 0.729004
vt 0.268066 0.729004
vt 0.268066 0.754150
vt 0.253662 0.729004
vt 0.253662 0.754272
vt 0.254150 0.760254
vt 0.254150 0.776489
vt 0.256348 0.781616
vt 0.254150 0.781616
vt 0.253418 0.701660
vt 0.255615 0.701416
vt 0.253418 0.707275
vt 0.253418 0.722900
vt 0.849609 0.603027
vt 0.881836 0.603027
vt 0.881836 0.618408
vt 0.849609 0.618408
vt 0.848145 0.617432
vt 0.848145 0.604004
vt 0.745117 0.442383
vt 0.745117 0.437988
vt 0.812012 0.437988
vt 0.812012 0.442383
vt 0.807129 0.446289
vt 0.750000 0.446289
vt 0.748047 0.453613
vt 0.811035 0.454102
vt 0.814453 0.459961
vt 0.744629 0.459961
vt 0.749512 0.402344
vt 0.743652 0.402344
vt 0.809082 0.382812
vt 0.752441 0.382812
vt 0.752441 0.380371
vt 0.809082 0.380371
vt 0.747559 0.431152
vt 0.747559 0.428711
vt 0.809570 0.428711
vt 0.809570 0.431152
vt 0.750000 0.470703
vt 0.750000 0.469238
vt 0.809082 0.469238
vt 0.809082 0.470703
vt 0.744629 0.464844
vt 0.814453 0.464844
vt 0.748047 0.451172
vt 0.811035 0.451172
vt 0.592285 0.027832
vt 0.581055 0.027832
vt 0.581055 0.053223
vt 0.581055 0.051758
vt 0.592285 0.051758
vt 0.592285 0.053223
vt 0.579102 0.027832
vt 0.579102 0.051758
vt 0.594238 0.027832
vt 0.594238 0.051758
vt 0.587402 0.794067
vt 0.587402 0.809814
vt 0.580566 0.809814
vt 0.580566 0.794067
vt 0.562500 0.809814
vt 0.562500 0.794067
vt 0.569824 0.794067
vt 0.569824 0.809814
vt 0.562500 0.820557
vt 0.569824 0.820557
vt 0.754883 0.050293
vt 0.782715 0.050293
vt 0.664062 0.194336
vt 0.668457 0.159668
vt 0.741211 0.096680
vt 0.738281 0.093750
vt 0.763184 0.064941
vt 0.753906 0.059570
vt 0.774902 0.068359
vt 0.734375 0.091309
vt 0.748047 0.054199
vt 0.729980 0.090332
vt 0.741211 0.045898
vt 0.736328 0.036621
vt 0.669434 0.089844
vt 0.658203 0.055664
vt 0.732910 0.026855
vt 0.613281 0.006348
vt 0.731445 0.006348
vt 0.613281 0.033691
vt 0.609863 0.048340
vt 0.619629 0.055664
vt 0.602051 0.062012
vt 0.591309 0.073730
vt 0.578613 0.082520
vt 0.563965 0.088867
vt 0.547852 0.092285
vt 0.537109 0.093262
vt 0.499756 0.085938
vt 0.958496 0.346680
vt 0.955566 0.346680
vt 0.955566 0.350586
vt 0.959473 0.350586
vt 0.510254 0.525146
vt 0.536621 0.525146
vt 0.986328 0.039062
vt 0.951660 0.066895
vt 0.951660 0.007324
vt 0.986328 0.019531
vt 0.564941 0.868408
vt 0.562012 0.868408
vt 0.562012 0.848633
vt 0.564941 0.848633
vt 0.562012 0.838379
vt 0.564941 0.838379
vt 0.562012 0.833740
vt 0.564941 0.833740
vt 0.562012 0.829468
vt 0.564941 0.829468
vt 0.508789 0.766479
vt 0.506836 0.763184
vt 0.530762 0.854004
vt 0.530273 0.867310
vt 0.527344 0.867188
vt 0.527832 0.850708
vt 0.462402 0.959167
vt 0.462402 0.961609
vt 0.403076 0.961609
vt 0.403076 0.959167
vt 0.462402 0.956696
vt 0.403076 0.956696
vt 0.403076 0.954254
vt 0.462402 0.954254
vt 0.462402 0.964081
vt 0.403076 0.964081
vt 0.462402 0.982208
vt 0.462402 0.984650
vt 0.403076 0.984650
vt 0.403076 0.982208
vt 0.462402 0.979736
vt 0.403076 0.979736
vt 0.403076 0.977295
vt 0.462402 0.977295
vt 0.462402 0.987122
vt 0.403076 0.987122
vt 0.462402 0.947754
vt 0.462402 0.950195
vt 0.403076 0.950195
vt 0.403076 0.947754
vt 0.462402 0.945282
vt 0.403076 0.945282
vt 0.403076 0.942841
vt 0.462402 0.942841
vt 0.462402 0.952667
vt 0.403076 0.952667
vt 0.207397 0.827271
vt 0.204468 0.827271
vt 0.204468 0.697510
vt 0.207397 0.697510
vt 0.212891 0.827271
vt 0.212891 0.697510
vt 0.215820 0.697510
vt 0.215820 0.827271
vt 0.198975 0.827271
vt 0.198975 0.697510
vt 0.212891 0.691895
vt 0.215820 0.691895
vt 0.379639 0.761108
vt 0.353027 0.761108
vt 0.351807 0.760010
vt 0.351807 0.746094
vt 0.470459 0.785034
vt 0.472412 0.760132
vt 0.527344 0.815674
vt 0.527344 0.805176
vt 0.552734 0.805176
vt 0.552734 0.815674
vt 0.558594 0.815674
vt 0.558594 0.805176
vt 0.550781 0.799561
vt 0.525391 0.799561
vt 0.520996 0.805176
vt 0.520996 0.815674
vt 0.525391 0.821411
vt 0.550781 0.821411
vt 0.944824 0.865356
vt 0.952637 0.875671
vt 0.947266 0.863281
vt 0.957520 0.870728
vt 0.948730 0.860718
vt 0.960449 0.864624
vt 0.948730 0.857788
vt 0.961426 0.857788
vt 0.948730 0.854858
vt 0.960449 0.850952
vt 0.248657 0.754272
vt 0.248657 0.729004
vt 0.236328 0.754150
vt 0.236328 0.729004
vt 0.250732 0.729004
vt 0.250732 0.754272
vt 0.250000 0.760254
vt 0.250000 0.776489
vt 0.250000 0.781738
vt 0.247925 0.781616
vt 0.250732 0.701660
vt 0.250732 0.707275
vt 0.248779 0.701416
vt 0.250732 0.722900
vt 0.812500 0.426270
vt 0.818848 0.426270
vt 0.753418 0.406738
vt 0.753418 0.403809
vt 0.810059 0.403809
vt 0.810059 0.406738
vt 0.607422 0.025879
vt 0.597168 0.025879
vt 0.607422 0.048828
vt 0.597168 0.048828
vt 0.597168 0.047363
vt 0.607422 0.047363
vt 0.608887 0.025879
vt 0.608887 0.047363
vt 0.595703 0.047363
vt 0.595703 0.025879
vt 0.607422 0.002930
vt 0.580566 0.778442
vt 0.587402 0.778442
vt 0.562500 0.778442
vt 0.569824 0.778442
vt 0.562500 0.767578
vt 0.569824 0.767578
vt 0.812500 0.164551
vt 0.808594 0.130371
vt 0.954102 0.520752
vt 0.957031 0.520752
vt 0.954102 0.517334
vt 0.958008 0.517334
vt 0.086548 0.888611
vt 0.200684 0.888611
vt 0.200562 0.976608
vt 0.086731 0.976608
vt 0.480469 0.882080
vt 0.498291 0.882080
vt 0.001348 0.464844
vt 0.001348 0.484863
vt 0.405762 0.280273
vt 0.408936 0.280273
vt 0.404785 0.276367
vt 0.401367 0.276367
vt 0.400391 0.272461
vt 0.408936 0.276367
vt 0.405762 0.276367
vt 0.413574 0.276367
vt 0.409912 0.276367
vt 0.405762 0.291016
vt 0.408936 0.291016
vt 0.400391 0.270508
vt 0.404785 0.289062
vt 0.401855 0.289062
vt 0.410400 0.296875
vt 0.405762 0.292969
vt 0.409424 0.292969
vt 0.401611 0.292969
vt 0.404785 0.292969
vt 0.397217 0.292969
vt 0.400879 0.292969
vt 0.405029 0.278320
vt 0.401855 0.278320
vt 0.410400 0.298340
vt 0.308838 0.207520
vt 0.303467 0.190430
vt 0.437988 0.115234
vt 0.437988 0.198730
vt 0.433838 0.198730
vt 0.433838 0.115234
vt 0.449951 0.115234
vt 0.437988 0.110840
vt 0.449951 0.110840
vt 0.421875 0.115234
vt 0.421875 0.198730
vt 0.449951 0.202637
vt 0.437988 0.202637
vt 0.449951 0.198730
vt 0.454102 0.115234
vt 0.454102 0.198730
vt 0.264648 0.318359
vt 0.264648 0.013184
vt 0.266357 0.013184
vt 0.266357 0.318359
vt 0.285400 0.013184
vt 0.290039 0.013184
vt 0.290039 0.318359
vt 0.285400 0.318359
vt 0.236694 0.318359
vt 0.236694 0.013184
vt 0.254150 0.013184
vt 0.254150 0.318359
vt 0.182495 0.013672
vt 0.182495 0.318359
vt 0.270752 0.318359
vt 0.270752 0.013184
vt 0.291504 0.318359
vt 0.291504 0.013184
vt 0.225952 0.318359
vt 0.225952 0.013184
vt 0.156494 0.318359
vt 0.156494 0.013184
vt 0.208374 0.007324
vt 0.208252 0.002930
vt 0.209839 0.002930
vt 0.002480 0.320801
vt 0.002707 0.010742
vt 0.079590 0.323242
vt 0.079590 0.012695
vt 0.387695 0.007324
vt 0.398438 0.007812
vt 0.398438 0.104980
vt 0.387695 0.104980
vt 0.401367 0.007812
vt 0.401367 0.104980
vt 0.412109 0.007812
vt 0.412109 0.104980
vt 0.415039 0.007812
vt 0.415039 0.104980
vt 0.324707 0.024414
vt 0.310303 0.024414
vt 0.306885 0.008301
vt 0.306885 0.013184
vt 0.350342 0.024414
vt 0.350342 0.145020
vt 0.309814 0.145996
vt 0.324219 0.145996
vt 0.306885 0.161133
vt 0.306885 0.156250
vt 0.455811 0.029785
vt 0.460938 0.029785
vt 0.460938 0.050781
vt 0.455811 0.050781
vt 0.306885 0.168945
vt 0.306885 0.173828
vt 0.349609 0.304199
vt 0.349609 0.185059
vt 0.330811 0.284180
vt 0.453857 0.108398
vt 0.448486 0.108398
vt 0.448486 0.047363
vt 0.453857 0.047363
vt 0.456299 0.073242
vt 0.456299 0.052246
vt 0.461670 0.052246
vt 0.461670 0.073242
vt 0.336182 0.320312
vt 0.313965 0.320312
vt 0.306885 0.320312
vt 0.306885 0.315430
vt 0.454102 0.025391
vt 0.448730 0.025391
vt 0.448730 0.019531
vt 0.454102 0.019531
vt 0.341064 0.170898
vt 0.348633 0.180664
vt 0.448486 0.025879
vt 0.453857 0.025879
vt 0.453857 0.046387
vt 0.448486 0.046387
vt 0.407959 0.265137
vt 0.407959 0.269531
vt 0.398438 0.269531
vt 0.410889 0.214844
vt 0.406250 0.214844
vt 0.406250 0.205078
vt 0.410889 0.205078
vt 0.407959 0.253418
vt 0.394531 0.229004
vt 0.394531 0.219238
vt 0.406250 0.219238
vt 0.406250 0.229004
vt 0.394531 0.214844
vt 0.394531 0.205078
vt 0.394531 0.200195
vt 0.406250 0.200195
vt 0.403809 0.127441
vt 0.405273 0.127441
vt 0.441650 0.298828
vt 0.441650 0.296387
vt 0.440186 0.281250
vt 0.441650 0.281250
vt 0.401367 0.139160
vt 0.401367 0.134277
vt 0.403076 0.134277
vt 0.403076 0.139160
vt 0.443848 0.316406
vt 0.443848 0.313477
vt 0.421875 0.252930
vt 0.421875 0.204102
vt 0.464355 0.202637
vt 0.464355 0.254883
vt 0.419678 0.008301
vt 0.419678 0.108887
vt 0.419678 0.105957
vt 0.427734 0.272461
vt 0.430664 0.272461
vt 0.430664 0.277344
vt 0.427734 0.277344
vt 0.430664 0.288086
vt 0.427734 0.288086
vt 0.427734 0.283203
vt 0.430664 0.283203
vt 0.434326 0.297852
vt 0.434326 0.293457
vt 0.427002 0.293457
vt 0.408936 0.530029
vt 0.408936 0.530762
vt 0.462402 0.545654
vt 0.476807 0.545654
vt 0.161499 0.363281
vt 0.162720 0.367188
vt 0.140991 0.327637
vt 0.140991 0.341309
vt 0.479492 0.572754
vt 0.479492 0.588379
vt 0.476807 0.542725
vt 0.462402 0.542725
vt 0.459717 0.588379
vt 0.459717 0.572754
vt 0.441406 0.530762
vt 0.441406 0.530029
vt 0.437988 0.530762
vt 0.437988 0.530029
vt 0.452393 0.585205
vt 0.438232 0.585205
vt 0.184692 0.339355
vt 0.183594 0.342773
vt 0.162598 0.373535
vt 0.161377 0.377441
vt 0.455078 0.542236
vt 0.455078 0.557861
vt 0.452393 0.587891
vt 0.438232 0.587891
vt 0.435303 0.558105
vt 0.435303 0.542236
vt 0.480957 0.006836
vt 0.469971 0.006836
vt 0.469971 0.004395
vt 0.480957 0.004395
vt 0.480957 0.515381
vt 0.480957 0.518066
vt 0.469971 0.518066
vt 0.469971 0.515381
vt 0.281982 0.326660
vt 0.281982 0.396973
vt 0.274902 0.396973
vt 0.274902 0.323730
vt 0.273682 0.396973
vt 0.266602 0.396973
vt 0.266602 0.326660
vt 0.273682 0.323730
vt 0.283203 0.396973
vt 0.283203 0.326660
vt 0.300293 0.326660
vt 0.300293 0.396973
vt 0.293213 0.396973
vt 0.293213 0.323730
vt 0.291992 0.396973
vt 0.284912 0.396973
vt 0.284912 0.326660
vt 0.291992 0.323730
vt 0.301758 0.396973
vt 0.301758 0.326660
vt 0.337158 0.326660
vt 0.337158 0.396973
vt 0.330078 0.396973
vt 0.330078 0.323730
vt 0.328857 0.396973
vt 0.321777 0.396973
vt 0.321777 0.326660
vt 0.328857 0.323730
vt 0.338379 0.396973
vt 0.338379 0.326660
vt 0.310547 0.326660
vt 0.310547 0.396973
vt 0.303467 0.396973
vt 0.303467 0.323730
vt 0.318848 0.396973
vt 0.311768 0.396973
vt 0.311768 0.326660
vt 0.318848 0.323730
vt 0.320068 0.323730
vt 0.320068 0.396973
vt 0.374023 0.326660
vt 0.374023 0.396973
vt 0.366943 0.396973
vt 0.366943 0.323730
vt 0.365723 0.396973
vt 0.358643 0.396973
vt 0.358643 0.326660
vt 0.365723 0.323730
vt 0.375244 0.396973
vt 0.375244 0.326660
vt 0.348389 0.326660
vt 0.348389 0.396973
vt 0.341309 0.396973
vt 0.341309 0.323730
vt 0.356934 0.396973
vt 0.349854 0.396973
vt 0.349854 0.326660
vt 0.356934 0.323730
vt 0.340088 0.323730
vt 0.340088 0.396973
vt 0.395020 0.489746
vt 0.395020 0.325684
vt 0.407227 0.325684
vt 0.407227 0.489746
vt 0.381836 0.325684
vt 0.394287 0.325684
vt 0.394287 0.489746
vt 0.381836 0.489746
vt 0.381104 0.489746
vt 0.381104 0.325684
vt 0.464600 0.324707
vt 0.464600 0.487305
vt 0.272461 0.559570
vt 0.266602 0.559570
vt 0.266602 0.399414
vt 0.272461 0.399414
vt 0.282715 0.399414
vt 0.285645 0.399414
vt 0.285645 0.559570
vt 0.282715 0.559570
vt 0.292725 0.559570
vt 0.292725 0.399414
vt 0.298828 0.399414
vt 0.298828 0.559570
vt 0.289795 0.559570
vt 0.289795 0.399414
vt 0.446777 0.487305
vt 0.446777 0.324707
vt 0.430420 0.316406
vt 0.430420 0.315430
vt 0.371094 0.525879
vt 0.371094 0.468262
vt 0.359619 0.466309
vt 0.354248 0.461426
vt 0.354248 0.404297
vt 0.359619 0.399414
vt 0.335205 0.405762
vt 0.335205 0.573486
vt 0.376709 0.468262
vt 0.376709 0.525879
vt 0.375977 0.404297
vt 0.375977 0.461426
vt 0.370361 0.461426
vt 0.370361 0.404297
vt 0.364990 0.404297
vt 0.364990 0.461426
vt 0.354736 0.525879
vt 0.354736 0.468262
vt 0.335205 0.399414
vt 0.328613 0.573486
vt 0.328613 0.405762
vt 0.354980 0.531738
vt 0.354980 0.526611
vt 0.356445 0.526611
vt 0.361816 0.531738
vt 0.316162 0.578613
vt 0.314697 0.578613
vt 0.309570 0.404297
vt 0.314697 0.399414
vt 0.082153 0.585449
vt 0.064209 0.580322
vt 0.082153 0.580322
vt 0.082092 0.593262
vt 0.082092 0.615234
vt 0.077393 0.615479
vt 0.077393 0.593262
vt 0.049408 0.610352
vt 0.049408 0.596436
vt 0.054138 0.596436
vt 0.054138 0.610352
vt 0.056396 0.580566
vt 0.064209 0.580566
vt 0.092529 0.580322
vt 0.094482 0.580322
vt 0.094482 0.585449
vt 0.092529 0.585449
vt 0.021515 0.633301
vt 0.025620 0.631592
vt 0.108032 0.585449
vt 0.108032 0.580322
vt 0.125854 0.580322
vt 0.108032 0.593262
vt 0.112793 0.593262
vt 0.112793 0.615479
vt 0.108032 0.615234
vt 0.140747 0.610352
vt 0.135986 0.610352
vt 0.135986 0.596436
vt 0.140747 0.596436
vt 0.133789 0.580566
vt 0.125854 0.580566
vt 0.097656 0.580322
vt 0.097656 0.585449
vt 0.095703 0.585449
vt 0.095703 0.580322
vt 0.080505 0.633301
vt 0.076416 0.631592
vt 0.231201 0.623779
vt 0.231201 0.640381
vt 0.222412 0.640381
vt 0.222412 0.623779
vt 0.248779 0.674316
vt 0.248779 0.681641
vt 0.232178 0.681641
vt 0.232178 0.674316
vt 0.302979 0.411621
vt 0.302979 0.411621
vt 0.302979 0.567871
vt 0.302979 0.567871
vt 0.224854 0.622314
vt 0.224854 0.616699
vt 0.214844 0.561523
vt 0.210205 0.559570
vt 0.212158 0.558594
vt 0.214111 0.559570
vt 0.164673 0.637207
vt 0.169067 0.637207
vt 0.054718 0.332520
vt 0.032104 0.332520
vt 0.074768 0.571289
vt 0.097412 0.571289
vt 0.097778 0.578369
vt 0.074097 0.578369
vt 0.132690 0.403809
vt 0.140869 0.403809
vt 0.121338 0.403809
vt 0.129517 0.403809
vt 0.129517 0.385254
vt 0.121399 0.385254
vt 0.020584 0.341797
vt 0.012367 0.341797
vt 0.020355 0.348145
vt 0.012131 0.348145
vt 0.012115 0.347168
vt 0.020355 0.347168
vt 0.020462 0.328125
vt 0.012260 0.328125
vt 0.012260 0.326660
vt 0.020462 0.334961
vt 0.012260 0.334961
vt 0.021423 0.341797
vt 0.021454 0.347168
vt 0.020325 0.341797
vt 0.012115 0.341797
vt 0.012260 0.321777
vt 0.021942 0.359375
vt 0.021942 0.368652
vt 0.015686 0.358887
vt 0.015686 0.349121
vt 0.021866 0.349121
vt 0.021866 0.358887
vt 0.001705 0.358887
vt 0.001705 0.349121
vt 0.005608 0.349121
vt 0.005608 0.358887
vt 0.011780 0.349121
vt 0.011780 0.358887
vt 0.361084 0.007812
vt 0.361084 0.214355
vt 0.355713 0.214355
vt 0.355713 0.007812
vt 0.355713 0.264160
vt 0.355713 0.250488
vt 0.361084 0.250488
vt 0.361084 0.264160
vt 0.361084 0.006348
vt 0.355713 0.006348
vt 0.355713 0.266113
vt 0.361084 0.266113
vt 0.378174 0.007812
vt 0.383545 0.007812
vt 0.383545 0.213867
vt 0.378174 0.213867
vt 0.383545 0.264160
vt 0.378174 0.264160
vt 0.378174 0.250488
vt 0.383545 0.250488
vt 0.378174 0.005859
vt 0.383545 0.005859
vt 0.383545 0.266113
vt 0.378174 0.266113
vt 0.456787 0.721436
vt 0.456055 0.720703
vt 0.457031 0.719971
vt 0.457764 0.720703
vt 0.483643 0.609375
vt 0.483643 0.611572
vt 0.483398 0.611572
vt 0.483398 0.609375
vt 0.483643 0.613770
vt 0.483398 0.613770
vt 0.483643 0.615967
vt 0.483398 0.615967
vt 0.483643 0.618408
vt 0.483398 0.618408
vt 0.483643 0.620605
vt 0.483398 0.620605
vt 0.483643 0.607178
vt 0.483398 0.607178
vt 0.481445 0.613281
vt 0.481445 0.613770
vt 0.482178 0.612061
vt 0.482666 0.612305
vt 0.481934 0.613525
vt 0.481445 0.610840
vt 0.481689 0.610352
vt 0.482666 0.611816
vt 0.469482 0.613770
vt 0.469482 0.613281
vt 0.468262 0.612305
vt 0.468750 0.612061
vt 0.468994 0.613525
vt 0.468994 0.610596
vt 0.469482 0.610840
vt 0.468262 0.611816
vt 0.477539 0.610840
vt 0.478271 0.610840
vt 0.472656 0.610840
vt 0.473145 0.610840
vt 0.562012 0.473145
vt 0.562012 0.440918
vt 0.601074 0.473145
vt 0.577148 0.413574
vt 0.538574 0.413574
vt 0.538574 0.382812
vt 0.577148 0.382812
vt 0.602051 0.473145
vt 0.601562 0.483887
vt 0.601074 0.483398
vt 0.489502 0.573242
vt 0.489258 0.573242
vt 0.489258 0.571289
vt 0.489502 0.571289
vt 0.489258 0.569580
vt 0.489502 0.569580
vt 0.489258 0.567627
vt 0.489502 0.567627
vt 0.489258 0.565674
vt 0.489502 0.565674
vt 0.489258 0.563965
vt 0.489502 0.563965
vt 0.489502 0.575195
vt 0.489258 0.575195
vt 0.496826 0.593750
vt 0.497314 0.593750
vt 0.495605 0.594482
vt 0.497070 0.593994
vt 0.495605 0.594727
vt 0.494141 0.593750
vt 0.495361 0.594727
vt 0.493896 0.593994
vt 0.497314 0.562500
vt 0.496826 0.562500
vt 0.495605 0.561523
vt 0.497070 0.562012
vt 0.495361 0.562012
vt 0.493896 0.562256
vt 0.495117 0.561523
vt 0.494141 0.562744
vt 0.479004 0.681396
vt 0.478271 0.684082
vt 0.481934 0.694824
vt 0.481934 0.695557
vt 0.479004 0.695557
vt 0.479004 0.694824
vt 0.481934 0.656982
vt 0.481934 0.657715
vt 0.479004 0.656982
vt 0.514160 0.693848
vt 0.514160 0.703613
vt 0.513184 0.703613
vt 0.513184 0.693848
vt 0.541016 0.704102
vt 0.541016 0.703613
vt 0.541016 0.700195
vt 0.541016 0.699951
vt 0.541016 0.693848
vt 0.541016 0.693359
vt 0.541016 0.697998
vt 0.541016 0.697510
vt 0.526855 0.697510
vt 0.527344 0.697998
vt 0.527344 0.699951
vt 0.526855 0.700195
vt 0.487793 0.676025
vt 0.487793 0.667725
vt 0.489502 0.667725
vt 0.489502 0.676025
vt 0.486572 0.700928
vt 0.486572 0.692871
vt 0.489990 0.692871
vt 0.489990 0.700928
vt 0.511719 0.692871
vt 0.511719 0.700928
vt 0.509277 0.700928
vt 0.509277 0.692871
vt 0.532715 0.681152
vt 0.542969 0.681152
vt 0.542969 0.689453
vt 0.532715 0.689453
vt 0.549805 0.681152
vt 0.549805 0.689453
vt 0.513672 0.681152
vt 0.513672 0.689453
vt 0.512207 0.689453
vt 0.512207 0.681152
vt 0.520508 0.681152
vt 0.520508 0.689453
vt 0.531250 0.681152
vt 0.531250 0.689453
vt 0.624512 0.737793
vt 0.624512 0.746582
vt 0.623535 0.747559
vt 0.623535 0.736328
vt 0.675293 0.746582
vt 0.675293 0.747559
vt 0.682617 0.746582
vt 0.682617 0.747559
vt 0.688965 0.746582
vt 0.689941 0.747559
vt 0.688965 0.737793
vt 0.689941 0.736328
vt 0.508789 0.739990
vt 0.512207 0.734619
vt 0.605469 0.603027
vt 0.605469 0.597168
vt 0.607422 0.597168
vt 0.607422 0.603027
vt 0.600586 0.597168
vt 0.600586 0.603027
vt 0.598633 0.603027
vt 0.598633 0.597168
vt 0.598633 0.604980
vt 0.593750 0.604980
vt 0.593750 0.603027
vt 0.598633 0.596436
vt 0.600586 0.596436
vt 0.605469 0.596436
vt 0.607422 0.596436
vt 0.617676 0.616699
vt 0.622559 0.616699
vt 0.622559 0.619385
vt 0.617676 0.619385
vt 0.612793 0.616699
vt 0.612793 0.619385
vt 0.607910 0.616699
vt 0.607910 0.619385
vt 0.603027 0.616699
vt 0.603027 0.619385
vt 0.598145 0.616699
vt 0.598145 0.619385
vt 0.592773 0.616699
vt 0.592773 0.619385
vt 0.596191 0.639404
vt 0.589355 0.601318
vt 0.588867 0.601318
vt 0.604980 0.631592
vt 0.606934 0.631592
vt 0.778320 0.068359
vt 0.768555 0.122559
vt 0.768555 0.122559
vt 0.778320 0.068359
vt 0.766113 0.122559
vt 0.775391 0.068359
vt 0.594238 0.835815
vt 0.594238 0.839111
vt 0.589355 0.839111
vt 0.594238 0.842285
vt 0.589355 0.842285
vt 0.594238 0.846558
vt 0.589355 0.846558
vt 0.594238 0.851196
vt 0.589355 0.851196
vt 0.594238 0.861450
vt 0.589355 0.861450
vt 0.594238 0.881287
vt 0.589355 0.881287
vt 0.544922 0.516113
vt 0.541504 0.517578
vt 0.522949 0.483398
vt 0.525879 0.482422
vt 0.515137 0.466797
vt 0.518066 0.465332
vt 0.508301 0.446777
vt 0.511230 0.445801
vt 0.502441 0.421387
vt 0.504883 0.420898
vt 0.499756 0.396973
vt 0.502441 0.396484
vt 0.497803 0.367188
vt 0.500488 0.367188
vt 0.502441 0.338379
vt 0.499756 0.337402
vt 0.504883 0.313965
vt 0.502441 0.313477
vt 0.511230 0.289062
vt 0.508301 0.288086
vt 0.518066 0.269531
vt 0.515625 0.268066
vt 0.525879 0.252441
vt 0.522949 0.251465
vt 0.544922 0.218750
vt 0.541504 0.217285
vt 0.596191 0.976410
vt 0.596191 0.946503
vt 0.580078 0.975113
vt 0.579590 0.932861
vt 0.523926 0.932861
vt 0.523438 0.975113
vt 0.507324 0.946503
vt 0.573730 0.981247
vt 0.507324 0.976410
vt 0.529785 0.981247
vt 0.573730 0.992027
vt 0.581543 0.977463
vt 0.581543 0.994072
vt 0.529297 0.992027
vt 0.521973 0.977463
vt 0.521973 0.994072
vt 0.580078 0.995609
vt 0.568848 0.995689
vt 0.534668 0.995689
vt 0.523438 0.995609
vt 0.568848 0.997437
vt 0.534668 0.997437
vt 0.500000 0.860352
vt 0.489014 0.860352
vt 0.489014 0.839600
vt 0.500000 0.839600
vt 0.489014 0.833618
vt 0.511719 0.839600
vt 0.511719 0.833618
vt 0.489014 0.829956
vt 0.511719 0.829956
vt 0.511719 0.825806
vt 0.489014 0.825806
vt 0.521484 0.930115
vt 0.457031 0.930115
vt 0.457031 0.923035
vt 0.521484 0.923035
vt 0.457031 0.918579
vt 0.521484 0.918579
vt 0.521484 0.903992
vt 0.457031 0.903992
vt 0.989746 0.319336
vt 0.993164 0.333496
vt 0.985352 0.318359
vt 0.988770 0.314941
vt 0.982910 0.314453
vt 0.988281 0.311035
vt 0.980469 0.311035
vt 0.985840 0.307617
vt 0.977051 0.307617
vt 0.985352 0.303711
vt 0.974609 0.303711
vt 0.968750 0.294434
vt 0.984375 0.294434
vt 0.983398 0.270996
vt 0.960449 0.270508
vt 0.980469 0.241699
vt 0.956543 0.242188
vt 0.960449 0.213379
vt 0.983398 0.212891
vt 0.968262 0.189453
vt 0.983887 0.189453
vt 0.984863 0.180176
vt 0.974121 0.180176
vt 0.977051 0.176270
vt 0.985352 0.176270
vt 0.979980 0.172852
vt 0.987793 0.172852
vt 0.982910 0.168945
vt 0.988281 0.169434
vt 0.985352 0.165527
vt 0.989746 0.164551
vt 0.993164 0.150879
vt 0.958984 0.604004
vt 0.958984 0.617432
vt 0.941406 0.617432
vt 0.941406 0.604004
vt 0.912109 0.617432
vt 0.912109 0.604004
vt 0.892578 0.617432
vt 0.892578 0.604004
vt 0.883301 0.604004
vt 0.883301 0.617432
vt 0.954590 0.347656
vt 0.807617 0.447266
vt 0.797363 0.447266
vt 0.791016 0.447266
vt 0.766113 0.447266
vt 0.759766 0.447266
vt 0.750000 0.447266
vt 0.816895 0.389648
vt 0.811523 0.389648
vt 0.749512 0.389648
vt 0.744141 0.389648
vt 0.578125 0.648193
vt 0.539551 0.625732
vt 0.539551 0.597412
vt 0.578125 0.596924
vt 0.541016 0.597168
vt 0.541016 0.594971
vt 0.393311 0.917603
vt 0.346924 0.927307
vt 0.291016 0.927307
vt 0.244629 0.917603
vt 0.258057 0.866455
vt 0.379883 0.866455
vt 0.244629 0.866333
vt 0.393311 0.866333
vt 0.238525 0.914062
vt 0.238892 0.868530
vt 0.213257 0.889648
vt 0.226318 0.921021
vt 0.228394 0.926880
vt 0.205322 0.923401
vt 0.204590 0.929565
vt 0.399414 0.914062
vt 0.398926 0.868530
vt 0.424561 0.889648
vt 0.411621 0.921021
vt 0.409424 0.926880
vt 0.432617 0.923401
vt 0.433105 0.929565
vt 0.816406 0.068359
vt 0.820312 0.068359
vt 0.806641 0.122559
vt 0.715332 0.155273
vt 0.715332 0.165039
vt 0.675781 0.155273
vt 0.953125 0.141602
vt 0.955078 0.143066
vt 0.955566 0.218262
vt 0.547852 0.157227
vt 0.557617 0.212402
vt 0.519043 0.212402
vt 0.508789 0.157227
vt 0.504883 0.157227
vt 0.571777 0.227539
vt 0.554199 0.259277
vt 0.546875 0.277344
vt 0.541016 0.293457
vt 0.536133 0.313477
vt 0.533203 0.337891
vt 0.531738 0.367188
vt 0.533203 0.396973
vt 0.536133 0.421387
vt 0.541016 0.441406
vt 0.546875 0.457520
vt 0.554199 0.475586
vt 0.571777 0.507324
vt 0.839355 0.218262
vt 0.839844 0.143066
vt 0.841797 0.141602
vt 0.852051 0.223145
vt 0.858887 0.223145
vt 0.080994 0.704102
vt 0.080994 0.828369
vt 0.080994 0.837158
vt 0.080994 0.846558
vt 0.080994 0.855835
vt 0.080994 0.865112
vt 0.080994 0.874390
vt 0.080994 0.957947
vt 0.580078 0.822998
vt 0.580078 0.826172
vt 0.580078 0.829468
vt 0.577637 0.829468
vt 0.580078 0.833740
vt 0.577637 0.833740
vt 0.580078 0.838379
vt 0.577637 0.838379
vt 0.580078 0.848633
vt 0.577637 0.848633
vt 0.580078 0.868408
vt 0.577637 0.868408
vt 0.568359 0.822998
vt 0.568359 0.826172
vt 0.568359 0.829468
vt 0.568359 0.833740
vt 0.568359 0.838379
vt 0.568359 0.848633
vt 0.568359 0.868408
vt 0.573242 0.868408
vt 0.573242 0.848633
vt 0.573242 0.838379
vt 0.573242 0.833740
vt 0.573242 0.829468
vt 0.573242 0.826172
vt 0.494141 0.767578
vt 0.494141 0.768799
vt 0.491211 0.769287
vt 0.487061 0.770996
vt 0.483398 0.767944
vt 0.390381 0.851685
vt 0.390381 0.864258
vt 0.363281 0.864258
vt 0.363281 0.851685
vt 0.333984 0.864258
vt 0.333984 0.851685
vt 0.304688 0.851685
vt 0.304688 0.864258
vt 0.277588 0.851685
vt 0.277588 0.864258
vt 0.767090 0.310547
vt 0.736328 0.306641
vt 0.736816 0.311035
vt 0.729980 0.311035
vt 0.723145 0.310547
vt 0.709961 0.305176
vt 0.710938 0.310547
vt 0.686035 0.310547
vt 0.684570 0.303223
vt 0.657715 0.310059
vt 0.657715 0.302246
vt 0.630859 0.303223
vt 0.629883 0.310059
vt 0.605957 0.304688
vt 0.604980 0.310059
vt 0.592773 0.310547
vt 0.579590 0.306152
vt 0.585938 0.310547
vt 0.579102 0.310547
vt 0.548828 0.310059
vt 0.750000 0.349609
vt 0.745117 0.344727
vt 0.738770 0.339844
vt 0.732422 0.336426
vt 0.723145 0.333984
vt 0.710938 0.333496
vt 0.686035 0.333008
vt 0.657715 0.333496
vt 0.629883 0.333008
vt 0.604492 0.333008
vt 0.592285 0.333496
vt 0.583496 0.335938
vt 0.576660 0.339355
vt 0.570801 0.344238
vt 0.565430 0.349121
vt 0.429932 0.797119
vt 0.430664 0.808960
vt 0.418945 0.808350
vt 0.430664 0.817993
vt 0.418945 0.817749
vt 0.431152 0.824463
vt 0.419434 0.824707
vt 0.432373 0.830933
vt 0.420410 0.831299
vt 0.433594 0.837891
vt 0.421631 0.838135
vt 0.426270 0.849121
vt 0.434326 0.846069
vt 0.424072 0.846436
vt 0.436035 0.850098
vt 0.416260 0.851685
vt 0.429443 0.854614
vt 0.413086 0.844238
vt 0.442383 0.858887
vt 0.438477 0.864258
vt 0.390381 0.844238
vt 0.363281 0.844238
vt 0.333984 0.844238
vt 0.304688 0.844238
vt 0.277588 0.844238
vt 0.255127 0.844238
vt 0.251709 0.851685
vt 0.244019 0.846436
vt 0.241821 0.849121
vt 0.246460 0.838135
vt 0.234497 0.837891
vt 0.247559 0.831299
vt 0.233643 0.846069
vt 0.235840 0.830933
vt 0.232056 0.850098
vt 0.248657 0.824707
vt 0.238770 0.854614
vt 0.236938 0.824463
vt 0.225708 0.858887
vt 0.249146 0.817749
vt 0.229736 0.864258
vt 0.237427 0.817993
vt 0.249023 0.808350
vt 0.237427 0.808960
vt 0.238159 0.797119
vt 0.764648 0.740723
vt 0.764648 0.708008
vt 0.776367 0.708008
vt 0.776367 0.740723
vt 0.787598 0.708008
vt 0.787598 0.740723
vt 0.799316 0.708008
vt 0.799316 0.740723
vt 0.811035 0.708008
vt 0.811035 0.740723
vt 0.822266 0.708008
vt 0.822266 0.740723
vt 0.833984 0.708008
vt 0.833984 0.740723
vt 0.845703 0.708008
vt 0.845703 0.740723
vt 0.856934 0.708008
vt 0.856934 0.740723
vt 0.868652 0.708008
vt 0.868652 0.740723
vt 0.880371 0.708008
vt 0.880371 0.740723
vt 0.891602 0.708008
vt 0.891602 0.740723
vt 0.903320 0.708008
vt 0.903320 0.740723
vt 0.914551 0.708008
vt 0.914551 0.740723
vt 0.926270 0.708008
vt 0.926270 0.740723
vt 0.937988 0.708008
vt 0.937988 0.740723
vt 0.949219 0.708008
vt 0.949219 0.740723
vt 0.960938 0.708008
vt 0.960938 0.740723
vt 0.972656 0.708008
vt 0.972656 0.740723
vt 0.983887 0.708008
vt 0.983887 0.740723
vt 0.995605 0.708008
vt 0.995605 0.740723
vt 0.926270 0.875671
vt 0.934082 0.865356
vt 0.921387 0.870728
vt 0.931641 0.863281
vt 0.918457 0.864624
vt 0.930664 0.860718
vt 0.917480 0.857788
vt 0.930176 0.857788
vt 0.918457 0.850952
vt 0.930664 0.854858
vt 0.716797 0.796875
vt 0.716797 0.788940
vt 0.719238 0.788940
vt 0.719238 0.796875
vt 0.721191 0.788940
vt 0.721191 0.796875
vt 0.723145 0.788940
vt 0.723145 0.796875
vt 0.725586 0.788940
vt 0.725586 0.796875
vt 0.727539 0.788940
vt 0.727539 0.796875
vt 0.729492 0.788940
vt 0.729492 0.796875
vt 0.731934 0.788940
vt 0.731934 0.796875
vt 0.733887 0.788940
vt 0.733887 0.796875
vt 0.735840 0.788940
vt 0.735840 0.796875
vt 0.738281 0.788940
vt 0.738281 0.796875
vt 0.740234 0.788940
vt 0.740234 0.796875
vt 0.742188 0.788940
vt 0.742188 0.796875
vt 0.744629 0.788940
vt 0.744629 0.796875
vt 0.746582 0.788940
vt 0.746582 0.796875
vt 0.748535 0.788940
vt 0.748535 0.796875
vt 0.750977 0.788940
vt 0.750977 0.796875
vt 0.752930 0.788940
vt 0.752930 0.796875
vt 0.754883 0.788940
vt 0.754883 0.796875
vt 0.757324 0.788940
vt 0.757324 0.796875
vt 0.759277 0.788940
vt 0.759277 0.796875
vt 0.745117 0.734863
vt 0.745117 0.732422
vt 0.745605 0.730225
vt 0.745605 0.737061
vt 0.747070 0.728271
vt 0.747070 0.738770
vt 0.748535 0.726807
vt 0.749023 0.739990
vt 0.750977 0.726074
vt 0.751465 0.740723
vt 0.753418 0.726074
vt 0.753906 0.740723
vt 0.755371 0.726562
vt 0.755859 0.739746
vt 0.757324 0.728027
vt 0.757812 0.738281
vt 0.758789 0.729736
vt 0.759277 0.736572
vt 0.759766 0.731934
vt 0.759766 0.734131
vt 0.706543 0.705078
vt 0.706543 0.673340
vt 0.718262 0.673340
vt 0.718262 0.705078
vt 0.730469 0.673340
vt 0.730469 0.705078
vt 0.742676 0.673340
vt 0.742676 0.705078
vt 0.754883 0.673340
vt 0.754883 0.705078
vt 0.766602 0.673340
vt 0.766602 0.705078
vt 0.778809 0.673340
vt 0.778809 0.705078
vt 0.791016 0.673340
vt 0.791016 0.705078
vt 0.802734 0.673340
vt 0.802734 0.705078
vt 0.814941 0.673340
vt 0.814941 0.705078
vt 0.827148 0.673340
vt 0.827148 0.705078
vt 0.839355 0.673340
vt 0.839355 0.705078
vt 0.851074 0.673340
vt 0.851074 0.705078
vt 0.863281 0.673340
vt 0.863281 0.705078
vt 0.875488 0.673340
vt 0.875488 0.705078
vt 0.887207 0.673340
vt 0.887207 0.705078
vt 0.899414 0.673340
vt 0.899414 0.705078
vt 0.911621 0.673340
vt 0.911621 0.705078
vt 0.923340 0.673340
vt 0.923340 0.705078
vt 0.935547 0.673340
vt 0.935547 0.705078
vt 0.947754 0.673340
vt 0.947754 0.705078
vt 0.959961 0.673340
vt 0.959961 0.705078
vt 0.971680 0.673340
vt 0.971680 0.705078
vt 0.983887 0.673340
vt 0.983887 0.705078
vt 0.996094 0.673340
vt 0.996094 0.705078
vt 0.808105 0.424316
vt 0.750977 0.424316
vt 0.745605 0.424316
vt 0.745605 0.413574
vt 0.750977 0.413574
vt 0.812500 0.413574
vt 0.818359 0.413574
vt 0.692383 0.594971
vt 0.692383 0.597168
vt 0.655273 0.597412
vt 0.693848 0.598145
vt 0.655273 0.648682
vt 0.693848 0.626221
vt 0.363281 0.797119
vt 0.363281 0.789551
vt 0.333984 0.797119
vt 0.333984 0.789673
vt 0.304688 0.789551
vt 0.304688 0.797119
vt 0.801270 0.125977
vt 0.761230 0.125977
vt 0.761230 0.135254
vt 0.536621 0.569824
vt 0.499512 0.569824
vt 0.536621 0.582764
vt 0.499512 0.583008
vt 0.536621 0.595459
vt 0.499512 0.595459
vt 0.536621 0.608154
vt 0.499512 0.608154
vt 0.536621 0.620850
vt 0.499512 0.620850
vt 0.536621 0.632812
vt 0.499512 0.632812
vt 0.536621 0.654785
vt 0.499512 0.654785
vt 0.950684 0.004883
vt 0.837891 0.004883
vt 0.508301 0.767944
vt 0.504395 0.770996
vt 0.500488 0.769287
vt 0.497314 0.767578
vt 0.497314 0.768799
vt 0.406250 0.278320
vt 0.406738 0.279297
vt 0.407959 0.279297
vt 0.408447 0.278320
vt 0.407959 0.277344
vt 0.406738 0.277344
vt 0.402100 0.291016
vt 0.402832 0.291992
vt 0.403809 0.291992
vt 0.404541 0.291016
vt 0.403809 0.290039
vt 0.402832 0.290039
vt 0.374512 0.313965
vt 0.377930 0.313965
vt 0.379883 0.316895
vt 0.373047 0.316895
vt 0.378174 0.319824
vt 0.374756 0.319824
vt 0.304932 0.032715
vt 0.312012 0.032715
vt 0.312012 0.038574
vt 0.304932 0.038574
vt 0.312012 0.044434
vt 0.304932 0.044434
vt 0.304932 0.050293
vt 0.312012 0.050293
vt 0.304932 0.055664
vt 0.312012 0.055664
vt 0.304932 0.061035
vt 0.312012 0.061035
vt 0.304932 0.066406
vt 0.312012 0.066406
vt 0.304932 0.072266
vt 0.312012 0.072266
vt 0.312012 0.078613
vt 0.304932 0.078613
vt 0.312012 0.083984
vt 0.304932 0.083984
vt 0.312012 0.089355
vt 0.304932 0.089355
vt 0.296631 0.033203
vt 0.303467 0.033203
vt 0.303467 0.038574
vt 0.296631 0.038574
vt 0.303467 0.044434
vt 0.296631 0.044434
vt 0.296631 0.050293
vt 0.303467 0.050293
vt 0.296631 0.056152
vt 0.303467 0.056152
vt 0.296631 0.061523
vt 0.303467 0.061523
vt 0.296631 0.066895
vt 0.303467 0.066895
vt 0.296631 0.072754
vt 0.303467 0.072754
vt 0.303467 0.078613
vt 0.296631 0.078613
vt 0.303467 0.084473
vt 0.296631 0.084473
vt 0.303467 0.089355
vt 0.296631 0.089355
vt 0.296875 0.092285
vt 0.303711 0.092285
vt 0.303711 0.096680
vt 0.296875 0.096680
vt 0.303711 0.101074
vt 0.296875 0.101074
vt 0.296875 0.105957
vt 0.303711 0.105957
vt 0.296875 0.110352
vt 0.303711 0.110352
vt 0.296875 0.114746
vt 0.303711 0.114746
vt 0.296875 0.119141
vt 0.303711 0.119141
vt 0.296875 0.123535
vt 0.303711 0.123535
vt 0.303711 0.128418
vt 0.296875 0.128418
vt 0.303711 0.132812
vt 0.296875 0.132812
vt 0.303711 0.137207
vt 0.296875 0.137207
vt 0.305420 0.092773
vt 0.312012 0.092773
vt 0.312012 0.097168
vt 0.305420 0.097168
vt 0.312012 0.101562
vt 0.305420 0.101562
vt 0.305420 0.106445
vt 0.312012 0.106445
vt 0.305420 0.110840
vt 0.312012 0.110840
vt 0.305420 0.114746
vt 0.312012 0.114746
vt 0.305420 0.119141
vt 0.312012 0.119141
vt 0.305420 0.124023
vt 0.312012 0.124023
vt 0.312012 0.128906
vt 0.305420 0.128906
vt 0.312012 0.133301
vt 0.305420 0.133301
vt 0.312012 0.137207
vt 0.305420 0.137207
vt 0.079590 0.002441
vt 0.095215 0.002441
vt 0.105896 0.002441
vt 0.079590 0.325684
vt 0.104370 0.325684
vt 0.105896 0.333984
vt 0.104370 0.333984
vt 0.297119 0.302246
vt 0.301270 0.308105
vt 0.329102 0.299805
vt 0.329102 0.189453
vt 0.314941 0.191895
vt 0.313477 0.187500
vt 0.320312 0.181152
vt 0.297119 0.187500
vt 0.301270 0.181641
vt 0.437012 0.270508
vt 0.426758 0.270508
vt 0.423584 0.261719
vt 0.423584 0.256836
vt 0.455322 0.270508
vt 0.445068 0.270508
vt 0.458496 0.261719
vt 0.458496 0.256348
vt 0.427734 0.281250
vt 0.430664 0.281250
vt 0.427734 0.279297
vt 0.430664 0.279297
vt 0.434326 0.289062
vt 0.431641 0.289062
vt 0.434326 0.291016
vt 0.431641 0.291016
vt 0.264404 0.330566
vt 0.264404 0.557861
vt 0.260986 0.557861
vt 0.260986 0.330566
vt 0.257568 0.557861
vt 0.257568 0.330566
vt 0.254150 0.557861
vt 0.254150 0.330566
vt 0.250732 0.557861
vt 0.250732 0.330566
vt 0.247437 0.557861
vt 0.247437 0.330566
vt 0.244019 0.557861
vt 0.244019 0.330566
vt 0.240601 0.557861
vt 0.240601 0.330566
vt 0.237061 0.557861
vt 0.237061 0.330566
vt 0.155273 0.471680
vt 0.154175 0.471680
vt 0.155273 0.474121
vt 0.154175 0.474121
vt 0.155273 0.476562
vt 0.154175 0.476562
vt 0.151245 0.409668
vt 0.436523 0.487793
vt 0.433105 0.488281
vt 0.429688 0.488281
vt 0.426270 0.488281
vt 0.422852 0.488281
vt 0.419434 0.488281
vt 0.416016 0.488281
vt 0.412598 0.488281
vt 0.408936 0.487793
vt 0.437988 0.534912
vt 0.441406 0.534912
vt 0.444824 0.534912
vt 0.448242 0.534912
vt 0.451660 0.534912
vt 0.455078 0.534912
vt 0.458496 0.534912
vt 0.461914 0.534912
vt 0.465576 0.534912
vt 0.145630 0.434082
vt 0.153076 0.434082
vt 0.153076 0.436035
vt 0.145630 0.436035
vt 0.153076 0.437988
vt 0.145630 0.437988
vt 0.153076 0.439941
vt 0.145630 0.439941
vt 0.153076 0.441895
vt 0.145630 0.441895
vt 0.153076 0.443359
vt 0.145630 0.443359
vt 0.153076 0.445312
vt 0.145630 0.445312
vt 0.153076 0.447266
vt 0.145630 0.447266
vt 0.153076 0.449219
vt 0.145630 0.449219
vt 0.159424 0.441895
vt 0.160645 0.441895
vt 0.159424 0.439453
vt 0.160645 0.439453
vt 0.159424 0.437012
vt 0.160645 0.437012
vt 0.162109 0.393555
vt 0.175293 0.359863
vt 0.183350 0.359863
vt 0.183350 0.364258
vt 0.175293 0.364258
vt 0.183350 0.368164
vt 0.175293 0.368164
vt 0.183350 0.372559
vt 0.175293 0.372559
vt 0.183350 0.376953
vt 0.175293 0.376953
vt 0.183350 0.380859
vt 0.175293 0.380859
vt 0.183350 0.385254
vt 0.175293 0.385254
vt 0.483398 0.515381
vt 0.480957 0.348633
vt 0.483398 0.348633
vt 0.480957 0.345703
vt 0.483398 0.345703
vt 0.480957 0.342285
vt 0.483398 0.342285
vt 0.480957 0.338867
vt 0.483398 0.338867
vt 0.480957 0.335938
vt 0.483398 0.335938
vt 0.480957 0.332520
vt 0.483398 0.332520
vt 0.483398 0.187012
vt 0.480957 0.187012
vt 0.483398 0.183594
vt 0.480957 0.183594
vt 0.483398 0.180176
vt 0.480957 0.180176
vt 0.483398 0.177246
vt 0.480957 0.177246
vt 0.483398 0.173828
vt 0.480957 0.173828
vt 0.483398 0.170898
vt 0.480957 0.170898
vt 0.483398 0.006836
vt 0.370361 0.533691
vt 0.370361 0.539795
vt 0.367188 0.539795
vt 0.364258 0.533691
vt 0.367188 0.543701
vt 0.364258 0.543701
vt 0.020706 0.663574
vt 0.018173 0.663574
vt 0.020706 0.668945
vt 0.018173 0.668945
vt 0.020706 0.674072
vt 0.018173 0.674072
vt 0.105652 0.588379
vt 0.048828 0.632812
vt 0.048828 0.642334
vt 0.050385 0.637451
vt 0.029724 0.633301
vt 0.040344 0.587158
vt 0.041718 0.589111
vt 0.041534 0.591797
vt 0.037170 0.586182
vt 0.039520 0.594238
vt 0.028610 0.596680
vt 0.028656 0.610352
vt 0.029678 0.611328
vt 0.035767 0.624023
vt 0.034363 0.611816
vt 0.039337 0.614258
vt 0.040100 0.621826
vt 0.041382 0.617920
vt 0.144531 0.580566
vt 0.144531 0.585449
vt 0.148193 0.580566
vt 0.148193 0.585449
vt 0.150757 0.580566
vt 0.150757 0.585449
vt 0.153687 0.580566
vt 0.153687 0.585449
vt 0.157227 0.580566
vt 0.157227 0.585449
vt 0.168579 0.580566
vt 0.168579 0.585449
vt 0.102600 0.585449
vt 0.102600 0.580322
vt 0.101440 0.624756
vt 0.101440 0.629639
vt 0.108765 0.624756
vt 0.108765 0.629639
vt 0.125854 0.629639
vt 0.133789 0.629639
vt 0.142700 0.624756
vt 0.142700 0.629639
vt 0.148193 0.624756
vt 0.148193 0.629639
vt 0.152466 0.624756
vt 0.152466 0.629639
vt 0.157104 0.624756
vt 0.157104 0.629639
vt 0.162720 0.624756
vt 0.162720 0.629639
vt 0.167480 0.624756
vt 0.167480 0.629639
vt 0.168945 0.624756
vt 0.168945 0.629639
vt 0.108765 0.617676
vt 0.111511 0.616943
vt 0.112061 0.591797
vt 0.107971 0.589355
vt 0.055328 0.645752
vt 0.068115 0.645752
vt 0.068115 0.651367
vt 0.055328 0.651367
vt 0.068115 0.656982
vt 0.055328 0.656982
vt 0.068115 0.662598
vt 0.055328 0.662598
vt 0.068115 0.668213
vt 0.055328 0.668213
vt 0.068115 0.673828
vt 0.055328 0.673828
vt 0.068115 0.679443
vt 0.055328 0.679443
vt 0.068115 0.685059
vt 0.055328 0.685059
vt 0.068115 0.690918
vt 0.055328 0.690918
vt 0.008972 0.656006
vt 0.016663 0.656006
vt 0.016663 0.660400
vt 0.008972 0.660400
vt 0.016663 0.664551
vt 0.008972 0.664551
vt 0.016663 0.668701
vt 0.008972 0.668701
vt 0.016663 0.673096
vt 0.008972 0.673096
vt 0.016663 0.677246
vt 0.008972 0.677246
vt 0.016663 0.681641
vt 0.008972 0.681641
vt 0.016663 0.685791
vt 0.008972 0.685791
vt 0.016663 0.690186
vt 0.008972 0.690186
vt 0.071472 0.663574
vt 0.068970 0.663574
vt 0.071472 0.668701
vt 0.068970 0.668701
vt 0.071472 0.673828
vt 0.068970 0.673828
vt 0.072327 0.633301
vt 0.084534 0.620361
vt 0.053192 0.642090
vt 0.051636 0.637207
vt 0.053192 0.632568
vt 0.190796 0.586182
vt 0.190918 0.589844
vt 0.186646 0.592041
vt 0.185669 0.593750
vt 0.185791 0.614990
vt 0.186768 0.616455
vt 0.189453 0.617188
vt 0.189209 0.624023
vt 0.194824 0.566895
vt 0.195801 0.563965
vt 0.197510 0.566162
vt 0.197021 0.567627
vt 0.199219 0.568359
vt 0.192627 0.578857
vt 0.196167 0.578857
vt 0.199707 0.578857
vt 0.203247 0.578857
vt 0.206787 0.578857
vt 0.210205 0.578857
vt 0.213745 0.580811
vt 0.213745 0.578857
vt 0.217285 0.580811
vt 0.220825 0.578857
vt 0.217285 0.578857
vt 0.209229 0.625977
vt 0.209229 0.642578
vt 0.207275 0.642578
vt 0.207275 0.625977
vt 0.205322 0.642578
vt 0.205322 0.625977
vt 0.203247 0.642578
vt 0.203247 0.625977
vt 0.201294 0.642578
vt 0.201294 0.626221
vt 0.199341 0.642578
vt 0.199341 0.626221
vt 0.197388 0.642578
vt 0.197388 0.626221
vt 0.195312 0.642578
vt 0.195312 0.626221
vt 0.193359 0.642578
vt 0.193359 0.626221
vt 0.244263 0.635986
vt 0.245361 0.635986
vt 0.244263 0.633789
vt 0.245361 0.633789
vt 0.244263 0.631592
vt 0.245361 0.631592
vt 0.242188 0.649414
vt 0.233032 0.630615
vt 0.231934 0.630615
vt 0.233032 0.632812
vt 0.231934 0.632812
vt 0.233032 0.635010
vt 0.231934 0.635010
vt 0.209961 0.576660
vt 0.263184 0.674561
vt 0.263184 0.634521
vt 0.265381 0.634521
vt 0.265381 0.674561
vt 0.266846 0.634521
vt 0.266846 0.674561
vt 0.269043 0.634521
vt 0.269043 0.674561
vt 0.270508 0.634521
vt 0.270508 0.674561
vt 0.032104 0.491699
vt 0.054749 0.491699
vt 0.032104 0.486816
vt 0.054749 0.486816
vt 0.171387 0.575684
vt 0.193604 0.575684
vt 0.330811 0.204590
vt 0.330811 0.214844
vt 0.343994 0.172363
vt 0.348877 0.157715
vt 0.340820 0.169434
vt 0.746094 0.712891
vt 0.747070 0.721680
vt 0.747559 0.711182
vt 0.749023 0.722900
vt 0.749512 0.709717
vt 0.750977 0.723877
vt 0.751465 0.709229
vt 0.753418 0.723877
vt 0.753906 0.709229
vt 0.755371 0.723145
vt 0.755859 0.709961
vt 0.757324 0.721924
vt 0.757812 0.711426
vt 0.758789 0.720215
vt 0.759277 0.713379
vt 0.759766 0.718018
vt 0.759766 0.715576
vt 0.703125 0.967712
vt 0.696777 0.970245
vt 0.690430 0.971115
vt 0.708008 0.963654
vt 0.683594 0.970245
vt 0.712402 0.958374
vt 0.677246 0.967712
vt 0.714844 0.952209
vt 0.715820 0.945618
vt 0.672363 0.963654
vt 0.667969 0.958374
vt 0.714844 0.938995
vt 0.665527 0.952209
vt 0.712402 0.932861
vt 0.664551 0.945618
vt 0.708008 0.927612
vt 0.665527 0.938995
vt 0.703125 0.923523
vt 0.667969 0.932861
vt 0.696777 0.920959
vt 0.672363 0.927612
vt 0.690430 0.920105
vt 0.677246 0.923523
vt 0.683594 0.920959
vt 0.665039 0.875122
vt 0.652344 0.876770
vt 0.640137 0.875122
vt 0.676758 0.870361
vt 0.628418 0.870361
vt 0.686523 0.862671
vt 0.618652 0.862671
vt 0.694336 0.852661
vt 0.610840 0.852661
vt 0.699219 0.841064
vt 0.605957 0.841064
vt 0.700684 0.828491
vt 0.604492 0.828491
vt 0.699219 0.816040
vt 0.694336 0.804443
vt 0.605957 0.816040
vt 0.610840 0.804443
vt 0.686523 0.794434
vt 0.618652 0.794434
vt 0.676758 0.786743
vt 0.628418 0.786743
vt 0.665039 0.781982
vt 0.640137 0.781982
vt 0.652344 0.780273
vt 0.902832 0.963501
vt 0.891113 0.965302
vt 0.879883 0.963501
vt 0.913086 0.958252
vt 0.869629 0.958252
vt 0.921387 0.950104
vt 0.861328 0.950104
vt 0.926270 0.939789
vt 0.856445 0.939789
vt 0.928223 0.928406
vt 0.854492 0.928406
vt 0.926270 0.916992
vt 0.921387 0.906738
vt 0.856445 0.916992
vt 0.861328 0.906738
vt 0.913086 0.898560
vt 0.869629 0.898560
vt 0.902832 0.893311
vt 0.879883 0.893311
vt 0.891113 0.891541
vt 0.361084 0.220215
vt 0.355713 0.220215
vt 0.361084 0.226562
vt 0.355713 0.226562
vt 0.361084 0.232422
vt 0.355713 0.232422
vt 0.361084 0.238770
vt 0.355713 0.238770
vt 0.361084 0.244629
vt 0.355713 0.244629
vt 0.362549 0.007812
vt 0.362549 0.214355
vt 0.362549 0.220215
vt 0.362549 0.226562
vt 0.362549 0.232422
vt 0.362549 0.238770
vt 0.362549 0.244629
vt 0.362549 0.250488
vt 0.362549 0.264160
vt 0.354004 0.007812
vt 0.354004 0.214355
vt 0.354004 0.220215
vt 0.354004 0.226562
vt 0.354004 0.232422
vt 0.354004 0.238770
vt 0.354004 0.244629
vt 0.354004 0.250488
vt 0.354004 0.264160
vt 0.455322 0.594971
vt 0.457520 0.594971
vt 0.460205 0.594971
vt 0.462646 0.594971
vt 0.465820 0.594971
vt 0.618164 0.581299
vt 0.619629 0.580811
vt 0.621582 0.583008
vt 0.621094 0.584229
vt 0.624512 0.583008
vt 0.625000 0.584229
vt 0.626953 0.580811
vt 0.627930 0.581543
vt 0.628418 0.546387
vt 0.627441 0.546875
vt 0.625000 0.544678
vt 0.625488 0.543457
vt 0.622070 0.544678
vt 0.621582 0.543457
vt 0.619629 0.546875
vt 0.618652 0.546143
vt 0.612305 0.546143
vt 0.615234 0.546143
vt 0.617676 0.548584
vt 0.609863 0.548584
vt 0.617676 0.554932
vt 0.609863 0.554932
vt 0.609863 0.555908
vt 0.617676 0.555908
vt 0.627441 0.553467
vt 0.619629 0.553467
vt 0.619629 0.555420
vt 0.626953 0.555420
vt 0.636719 0.623779
vt 0.633301 0.623779
vt 0.631348 0.621826
vt 0.638672 0.621826
vt 0.629395 0.611572
vt 0.640625 0.611572
vt 0.640625 0.610107
vt 0.629395 0.610107
vt 0.640625 0.608887
vt 0.629395 0.608887
vt 0.640625 0.600830
vt 0.629395 0.600830
vt 0.640625 0.599365
vt 0.629395 0.599365
vt 0.640625 0.598145
vt 0.629395 0.598145
vt 0.631348 0.587891
vt 0.638672 0.587891
vt 0.636719 0.585693
vt 0.633301 0.585693
vt 0.648926 0.623291
vt 0.645508 0.623291
vt 0.644043 0.621582
vt 0.650391 0.621582
vt 0.642090 0.612305
vt 0.652344 0.612305
vt 0.651855 0.610352
vt 0.642090 0.610352
vt 0.652344 0.608643
vt 0.642090 0.608643
vt 0.652344 0.600830
vt 0.642090 0.600830
vt 0.651855 0.599121
vt 0.642090 0.599121
vt 0.652344 0.597412
vt 0.642090 0.597412
vt 0.644043 0.587891
vt 0.650391 0.587891
vt 0.648438 0.586426
vt 0.645508 0.586426
vt 0.491211 0.598145
vt 0.491211 0.606201
vt 0.490234 0.606201
vt 0.490234 0.598145
vt 0.489014 0.606201
vt 0.489014 0.598145
vt 0.487793 0.606201
vt 0.487793 0.598145
vt 0.486816 0.606201
vt 0.486816 0.598145
vt 0.485840 0.606201
vt 0.485840 0.598145
vt 0.484619 0.606201
vt 0.484619 0.598145
vt 0.484619 0.621094
vt 0.484619 0.618652
vt 0.486572 0.617676
vt 0.486572 0.622314
vt 0.488525 0.618896
vt 0.488525 0.621094
vt 0.491211 0.610840
vt 0.491211 0.615479
vt 0.490234 0.615479
vt 0.490234 0.610840
vt 0.489014 0.615479
vt 0.489014 0.610840
vt 0.488037 0.615479
vt 0.488037 0.610840
vt 0.486816 0.615479
vt 0.486816 0.610840
vt 0.485840 0.615479
vt 0.485840 0.610840
vt 0.484619 0.615479
vt 0.484619 0.610840
vt 0.480713 0.609131
vt 0.469971 0.609131
vt 0.469971 0.607422
vt 0.480713 0.607422
vt 0.469971 0.605469
vt 0.480713 0.605469
vt 0.469971 0.603516
vt 0.480713 0.603516
vt 0.469971 0.601807
vt 0.480713 0.601807
vt 0.469971 0.599854
vt 0.480713 0.599854
vt 0.469971 0.598145
vt 0.480713 0.598145
vt 0.420654 0.712891
vt 0.418701 0.712891
vt 0.418701 0.709717
vt 0.420654 0.709717
vt 0.418701 0.706787
vt 0.420654 0.706787
vt 0.418701 0.704102
vt 0.420654 0.704102
vt 0.418701 0.700928
vt 0.420654 0.700928
vt 0.418701 0.687988
vt 0.420654 0.687988
vt 0.418701 0.677734
vt 0.420654 0.677734
vt 0.418701 0.676025
vt 0.420654 0.676025
vt 0.418701 0.674072
vt 0.420654 0.674072
vt 0.418701 0.672119
vt 0.420654 0.672119
vt 0.418701 0.670410
vt 0.420654 0.670410
vt 0.418701 0.660156
vt 0.420654 0.660156
vt 0.418701 0.647461
vt 0.420654 0.647461
vt 0.418701 0.644287
vt 0.420654 0.644287
vt 0.418701 0.641846
vt 0.420654 0.641846
vt 0.418701 0.638916
vt 0.420654 0.638916
vt 0.418701 0.635742
vt 0.420654 0.635742
vt 0.375244 0.736084
vt 0.375244 0.733643
vt 0.386963 0.733643
vt 0.416992 0.736084
vt 0.405029 0.733643
vt 0.416992 0.733643
vt 0.423340 0.744629
vt 0.423340 0.594971
vt 0.426758 0.594971
vt 0.426758 0.744629
vt 0.430176 0.594971
vt 0.430176 0.744629
vt 0.433594 0.594971
vt 0.433594 0.744629
vt 0.437012 0.744629
vt 0.437012 0.594971
vt 0.439453 0.744629
vt 0.439453 0.594971
vt 0.442871 0.594971
vt 0.442871 0.744629
vt 0.446289 0.594971
vt 0.446289 0.744629
vt 0.449707 0.594971
vt 0.449707 0.744629
vt 0.453125 0.744629
vt 0.453125 0.594971
vt 0.606934 0.546875
vt 0.607910 0.546387
vt 0.608398 0.554688
vt 0.606934 0.554688
vt 0.608398 0.556641
vt 0.606934 0.556641
vt 0.608398 0.558594
vt 0.606934 0.558594
vt 0.608887 0.570557
vt 0.606934 0.570312
vt 0.608398 0.572266
vt 0.606934 0.572266
vt 0.608887 0.574219
vt 0.606934 0.574219
vt 0.608398 0.581543
vt 0.606934 0.580811
vt 0.598145 0.546387
vt 0.599121 0.546875
vt 0.599121 0.554688
vt 0.597656 0.554932
vt 0.599121 0.556641
vt 0.597656 0.556641
vt 0.599121 0.558594
vt 0.597656 0.558594
vt 0.599121 0.570312
vt 0.597656 0.570557
vt 0.599609 0.572266
vt 0.598145 0.572510
vt 0.599609 0.574219
vt 0.597656 0.574219
vt 0.599609 0.580811
vt 0.598145 0.581543
vt 0.589844 0.557373
vt 0.597656 0.557373
vt 0.589844 0.558838
vt 0.589844 0.570557
vt 0.597656 0.571777
vt 0.589844 0.571777
vt 0.488770 0.587891
vt 0.488770 0.590576
vt 0.487793 0.590576
vt 0.487793 0.587891
vt 0.486572 0.590576
vt 0.486572 0.587891
vt 0.485596 0.590576
vt 0.485596 0.587891
vt 0.484619 0.590576
vt 0.484619 0.587891
vt 0.483398 0.590576
vt 0.483398 0.587891
vt 0.482422 0.590576
vt 0.482422 0.587891
vt 0.488770 0.563721
vt 0.488770 0.567627
vt 0.487793 0.567627
vt 0.487793 0.563721
vt 0.486572 0.567627
vt 0.486572 0.563721
vt 0.485596 0.567627
vt 0.485596 0.563721
vt 0.484619 0.567627
vt 0.484619 0.563721
vt 0.483398 0.567627
vt 0.483398 0.563721
vt 0.482422 0.567627
vt 0.482422 0.563721
vt 0.479004 0.684082
vt 0.478271 0.694824
vt 0.564453 0.657715
vt 0.568848 0.657715
vt 0.568848 0.658936
vt 0.564453 0.658936
vt 0.568848 0.659912
vt 0.564453 0.660156
vt 0.564453 0.661377
vt 0.568848 0.661133
vt 0.568848 0.662354
vt 0.564453 0.662354
vt 0.529785 0.699951
vt 0.529785 0.700195
vt 0.532227 0.699951
vt 0.532227 0.700195
vt 0.534668 0.699951
vt 0.534668 0.700195
vt 0.536621 0.700195
vt 0.536621 0.699951
vt 0.538574 0.700195
vt 0.538574 0.699951
vt 0.538574 0.697998
vt 0.538574 0.697510
vt 0.536621 0.697998
vt 0.536621 0.697510
vt 0.534668 0.697998
vt 0.534668 0.697510
vt 0.532227 0.697510
vt 0.532227 0.697998
vt 0.529785 0.697510
vt 0.529785 0.697998
vt 0.514160 0.693359
vt 0.523438 0.693359
vt 0.523438 0.693848
vt 0.526855 0.693359
vt 0.526855 0.693848
vt 0.529785 0.693848
vt 0.529785 0.693359
vt 0.532227 0.693848
vt 0.532227 0.693359
vt 0.534668 0.693848
vt 0.534668 0.693359
vt 0.536621 0.693848
vt 0.536621 0.693359
vt 0.538574 0.693848
vt 0.538574 0.693359
vt 0.489990 0.689209
vt 0.489990 0.681152
vt 0.500977 0.681152
vt 0.500977 0.689209
vt 0.510254 0.681152
vt 0.510254 0.689209
vt 0.562012 0.657715
vt 0.562012 0.666016
vt 0.553711 0.666016
vt 0.553711 0.657715
vt 0.545898 0.666016
vt 0.545898 0.657715
vt 0.537598 0.666016
vt 0.537598 0.657715
vt 0.529785 0.666016
vt 0.529785 0.657715
vt 0.521484 0.666016
vt 0.521484 0.657715
vt 0.513672 0.666016
vt 0.513672 0.657715
vt 0.505371 0.666016
vt 0.505371 0.657715
vt 0.497559 0.666016
vt 0.497559 0.657715
vt 0.489502 0.666016
vt 0.489502 0.657715
vt 0.593750 0.597168
vt 0.594727 0.597168
vt 0.598145 0.597168
vt 0.593262 0.635498
vt 0.593262 0.636719
vt 0.591797 0.635986
vt 0.592285 0.633545
vt 0.589844 0.635498
vt 0.590820 0.631836
vt 0.588379 0.635498
vt 0.588379 0.631348
vt 0.586426 0.635742
vt 0.585938 0.631836
vt 0.584961 0.635986
vt 0.583984 0.633545
vt 0.583496 0.636963
vt 0.583008 0.635742
vt 0.582031 0.638184
vt 0.581543 0.637695
vt 0.580566 0.639160
vt 0.579590 0.638428
vt 0.626465 0.593750
vt 0.626465 0.594482
vt 0.624512 0.594482
vt 0.624512 0.593750
vt 0.623047 0.594482
vt 0.623047 0.593750
vt 0.621094 0.594482
vt 0.621094 0.593750
vt 0.619629 0.594482
vt 0.619629 0.593750
vt 0.617676 0.594482
vt 0.617676 0.593750
vt 0.616211 0.594482
vt 0.616211 0.593750
vt 0.614258 0.594482
vt 0.614258 0.593750
vt 0.612305 0.594482
vt 0.612305 0.593750
vt 0.618652 0.636719
vt 0.618652 0.635254
vt 0.620117 0.635986
vt 0.619629 0.638428
vt 0.621094 0.637451
vt 0.621094 0.639160
vt 0.618652 0.639893
vt 0.620117 0.640625
vt 0.618652 0.641602
vt 0.599609 0.636475
vt 0.603516 0.643555
vt 0.601562 0.636475
vt 0.604492 0.641602
vt 0.603516 0.637451
vt 0.604492 0.639404
vt 0.942871 0.223145
vt 0.936035 0.223145
vt 0.004677 0.828369
vt 0.004677 0.704102
vt 0.004677 0.837158
vt 0.004677 0.846558
vt 0.004677 0.855835
vt 0.004677 0.865112
vt 0.004677 0.874390
vt 0.004677 0.957947
vt 0.582520 0.839111
vt 0.582520 0.835815
vt 0.582520 0.842285
vt 0.584961 0.842285
vt 0.582520 0.846558
vt 0.584961 0.846558
vt 0.582520 0.851196
vt 0.584961 0.851196
vt 0.582520 0.861450
vt 0.584961 0.861450
vt 0.582520 0.881287
vt 0.584961 0.881287
vt 0.277100 0.570557
vt 0.277100 0.728271
vt 0.275879 0.570801
vt 0.275879 0.727783
vt 0.274902 0.570801
vt 0.274902 0.727783
vt 0.811523 0.400391
vt 0.754395 0.400391
vt 0.816895 0.400391
vt 0.379883 0.569824
vt 0.417236 0.569824
vt 0.379883 0.582764
vt 0.417236 0.583008
vt 0.379883 0.595459
vt 0.417236 0.595459
vt 0.379883 0.608154
vt 0.417236 0.608154
vt 0.379883 0.620850
vt 0.416992 0.620850
vt 0.379883 0.632812
vt 0.416992 0.632812
vt 0.379883 0.654785
vt 0.416992 0.654785
vt 0.579590 0.905151
vt 0.575195 0.925964
vt 0.582031 0.901367
vt 0.584961 0.897766
vt 0.588379 0.895630
vt 0.591309 0.893982
vt 0.594727 0.892517
vt 0.694824 0.206055
vt 0.626953 0.206055
vt 0.660645 0.202637
vt 0.720703 0.213379
vt 0.600586 0.213379
vt 0.739746 0.224121
vt 0.582031 0.224121
vt 0.750977 0.237305
vt 0.570801 0.237305
vt 0.761719 0.254883
vt 0.560059 0.254883
vt 0.769043 0.291016
vt 0.757812 0.293457
vt 0.563965 0.293457
vt 0.552734 0.291016
vt 0.558105 0.212402
vt 0.548340 0.157227
vt 0.560547 0.212402
vt 0.550781 0.157227
vt 0.561035 0.212402
vt 0.551758 0.157227
vt 0.547852 0.841187
vt 0.547852 0.861938
vt 0.536621 0.861938
vt 0.536621 0.841187
vt 0.547852 0.835205
vt 0.524902 0.841187
vt 0.524902 0.835205
vt 0.547852 0.831665
vt 0.524902 0.831665
vt 0.524902 0.827393
vt 0.547852 0.827393
vt 0.903809 0.593018
vt 0.885742 0.593018
vt 0.885742 0.579590
vt 0.903809 0.579590
vt 0.932617 0.593018
vt 0.932617 0.579590
vt 0.952637 0.593018
vt 0.952637 0.579590
vt 0.961426 0.579590
vt 0.961426 0.593018
vt 0.963379 0.578613
vt 0.963379 0.593994
vt 0.961914 0.604492
vt 0.961426 0.595459
vt 0.963379 0.604004
vt 0.969238 0.622803
vt 0.970215 0.621094
vt 0.996582 0.612793
vt 0.995117 0.593994
vt 0.995117 0.611816
vt 0.997070 0.594971
vt 0.995117 0.578613
vt 0.996582 0.593018
vt 0.996582 0.579590
vt 0.996582 0.559814
vt 0.997070 0.577881
vt 0.995117 0.561035
vt 0.969238 0.549805
vt 0.963379 0.568848
vt 0.961426 0.577393
vt 0.961914 0.568359
vt 0.970215 0.551514
vt 0.953125 0.520020
vt 0.082092 0.990646
vt 0.082092 0.976608
vt 0.205200 0.990646
vt 0.205200 0.976608
vt 0.597656 0.917847
vt 0.602051 0.938690
vt 0.595215 0.914124
vt 0.591797 0.910522
vt 0.588867 0.908386
vt 0.585938 0.906738
vt 0.582520 0.905273
vt 0.801758 0.971176
vt 0.794922 0.970306
vt 0.788574 0.967773
vt 0.783691 0.963715
vt 0.808105 0.970306
vt 0.779297 0.958435
vt 0.814453 0.967773
vt 0.776855 0.952271
vt 0.775879 0.945679
vt 0.819336 0.963715
vt 0.823730 0.958435
vt 0.776855 0.939056
vt 0.826172 0.952271
vt 0.779297 0.932922
vt 0.827148 0.945679
vt 0.783691 0.927673
vt 0.826172 0.939056
vt 0.788574 0.923584
vt 0.823730 0.932922
vt 0.794922 0.921021
vt 0.819336 0.927673
vt 0.801758 0.920166
vt 0.814453 0.923584
vt 0.808105 0.921021
vt 0.760254 0.905151
vt 0.748047 0.906799
vt 0.735352 0.905151
vt 0.723633 0.900330
vt 0.771973 0.900330
vt 0.713867 0.892639
vt 0.782227 0.892639
vt 0.706055 0.882690
vt 0.789551 0.882690
vt 0.701172 0.871094
vt 0.794434 0.871094
vt 0.699707 0.858521
vt 0.796387 0.858521
vt 0.701172 0.846069
vt 0.706055 0.834473
vt 0.794434 0.846069
vt 0.789551 0.834473
vt 0.713867 0.824463
vt 0.782227 0.824463
vt 0.723633 0.816772
vt 0.771973 0.816772
vt 0.735352 0.811890
vt 0.760254 0.811890
vt 0.748047 0.810303
vt 0.970703 0.996078
vt 0.959473 0.997885
vt 0.947754 0.996078
vt 0.937500 0.990837
vt 0.980957 0.990837
vt 0.929688 0.982681
vt 0.989258 0.982681
vt 0.924316 0.972397
vt 0.994629 0.972397
vt 0.922363 0.960999
vt 0.996094 0.960999
vt 0.924316 0.949585
vt 0.929688 0.939301
vt 0.994629 0.949585
vt 0.989258 0.939301
vt 0.937500 0.931152
vt 0.980957 0.931152
vt 0.947754 0.925903
vt 0.970703 0.925903
vt 0.959473 0.924133
vt 0.583984 0.190430
vt 0.580078 0.212402
vt 0.585938 0.186035
vt 0.563477 0.153320
vt 0.588867 0.182617
vt 0.572754 0.147461
vt 0.592773 0.180176
vt 0.579102 0.142090
vt 0.597168 0.179199
vt 0.585938 0.133789
vt 0.590820 0.124512
vt 0.659180 0.178711
vt 0.670898 0.144043
vt 0.594238 0.114258
vt 0.595703 0.093262
vt 0.716309 0.093262
vt 0.716797 0.121094
vt 0.720215 0.136719
vt 0.710449 0.144043
vt 0.728027 0.150391
vt 0.739258 0.162109
vt 0.752441 0.171387
vt 0.767090 0.178223
vt 0.783691 0.181641
vt 0.794434 0.182129
vt 0.833008 0.174805
vt 0.014427 0.393066
vt 0.008041 0.393066
vt 0.008041 0.388184
vt 0.014427 0.388184
vt 0.020813 0.393066
vt 0.020813 0.388184
vt 0.018692 0.414062
vt 0.018631 0.407715
vt 0.023621 0.407715
vt 0.023682 0.414062
vt 0.018753 0.420410
vt 0.023727 0.420410
vt 0.008430 0.415527
vt 0.014809 0.415527
vt 0.014854 0.420898
vt 0.008469 0.420898
vt 0.002047 0.416016
vt 0.002090 0.420898
vt 0.017227 0.409180
vt 0.011238 0.411133
vt 0.005241 0.409180
vt 0.002048 0.403809
vt 0.020416 0.403809
vt 0.019318 0.397461
vt 0.003157 0.397461
vt 0.005241 0.372070
vt 0.011238 0.370117
vt 0.017227 0.372070
vt 0.020416 0.377930
vt 0.002048 0.377930
vt 0.003157 0.384277
vt 0.019318 0.384277
vt 0.397705 0.309570
vt 0.396484 0.309570
vt 0.396484 0.299316
vt 0.397705 0.299316
vt 0.398926 0.309570
vt 0.398926 0.299316
vt 0.399902 0.309570
vt 0.399902 0.299316
vt 0.401123 0.309570
vt 0.401123 0.299316
vt 0.402344 0.309570
vt 0.402344 0.299316
vt 0.403564 0.309570
vt 0.403564 0.299316
vt 0.410400 0.280762
vt 0.410400 0.277832
vt 0.412842 0.277832
vt 0.412842 0.280762
vt 0.410400 0.283691
vt 0.412842 0.283691
vt 0.410400 0.286133
vt 0.412842 0.286133
vt 0.410400 0.289062
vt 0.412842 0.289062
vt 0.410400 0.291992
vt 0.412842 0.291992
vt 0.410400 0.294922
vt 0.412842 0.294922
vt 0.406006 0.309570
vt 0.404785 0.309570
vt 0.404785 0.299316
vt 0.406006 0.299316
vt 0.407227 0.309570
vt 0.407227 0.299316
vt 0.408447 0.309570
vt 0.408447 0.299316
vt 0.409668 0.309570
vt 0.409668 0.299316
vt 0.410889 0.309570
vt 0.410889 0.299316
vt 0.411865 0.309570
vt 0.411865 0.299316
vt 0.420654 0.290039
vt 0.420654 0.292969
vt 0.418213 0.292969
vt 0.418213 0.290039
vt 0.420654 0.287598
vt 0.418213 0.287598
vt 0.420654 0.284668
vt 0.418213 0.284668
vt 0.420654 0.281738
vt 0.418213 0.281738
vt 0.420654 0.278809
vt 0.418213 0.278809
vt 0.420654 0.275879
vt 0.418213 0.275879
vt 0.368408 0.269531
vt 0.371826 0.269531
vt 0.371826 0.314453
vt 0.368408 0.314453
vt 0.364990 0.269531
vt 0.364990 0.314453
vt 0.361572 0.269531
vt 0.361572 0.314453
vt 0.358398 0.269531
vt 0.358398 0.314453
vt 0.354980 0.269531
vt 0.354980 0.314453
vt 0.351562 0.269531
vt 0.351562 0.314453
vt 0.391602 0.269043
vt 0.394775 0.269043
vt 0.394775 0.313965
vt 0.391602 0.313965
vt 0.388184 0.269043
vt 0.388184 0.313965
vt 0.384766 0.269043
vt 0.384766 0.313965
vt 0.381348 0.269043
vt 0.381348 0.313965
vt 0.377930 0.269043
vt 0.374512 0.269043
vt 0.301025 0.281738
vt 0.312744 0.274414
vt 0.298096 0.278320
vt 0.310059 0.270996
vt 0.252686 0.007324
vt 0.252686 0.004395
vt 0.254150 0.004395
vt 0.238159 0.007324
vt 0.238159 0.002930
vt 0.236694 0.002930
vt 0.326416 0.027832
vt 0.325928 0.142090
vt 0.448486 0.299805
vt 0.458740 0.299805
vt 0.427246 0.308594
vt 0.430664 0.299805
vt 0.440674 0.299805
vt 0.427246 0.313477
vt 0.418701 0.247070
vt 0.419434 0.250977
vt 0.413818 0.247070
vt 0.436523 0.534912
vt 0.433105 0.534912
vt 0.429688 0.534912
vt 0.426270 0.534912
vt 0.422852 0.534912
vt 0.419434 0.534912
vt 0.416016 0.534912
vt 0.412598 0.534912
vt 0.408936 0.534912
vt 0.169189 0.447266
vt 0.169189 0.449219
vt 0.161621 0.449219
vt 0.161621 0.447266
vt 0.169189 0.445312
vt 0.161621 0.445312
vt 0.169189 0.443359
vt 0.161621 0.443359
vt 0.169189 0.441406
vt 0.161621 0.441406
vt 0.169189 0.439941
vt 0.161621 0.439941
vt 0.169189 0.437988
vt 0.161621 0.437988
vt 0.169189 0.436035
vt 0.161621 0.436035
vt 0.169189 0.434082
vt 0.161621 0.434082
vt 0.159668 0.471680
vt 0.160767 0.471680
vt 0.159668 0.474121
vt 0.160767 0.474121
vt 0.159668 0.476562
vt 0.160767 0.476562
vt 0.151489 0.393066
vt 0.131470 0.370605
vt 0.131470 0.375000
vt 0.123535 0.375000
vt 0.123535 0.370605
vt 0.131470 0.366699
vt 0.123535 0.366699
vt 0.131470 0.362305
vt 0.123535 0.362305
vt 0.131470 0.357910
vt 0.123535 0.357910
vt 0.131470 0.354004
vt 0.123535 0.354004
vt 0.131470 0.349609
vt 0.123535 0.349609
vt 0.210449 0.557861
vt 0.206909 0.557861
vt 0.206909 0.330566
vt 0.210449 0.330566
vt 0.213867 0.557861
vt 0.213867 0.330566
vt 0.217285 0.557861
vt 0.217285 0.330566
vt 0.220581 0.557861
vt 0.220581 0.330566
vt 0.223999 0.557861
vt 0.223999 0.330566
vt 0.227295 0.557861
vt 0.227295 0.330566
vt 0.230835 0.557861
vt 0.230835 0.330566
vt 0.234253 0.557861
vt 0.234253 0.330566
vt 0.155029 0.441895
vt 0.153931 0.441895
vt 0.155029 0.439453
vt 0.153931 0.439453
vt 0.155029 0.437012
vt 0.153931 0.437012
vt 0.437988 0.488281
vt 0.441406 0.488281
vt 0.444824 0.488281
vt 0.448242 0.488281
vt 0.451660 0.488281
vt 0.455078 0.488281
vt 0.458496 0.488281
vt 0.461914 0.488281
vt 0.465576 0.488281
vt 0.045563 0.580566
vt 0.045593 0.585449
vt 0.041962 0.580566
vt 0.041962 0.585449
vt 0.039337 0.580566
vt 0.039337 0.585449
vt 0.036438 0.580566
vt 0.036438 0.585449
vt 0.032959 0.580566
vt 0.032959 0.585449
vt 0.021530 0.580566
vt 0.021530 0.585449
vt 0.087585 0.585449
vt 0.087585 0.580322
vt 0.088745 0.624756
vt 0.088745 0.629639
vt 0.081360 0.624756
vt 0.081360 0.629639
vt 0.064209 0.629639
vt 0.047455 0.624756
vt 0.056366 0.629639
vt 0.047455 0.629639
vt 0.041931 0.624756
vt 0.041931 0.629639
vt 0.037659 0.624756
vt 0.037659 0.629639
vt 0.033020 0.624756
vt 0.033020 0.629639
vt 0.027435 0.624756
vt 0.027435 0.629639
vt 0.022629 0.624756
vt 0.022629 0.629639
vt 0.021149 0.624756
vt 0.021149 0.629639
vt 0.078613 0.616943
vt 0.081360 0.617676
vt 0.078064 0.591797
vt 0.082153 0.589355
vt 0.047089 0.685059
vt 0.047089 0.690674
vt 0.034271 0.690674
vt 0.034271 0.685059
vt 0.047089 0.679443
vt 0.034271 0.679443
vt 0.047089 0.673828
vt 0.034271 0.673828
vt 0.047089 0.668213
vt 0.034271 0.668213
vt 0.047089 0.662598
vt 0.034271 0.662598
vt 0.047089 0.656982
vt 0.034271 0.656982
vt 0.047089 0.651367
vt 0.034271 0.651367
vt 0.047089 0.645752
vt 0.034271 0.645752
vt 0.084900 0.663574
vt 0.084900 0.659180
vt 0.092590 0.659180
vt 0.092590 0.663574
vt 0.084900 0.667725
vt 0.092590 0.667725
vt 0.084900 0.672119
vt 0.092590 0.672119
vt 0.084900 0.676270
vt 0.092590 0.676270
vt 0.084900 0.680664
vt 0.092590 0.680664
vt 0.084900 0.684814
vt 0.092590 0.684814
vt 0.084900 0.689209
vt 0.092590 0.689209
vt 0.084900 0.693359
vt 0.092590 0.693359
vt 0.030533 0.663574
vt 0.033051 0.663574
vt 0.030533 0.668945
vt 0.033051 0.668945
vt 0.030533 0.674072
vt 0.033051 0.674072
vt 0.105469 0.620850
vt 0.004757 0.592041
vt 0.000478 0.589844
vt 0.000527 0.586182
vt 0.005711 0.593750
vt 0.005569 0.614990
vt 0.004532 0.616455
vt 0.001863 0.617432
vt 0.002159 0.624023
vt 0.043274 0.622314
vt 0.041962 0.618408
vt 0.043915 0.614502
vt 0.048676 0.612061
vt 0.053223 0.611328
vt 0.043457 0.593994
vt 0.041473 0.591309
vt 0.042542 0.586426
vt 0.041260 0.588623
vt 0.081299 0.663574
vt 0.083862 0.663574
vt 0.081299 0.668701
vt 0.083862 0.668701
vt 0.081299 0.673828
vt 0.083862 0.673828
vt 0.084290 0.588135
vt 0.151001 0.586914
vt 0.149780 0.591797
vt 0.149658 0.589111
vt 0.154175 0.586182
vt 0.151855 0.594238
vt 0.162720 0.596680
vt 0.162720 0.610107
vt 0.161743 0.611084
vt 0.155518 0.624023
vt 0.156982 0.611816
vt 0.151978 0.614014
vt 0.151245 0.621582
vt 0.149902 0.617920
vt 0.146851 0.622314
vt 0.146240 0.614502
vt 0.148193 0.618408
vt 0.141479 0.612061
vt 0.136963 0.611328
vt 0.146729 0.593994
vt 0.148682 0.591309
vt 0.147583 0.586426
vt 0.148926 0.588623
vt 0.104858 0.647461
vt 0.154663 0.647461
vt 0.157471 0.690186
vt 0.157471 0.647461
vt 0.171875 0.690186
vt 0.171875 0.647461
vt 0.223633 0.690186
vt 0.223633 0.647461
vt 0.252686 0.610840
vt 0.252686 0.615479
vt 0.222656 0.615479
vt 0.222656 0.610840
vt 0.252686 0.606445
vt 0.222656 0.606445
vt 0.252686 0.601807
vt 0.222656 0.601807
vt 0.252686 0.597412
vt 0.222656 0.597412
vt 0.252686 0.592773
vt 0.222656 0.592773
vt 0.252686 0.588379
vt 0.222656 0.588379
vt 0.222778 0.564453
vt 0.222778 0.559814
vt 0.252686 0.559814
vt 0.252686 0.564453
vt 0.222778 0.568848
vt 0.252686 0.569092
vt 0.222778 0.573486
vt 0.252686 0.573486
vt 0.222778 0.577881
vt 0.252686 0.578125
vt 0.222778 0.582520
vt 0.252686 0.582520
vt 0.222656 0.586914
vt 0.252686 0.587158
vt 0.197144 0.562012
vt 0.198975 0.559814
vt 0.200928 0.559814
vt 0.201050 0.562012
vt 0.201050 0.563965
vt 0.201050 0.566162
vt 0.201050 0.568359
vt 0.196655 0.560547
vt 0.194458 0.561523
vt 0.240112 0.635986
vt 0.239014 0.635986
vt 0.240112 0.633789
vt 0.239014 0.633789
vt 0.240112 0.631592
vt 0.239014 0.631592
vt 0.196167 0.624512
vt 0.192627 0.624512
vt 0.199707 0.624512
vt 0.203247 0.624512
vt 0.206787 0.624512
vt 0.210205 0.624512
vt 0.213745 0.622559
vt 0.213745 0.624512
vt 0.217285 0.622559
vt 0.220825 0.624512
vt 0.217285 0.624512
vt 0.177734 0.643311
vt 0.175659 0.643311
vt 0.175659 0.625977
vt 0.177734 0.625977
vt 0.179810 0.643311
vt 0.179810 0.625977
vt 0.182007 0.643311
vt 0.182007 0.625977
vt 0.183960 0.643311
vt 0.183960 0.625977
vt 0.186157 0.643311
vt 0.186157 0.625977
vt 0.188232 0.643311
vt 0.188232 0.625977
vt 0.190308 0.643311
vt 0.190308 0.625977
vt 0.192383 0.643311
vt 0.192383 0.625977
vt 0.237183 0.630615
vt 0.238281 0.630615
vt 0.237183 0.632812
vt 0.238281 0.632812
vt 0.237183 0.635010
vt 0.238281 0.635010
vt 0.097412 0.491699
vt 0.074768 0.491699
vt 0.097412 0.486816
vt 0.074768 0.486816
vt 0.142212 0.575684
vt 0.120117 0.575684
vt 0.425293 0.084961
vt 0.419678 0.084961
vt 0.775879 0.810181
vt 0.764648 0.810181
vt 0.764648 0.777466
vt 0.775879 0.777466
vt 0.787598 0.810181
vt 0.787598 0.777466
vt 0.799316 0.810181
vt 0.799316 0.777466
vt 0.810547 0.810181
vt 0.810547 0.777466
vt 0.822266 0.810181
vt 0.822266 0.777466
vt 0.833496 0.810181
vt 0.833496 0.777466
vt 0.845215 0.810181
vt 0.845215 0.777466
vt 0.856934 0.810181
vt 0.856934 0.777466
vt 0.868164 0.810181
vt 0.868164 0.777466
vt 0.879883 0.810181
vt 0.879883 0.777466
vt 0.891602 0.810181
vt 0.891602 0.777466
vt 0.902832 0.810181
vt 0.902832 0.777466
vt 0.914551 0.810181
vt 0.914551 0.777466
vt 0.926270 0.810181
vt 0.926270 0.777466
vt 0.937500 0.810181
vt 0.937500 0.777466
vt 0.949219 0.810181
vt 0.949219 0.777466
vt 0.960938 0.810181
vt 0.960938 0.777466
vt 0.972168 0.810181
vt 0.972168 0.777466
vt 0.983887 0.810181
vt 0.983887 0.777466
vt 0.995117 0.810181
vt 0.995117 0.777466
vt 0.718750 0.786377
vt 0.716797 0.786377
vt 0.716797 0.778442
vt 0.718750 0.778442
vt 0.721191 0.786377
vt 0.721191 0.778442
vt 0.723145 0.786377
vt 0.723145 0.778442
vt 0.725098 0.786377
vt 0.725098 0.778442
vt 0.727539 0.786377
vt 0.727539 0.778442
vt 0.729492 0.786377
vt 0.729492 0.778442
vt 0.731445 0.786377
vt 0.731445 0.778442
vt 0.733887 0.786377
vt 0.733887 0.778442
vt 0.735840 0.786377
vt 0.735840 0.778442
vt 0.737793 0.786377
vt 0.737793 0.778442
vt 0.740234 0.786377
vt 0.740234 0.778442
vt 0.742188 0.786377
vt 0.742188 0.778442
vt 0.744141 0.786377
vt 0.744141 0.778442
vt 0.746582 0.786377
vt 0.746582 0.778442
vt 0.748535 0.786377
vt 0.748535 0.778442
vt 0.750488 0.786377
vt 0.750488 0.778442
vt 0.752930 0.786377
vt 0.752930 0.778442
vt 0.754883 0.786377
vt 0.754883 0.778442
vt 0.756836 0.786377
vt 0.756836 0.778442
vt 0.759277 0.786377
vt 0.759277 0.778442
vt 0.718750 0.775024
vt 0.706543 0.775024
vt 0.706543 0.743408
vt 0.718750 0.743408
vt 0.730469 0.775024
vt 0.730469 0.743408
vt 0.742676 0.775024
vt 0.742676 0.743408
vt 0.754883 0.775024
vt 0.754883 0.743408
vt 0.766602 0.775024
vt 0.766602 0.743408
vt 0.778809 0.775024
vt 0.778809 0.743408
vt 0.791016 0.775024
vt 0.791016 0.743408
vt 0.803223 0.775024
vt 0.803223 0.743408
vt 0.814941 0.775024
vt 0.814941 0.743408
vt 0.827148 0.775024
vt 0.827148 0.743408
vt 0.839355 0.775024
vt 0.839355 0.743408
vt 0.851074 0.775024
vt 0.851074 0.743408
vt 0.863281 0.775024
vt 0.863281 0.743408
vt 0.875488 0.775024
vt 0.875488 0.743408
vt 0.887207 0.775024
vt 0.887207 0.743408
vt 0.899414 0.775024
vt 0.899414 0.743408
vt 0.911621 0.775024
vt 0.911621 0.743408
vt 0.923828 0.775024
vt 0.923828 0.743408
vt 0.935547 0.775024
vt 0.935547 0.743408
vt 0.947754 0.775024
vt 0.947754 0.743408
vt 0.959961 0.775024
vt 0.959961 0.743408
vt 0.971680 0.775024
vt 0.971680 0.743408
vt 0.983887 0.775024
vt 0.983887 0.743408
vt 0.996094 0.775024
vt 0.996094 0.743408
vt 0.378174 0.219727
vt 0.383545 0.219727
vt 0.378174 0.226074
vt 0.383545 0.226074
vt 0.378174 0.232422
vt 0.383545 0.232422
vt 0.378174 0.238281
vt 0.383545 0.238281
vt 0.378174 0.244629
vt 0.383545 0.244629
vt 0.376709 0.213867
vt 0.376709 0.007812
vt 0.376709 0.219727
vt 0.376709 0.226074
vt 0.376709 0.232422
vt 0.376709 0.238281
vt 0.376709 0.244629
vt 0.376709 0.250488
vt 0.376709 0.264160
vt 0.385254 0.007812
vt 0.385254 0.213867
vt 0.385254 0.219727
vt 0.385254 0.226074
vt 0.385254 0.232422
vt 0.385254 0.238281
vt 0.385254 0.244629
vt 0.385254 0.250488
vt 0.385254 0.264160
vt 0.628906 0.572998
vt 0.626953 0.572998
vt 0.628418 0.571045
vt 0.626953 0.571045
vt 0.628906 0.569336
vt 0.626953 0.569336
vt 0.628906 0.557129
vt 0.627441 0.557373
vt 0.628906 0.555420
vt 0.628906 0.553711
vt 0.619141 0.572998
vt 0.617676 0.572998
vt 0.619629 0.571045
vt 0.617676 0.571045
vt 0.619629 0.569092
vt 0.617676 0.569092
vt 0.619629 0.557373
vt 0.617676 0.557129
vt 0.618164 0.555420
vt 0.618164 0.553467
vt 0.617676 0.570312
vt 0.609863 0.570312
vt 0.609863 0.569092
vt 0.609863 0.557129
vt 0.496582 0.599854
vt 0.496582 0.598633
vt 0.497559 0.598145
vt 0.498535 0.598633
vt 0.497559 0.600342
vt 0.498535 0.599854
vt 0.495850 0.605957
vt 0.491699 0.607666
vt 0.491699 0.605957
vt 0.495850 0.604492
vt 0.491699 0.604492
vt 0.495850 0.602783
vt 0.491699 0.602783
vt 0.495850 0.601318
vt 0.491699 0.601318
vt 0.495850 0.599609
vt 0.491699 0.599609
vt 0.495850 0.598145
vt 0.491699 0.598145
vt 0.496338 0.606201
vt 0.497314 0.605713
vt 0.497314 0.605225
vt 0.498291 0.605957
vt 0.490234 0.615723
vt 0.491211 0.615723
vt 0.491211 0.617188
vt 0.490234 0.617188
vt 0.489014 0.615723
vt 0.489014 0.617188
vt 0.488037 0.615723
vt 0.488037 0.617188
vt 0.486816 0.615723
vt 0.486816 0.617188
vt 0.485840 0.615723
vt 0.485840 0.617188
vt 0.484619 0.615723
vt 0.484619 0.617188
vt 0.490234 0.606689
vt 0.491211 0.606689
vt 0.491211 0.610352
vt 0.490234 0.610352
vt 0.489014 0.606689
vt 0.489014 0.610352
vt 0.488037 0.606689
vt 0.488037 0.610352
vt 0.486816 0.606689
vt 0.486816 0.610352
vt 0.485840 0.606689
vt 0.485840 0.610352
vt 0.484619 0.606689
vt 0.484619 0.610352
vt 0.416260 0.683105
vt 0.374268 0.683105
vt 0.418701 0.560791
vt 0.418701 0.557617
vt 0.420898 0.557617
vt 0.420898 0.560791
vt 0.418701 0.563721
vt 0.420898 0.563721
vt 0.418701 0.566406
vt 0.420898 0.566406
vt 0.418701 0.569336
vt 0.420898 0.569336
vt 0.418701 0.582520
vt 0.420898 0.582520
vt 0.418701 0.592773
vt 0.420898 0.592773
vt 0.418701 0.594482
vt 0.420898 0.594482
vt 0.418701 0.596436
vt 0.420898 0.596436
vt 0.418701 0.598389
vt 0.420898 0.598389
vt 0.420898 0.599854
vt 0.418701 0.599854
vt 0.418701 0.610352
vt 0.420898 0.610352
vt 0.418701 0.623047
vt 0.420898 0.623047
vt 0.418701 0.625977
vt 0.420898 0.625977
vt 0.418701 0.628662
vt 0.420898 0.628662
vt 0.418701 0.631592
vt 0.420898 0.631592
vt 0.418701 0.634766
vt 0.420898 0.634766
vt 0.393799 0.709473
vt 0.395752 0.709229
vt 0.397949 0.709473
vt 0.399414 0.710449
vt 0.392334 0.710449
vt 0.389160 0.721680
vt 0.402588 0.721680
vt 0.381104 0.731201
vt 0.381104 0.727295
vt 0.375244 0.721680
vt 0.377441 0.731201
vt 0.377441 0.727295
vt 0.373535 0.724609
vt 0.372803 0.727539
vt 0.373535 0.730713
vt 0.410400 0.727295
vt 0.410400 0.731201
vt 0.414062 0.727295
vt 0.414062 0.731201
vt 0.416992 0.721680
vt 0.418701 0.730469
vt 0.418701 0.724609
vt 0.419434 0.727539
vt 0.393799 0.760254
vt 0.397949 0.760254
vt 0.395752 0.760620
vt 0.399414 0.759277
vt 0.392334 0.759277
vt 0.389160 0.748291
vt 0.402588 0.748291
vt 0.375244 0.748291
vt 0.373535 0.739258
vt 0.416992 0.748291
vt 0.373535 0.745361
vt 0.372803 0.742432
vt 0.418701 0.739258
vt 0.418701 0.745361
vt 0.419434 0.742432
vt 0.393311 0.707275
vt 0.397705 0.707275
vt 0.395508 0.707764
vt 0.391846 0.706299
vt 0.399170 0.706299
vt 0.402100 0.695312
vt 0.388672 0.695312
vt 0.416260 0.695312
vt 0.417969 0.686279
vt 0.374268 0.695312
vt 0.417969 0.692383
vt 0.418701 0.689453
vt 0.372559 0.686279
vt 0.372803 0.692383
vt 0.372070 0.689453
vt 0.595703 0.483887
vt 0.588379 0.476074
vt 0.574707 0.476074
vt 0.567383 0.483887
vt 0.562012 0.483398
vt 0.538574 0.373047
vt 0.544434 0.373047
vt 0.551270 0.380859
vt 0.564453 0.380859
vt 0.571289 0.373047
vt 0.577148 0.373047
vt 0.577148 0.423340
vt 0.571289 0.423340
vt 0.564453 0.415527
vt 0.551270 0.415527
vt 0.544434 0.423340
vt 0.538574 0.423340
vt 0.562012 0.430664
vt 0.567383 0.430176
vt 0.574707 0.437988
vt 0.588379 0.437988
vt 0.595703 0.430176
vt 0.601562 0.544678
vt 0.601074 0.543457
vt 0.604492 0.544678
vt 0.604980 0.543457
vt 0.604492 0.583008
vt 0.604980 0.584229
vt 0.602051 0.583008
vt 0.601562 0.584473
vt 0.597656 0.579102
vt 0.595215 0.581543
vt 0.592285 0.581543
vt 0.589844 0.579102
vt 0.597656 0.572998
vt 0.589844 0.572998
vt 0.631836 0.546875
vt 0.633301 0.544922
vt 0.637207 0.544922
vt 0.638672 0.546875
vt 0.629883 0.557373
vt 0.640625 0.557373
vt 0.640625 0.558594
vt 0.629883 0.558594
vt 0.640625 0.560059
vt 0.629883 0.559814
vt 0.640625 0.567871
vt 0.629883 0.567871
vt 0.640625 0.569336
vt 0.629883 0.569336
vt 0.640625 0.570557
vt 0.629883 0.570557
vt 0.631836 0.580811
vt 0.638672 0.580811
vt 0.637207 0.583008
vt 0.633301 0.582764
vt 0.644043 0.547119
vt 0.645508 0.545654
vt 0.648926 0.545654
vt 0.650391 0.547119
vt 0.642090 0.556396
vt 0.652344 0.556396
vt 0.652344 0.558350
vt 0.642578 0.558350
vt 0.652344 0.560059
vt 0.642090 0.560059
vt 0.652344 0.567871
vt 0.642090 0.567871
vt 0.652344 0.569580
vt 0.642578 0.569580
vt 0.652344 0.571289
vt 0.642090 0.571289
vt 0.644043 0.580811
vt 0.650391 0.580811
vt 0.648926 0.582275
vt 0.645508 0.582275
vt 0.487549 0.594727
vt 0.486084 0.593994
vt 0.486084 0.592285
vt 0.487549 0.591553
vt 0.488770 0.593994
vt 0.488770 0.592285
vt 0.487793 0.568115
vt 0.488770 0.568115
vt 0.488770 0.587402
vt 0.487793 0.587402
vt 0.486572 0.568115
vt 0.486572 0.587402
vt 0.485596 0.568115
vt 0.485596 0.587402
vt 0.484619 0.568115
vt 0.484619 0.587402
vt 0.483398 0.568115
vt 0.483398 0.587402
vt 0.482422 0.568115
vt 0.482422 0.587402
vt 0.481934 0.684082
vt 0.481934 0.681396
vt 0.475342 0.694824
vt 0.475342 0.684082
vt 0.475342 0.681396
vt 0.475342 0.678223
vt 0.475342 0.674316
vt 0.475342 0.671631
vt 0.475342 0.668457
vt 0.475342 0.657715
vt 0.481934 0.668457
vt 0.481934 0.671631
vt 0.558594 0.682861
vt 0.558594 0.680420
vt 0.563477 0.680420
vt 0.563477 0.682861
vt 0.563477 0.689941
vt 0.558594 0.689941
vt 0.538574 0.703613
vt 0.538574 0.704102
vt 0.536621 0.703613
vt 0.536621 0.704102
vt 0.534668 0.703613
vt 0.534668 0.704102
vt 0.532227 0.703613
vt 0.532227 0.704102
vt 0.529785 0.703613
vt 0.529785 0.704102
vt 0.526855 0.703613
vt 0.526855 0.704102
vt 0.523438 0.703613
vt 0.523438 0.704102
vt 0.514160 0.704102
vt 0.565918 0.693848
vt 0.568359 0.693848
vt 0.568359 0.697021
vt 0.565918 0.697021
vt 0.563965 0.693848
vt 0.563965 0.697021
vt 0.562500 0.693848
vt 0.562500 0.697021
vt 0.560547 0.693848
vt 0.560547 0.697021
vt 0.558594 0.693848
vt 0.558594 0.697021
vt 0.556152 0.693848
vt 0.556152 0.697021
vt 0.552246 0.693848
vt 0.556152 0.699463
vt 0.542969 0.702637
vt 0.542969 0.693848
vt 0.552246 0.702637
vt 0.556152 0.702637
vt 0.558594 0.702637
vt 0.558594 0.699463
vt 0.560547 0.702637
vt 0.560547 0.699463
vt 0.562500 0.702637
vt 0.562500 0.699463
vt 0.563965 0.702637
vt 0.563965 0.699463
vt 0.565918 0.702637
vt 0.565918 0.699463
vt 0.568359 0.702637
vt 0.568359 0.699463
vt 0.501465 0.700928
vt 0.501465 0.692871
vt 0.553711 0.667725
vt 0.562012 0.667725
vt 0.562012 0.676025
vt 0.553711 0.676025
vt 0.545898 0.667725
vt 0.545898 0.676025
vt 0.537598 0.667725
vt 0.537598 0.676025
vt 0.529785 0.667725
vt 0.529785 0.676025
vt 0.521484 0.667725
vt 0.521484 0.676025
vt 0.513672 0.667725
vt 0.513672 0.676025
vt 0.505371 0.667725
vt 0.505371 0.676025
vt 0.497559 0.667725
vt 0.497559 0.676025
vt 0.562012 0.677490
vt 0.553711 0.677490
vt 0.545898 0.677490
vt 0.537598 0.677490
vt 0.529785 0.677490
vt 0.521484 0.677490
vt 0.513672 0.677490
vt 0.505371 0.677490
vt 0.497559 0.677490
vt 0.489502 0.677490
vt 0.638184 0.736328
vt 0.638184 0.737793
vt 0.630859 0.736328
vt 0.630859 0.737793
vt 0.638184 0.746582
vt 0.638184 0.747559
vt 0.630859 0.746582
vt 0.630859 0.747559
vt 0.675293 0.737793
vt 0.675293 0.736328
vt 0.682617 0.737793
vt 0.682617 0.736328
vt 0.589844 0.607666
vt 0.591797 0.607666
vt 0.591797 0.610107
vt 0.589844 0.610107
vt 0.587891 0.607666
vt 0.585938 0.607666
vt 0.583984 0.607666
vt 0.583984 0.610107
vt 0.582031 0.607666
vt 0.580078 0.607666
vt 0.604980 0.597168
vt 0.601562 0.597168
vt 0.611816 0.605469
vt 0.608887 0.605469
vt 0.608887 0.601074
vt 0.611816 0.601074
vt 0.614258 0.605469
vt 0.614258 0.601074
vt 0.617188 0.605469
vt 0.617188 0.601074
vt 0.619629 0.605469
vt 0.619629 0.601074
vt 0.622070 0.605469
vt 0.622070 0.601074
vt 0.625000 0.605469
vt 0.625000 0.601074
vt 0.625488 0.586182
vt 0.627930 0.586182
vt 0.627930 0.592529
vt 0.625488 0.592529
vt 0.622559 0.586182
vt 0.622559 0.592529
vt 0.620117 0.586182
vt 0.620117 0.592529
vt 0.617676 0.586182
vt 0.617676 0.592529
vt 0.614746 0.586182
vt 0.614746 0.592529
vt 0.612305 0.586182
vt 0.612305 0.592529
vt 0.614258 0.641113
vt 0.625000 0.613037
vt 0.627441 0.613037
vt 0.627441 0.615234
vt 0.625000 0.615234
vt 0.622070 0.613037
vt 0.622070 0.615234
vt 0.619141 0.613037
vt 0.619141 0.615234
vt 0.616211 0.613037
vt 0.616211 0.615234
vt 0.613281 0.613037
vt 0.613281 0.615234
vt 0.610352 0.613037
vt 0.610352 0.615234
vt 0.607422 0.613037
vt 0.607422 0.615234
vt 0.604492 0.613037
vt 0.604492 0.615234
vt 0.601562 0.613037
vt 0.601562 0.615234
vt 0.598633 0.613037
vt 0.598633 0.615234
vt 0.596191 0.613037
vt 0.596191 0.615234
vt 0.592773 0.613037
vt 0.592773 0.615234
vt 0.586426 0.639160
vt 0.587891 0.638428
vt 0.594238 0.638428
vt 0.592285 0.640869
vt 0.591309 0.639404
vt 0.592773 0.637695
vt 0.594727 0.635498
vt 0.593750 0.632568
vt 0.591309 0.630371
vt 0.588379 0.629639
vt 0.585449 0.630371
vt 0.583008 0.632568
vt 0.581543 0.635254
vt 0.594727 0.622070
vt 0.592773 0.622070
vt 0.592773 0.620850
vt 0.594727 0.620850
vt 0.596680 0.622070
vt 0.596680 0.620850
vt 0.598145 0.622070
vt 0.598145 0.620850
vt 0.600098 0.622070
vt 0.600098 0.620850
vt 0.602051 0.622070
vt 0.602051 0.620850
vt 0.604004 0.622070
vt 0.604004 0.620850
vt 0.605469 0.622070
vt 0.605469 0.620850
vt 0.607422 0.622070
vt 0.607422 0.620850
vt 0.609375 0.622070
vt 0.609375 0.620850
vt 0.610840 0.622070
vt 0.610840 0.620850
vt 0.612793 0.622070
vt 0.612793 0.620850
vt 0.614746 0.622070
vt 0.614746 0.620850
vt 0.616699 0.622070
vt 0.616699 0.620850
vt 0.618164 0.622070
vt 0.618164 0.620850
vt 0.620117 0.622070
vt 0.620117 0.620850
vt 0.622070 0.622070
vt 0.622070 0.620850
vt 0.608887 0.586182
vt 0.610840 0.586182
vt 0.610840 0.594727
vt 0.608887 0.594727
vt 0.606445 0.586182
vt 0.606445 0.594727
vt 0.604492 0.586182
vt 0.604492 0.594727
vt 0.602539 0.586182
vt 0.602539 0.594727
vt 0.600586 0.586182
vt 0.600586 0.594727
vt 0.598145 0.586182
vt 0.598145 0.594727
vt 0.596191 0.586182
vt 0.596191 0.594727
vt 0.594238 0.586182
vt 0.594238 0.594727
vt 0.587402 0.603760
vt 0.587402 0.604004
vt 0.586426 0.603760
vt 0.586426 0.604004
vt 0.584961 0.603760
vt 0.584961 0.604004
vt 0.583496 0.603760
vt 0.583496 0.604004
vt 0.582031 0.603760
vt 0.582031 0.604004
vt 0.580078 0.603760
vt 0.580078 0.604004
vt 0.587402 0.601318
vt 0.586426 0.601318
vt 0.584961 0.601318
vt 0.583496 0.601318
vt 0.582031 0.601318
vt 0.580078 0.601318
vt 0.587402 0.601318
vt 0.586426 0.601318
vt 0.584961 0.601318
vt 0.583496 0.601318
vt 0.582031 0.601318
vt 0.580078 0.601318
vt 0.587402 0.606201
vt 0.586426 0.606201
vt 0.584961 0.606201
vt 0.583496 0.606201
vt 0.582031 0.606201
vt 0.580078 0.606201
vt 0.592773 0.597656
vt 0.592773 0.600098
vt 0.580078 0.600098
vt 0.580078 0.597656
vt 0.592773 0.595215
vt 0.580078 0.595215
vt 0.592773 0.593018
vt 0.580078 0.593018
vt 0.592773 0.590576
vt 0.580078 0.590576
vt 0.592773 0.588379
vt 0.580078 0.588379
vt 0.592773 0.585938
vt 0.580078 0.585938
vt 0.617188 0.635254
vt 0.617188 0.636719
vt 0.615723 0.635986
vt 0.614746 0.637451
vt 0.616211 0.638428
vt 0.614746 0.639160
vt 0.615723 0.640625
vt 0.617188 0.639893
vt 0.617188 0.641602
vt 0.299805 0.741699
vt 0.300049 0.746582
vt 0.479736 0.850098
vt 0.483154 0.826782
vt 0.488037 0.825928
vt 0.486816 0.839233
vt 0.994629 0.668701
vt 0.837891 0.668701
vt 0.837891 0.666260
vt 0.994629 0.666260
vt 0.837891 0.660156
vt 0.835938 0.667725
vt 0.835938 0.658447
vt 0.994629 0.660156
vt 0.837891 0.657471
vt 0.994629 0.657471
vt 0.996582 0.667725
vt 0.996582 0.658447
vt 0.254883 0.857422
vt 0.567383 0.369629
vt 0.574707 0.354980
vt 0.577637 0.351562
vt 0.581055 0.348633
vt 0.584961 0.346191
vt 0.589844 0.344727
vt 0.601562 0.343750
vt 0.627930 0.343262
vt 0.657715 0.344238
vt 0.687500 0.343262
vt 0.714355 0.343750
vt 0.726074 0.344727
vt 0.730469 0.346191
vt 0.734863 0.348633
vt 0.738281 0.351562
vt 0.740723 0.355469
vt 0.748535 0.370117
vt 0.578125 0.583984
vt 0.540039 0.594238
vt 0.540039 0.583984
vt 0.578125 0.574951
vt 0.540039 0.574951
vt 0.578125 0.568359
vt 0.540039 0.568359
vt 0.540039 0.559570
vt 0.578125 0.559326
vt 0.540039 0.551025
vt 0.578125 0.550781
vt 0.578125 0.541992
vt 0.540039 0.541992
vt 0.540039 0.525146
vt 0.693359 0.525146
vt 0.655273 0.541992
vt 0.693359 0.541992
vt 0.693359 0.551025
vt 0.655273 0.550781
vt 0.655273 0.559326
vt 0.693359 0.559570
vt 0.655273 0.568359
vt 0.693359 0.568359
vt 0.693359 0.574951
vt 0.655273 0.574951
vt 0.693359 0.583984
vt 0.655273 0.583984
vt 0.693359 0.594238
vt 0.296387 0.741211
vt 0.296387 0.746094
vt 0.548828 0.827515
vt 0.553711 0.828491
vt 0.557129 0.851685
vt 0.549805 0.840942
vt 0.413086 0.857422
vt 0.415283 0.282227
vt 0.415283 0.276367
vt 0.417725 0.277832
vt 0.417725 0.280762
vt 0.395996 0.287598
vt 0.398438 0.286133
vt 0.400879 0.288086
vt 0.400879 0.291016
vt 0.398438 0.291992
vt 0.395996 0.290527
vt 0.366943 0.317383
vt 0.365234 0.320312
vt 0.361816 0.320312
vt 0.360107 0.317383
vt 0.238159 0.328613
vt 0.236694 0.328613
vt 0.238159 0.324219
vt 0.252686 0.324219
vt 0.254150 0.328613
vt 0.252686 0.328613
vt 0.209961 0.328613
vt 0.208374 0.328613
vt 0.208374 0.324219
vt 0.193726 0.324219
vt 0.192261 0.329102
vt 0.193848 0.329102
vt 0.127075 0.016113
vt 0.127075 0.013184
vt 0.050049 0.317871
vt 0.460938 0.024414
vt 0.455811 0.024414
vt 0.455811 0.003906
vt 0.460938 0.003906
vt 0.435303 0.272461
vt 0.435303 0.277344
vt 0.434082 0.278809
vt 0.431885 0.278809
vt 0.423096 0.277344
vt 0.423096 0.272461
vt 0.426514 0.278809
vt 0.424316 0.278809
vt 0.438965 0.293457
vt 0.438965 0.297852
vt 0.435547 0.291504
vt 0.437744 0.291504
vt 0.494385 0.006836
vt 0.494385 0.170898
vt 0.494385 0.173828
vt 0.494385 0.177246
vt 0.494385 0.180176
vt 0.494385 0.183594
vt 0.494385 0.187012
vt 0.494385 0.332520
vt 0.494385 0.335938
vt 0.494385 0.338867
vt 0.494385 0.342285
vt 0.494385 0.345703
vt 0.494385 0.348633
vt 0.494385 0.515381
vt 0.469971 0.170898
vt 0.469971 0.173828
vt 0.469971 0.177246
vt 0.469971 0.180176
vt 0.469971 0.183594
vt 0.469971 0.187012
vt 0.469971 0.332520
vt 0.469971 0.335938
vt 0.469971 0.338867
vt 0.469971 0.342285
vt 0.469971 0.345703
vt 0.469971 0.348633
vt 0.467529 0.170898
vt 0.467529 0.006836
vt 0.467529 0.173828
vt 0.467529 0.177246
vt 0.467529 0.180176
vt 0.467529 0.183594
vt 0.467529 0.187012
vt 0.467529 0.332520
vt 0.467529 0.335938
vt 0.467529 0.338867
vt 0.467529 0.342285
vt 0.467529 0.345703
vt 0.467529 0.348633
vt 0.467529 0.515381
vt 0.254395 0.630859
vt 0.250488 0.633301
vt 0.246582 0.630859
vt 0.246582 0.626465
vt 0.250488 0.624268
vt 0.254395 0.626465
vt 0.246582 0.641113
vt 0.246582 0.636719
vt 0.250488 0.634521
vt 0.254395 0.636719
vt 0.254395 0.641113
vt 0.250488 0.643555
vt 0.205200 0.565186
vt 0.203369 0.567383
vt 0.203003 0.565918
vt 0.207275 0.565186
vt 0.207275 0.567383
vt 0.202148 0.569580
vt 0.207397 0.569580
vt 0.203613 0.571533
vt 0.207397 0.571533
vt 0.207397 0.573730
vt 0.205322 0.573730
vt 0.203247 0.573242
vt 0.201172 0.572510
vt 0.199829 0.570068
vt 0.199219 0.571777
vt 0.252441 0.644287
vt 0.252441 0.649902
vt 0.215942 0.561768
vt 0.216675 0.559570
vt 0.218628 0.558838
vt 0.220581 0.559570
vt 0.367920 0.007812
vt 0.367920 0.214355
vt 0.367920 0.220215
vt 0.367920 0.226562
vt 0.367920 0.232422
vt 0.367920 0.238770
vt 0.367920 0.244629
vt 0.367920 0.250488
vt 0.367920 0.264160
vt 0.371338 0.213867
vt 0.371338 0.007812
vt 0.371338 0.219727
vt 0.371338 0.226074
vt 0.371338 0.232422
vt 0.371338 0.238281
vt 0.371338 0.244629
vt 0.371338 0.250488
vt 0.371338 0.264160
vt 0.617676 0.578857
vt 0.615234 0.581055
vt 0.612305 0.581055
vt 0.609863 0.578857
vt 0.609863 0.571533
vt 0.617676 0.571533
vt 0.481445 0.610352
vt 0.478271 0.610352
vt 0.477295 0.610352
vt 0.473389 0.610352
vt 0.472656 0.610352
vt 0.469482 0.610352
vt 0.561523 0.430176
vt 0.561523 0.440918
vt 0.561523 0.473145
vt 0.561523 0.483887
vt 0.567871 0.429688
vt 0.575195 0.437012
vt 0.588379 0.437012
vt 0.595703 0.429688
vt 0.595703 0.484375
vt 0.588379 0.477051
vt 0.575195 0.477051
vt 0.567383 0.484375
vt 0.592285 0.546631
vt 0.595215 0.546631
vt 0.597656 0.549072
vt 0.589844 0.549072
vt 0.589844 0.556396
vt 0.597656 0.556396
vt 0.493652 0.593750
vt 0.493652 0.587646
vt 0.493652 0.568848
vt 0.493652 0.562744
vt 0.481201 0.596191
vt 0.481201 0.594971
vt 0.482178 0.594482
vt 0.482178 0.596680
vt 0.483154 0.596191
vt 0.483154 0.594971
vt 0.586426 0.737305
vt 0.586426 0.736328
vt 0.593750 0.736328
vt 0.593750 0.737305
vt 0.620117 0.607422
vt 0.620117 0.611572
vt 0.618164 0.611572
vt 0.618164 0.607422
vt 0.615723 0.607422
vt 0.615723 0.611572
vt 0.613770 0.611572
vt 0.613770 0.607422
vt 0.611328 0.607422
vt 0.611328 0.611572
vt 0.609375 0.611572
vt 0.609375 0.607422
vt 0.606934 0.607422
vt 0.606934 0.611572
vt 0.604492 0.611572
vt 0.604492 0.607422
vt 0.602539 0.607422
vt 0.602539 0.611572
vt 0.600098 0.611572
vt 0.600098 0.607422
vt 0.597656 0.607422
vt 0.597656 0.611572
vt 0.595703 0.611572
vt 0.595703 0.607422
vt 0.593262 0.607422
vt 0.593262 0.611572
vt 0.628418 0.595703
vt 0.628418 0.600098
vt 0.625488 0.595703
vt 0.628418 0.600098
vt 0.625488 0.600098
vt 0.623047 0.595703
vt 0.623047 0.600098
vt 0.620605 0.595703
vt 0.620605 0.600098
vt 0.618164 0.600098
vt 0.618164 0.595703
vt 0.615723 0.595703
vt 0.615723 0.600098
vt 0.613281 0.595703
vt 0.613281 0.600098
vt 0.610840 0.600098
vt 0.610840 0.600098
vt 0.610840 0.595703
vt 0.609375 0.595703
vt 0.609375 0.600098
vt 0.600098 0.647461
vt 0.600098 0.649170
vt 0.598633 0.650635
vt 0.598633 0.645996
vt 0.596680 0.645996
vt 0.596680 0.650635
vt 0.595215 0.649170
vt 0.595215 0.647461
vt 0.716797 0.292480
vt 0.746582 0.292480
vt 0.747070 0.294922
vt 0.716797 0.294922
vt 0.746582 0.296875
vt 0.692383 0.292480
vt 0.716797 0.296875
vt 0.746582 0.299316
vt 0.716797 0.299316
vt 0.692383 0.294922
vt 0.669922 0.292480
vt 0.692383 0.296875
vt 0.692383 0.299316
vt 0.656738 0.296875
vt 0.656738 0.294922
vt 0.656738 0.292480
vt 0.634766 0.292480
vt 0.634766 0.294922
vt 0.634766 0.296875
vt 0.595215 0.294922
vt 0.595215 0.296875
vt 0.595215 0.292480
vt 0.594727 0.293945
vt 0.017563 0.698730
vt 0.017563 0.828369
vt 0.022430 0.696045
vt 0.022430 0.828369
vt 0.027328 0.695801
vt 0.017563 0.837158
vt 0.027328 0.828369
vt 0.032440 0.698242
vt 0.022430 0.837158
vt 0.017563 0.846558
vt 0.032440 0.828369
vt 0.017563 0.855835
vt 0.032440 0.837158
vt 0.027328 0.837158
vt 0.032440 0.846558
vt 0.027328 0.846558
vt 0.022430 0.846558
vt 0.022430 0.855835
vt 0.027328 0.855835
vt 0.032440 0.855835
vt 0.017563 0.865112
vt 0.022430 0.865112
vt 0.017563 0.874390
vt 0.012726 0.973984
vt 0.017563 0.973984
vt 0.022430 0.874390
vt 0.022430 0.973984
vt 0.027328 0.865112
vt 0.027328 0.874390
vt 0.027328 0.973984
vt 0.032440 0.865112
vt 0.032440 0.874390
vt 0.032440 0.961609
vt 0.032440 0.973984
vt 0.037048 0.961609
vt 0.308350 0.746826
vt 0.308350 0.741699
vt 0.309326 0.746338
vt 0.309326 0.741699
vt 0.308350 0.736816
vt 0.309326 0.736816
vt 0.308350 0.734131
vt 0.309326 0.734131
vt 0.883789 0.619873
vt 0.882812 0.628906
vt 0.881348 0.628418
vt 0.875488 0.647217
vt 0.874512 0.645508
vt 0.848145 0.637207
vt 0.849609 0.636230
vt 0.848145 0.619385
vt 0.605957 0.436523
vt 0.608887 0.433105
vt 0.609863 0.452637
vt 0.610840 0.487793
vt 0.609375 0.494629
vt 0.625977 0.447754
vt 0.613770 0.499512
vt 0.625488 0.485352
vt 0.644043 0.448242
vt 0.626465 0.496094
vt 0.626465 0.504883
vt 0.619629 0.506348
vt 0.643555 0.486816
vt 0.642578 0.497559
vt 0.641113 0.505371
vt 0.648438 0.498535
vt 0.680176 0.486816
vt 0.680176 0.448242
vt 0.675781 0.498535
vt 0.648438 0.504395
vt 0.641602 0.510254
vt 0.629395 0.511719
vt 0.626953 0.523438
vt 0.625000 0.518066
vt 0.631348 0.518799
vt 0.642578 0.517578
vt 0.648438 0.510498
vt 0.648926 0.515381
vt 0.675781 0.504395
vt 0.675293 0.510498
vt 0.674805 0.515381
vt 0.681641 0.517578
vt 0.682617 0.510254
vt 0.683105 0.505371
vt 0.681641 0.497559
vt 0.697754 0.504883
vt 0.694824 0.511719
vt 0.692383 0.518799
vt 0.697266 0.523438
vt 0.698730 0.518066
vt 0.709961 0.499512
vt 0.704590 0.506348
vt 0.697266 0.496094
vt 0.713379 0.487793
vt 0.714844 0.494629
vt 0.698730 0.485352
vt 0.697754 0.447754
vt 0.718262 0.436523
vt 0.713867 0.452637
vt 0.715332 0.433105
vt 0.480225 0.852661
vt 0.480957 0.853394
vt 0.480957 0.865601
vt 0.491455 0.865601
vt 0.491455 0.867065
vt 0.477539 0.852539
vt 0.476807 0.850708
vt 0.574707 0.286621
vt 0.574707 0.284668
vt 0.604492 0.284668
vt 0.604492 0.286621
vt 0.628906 0.284668
vt 0.574707 0.289062
vt 0.628906 0.286621
vt 0.651367 0.284668
vt 0.604492 0.289062
vt 0.574707 0.291016
vt 0.604492 0.291016
vt 0.628906 0.289062
vt 0.628906 0.291016
vt 0.664551 0.289062
vt 0.664551 0.286621
vt 0.664551 0.284668
vt 0.686523 0.284668
vt 0.686523 0.286621
vt 0.686523 0.289062
vt 0.726074 0.286621
vt 0.726074 0.289062
vt 0.726074 0.284668
vt 0.726562 0.286133
vt 0.068115 0.698730
vt 0.068115 0.828369
vt 0.063293 0.696045
vt 0.068115 0.837158
vt 0.063293 0.828369
vt 0.058380 0.695801
vt 0.068115 0.846558
vt 0.063293 0.837158
vt 0.058380 0.828369
vt 0.053253 0.698242
vt 0.068115 0.855835
vt 0.053253 0.828369
vt 0.058380 0.837158
vt 0.053253 0.837158
vt 0.063293 0.846558
vt 0.058380 0.846558
vt 0.053253 0.846558
vt 0.063293 0.855835
vt 0.058380 0.855835
vt 0.053253 0.855835
vt 0.068115 0.865112
vt 0.053253 0.865112
vt 0.068115 0.874390
vt 0.072998 0.973984
vt 0.068115 0.973984
vt 0.063293 0.865112
vt 0.063293 0.874390
vt 0.063293 0.973984
vt 0.058380 0.865112
vt 0.058380 0.874390
vt 0.058380 0.973984
vt 0.053253 0.874390
vt 0.053253 0.961609
vt 0.053253 0.973984
vt 0.048645 0.961609
vt 0.287842 0.746582
vt 0.287842 0.741211
vt 0.286865 0.745850
vt 0.286865 0.741211
vt 0.287842 0.736328
vt 0.286865 0.736328
vt 0.287842 0.733887
vt 0.286865 0.733643
vt 0.512207 0.001953
vt 0.514648 0.001953
vt 0.514648 0.016113
vt 0.512207 0.016113
vt 0.514648 0.019531
vt 0.509766 0.001953
vt 0.512207 0.019531
vt 0.514648 0.022461
vt 0.509766 0.016113
vt 0.507812 0.001953
vt 0.512207 0.022461
vt 0.514648 0.025879
vt 0.509766 0.019531
vt 0.507812 0.016113
vt 0.505371 0.001953
vt 0.505371 0.016113
vt 0.507812 0.019531
vt 0.505371 0.019531
vt 0.509766 0.022461
vt 0.507812 0.022461
vt 0.505371 0.022461
vt 0.512207 0.025879
vt 0.509766 0.025879
vt 0.507812 0.025879
vt 0.505371 0.025879
vt 0.509766 0.056641
vt 0.512207 0.056641
vt 0.514648 0.056152
vt 0.507812 0.056641
vt 0.505371 0.056152
vt 0.496094 0.070312
vt 0.502930 0.073242
vt 0.510254 0.074219
vt 0.517578 0.073242
vt 0.524414 0.070312
vt 0.571289 0.054688
vt 0.568359 0.056641
vt 0.565430 0.055664
vt 0.565918 0.053711
vt 0.560547 0.056152
vt 0.571777 0.045898
vt 0.560547 0.054199
vt 0.555664 0.055664
vt 0.566406 0.046875
vt 0.568359 0.035156
vt 0.555176 0.053711
vt 0.552734 0.056641
vt 0.549805 0.054199
vt 0.549316 0.045898
vt 0.554688 0.046875
vt 0.552734 0.035156
vt 0.560547 0.047852
vt 0.556152 0.039551
vt 0.558105 0.037598
vt 0.560547 0.034668
vt 0.560547 0.039062
vt 0.560547 0.041504
vt 0.565430 0.040039
vt 0.562988 0.037598
vt 0.542480 0.001953
vt 0.544922 0.001953
vt 0.544922 0.016113
vt 0.542480 0.016113
vt 0.544922 0.019531
vt 0.540527 0.001953
vt 0.542480 0.019531
vt 0.544922 0.022461
vt 0.540527 0.016113
vt 0.538086 0.001953
vt 0.542480 0.022461
vt 0.544922 0.025879
vt 0.540527 0.019531
vt 0.538086 0.016113
vt 0.535645 0.001953
vt 0.535645 0.016113
vt 0.538086 0.019531
vt 0.535645 0.019531
vt 0.540527 0.022461
vt 0.538086 0.022461
vt 0.535645 0.022461
vt 0.542480 0.025879
vt 0.540527 0.025879
vt 0.538086 0.025879
vt 0.535645 0.025879
vt 0.540527 0.056641
vt 0.542480 0.056641
vt 0.544922 0.056152
vt 0.538086 0.056641
vt 0.535645 0.056152
vt 0.526367 0.070312
vt 0.533203 0.073242
vt 0.540527 0.074219
vt 0.547852 0.073242
vt 0.554688 0.070312
vt 0.578125 0.078613
vt 0.575684 0.080566
vt 0.572266 0.079590
vt 0.572754 0.077637
vt 0.567383 0.080078
vt 0.579102 0.069824
vt 0.567383 0.078125
vt 0.562988 0.079590
vt 0.573242 0.070801
vt 0.575684 0.059082
vt 0.562012 0.077148
vt 0.559570 0.080566
vt 0.557129 0.078125
vt 0.556152 0.069824
vt 0.562012 0.070801
vt 0.559570 0.059082
vt 0.567383 0.071777
vt 0.562988 0.063477
vt 0.565430 0.061523
vt 0.567871 0.058594
vt 0.567383 0.062988
vt 0.567383 0.065430
vt 0.572266 0.063965
vt 0.569824 0.061523
vt 0.285889 0.574463
vt 0.286133 0.569336
vt 0.285889 0.724121
vt 0.286133 0.729492
vt 0.504883 0.865601
vt 0.504883 0.853394
vt 0.505371 0.852661
vt 0.508301 0.852539
vt 0.494141 0.865479
vt 0.494385 0.867065
vt 0.508789 0.850708
vt 0.534180 0.125488
vt 0.544922 0.125488
vt 0.544922 0.152832
vt 0.510742 0.125488
vt 0.531738 0.107910
vt 0.513184 0.107910
vt 0.500000 0.152832
vt 0.500000 0.125488
vt 0.516113 0.773438
vt 0.516113 0.778687
vt 0.508789 0.778687
vt 0.491455 0.778687
vt 0.484131 0.773560
vt 0.484619 0.778320
vt 0.118652 0.567627
vt 0.118652 0.575439
vt 0.115479 0.575439
vt 0.115479 0.567627
vt 0.112122 0.575439
vt 0.118652 0.559814
vt 0.112122 0.567627
vt 0.109009 0.575439
vt 0.115479 0.559814
vt 0.118652 0.551758
vt 0.109009 0.567627
vt 0.105713 0.575439
vt 0.105713 0.567627
vt 0.112122 0.559814
vt 0.115479 0.551758
vt 0.118652 0.543701
vt 0.109009 0.559814
vt 0.105713 0.559814
vt 0.112122 0.551758
vt 0.115479 0.543701
vt 0.118652 0.535645
vt 0.109009 0.551758
vt 0.105713 0.551758
vt 0.112122 0.543701
vt 0.115479 0.535645
vt 0.118652 0.527588
vt 0.109009 0.543701
vt 0.105713 0.543701
vt 0.112122 0.535645
vt 0.115479 0.527588
vt 0.118652 0.519531
vt 0.112122 0.527588
vt 0.115479 0.519531
vt 0.118652 0.511475
vt 0.112122 0.519531
vt 0.115479 0.511475
vt 0.118652 0.503418
vt 0.109009 0.519531
vt 0.105713 0.519531
vt 0.112122 0.511475
vt 0.115479 0.503418
vt 0.118652 0.495605
vt 0.109009 0.511475
vt 0.105713 0.511475
vt 0.112122 0.503418
vt 0.115479 0.495605
vt 0.118652 0.487305
vt 0.109009 0.503418
vt 0.105713 0.503418
vt 0.112122 0.495605
vt 0.115479 0.487305
vt 0.118652 0.479492
vt 0.109009 0.495605
vt 0.105713 0.495605
vt 0.112122 0.487305
vt 0.115479 0.479492
vt 0.118652 0.471191
vt 0.112122 0.479492
vt 0.115479 0.471191
vt 0.118652 0.463379
vt 0.112122 0.471191
vt 0.115479 0.463379
vt 0.118652 0.455566
vt 0.109009 0.471191
vt 0.105713 0.471191
vt 0.112122 0.463379
vt 0.115479 0.455566
vt 0.118652 0.447266
vt 0.109009 0.463379
vt 0.105713 0.463379
vt 0.112122 0.455566
vt 0.115479 0.447266
vt 0.118652 0.439453
vt 0.109009 0.455566
vt 0.105713 0.455566
vt 0.112122 0.447266
vt 0.115479 0.439453
vt 0.118652 0.432617
vt 0.115479 0.432617
vt 0.109009 0.447266
vt 0.105713 0.447266
vt 0.112122 0.439453
vt 0.112122 0.432617
vt 0.145508 0.643799
vt 0.146973 0.640381
vt 0.156372 0.645264
vt 0.154297 0.631104
vt 0.144653 0.637207
vt 0.102661 0.631348
vt 0.141724 0.644287
vt 0.139404 0.641357
vt 0.140869 0.637939
vt 0.268066 0.560059
vt 0.269531 0.560059
vt 0.269531 0.565186
vt 0.268066 0.565186
vt 0.269531 0.570557
vt 0.266602 0.560059
vt 0.268066 0.570557
vt 0.269531 0.575684
vt 0.266602 0.565186
vt 0.264893 0.560059
vt 0.268066 0.575684
vt 0.269531 0.581543
vt 0.266602 0.570557
vt 0.264893 0.565186
vt 0.263428 0.560059
vt 0.263428 0.565186
vt 0.264893 0.570557
vt 0.263428 0.570557
vt 0.266602 0.575684
vt 0.264893 0.575684
vt 0.263428 0.575684
vt 0.268066 0.581543
vt 0.269531 0.587402
vt 0.266602 0.581543
vt 0.264893 0.581543
vt 0.263428 0.581543
vt 0.268066 0.587402
vt 0.269531 0.591553
vt 0.266602 0.587402
vt 0.264893 0.587402
vt 0.263428 0.587402
vt 0.268066 0.591553
vt 0.269531 0.598877
vt 0.266602 0.591553
vt 0.264893 0.591553
vt 0.263428 0.591553
vt 0.268066 0.598877
vt 0.269531 0.607910
vt 0.266602 0.598877
vt 0.264893 0.598877
vt 0.263428 0.598877
vt 0.268066 0.607910
vt 0.269531 0.617432
vt 0.266602 0.607910
vt 0.264893 0.607910
vt 0.263428 0.607910
vt 0.268066 0.617432
vt 0.269531 0.625977
vt 0.266602 0.617432
vt 0.264893 0.617432
vt 0.263428 0.617432
vt 0.268066 0.625977
vt 0.266602 0.625977
vt 0.268066 0.633789
vt 0.269531 0.633789
vt 0.266602 0.633789
vt 0.264893 0.625977
vt 0.264893 0.633789
vt 0.263428 0.625977
vt 0.263428 0.633789
vt 0.260742 0.560059
vt 0.261963 0.560059
vt 0.261963 0.566406
vt 0.260742 0.566406
vt 0.261963 0.574219
vt 0.259277 0.560059
vt 0.260742 0.574219
vt 0.261963 0.582764
vt 0.259277 0.566406
vt 0.257812 0.560059
vt 0.260742 0.582764
vt 0.261963 0.590332
vt 0.259277 0.574219
vt 0.257812 0.566406
vt 0.256104 0.560059
vt 0.256104 0.566406
vt 0.257812 0.574219
vt 0.256104 0.574219
vt 0.259277 0.582764
vt 0.257812 0.582764
vt 0.256104 0.582764
vt 0.260742 0.590332
vt 0.261963 0.597656
vt 0.259277 0.590332
vt 0.257812 0.590332
vt 0.256104 0.590332
vt 0.260742 0.597656
vt 0.261963 0.605225
vt 0.259277 0.597656
vt 0.257812 0.597656
vt 0.256104 0.597656
vt 0.260742 0.605225
vt 0.261963 0.612061
vt 0.259277 0.605225
vt 0.257812 0.605225
vt 0.256104 0.605225
vt 0.260742 0.612061
vt 0.261963 0.618652
vt 0.259277 0.612061
vt 0.257812 0.612061
vt 0.256104 0.612061
vt 0.260742 0.618652
vt 0.261963 0.625732
vt 0.259277 0.618652
vt 0.257812 0.618652
vt 0.256104 0.618652
vt 0.260742 0.625732
vt 0.261963 0.632080
vt 0.259277 0.625732
vt 0.257812 0.625732
vt 0.256104 0.625732
vt 0.260742 0.632080
vt 0.261963 0.636719
vt 0.259277 0.632080
vt 0.257812 0.632080
vt 0.256104 0.632080
vt 0.260742 0.636719
vt 0.261963 0.640625
vt 0.259277 0.636719
vt 0.257812 0.636719
vt 0.256104 0.636719
vt 0.260742 0.640625
vt 0.261963 0.643555
vt 0.259277 0.640625
vt 0.257812 0.640625
vt 0.256104 0.640625
vt 0.260742 0.643555
vt 0.261963 0.646973
vt 0.259277 0.643555
vt 0.257812 0.643555
vt 0.256104 0.643555
vt 0.260742 0.646973
vt 0.261963 0.653076
vt 0.259277 0.646973
vt 0.257812 0.646973
vt 0.256104 0.646973
vt 0.260742 0.653076
vt 0.261963 0.665283
vt 0.259277 0.653076
vt 0.257812 0.653076
vt 0.256104 0.653076
vt 0.260742 0.665283
vt 0.261963 0.686279
vt 0.259277 0.665283
vt 0.257812 0.665283
vt 0.256104 0.665283
vt 0.260742 0.686279
vt 0.259277 0.686279
vt 0.257812 0.686279
vt 0.256104 0.686279
vt 0.259277 0.688965
vt 0.260742 0.688965
vt 0.261963 0.688965
vt 0.257812 0.688965
vt 0.256104 0.688965
vt 0.261963 0.695557
vt 0.260742 0.695557
vt 0.259277 0.695557
vt 0.257812 0.695557
vt 0.256104 0.695557
vt 0.030548 0.577881
vt 0.022278 0.560303
vt 0.022278 0.542236
vt 0.030548 0.488770
vt 0.013527 0.542236
vt 0.005253 0.488770
vt 0.005253 0.577881
vt 0.013527 0.560303
vt 0.465820 0.714355
vt 0.465820 0.719238
vt 0.462646 0.719238
vt 0.462646 0.714355
vt 0.460205 0.719238
vt 0.465820 0.710938
vt 0.460205 0.714355
vt 0.457520 0.719238
vt 0.462646 0.710938
vt 0.465820 0.707520
vt 0.457520 0.714355
vt 0.455322 0.719238
vt 0.455322 0.714355
vt 0.460205 0.710938
vt 0.462646 0.707520
vt 0.465820 0.702393
vt 0.457520 0.710938
vt 0.455322 0.710938
vt 0.460205 0.707520
vt 0.462646 0.702393
vt 0.465820 0.697266
vt 0.457520 0.707520
vt 0.455322 0.707520
vt 0.460205 0.702393
vt 0.462646 0.697266
vt 0.465820 0.693115
vt 0.457520 0.702393
vt 0.455322 0.702393
vt 0.460205 0.697266
vt 0.462646 0.693115
vt 0.465820 0.689453
vt 0.457520 0.697266
vt 0.455322 0.697266
vt 0.460205 0.693115
vt 0.462646 0.689453
vt 0.465820 0.684570
vt 0.457520 0.693115
vt 0.455322 0.693115
vt 0.460205 0.689453
vt 0.462646 0.684570
vt 0.465820 0.679932
vt 0.457520 0.689453
vt 0.455322 0.689453
vt 0.460205 0.684570
vt 0.462646 0.679932
vt 0.465820 0.676514
vt 0.457520 0.684570
vt 0.455322 0.684570
vt 0.460205 0.679932
vt 0.462646 0.676514
vt 0.465820 0.673096
vt 0.457520 0.679932
vt 0.455322 0.679932
vt 0.460205 0.676514
vt 0.462646 0.673096
vt 0.465820 0.668945
vt 0.457520 0.676514
vt 0.455322 0.676514
vt 0.460205 0.673096
vt 0.462646 0.668945
vt 0.465820 0.664551
vt 0.457520 0.673096
vt 0.455322 0.673096
vt 0.460205 0.668945
vt 0.462646 0.664551
vt 0.465820 0.659180
vt 0.457520 0.668945
vt 0.455322 0.668945
vt 0.460205 0.664551
vt 0.462646 0.659180
vt 0.465820 0.653320
vt 0.457520 0.664551
vt 0.455322 0.664551
vt 0.460205 0.659180
vt 0.462646 0.653320
vt 0.465820 0.647949
vt 0.457520 0.659180
vt 0.455322 0.659180
vt 0.460205 0.653320
vt 0.462646 0.647949
vt 0.465820 0.643799
vt 0.457520 0.653320
vt 0.455322 0.653320
vt 0.460205 0.647949
vt 0.462646 0.643799
vt 0.465820 0.639893
vt 0.457520 0.647949
vt 0.455322 0.647949
vt 0.460205 0.643799
vt 0.462646 0.639893
vt 0.465820 0.634033
vt 0.457520 0.643799
vt 0.455322 0.643799
vt 0.460205 0.639893
vt 0.462646 0.634033
vt 0.465820 0.624756
vt 0.457520 0.639893
vt 0.455322 0.639893
vt 0.460205 0.634033
vt 0.462646 0.624756
vt 0.465820 0.614258
vt 0.457520 0.634033
vt 0.455322 0.634033
vt 0.460205 0.624756
vt 0.462646 0.614258
vt 0.465820 0.605713
vt 0.457520 0.624756
vt 0.455322 0.624756
vt 0.457520 0.614258
vt 0.455322 0.614258
vt 0.462646 0.605713
vt 0.460205 0.614258
vt 0.460205 0.605713
vt 0.457520 0.605713
vt 0.455322 0.605713
vt 0.571777 0.736328
vt 0.571777 0.731201
vt 0.579102 0.731201
vt 0.586426 0.731201
vt 0.571777 0.747559
vt 0.593750 0.731201
vt 0.601562 0.731201
vt 0.608887 0.731201
vt 0.608887 0.736328
vt 0.616211 0.731201
vt 0.616211 0.736328
vt 0.623535 0.731201
vt 0.608887 0.747559
vt 0.630859 0.731201
vt 0.638184 0.731201
vt 0.645508 0.731201
vt 0.652832 0.731201
vt 0.616211 0.747559
vt 0.652832 0.736328
vt 0.660156 0.731201
vt 0.660156 0.736328
vt 0.667480 0.731201
vt 0.652832 0.747559
vt 0.675293 0.731201
vt 0.682617 0.731201
vt 0.689941 0.731201
vt 0.697266 0.731201
vt 0.660156 0.747559
vt 0.697266 0.736328
vt 0.704590 0.731201
vt 0.704590 0.736328
vt 0.697266 0.747559
vt 0.704590 0.747559
vt 0.704590 0.751099
vt 0.697266 0.751099
vt 0.689941 0.751099
vt 0.697266 0.753540
vt 0.704590 0.753540
vt 0.689941 0.753540
vt 0.682617 0.751099
vt 0.682617 0.753540
vt 0.675293 0.751099
vt 0.675293 0.753540
vt 0.682617 0.757568
vt 0.675293 0.757568
vt 0.689941 0.757568
vt 0.667480 0.757568
vt 0.697266 0.757568
vt 0.704590 0.757568
vt 0.704590 0.770508
vt 0.697266 0.770508
vt 0.704590 0.776367
vt 0.689941 0.770508
vt 0.697266 0.776367
vt 0.689941 0.776367
vt 0.682617 0.770508
vt 0.682617 0.776367
vt 0.675293 0.770508
vt 0.675293 0.776367
vt 0.667480 0.770508
vt 0.667480 0.776367
vt 0.660156 0.770508
vt 0.660156 0.776367
vt 0.660156 0.757568
vt 0.652832 0.770508
vt 0.652832 0.776367
vt 0.652832 0.757568
vt 0.667480 0.753540
vt 0.645508 0.770508
vt 0.645508 0.776367
vt 0.638184 0.770508
vt 0.638184 0.776367
vt 0.645508 0.757568
vt 0.630859 0.770508
vt 0.630859 0.776367
vt 0.623535 0.770508
vt 0.623535 0.776367
vt 0.616211 0.770508
vt 0.616211 0.776367
vt 0.616211 0.757568
vt 0.623535 0.757568
vt 0.608887 0.770508
vt 0.608887 0.776367
vt 0.608887 0.757568
vt 0.601562 0.770508
vt 0.601562 0.776367
vt 0.593750 0.770508
vt 0.593750 0.776367
vt 0.601562 0.757568
vt 0.586426 0.770508
vt 0.586426 0.776367
vt 0.579102 0.770508
vt 0.579102 0.776367
vt 0.571777 0.776367
vt 0.571777 0.770508
vt 0.571777 0.757568
vt 0.579102 0.757568
vt 0.579102 0.753540
vt 0.571777 0.753540
vt 0.586426 0.753540
vt 0.586426 0.757568
vt 0.579102 0.751099
vt 0.571777 0.751099
vt 0.586426 0.751099
vt 0.593750 0.751099
vt 0.593750 0.753540
vt 0.593750 0.757568
vt 0.601562 0.751099
vt 0.601562 0.753540
vt 0.608887 0.751099
vt 0.608887 0.753540
vt 0.616211 0.751099
vt 0.616211 0.753540
vt 0.623535 0.751099
vt 0.623535 0.753540
vt 0.630859 0.751099
vt 0.630859 0.753540
vt 0.630859 0.757568
vt 0.638184 0.751099
vt 0.638184 0.753540
vt 0.638184 0.757568
vt 0.645508 0.751099
vt 0.645508 0.753540
vt 0.652832 0.751099
vt 0.652832 0.753540
vt 0.660156 0.751099
vt 0.660156 0.753540
vt 0.667480 0.751099
vt 0.571777 0.724854
vt 0.579102 0.724854
vt 0.571777 0.658447
vt 0.586426 0.724854
vt 0.579102 0.658447
vt 0.571777 0.655762
vt 0.579102 0.655762
vt 0.586426 0.655762
vt 0.586426 0.658447
vt 0.593750 0.655762
vt 0.593750 0.724854
vt 0.593750 0.658447
vt 0.601562 0.655762
vt 0.601562 0.724854
vt 0.601562 0.658447
vt 0.608887 0.655762
vt 0.608887 0.724854
vt 0.608887 0.658447
vt 0.616211 0.655762
vt 0.616211 0.724854
vt 0.616211 0.658447
vt 0.623535 0.655762
vt 0.623535 0.724854
vt 0.623535 0.658447
vt 0.630859 0.655762
vt 0.630859 0.724854
vt 0.630859 0.658447
vt 0.638184 0.655762
vt 0.638184 0.724854
vt 0.638184 0.658447
vt 0.645508 0.655762
vt 0.645508 0.724854
vt 0.645508 0.658447
vt 0.652832 0.655762
vt 0.652832 0.724854
vt 0.652832 0.658447
vt 0.660156 0.655762
vt 0.660156 0.724854
vt 0.660156 0.658447
vt 0.667480 0.655762
vt 0.667480 0.724854
vt 0.667480 0.658447
vt 0.675293 0.655762
vt 0.675293 0.724854
vt 0.675293 0.658447
vt 0.682617 0.655762
vt 0.682617 0.724854
vt 0.682617 0.658447
vt 0.689941 0.655762
vt 0.689941 0.724854
vt 0.689941 0.658447
vt 0.697266 0.655762
vt 0.697266 0.724854
vt 0.704590 0.724854
vt 0.697266 0.658447
vt 0.704590 0.655762
vt 0.704590 0.658447
vt 0.742188 0.037598
vt 0.742188 0.019043
vt 0.743164 0.014648
vt 0.744629 0.011719
vt 0.746094 0.009766
vt 0.748535 0.007812
vt 0.751465 0.006348
vt 0.318359 0.803711
vt 0.318359 0.817871
vt 0.333984 0.803711
vt 0.333984 0.817871
vt 0.349854 0.817871
vt 0.349854 0.803711
vt 0.783203 0.228027
vt 0.782227 0.206543
vt 0.796387 0.208984
vt 0.800781 0.210449
vt 0.803711 0.212891
vt 0.806641 0.215332
vt 0.808105 0.218262
vt 0.809570 0.228027
vt 0.783691 0.251465
vt 0.810059 0.251465
vt 0.783203 0.280273
vt 0.810059 0.280273
vt 0.810059 0.309082
vt 0.783691 0.309082
vt 0.810059 0.332520
vt 0.783203 0.332520
vt 0.808594 0.341797
vt 0.807129 0.344727
vt 0.804199 0.347656
vt 0.801270 0.349609
vt 0.796875 0.351562
vt 0.782715 0.354004
vt 0.542969 0.924500
vt 0.539062 0.904297
vt 0.536621 0.900696
vt 0.533691 0.897156
vt 0.530762 0.894958
vt 0.528320 0.893372
vt 0.524902 0.891785
vt 0.652344 0.904419
vt 0.648926 0.906006
vt 0.646484 0.907593
vt 0.643066 0.909790
vt 0.640137 0.913330
vt 0.638184 0.916931
vt 0.634277 0.937134
vt 0.795410 0.037598
vt 0.795410 0.019043
vt 0.794434 0.014648
vt 0.792969 0.011719
vt 0.791504 0.009766
vt 0.789062 0.007812
vt 0.786133 0.006348
vt 0.848145 0.602295
vt 0.848145 0.584229
vt 0.849609 0.585449
vt 0.875488 0.574463
vt 0.881348 0.593262
vt 0.883789 0.601807
vt 0.882812 0.592773
vt 0.874512 0.576172
vt 0.789551 0.482910
vt 0.807617 0.482910
vt 0.808594 0.492676
vt 0.788086 0.493164
vt 0.752930 0.482910
vt 0.788574 0.502686
vt 0.812988 0.501465
vt 0.816895 0.511963
vt 0.754395 0.493164
vt 0.734375 0.492676
vt 0.734863 0.482910
vt 0.753906 0.502686
vt 0.729492 0.501465
vt 0.726074 0.511963
vt 0.787598 0.510742
vt 0.754883 0.510742
vt 0.787598 0.520508
vt 0.815918 0.520264
vt 0.754883 0.520508
vt 0.726562 0.520264
vt 0.787109 0.532959
vt 0.810059 0.535400
vt 0.755371 0.532959
vt 0.732422 0.535400
vt 0.785156 0.548828
vt 0.800781 0.549072
vt 0.757324 0.548828
vt 0.741699 0.549072
vt 0.781738 0.557861
vt 0.795898 0.556885
vt 0.760742 0.557861
vt 0.746582 0.556885
vt 0.781738 0.562256
vt 0.793945 0.560547
vt 0.760742 0.562256
vt 0.748535 0.560547
vt 0.794434 0.571777
vt 0.748047 0.571777
vt 0.782227 0.571289
vt 0.760742 0.571289
vt 0.752930 0.575195
vt 0.789551 0.575195
vt 0.746582 0.575684
vt 0.736816 0.567139
vt 0.732422 0.569336
vt 0.750000 0.583496
vt 0.740723 0.584229
vt 0.725586 0.577637
vt 0.715332 0.594238
vt 0.732910 0.601074
vt 0.701172 0.606934
vt 0.748047 0.601318
vt 0.792480 0.583496
vt 0.795898 0.575684
vt 0.805664 0.567139
vt 0.810059 0.569336
vt 0.801758 0.584229
vt 0.816895 0.577637
vt 0.827148 0.594238
vt 0.794434 0.601318
vt 0.809570 0.601074
vt 0.841309 0.606934
vt 0.794922 0.616211
vt 0.812500 0.615234
vt 0.812988 0.623779
vt 0.844238 0.617920
vt 0.794922 0.625244
vt 0.748047 0.616211
vt 0.729980 0.615234
vt 0.747559 0.625244
vt 0.729980 0.623779
vt 0.698242 0.617920
vt 0.747070 0.632080
vt 0.730469 0.630127
vt 0.702637 0.630859
vt 0.709961 0.640381
vt 0.732910 0.639893
vt 0.716797 0.648438
vt 0.751953 0.653564
vt 0.790527 0.653564
vt 0.809570 0.639893
vt 0.795410 0.632080
vt 0.812012 0.630127
vt 0.839844 0.630859
vt 0.832520 0.640381
vt 0.825684 0.648438
vt 0.413818 0.164062
vt 0.413818 0.166992
vt 0.418701 0.164062
vt 0.418701 0.166992
vt 0.419434 0.159668
vt 0.651367 0.587158
vt 0.648926 0.585205
vt 0.653320 0.597168
vt 0.645020 0.585205
vt 0.653320 0.599121
vt 0.642578 0.587158
vt 0.653809 0.600830
vt 0.640625 0.597168
vt 0.653809 0.608643
vt 0.640625 0.599121
vt 0.653320 0.610596
vt 0.653320 0.612305
vt 0.651367 0.622314
vt 0.640625 0.610596
vt 0.648926 0.624512
vt 0.640625 0.612305
vt 0.645020 0.624512
vt 0.642578 0.622314
vt 0.480225 0.611084
vt 0.479492 0.612061
vt 0.481201 0.611084
vt 0.480225 0.613037
vt 0.481689 0.612061
vt 0.481201 0.613037
vt 0.643066 0.581543
vt 0.640625 0.571533
vt 0.645020 0.583496
vt 0.641113 0.569580
vt 0.649414 0.583496
vt 0.651855 0.581543
vt 0.653809 0.571533
vt 0.641113 0.558105
vt 0.653809 0.569580
vt 0.641113 0.556396
vt 0.653809 0.567871
vt 0.643066 0.546387
vt 0.653809 0.560059
vt 0.645508 0.544434
vt 0.653809 0.558350
vt 0.649414 0.544434
vt 0.653809 0.556396
vt 0.651855 0.546387
vt 0.494629 0.592529
vt 0.494629 0.593506
vt 0.495605 0.591797
vt 0.495605 0.593994
vt 0.496582 0.592529
vt 0.496582 0.593506
vt 0.491211 0.592041
vt 0.492188 0.591309
vt 0.491455 0.593018
vt 0.490967 0.593262
vt 0.493408 0.592041
vt 0.492432 0.593750
vt 0.493652 0.593262
vt 0.492432 0.593994
vt 0.493408 0.593018
vt 0.493652 0.563232
vt 0.493164 0.563232
vt 0.492432 0.562744
vt 0.493164 0.564453
vt 0.492432 0.562256
vt 0.491211 0.563232
vt 0.492188 0.564941
vt 0.490967 0.562988
vt 0.491211 0.564209
vt 0.496582 0.562744
vt 0.495361 0.562256
vt 0.496582 0.563721
vt 0.494629 0.562744
vt 0.495605 0.564453
vt 0.494629 0.563965
vt 0.597656 0.626465
vt 0.595215 0.625732
vt 0.597168 0.624023
vt 0.594727 0.627686
vt 0.599609 0.625977
vt 0.597656 0.628174
vt 0.599121 0.623535
vt 0.595703 0.629883
vt 0.601074 0.624023
vt 0.597168 0.631348
vt 0.601074 0.627197
vt 0.598633 0.629395
vt 0.602539 0.625488
vt 0.599121 0.632080
vt 0.603516 0.627686
vt 0.601074 0.631348
vt 0.600586 0.628906
vt 0.603027 0.629639
vt 0.479492 0.614014
vt 0.478760 0.614990
vt 0.480469 0.614014
vt 0.480713 0.613770
vt 0.479492 0.615967
vt 0.481201 0.614990
vt 0.480713 0.616211
vt 0.481445 0.614990
vt 0.480469 0.615967
vt 0.469727 0.614990
vt 0.470215 0.615967
vt 0.470215 0.616211
vt 0.471436 0.615967
vt 0.469482 0.614990
vt 0.470215 0.614014
vt 0.471924 0.614990
vt 0.470215 0.613770
vt 0.471436 0.614014
vt 0.468994 0.612061
vt 0.469482 0.613037
vt 0.470703 0.613037
vt 0.469482 0.611084
vt 0.471191 0.612061
vt 0.470703 0.611084
vt 0.510254 0.692139
vt 0.509277 0.692383
vt 0.509277 0.690918
vt 0.501465 0.692383
vt 0.500977 0.690918
vt 0.491211 0.692383
vt 0.491211 0.690918
vt 0.509277 0.703369
vt 0.508301 0.702881
vt 0.508301 0.704590
vt 0.508301 0.701416
vt 0.500977 0.702881
vt 0.500977 0.704590
vt 0.501465 0.701416
vt 0.491211 0.702881
vt 0.489990 0.704590
vt 0.491211 0.701416
vt 0.607422 0.623535
vt 0.608887 0.623535
vt 0.608887 0.625000
vt 0.610352 0.624023
vt 0.607422 0.625000
vt 0.609863 0.626221
vt 0.606445 0.624023
vt 0.611328 0.625000
vt 0.605469 0.625000
vt 0.611816 0.626221
vt 0.606445 0.626221
vt 0.609863 0.627686
vt 0.604492 0.626221
vt 0.611816 0.627686
vt 0.604492 0.627686
vt 0.611328 0.628906
vt 0.606445 0.627686
vt 0.608887 0.628906
vt 0.605469 0.628906
vt 0.610352 0.629883
vt 0.606445 0.629883
vt 0.608887 0.630371
vt 0.607422 0.628906
vt 0.607422 0.630371
vt 0.897461 0.857788
vt 0.915039 0.857788
vt 0.916504 0.865356
vt 0.899902 0.844849
vt 0.899902 0.870728
vt 0.916504 0.850220
vt 0.919922 0.872070
vt 0.905762 0.833130
vt 0.905762 0.882324
vt 0.919922 0.843384
vt 0.925293 0.877502
vt 0.915039 0.823975
vt 0.915039 0.891541
vt 0.925293 0.838013
vt 0.932129 0.880981
vt 0.926758 0.817993
vt 0.926758 0.897461
vt 0.932129 0.834473
vt 0.939453 0.882141
vt 0.939453 0.815918
vt 0.939453 0.899536
vt 0.939453 0.833374
vt 0.947266 0.880981
vt 0.952637 0.817993
vt 0.952637 0.897461
vt 0.947266 0.834473
vt 0.954102 0.877502
vt 0.963867 0.823975
vt 0.963867 0.891541
vt 0.954102 0.838013
vt 0.959473 0.872070
vt 0.973145 0.833130
vt 0.973145 0.882324
vt 0.959473 0.843384
vt 0.962891 0.865356
vt 0.979492 0.844849
vt 0.979492 0.870728
vt 0.962891 0.850220
vt 0.963867 0.857788
vt 0.981445 0.857788
vt 0.750000 0.945679
vt 0.773926 0.945679
vt 0.774902 0.952820
vt 0.751953 0.932373
vt 0.751953 0.959015
vt 0.774902 0.938507
vt 0.777832 0.959503
vt 0.756836 0.919922
vt 0.756836 0.971420
vt 0.777832 0.931885
vt 0.782227 0.965210
vt 0.765137 0.909302
vt 0.765137 0.982086
vt 0.782227 0.926147
vt 0.787598 0.969604
vt 0.775879 0.901062
vt 0.775879 0.990265
vt 0.787598 0.921753
vt 0.794434 0.972366
vt 0.788086 0.895935
vt 0.788086 0.995407
vt 0.794434 0.919006
vt 0.801758 0.973312
vt 0.801758 0.894165
vt 0.801758 0.997162
vt 0.801758 0.918030
vt 0.808594 0.972366
vt 0.814941 0.895935
vt 0.814941 0.995407
vt 0.808594 0.919006
vt 0.815430 0.969604
vt 0.827148 0.901062
vt 0.827148 0.990265
vt 0.815430 0.921753
vt 0.821289 0.965210
vt 0.837891 0.909302
vt 0.837891 0.982086
vt 0.821289 0.926147
vt 0.825684 0.959503
vt 0.846191 0.919922
vt 0.846191 0.971420
vt 0.825684 0.931885
vt 0.828125 0.952820
vt 0.851074 0.932373
vt 0.851074 0.959015
vt 0.828125 0.938507
vt 0.829102 0.945679
vt 0.853027 0.945679
vt 0.418213 0.284180
vt 0.418213 0.287109
vt 0.416748 0.286133
vt 0.416748 0.285156
vt 0.415771 0.286621
vt 0.415771 0.282715
vt 0.415771 0.288574
vt 0.415771 0.284180
vt 0.414551 0.286133
vt 0.413330 0.284180
vt 0.413330 0.287109
vt 0.414551 0.285156
vt 0.416748 0.292480
vt 0.416748 0.291016
vt 0.415771 0.292969
vt 0.415771 0.289062
vt 0.415771 0.294922
vt 0.415771 0.290527
vt 0.414795 0.292480
vt 0.413330 0.290527
vt 0.413330 0.293457
vt 0.414795 0.291504
vt 0.200928 0.575684
vt 0.201294 0.575195
vt 0.201294 0.577393
vt 0.199707 0.575684
vt 0.200928 0.576904
vt 0.199219 0.575195
vt 0.199219 0.577393
vt 0.199707 0.576904
vt 0.196289 0.573730
vt 0.196655 0.573486
vt 0.196655 0.575439
vt 0.194824 0.573730
vt 0.196289 0.575195
vt 0.194458 0.573486
vt 0.194458 0.575439
vt 0.194824 0.575195
vt 0.196533 0.571533
vt 0.196899 0.572021
vt 0.194458 0.572021
vt 0.196533 0.570068
vt 0.194946 0.571533
vt 0.196899 0.569580
vt 0.194458 0.569580
vt 0.194946 0.570068
vt 0.144287 0.575928
vt 0.152588 0.558350
vt 0.161377 0.558350
vt 0.144287 0.486816
vt 0.169678 0.575928
vt 0.152588 0.540283
vt 0.161377 0.540283
vt 0.169678 0.486816
vt 0.889648 0.857666
vt 0.887207 0.870605
vt 0.871094 0.865234
vt 0.872070 0.857666
vt 0.867188 0.871948
vt 0.887207 0.844727
vt 0.881348 0.882202
vt 0.871094 0.850098
vt 0.861816 0.877380
vt 0.881348 0.833008
vt 0.872070 0.891418
vt 0.867188 0.843262
vt 0.854980 0.880859
vt 0.872070 0.823853
vt 0.860352 0.897339
vt 0.861816 0.837891
vt 0.847656 0.882019
vt 0.860352 0.817871
vt 0.847656 0.899414
vt 0.854980 0.834351
vt 0.839844 0.880859
vt 0.847656 0.815796
vt 0.834473 0.897339
vt 0.847656 0.833252
vt 0.833496 0.877380
vt 0.834473 0.817871
vt 0.823242 0.891418
vt 0.839844 0.834351
vt 0.827637 0.871948
vt 0.823242 0.823853
vt 0.813965 0.882202
vt 0.833496 0.837891
vt 0.824219 0.865234
vt 0.813965 0.833008
vt 0.808105 0.870605
vt 0.827637 0.843262
vt 0.823242 0.857666
vt 0.808105 0.844727
vt 0.805664 0.857666
vt 0.824219 0.850098
vt 0.741699 0.945618
vt 0.739746 0.958954
vt 0.716797 0.952759
vt 0.717773 0.945618
vt 0.714355 0.959442
vt 0.739746 0.932312
vt 0.734863 0.971359
vt 0.716797 0.938446
vt 0.709961 0.965149
vt 0.734863 0.919861
vt 0.726562 0.982025
vt 0.714355 0.931824
vt 0.704102 0.969543
vt 0.726562 0.909180
vt 0.715820 0.990204
vt 0.709961 0.926086
vt 0.697266 0.972305
vt 0.715820 0.901001
vt 0.703613 0.995346
vt 0.704102 0.921692
vt 0.690430 0.973251
vt 0.703613 0.895874
vt 0.690430 0.997101
vt 0.697266 0.918945
vt 0.683105 0.972305
vt 0.690430 0.894104
vt 0.676758 0.995346
vt 0.690430 0.917969
vt 0.676270 0.969543
vt 0.676758 0.895874
vt 0.664551 0.990204
vt 0.683105 0.918945
vt 0.670898 0.965149
vt 0.664551 0.901001
vt 0.653809 0.982025
vt 0.676270 0.921692
vt 0.666504 0.959442
vt 0.653809 0.909180
vt 0.645508 0.971359
vt 0.670898 0.926086
vt 0.663574 0.952759
vt 0.645508 0.919861
vt 0.640625 0.958954
vt 0.666504 0.931824
vt 0.662598 0.945618
vt 0.640625 0.932312
vt 0.638672 0.945618
vt 0.663574 0.938446
vt 0.478760 0.620850
vt 0.478760 0.618896
vt 0.479492 0.618408
vt 0.479736 0.621094
vt 0.476562 0.617188
vt 0.477051 0.622070
vt 0.476807 0.617920
vt 0.477051 0.622803
vt 0.474121 0.618652
vt 0.475098 0.621094
vt 0.474854 0.619141
vt 0.474365 0.621582
vt 0.483154 0.604248
vt 0.482178 0.603516
vt 0.482178 0.602783
vt 0.483887 0.603760
vt 0.483154 0.605225
vt 0.481201 0.604004
vt 0.483887 0.605713
vt 0.482178 0.605713
vt 0.481201 0.604980
vt 0.482178 0.606445
vt 0.467285 0.608643
vt 0.468262 0.609131
vt 0.468262 0.609863
vt 0.466553 0.608887
vt 0.467285 0.607422
vt 0.469238 0.608643
vt 0.466553 0.607178
vt 0.468262 0.606934
vt 0.469238 0.607666
vt 0.468262 0.606201
vt 0.485107 0.592529
vt 0.485596 0.592285
vt 0.485596 0.593994
vt 0.484131 0.591797
vt 0.485107 0.593750
vt 0.484131 0.591309
vt 0.483887 0.594727
vt 0.482910 0.592529
vt 0.483887 0.594238
vt 0.482422 0.592041
vt 0.482178 0.593750
vt 0.482666 0.593750
vt 0.591797 0.618896
vt 0.589844 0.623535
vt 0.587891 0.621826
vt 0.589355 0.618896
vt 0.585449 0.622803
vt 0.589844 0.614502
vt 0.585449 0.625244
vt 0.587891 0.616211
vt 0.582520 0.621826
vt 0.585449 0.612549
vt 0.580566 0.623535
vt 0.585449 0.614990
vt 0.581543 0.618896
vt 0.580566 0.614502
vt 0.579102 0.618896
vt 0.582520 0.616211
vt 0.586914 0.620605
vt 0.587891 0.618896
vt 0.585449 0.621338
vt 0.586914 0.617188
vt 0.583496 0.620605
vt 0.585449 0.616699
vt 0.583008 0.618896
vt 0.583496 0.617188
vt 0.619629 0.628174
vt 0.619141 0.629395
vt 0.616211 0.627441
vt 0.619629 0.626709
vt 0.618164 0.630371
vt 0.619141 0.625488
vt 0.617188 0.631104
vt 0.618164 0.624512
vt 0.615723 0.631104
vt 0.617188 0.624023
vt 0.614258 0.630371
vt 0.615723 0.624023
vt 0.613281 0.629395
vt 0.614258 0.624512
vt 0.612793 0.628174
vt 0.613281 0.625488
vt 0.612793 0.626709
vt 0.518555 0.749023
vt 0.517578 0.741455
vt 0.520996 0.741455
vt 0.521973 0.747803
vt 0.522461 0.755859
vt 0.521973 0.734863
vt 0.518555 0.733887
vt 0.525391 0.753662
vt 0.528809 0.760986
vt 0.526855 0.741455
vt 0.530762 0.757935
vt 0.536621 0.763672
vt 0.527832 0.746094
vt 0.527832 0.736572
vt 0.530273 0.750122
vt 0.529785 0.732422
vt 0.525391 0.729004
vt 0.522461 0.727051
vt 0.533691 0.729248
vt 0.530273 0.724609
vt 0.528320 0.721680
vt 0.533691 0.753296
vt 0.538086 0.727539
vt 0.537109 0.722168
vt 0.536133 0.718750
vt 0.537109 0.760254
vt 0.544922 0.763672
vt 0.538086 0.754883
vt 0.543945 0.760254
vt 0.552734 0.760742
vt 0.542969 0.727539
vt 0.542969 0.754761
vt 0.550781 0.757812
vt 0.558594 0.755493
vt 0.543945 0.722168
vt 0.544434 0.718750
vt 0.555664 0.753418
vt 0.562500 0.748779
vt 0.550293 0.724365
vt 0.552246 0.721436
vt 0.547363 0.729248
vt 0.555664 0.728760
vt 0.558594 0.726562
vt 0.550781 0.732178
vt 0.547363 0.753174
vt 0.551270 0.750000
vt 0.553223 0.736328
vt 0.559082 0.734619
vt 0.562500 0.733398
vt 0.553223 0.745850
vt 0.560059 0.740967
vt 0.554199 0.741211
vt 0.563477 0.740967
vt 0.559082 0.747559
vn 0.8493 0.2910 -0.4404
vn 0.8349 0.3072 -0.4568
vn -0.7825 0.6227 -0.0005
vn -0.7826 0.6225 -0.0002
vn -0.7816 0.6238 0.0000
vn -0.7816 0.6237 -0.0000
vn 0.0156 -0.9999 -0.0000
vn 0.0158 -0.9999 -0.0000
vn 0.0132 -0.9999 0.0012
vn 0.0158 -0.9999 0.0001
vn 0.0157 -0.9998 0.0157
vn 0.0135 -0.9999 0.0053
vn 0.0146 -0.9998 0.0126
vn 0.0000 -1.0000 0.0000
vn 0.9354 0.3537 0.0000
vn 0.9353 0.3538 -0.0000
vn -0.0000 0.0001 1.0000
vn -0.0001 0.0000 1.0000
vn 0.0000 1.0000 0.0000
vn 0.0550 -0.0393 -0.9977
vn 0.0236 -0.0157 -0.9996
vn 0.0000 -0.0079 1.0000
vn 0.0028 -0.0012 1.0000
vn 0.0017 -0.0020 1.0000
vn 0.0158 -0.0236 0.9996
vn -0.0018 0.0046 1.0000
vn -0.0079 0.0000 1.0000
vn -0.0043 0.0002 1.0000
vn -0.0001 0.0065 1.0000
vn 0.0079 -0.0158 0.9998
vn 0.0077 -0.0156 0.9998
vn 0.0079 -0.0157 0.9998
vn 0.0078 -0.0158 0.9998
vn -0.0079 -0.0079 0.9999
vn -0.0018 -0.0094 1.0000
vn -0.0059 -0.0095 0.9999
vn -0.0078 -0.0079 0.9999
vn 0.0000 0.0079 -1.0000
vn 0.0000 0.0078 -1.0000
vn -0.0020 0.0041 -1.0000
vn 0.0060 0.0095 -0.9999
vn 0.0018 0.0094 -1.0000
vn 0.0079 0.0079 -0.9999
vn 0.0158 -0.0079 -0.9998
vn 0.0157 -0.0079 -0.9998
vn 0.0157 -0.0080 -0.9998
vn -0.0008 0.0059 -1.0000
vn -0.0002 0.0076 -1.0000
vn -0.0236 0.0000 0.9997
vn -0.0239 -0.0053 0.9997
vn -0.0245 -0.0058 0.9997
vn 0.0000 -0.0000 1.0000
vn 0.9955 -0.0949 -0.0000
vn 0.9895 -0.0942 0.1099
vn -0.9895 0.1099 -0.0943
vn -0.9895 0.1099 -0.0942
vn -0.9834 0.1731 0.0550
vn 0.9962 -0.0870 -0.0000
vn 0.0157 -0.0393 -0.9991
vn -0.7708 0.6371 -0.0000
vn -0.7708 0.6370 -0.0000
vn 0.9082 0.4185 0.0017
vn 0.9082 0.4186 -0.0000
vn 0.9085 0.4177 0.0057
vn 0.9081 0.4186 0.0079
vn 0.0393 0.9992 0.0000
vn 0.2357 0.7543 -0.6128
vn 0.2996 0.9541 0.0000
vn -0.7847 0.6199 0.0000
vn 0.0316 0.4022 -0.9150
vn -0.7816 -0.6237 0.0000
vn -0.7816 -0.6237 0.0013
vn -0.7817 -0.6237 0.0000
vn 0.0000 1.0000 0.0001
vn 0.0070 1.0000 0.0018
vn 0.0010 1.0000 0.0017
vn 0.0079 1.0000 0.0000
vn 0.2128 0.9771 -0.0000
vn 0.2127 0.9771 0.0000
vn 0.5027 0.8645 0.0000
vn 0.9290 0.3700 -0.0001
vn 0.9290 0.3701 -0.0002
vn 0.9290 0.3700 0.0000
vn 0.9834 0.1809 0.0158
vn 0.9835 0.1810 0.0000
vn 0.8576 -0.2518 -0.4485
vn 0.8928 -0.0080 -0.4503
vn 0.0033 -0.3363 -0.9418
vn -0.0000 -0.3399 -0.9405
vn 0.0005 -0.3337 -0.9427
vn -0.0000 -0.3304 -0.9438
vn -0.0628 -0.3062 -0.9499
vn -0.1501 -0.2528 -0.9558
vn -0.2281 -0.2046 -0.9519
vn -0.2281 -0.2045 -0.9519
vn -0.3232 -0.1261 -0.9379
vn -0.3231 -0.1261 -0.9379
vn -0.0000 -0.0000 -1.0000
vn -0.4407 -0.0315 -0.8971
vn -0.9868 0.1184 -0.1105
vn -0.9868 0.1105 0.1184
vn 0.9985 -0.0556 0.0000
vn 0.9985 -0.0550 0.0000
vn -1.0000 -0.0000 0.0000
vn -0.0631 0.2365 0.9696
vn -0.0079 0.2996 0.9540
vn -0.2445 0.9696 0.0000
vn 0.0248 0.0224 -0.9994
vn 0.0236 0.0157 -0.9996
vn 0.0266 0.0231 -0.9994
vn 0.0315 0.0236 -0.9992
vn 0.9899 -0.0785 -0.1178
vn 0.9974 -0.0471 -0.0550
vn 0.9893 0.0863 -0.1177
vn 0.9893 0.0864 -0.1178
vn 0.9893 0.0863 -0.1178
vn 0.9862 0.1657 0.0000
vn 0.9862 0.1656 -0.0000
vn -0.9835 0.1809 -0.0000
vn -0.9835 0.1810 0.0000
vn -0.9857 0.0998 -0.1356
vn -0.9857 0.1025 -0.1340
vn -0.9863 0.0981 -0.1324
vn -0.9864 0.0947 -0.1341
vn -0.9768 -0.1260 -0.1733
vn -0.9871 -0.0869 -0.1342
vn -0.9815 -0.0005 -0.1913
vn -0.9821 -0.0000 -0.1886
vn -0.9810 -0.0021 -0.1941
vn -0.9803 0.0000 -0.1976
vn 0.9980 0.0000 -0.0629
vn -0.2365 -0.9696 -0.0631
vn 0.0079 -0.9715 -0.2369
vn 0.0473 -0.7180 -0.6944
vn 0.2211 -0.8609 -0.4581
vn 0.0472 -0.9530 -0.2993
vn -0.4628 -0.8864 -0.0000
vn -0.4628 -0.8865 0.0000
vn -0.4629 -0.8864 -0.0000
vn 0.9541 0.2994 0.0000
vn 0.8738 0.2362 -0.4251
vn 0.8541 0.2664 -0.4467
vn -1.0000 -0.0079 0.0000
vn -1.0000 -0.0060 0.0043
vn -0.9964 -0.0471 0.0706
vn 0.6371 0.7708 0.0000
vn 0.6370 0.7708 0.0000
vn 0.5852 0.7592 -0.2847
vn -0.0078 -1.0000 0.0000
vn -0.0079 -0.9989 0.0472
vn -0.9821 -0.1886 -0.0000
vn -0.9816 -0.1885 -0.0314
vn -0.9290 -0.3701 -0.0000
vn -0.7491 -0.6624 -0.0000
vn -0.5031 -0.8642 -0.0000
vn -0.5027 -0.8645 -0.0000
vn -0.5026 -0.8645 -0.0000
vn -0.2128 -0.9771 -0.0000
vn -0.2127 -0.9771 -0.0000
vn -1.0000 -0.0085 0.0042
vn -0.9999 -0.0079 0.0079
vn 0.0001 -1.0000 0.0000
vn -0.0472 -0.9986 0.0236
vn 0.9835 -0.1810 0.0079
vn 0.9836 -0.1802 0.0070
vn 0.9834 -0.1813 0.0054
vn 0.9929 -0.1182 -0.0157
vn 0.9530 -0.1260 -0.2756
vn -0.0158 0.0078 -0.9998
vn -0.0157 0.0078 -0.9998
vn 0.0003 1.0000 0.0000
vn -0.3941 0.0946 -0.9142
vn -0.5678 0.0710 -0.8201
vn 0.0079 0.0550 -0.9985
vn -0.0315 0.0471 -0.9984
vn -0.0790 -0.0553 -0.9953
vn -0.8121 -0.5835 0.0000
vn -0.8122 -0.5834 -0.0000
vn -0.8121 -0.5834 -0.0000
vn 0.0315 0.0236 0.9992
vn -0.8019 -0.5975 0.0000
vn 0.5521 -0.8338 -0.0014
vn 0.5601 -0.8284 0.0000
vn 0.5570 -0.8305 -0.0003
vn 0.5511 -0.8345 0.0000
vn -0.0393 -0.0079 -0.9992
vn -0.0158 -0.0315 -0.9994
vn 0.0000 1.0000 -0.0001
vn 0.0001 1.0000 0.0001
vn 0.0001 1.0000 0.0000
vn 0.0001 1.0000 -0.0001
vn -0.1580 -0.9874 -0.0079
vn -0.3059 -0.9488 0.0785
vn 0.0002 1.0000 -0.0002
vn 0.0002 1.0000 0.0001
vn -0.9605 -0.0393 -0.2756
vn -0.9605 -0.0394 -0.2755
vn 0.3778 0.8815 -0.2833
vn 0.3693 0.8800 -0.2986
vn 0.9463 0.2287 -0.2287
vn 0.9482 0.2608 -0.1817
vn -0.0001 -0.9541 -0.2996
vn -0.0000 -0.9541 -0.2996
vn -0.7945 0.6072 0.0048
vn -0.7952 0.6063 -0.0000
vn -0.7940 0.6079 0.0050
vn -0.7952 0.6063 0.0079
vn 0.6352 -0.7528 0.1725
vn 0.6352 -0.7528 -0.1725
vn 0.6352 -0.7528 -0.1726
vn -0.4867 -0.8735 0.0051
vn -0.4877 -0.8730 -0.0000
vn -0.4873 -0.8732 0.0027
vn -0.4876 -0.8730 0.0079
vn -0.0001 0.0002 -1.0000
vn 0.0157 0.0393 -0.9991
vn 0.4818 0.8763 -0.0001
vn 0.4818 0.8763 0.0000
vn 0.4817 0.8763 -0.0002
vn 0.4816 0.8764 -0.0001
vn -0.3398 0.9405 0.0000
vn -0.3399 0.9405 -0.0000
vn 0.9316 0.3632 0.0157
vn 0.9194 0.3929 0.0157
vn 0.0079 0.0000 -1.0000
vn -0.9194 -0.3929 -0.0157
vn -0.9353 -0.3536 -0.0157
vn -0.7804 -0.6253 0.0021
vn -0.7791 -0.6269 0.0014
vn 0.1888 0.7789 -0.5980
vn 0.1576 0.5514 -0.8192
vn 0.0552 -0.9985 0.0002
vn 0.0551 -0.9985 0.0000
vn 0.0553 -0.9985 -0.0000
vn 0.0002 -0.0000 -1.0000
vn 0.0001 -0.0001 -1.0000
vn 0.0002 -0.0001 -1.0000
vn 0.0000 -0.0002 -1.0000
vn 0.0236 0.0000 -0.9997
vn 0.0000 -0.0079 -1.0000
vn -0.0003 -0.0039 -1.0000
vn -0.0003 -0.0044 -1.0000
vn -0.0009 0.0041 -1.0000
vn -0.0001 -0.0001 -1.0000
vn -0.0236 -0.0236 -0.9994
vn -0.0220 -0.0172 -0.9996
vn -0.0226 -0.0182 -0.9996
vn -0.0236 -0.0315 -0.9992
vn -0.0157 -0.0158 -0.9998
vn -0.0157 -0.0315 -0.9994
vn -0.0315 -0.0079 -0.9995
vn -0.0236 -0.0158 -0.9996
vn -0.0236 -0.0157 -0.9996
vn -0.0236 -0.0079 0.9997
vn 0.0079 0.1259 0.9920
vn -0.0041 -0.9999 -0.0141
vn 0.0000 -0.9999 -0.0157
vn -0.0064 -0.9999 -0.0136
vn -0.0079 -0.9999 -0.0079
vn 0.6237 0.7816 -0.0079
vn 0.0549 -0.9985 0.0000
vn 0.9787 -0.2052 -0.0000
vn 0.9805 -0.1726 -0.0942
vn 0.9835 -0.1810 0.0000
vn -0.0315 0.0315 -0.9990
vn -0.0000 0.0077 -1.0000
vn 0.8349 0.3072 0.4568
vn 0.8494 0.2910 0.4403
vn -0.7825 0.6227 0.0005
vn -0.7826 0.6225 0.0002
vn 0.0132 -0.9999 -0.0012
vn 0.0157 -0.9998 -0.0157
vn 0.0139 -0.9999 -0.0052
vn 0.0158 -0.9998 -0.0078
vn -0.0000 0.0001 -1.0000
vn -0.0001 0.0000 -1.0000
vn 0.0236 -0.0157 0.9996
vn 0.0550 -0.0393 0.9977
vn 0.0157 -0.0236 -0.9996
vn 0.0017 -0.0020 -1.0000
vn 0.0027 -0.0012 -1.0000
vn -0.0018 0.0046 -1.0000
vn -0.0001 0.0065 -1.0000
vn -0.0043 0.0002 -1.0000
vn -0.0079 0.0000 -1.0000
vn 0.0078 -0.0158 -0.9998
vn 0.0079 -0.0157 -0.9998
vn 0.0078 -0.0157 -0.9998
vn -0.0079 -0.0079 -0.9999
vn -0.0059 -0.0095 -0.9999
vn -0.0018 -0.0094 -1.0000
vn 0.0000 0.0078 1.0000
vn -0.0020 0.0041 1.0000
vn -0.0000 0.0079 1.0000
vn 0.0018 0.0094 1.0000
vn 0.0060 0.0095 0.9999
vn 0.0079 0.0079 0.9999
vn 0.0158 -0.0079 0.9998
vn 0.0157 -0.0079 0.9998
vn -0.0002 0.0076 1.0000
vn -0.0008 0.0059 1.0000
vn -0.0245 -0.0058 -0.9997
vn -0.0239 -0.0053 -0.9997
vn -0.0236 0.0000 -0.9997
vn -0.0001 -0.0001 1.0000
vn -0.0006 0.0048 1.0000
vn 0.9895 -0.0942 -0.1100
vn -0.9834 0.1731 -0.0550
vn -0.9895 0.1099 0.0942
vn 0.0157 -0.0393 0.9991
vn 0.9082 0.4185 -0.0017
vn 0.9082 0.4185 -0.0078
vn 0.9085 0.4177 -0.0057
vn 0.0392 0.9992 -0.0000
vn 0.0394 0.9992 0.0000
vn 0.2357 0.7543 0.6128
vn 0.0158 0.1657 0.9861
vn -0.7816 -0.6238 0.0000
vn -0.7814 -0.6240 -0.0017
vn -0.0001 1.0000 0.0004
vn 0.0010 1.0000 -0.0017
vn 0.0070 1.0000 -0.0018
vn 0.5031 0.8642 0.0000
vn 0.5029 0.8643 0.0000
vn 0.9290 0.3700 0.0001
vn 0.9290 0.3701 0.0002
vn 0.9835 0.1809 -0.0000
vn 0.9834 0.1809 -0.0157
vn 0.8928 -0.0080 0.4503
vn 0.8576 -0.2518 0.4484
vn 0.0033 -0.3362 0.9418
vn -0.0000 -0.3304 0.9438
vn 0.0005 -0.3337 0.9427
vn 0.0000 -0.3398 0.9405
vn -0.0628 -0.3062 0.9499
vn -0.1501 -0.2528 0.9558
vn -0.1501 -0.2527 0.9558
vn -0.2281 -0.2046 0.9519
vn -0.3232 -0.1261 0.9379
vn -0.3231 -0.1261 0.9379
vn -0.4407 -0.0315 0.8971
vn -0.9868 0.1105 -0.1184
vn -0.9868 0.1184 0.1105
vn -0.0080 0.2996 -0.9540
vn -0.0630 0.2365 -0.9696
vn 0.0248 0.0224 0.9994
vn 0.0266 0.0231 0.9994
vn 0.0236 0.0157 0.9996
vn 0.9974 -0.0471 0.0550
vn 0.9899 -0.0786 0.1178
vn 0.9893 0.0863 0.1178
vn 0.9893 0.0864 0.1178
vn -0.9857 0.0998 0.1356
vn -0.9864 0.0947 0.1342
vn -0.9863 0.0981 0.1323
vn -0.9857 0.1025 0.1341
vn -0.9871 -0.0869 0.1343
vn -0.9768 -0.1260 0.1732
vn -0.9815 -0.0005 0.1913
vn -0.9803 0.0000 0.1977
vn -0.9810 -0.0021 0.1941
vn -0.9821 -0.0000 0.1886
vn 0.9980 0.0000 0.0629
vn 0.9980 -0.0000 0.0628
vn 0.0079 -0.9715 0.2369
vn -0.2365 -0.9696 0.0632
vn 0.0474 -0.7181 0.6944
vn 0.0472 -0.9530 0.2992
vn 0.2212 -0.8609 0.4581
vn 0.8541 0.2664 0.4467
vn 0.8738 0.2362 0.4251
vn -0.9964 -0.0471 -0.0706
vn -1.0000 -0.0060 -0.0043
vn 0.5852 0.7592 0.2847
vn -0.0000 0.6624 0.7492
vn -0.0000 0.6624 0.7491
vn -0.0079 -0.9989 -0.0472
vn -0.9816 -0.1885 0.0314
vn -1.0000 -0.0085 -0.0042
vn -0.9999 -0.0079 -0.0079
vn -0.0001 -1.0000 0.0000
vn -0.0472 -0.9986 -0.0236
vn 0.9835 -0.1809 -0.0079
vn 0.9834 -0.1813 -0.0054
vn 0.9836 -0.1802 -0.0070
vn 0.9530 -0.1260 0.2756
vn 0.9929 -0.1182 0.0157
vn -0.0157 0.0078 0.9998
vn -0.5678 0.0710 0.8201
vn -0.3941 0.0946 0.9142
vn -0.0315 0.0471 0.9984
vn 0.0079 0.0550 0.9985
vn -0.0315 -0.0314 0.9990
vn 0.5570 -0.8305 0.0003
vn 0.5521 -0.8338 0.0014
vn 0.5602 -0.8284 0.0000
vn -0.0158 -0.0315 0.9994
vn -0.0393 -0.0079 0.9992
vn -0.0000 1.0000 -0.0002
vn -0.1580 -0.9874 0.0079
vn -0.3058 -0.9488 -0.0784
vn 0.0002 1.0000 0.0002
vn 0.0002 1.0000 -0.0001
vn -0.9605 -0.0394 0.2755
vn -0.9605 -0.0393 0.2756
vn 0.3693 0.8800 0.2986
vn 0.3778 0.8815 0.2833
vn 0.9482 0.2608 0.1817
vn 0.9463 0.2287 0.2287
vn -0.0001 -0.9541 0.2996
vn -0.0000 -0.9541 0.2996
vn -0.7925 0.6099 -0.0046
vn -0.7915 0.6112 -0.0079
vn -0.7917 0.6109 -0.0030
vn -0.7953 0.6063 0.0000
vn 0.8185 -0.5746 0.0000
vn 0.8185 -0.5745 0.0000
vn 0.8186 -0.5744 -0.0000
vn -0.5758 -0.8176 0.0002
vn -0.5745 -0.8185 0.0000
vn -0.5766 -0.8171 0.0011
vn -0.5798 -0.8148 -0.0000
vn 0.0157 0.0314 0.9994
vn -0.0002 0.0001 1.0000
vn 0.5745 0.8185 0.0000
vn 0.0003 0.0059 -1.0000
vn -0.0018 0.0034 -1.0000
vn -0.3378 0.9412 -0.0076
vn -0.3325 0.9431 -0.0018
vn -0.3353 0.9421 -0.0081
vn -0.3349 0.9422 -0.0074
vn -0.3331 0.9429 -0.0014
vn -0.3373 0.9414 -0.0000
vn -0.3373 0.9413 -0.0157
vn -0.3387 0.9409 0.0012
vn -0.3303 0.9439 0.0000
vn -0.1580 0.9874 -0.0000
vn -0.3373 0.9413 0.0157
vn -0.3312 0.9303 0.1577
vn -0.3065 0.9510 0.0393
vn -0.3629 0.9310 0.0395
vn -0.6150 0.7885 -0.0000
vn -0.3537 0.9353 -0.0000
vn -0.2754 0.9602 -0.0472
vn -0.3233 0.9463 -0.0000
vn -0.4177 0.9064 -0.0630
vn -0.0079 -0.0001 -1.0000
vn 0.9306 0.3657 -0.0159
vn 0.9289 0.3700 -0.0157
vn 0.9298 0.3677 -0.0161
vn 0.9316 0.3632 -0.0158
vn 0.0079 0.0000 1.0000
vn -0.9326 -0.3605 0.0157
vn -0.9262 -0.3768 0.0157
vn -0.7809 -0.6247 -0.0019
vn -0.7791 -0.6269 -0.0014
vn 0.1576 0.5514 0.8192
vn 0.1889 0.7790 0.5980
vn 0.0000 -1.0000 0.0001
vn -0.0000 -1.0000 -0.0001
vn 0.0552 -0.9985 -0.0002
vn 0.0002 -0.0000 1.0000
vn 0.0001 -0.0001 1.0000
vn 0.0002 -0.0001 1.0000
vn -0.0001 0.0002 1.0000
vn 0.0000 -0.0002 1.0000
vn 0.0236 0.0000 0.9997
vn -0.0253 -0.0291 0.9993
vn -0.0236 -0.0315 0.9992
vn -0.0223 -0.0246 0.9994
vn -0.0236 -0.0236 0.9994
vn -0.0158 -0.0157 0.9998
vn -0.0315 -0.0079 0.9995
vn -0.0236 -0.0158 0.9996
vn -0.0236 -0.0157 0.9996
vn -0.0236 -0.0079 -0.9997
vn 0.0079 0.1260 -0.9920
vn -0.0041 -0.9999 0.0141
vn -0.0078 -0.9999 0.0079
vn -0.0064 -0.9999 0.0136
vn -0.0000 -0.9999 0.0158
vn 0.6237 0.7816 0.0079
vn 0.0550 -0.9985 -0.0000
vn 0.9805 -0.1726 0.0942
vn -0.0000 0.0077 1.0000
vn -0.0315 0.0315 0.9990
vn -0.0314 -0.0315 -0.9990
vn -0.0790 -0.0553 0.9953
vn -0.7960 0.6052 -0.0062
vn -0.8019 0.5975 -0.0078
vn -0.7959 0.6054 -0.0065
vn -0.7946 0.6071 0.0024
vn -0.8019 0.5975 0.0079
vn -0.7988 0.6015 0.0080
vn 0.9980 -0.0628 0.0000
vn 0.9980 -0.0629 -0.0000
vn -0.0001 1.0000 -0.0000
vn 0.0157 0.9998 -0.0079
vn 0.7952 0.6062 0.0158
vn 0.7951 0.6062 0.0157
vn 0.7952 0.6062 0.0157
vn -0.3854 -0.2989 -0.8730
vn -0.3854 -0.2988 -0.8730
vn -0.4097 -0.3073 0.8589
vn -0.4098 -0.3073 0.8589
vn 0.0923 -0.9957 -0.0099
vn 0.0870 -0.9961 -0.0158
vn 0.0918 -0.9957 -0.0151
vn 0.0948 -0.9955 -0.0079
vn -0.1126 0.9936 0.0099
vn -0.1182 0.9929 0.0158
vn -0.1136 0.9934 0.0150
vn -0.1104 0.9939 0.0079
vn 0.0079 0.0080 -0.9999
vn 0.7106 -0.5053 0.4895
vn 0.7210 -0.5016 0.4781
vn -0.7100 0.5285 -0.4654
vn -0.7232 0.5188 -0.4559
vn 0.6940 0.5284 0.4890
vn 0.7351 -0.4955 -0.4627
vn 0.7394 -0.4877 -0.4641
vn 0.7376 -0.4908 -0.4638
vn 0.7330 -0.4965 -0.4650
vn -0.7004 -0.5352 -0.4722
vn -0.7343 0.5096 0.4484
vn -0.7386 0.5107 0.4400
vn -0.7368 0.5106 0.4432
vn -0.7324 0.5119 0.4489
vn 0.0077 0.0000 -1.0000
vn 0.0080 -0.0000 -1.0000
vn -1.0000 0.0000 -0.0079
vn -0.0077 0.0000 1.0000
vn -0.0082 -0.0000 1.0000
vn -0.0080 0.0000 1.0000
vn 1.0000 0.0000 0.0000
vn 1.0000 -0.0000 0.0001
vn 0.0000 0.9659 0.2591
vn -0.0000 0.9658 0.2591
vn -0.0000 0.9658 0.2592
vn 0.0000 0.9658 -0.2592
vn -0.0000 0.9658 -0.2591
vn -0.0000 0.9659 -0.2591
vn -1.0000 -0.0001 -0.0000
vn 1.0000 -0.0001 0.0000
vn -1.0000 0.0001 0.0000
vn 1.0000 0.0001 0.0000
vn 1.0000 -0.0002 -0.0000
vn 0.0158 0.0000 -0.9999
vn 0.0157 0.0000 -0.9999
vn 0.0158 0.0000 0.9999
vn -0.6951 0.0000 -0.7189
vn -0.6952 -0.0000 0.7189
vn -0.6951 0.0000 0.7189
vn -0.7564 0.0000 0.6541
vn -0.7565 0.0000 0.6540
vn 0.0018 0.0039 1.0000
vn 0.0009 0.0044 1.0000
vn 0.0020 0.0039 1.0000
vn -0.4654 -0.8851 -0.0014
vn -0.4661 -0.8847 -0.0079
vn -0.4659 -0.8848 -0.0055
vn -0.0000 -0.0158 -0.9999
vn 0.9439 -0.3303 0.0000
vn 0.9439 -0.3302 -0.0000
vn -0.9379 -0.3468 -0.0000
vn 0.0043 -1.0000 0.0007
vn 0.0001 -1.0000 0.0013
vn -0.0000 -1.0000 0.0078
vn 0.0157 -0.9999 -0.0000
vn 0.0000 -1.0000 -0.0079
vn 0.0009 0.0044 -1.0000
vn 0.0018 0.0038 -1.0000
vn 0.0020 0.0039 -1.0000
vn -0.4654 -0.8851 0.0013
vn -0.4659 -0.8848 0.0055
vn -0.4661 -0.8847 0.0079
vn 0.0000 -0.0157 0.9999
vn 0.0001 0.0001 1.0000
vn -0.0155 -0.9999 0.0000
vn -0.0160 -0.9999 -0.0000
vn -0.0157 -0.9999 -0.0000
vn -0.0000 -0.9963 0.0863
vn -0.1415 -0.9899 -0.0000
vn -0.0001 -1.0000 0.0079
vn 0.0237 -0.9997 -0.0001
vn 0.0236 -0.9997 -0.0000
vn 0.0011 -1.0000 -0.0002
vn 0.0078 -1.0000 0.0000
vn 0.0037 -1.0000 0.0017
vn 0.0005 -1.0000 0.0024
vn -0.0255 0.0120 -0.9996
vn -0.0236 0.0079 -0.9997
vn -0.0257 0.0113 -0.9996
vn -0.0236 0.0158 -0.9996
vn -0.0315 -0.0236 0.9992
vn -0.0079 -0.9998 -0.0158
vn -0.0079 -1.0000 -0.0000
vn -0.0079 -1.0000 -0.0001
vn -0.0003 -1.0000 -0.0000
vn 0.0002 -1.0000 0.0000
vn 0.0001 -1.0000 -0.0001
vn 0.0001 -1.0000 0.0001
vn 0.0002 -1.0000 -0.0001
vn -0.0003 -1.0000 0.0001
vn 0.0002 1.0000 0.0000
vn -0.0002 1.0000 0.0000
vn -1.0000 -0.0005 0.0056
vn -1.0000 -0.0013 0.0061
vn -1.0000 -0.0005 0.0043
vn -1.0000 -0.0005 -0.0056
vn -1.0000 -0.0003 -0.0048
vn -1.0000 -0.0028 -0.0034
vn -0.0002 -1.0000 -0.0000
vn -1.0000 0.0000 -0.0080
vn -1.0000 -0.0000 -0.0078
vn 0.4345 -0.0000 -0.9007
vn 0.4342 0.0000 -0.9008
vn 0.4343 0.0000 -0.9008
vn -0.0000 -0.0001 1.0000
vn 0.0002 -1.0000 0.0001
vn -0.0003 -1.0000 -0.0001
vn -1.0000 -0.0005 -0.0042
vn -1.0000 -0.0013 -0.0061
vn -1.0000 -0.0028 0.0035
vn -1.0000 -0.0003 0.0048
vn 1.0000 -0.0000 -0.0078
vn 1.0000 0.0000 -0.0079
vn -1.0000 0.0000 0.0080
vn -1.0000 0.0000 0.0079
vn 0.4346 -0.0000 0.9006
vn 0.4347 -0.0000 0.9006
vn 0.4343 0.0000 0.9008
vn 0.4342 0.0000 0.9008
vn -0.0000 -0.0001 -1.0000
vn -0.0001 0.0001 1.0000
vn -0.0948 0.9955 -0.0000
vn 0.8606 -0.0029 -0.5092
vn 0.8644 -0.0000 -0.5029
vn 0.8626 -0.0001 -0.5060
vn 0.8589 -0.0000 -0.5122
vn -0.8625 0.0005 0.5061
vn -0.8589 -0.0000 0.5122
vn -0.8596 0.0009 0.5110
vn -0.8644 -0.0000 0.5029
vn 0.8239 -0.5666 0.0079
vn 0.8284 -0.5601 0.0079
vn 0.8263 -0.5633 0.0053
vn 0.8222 -0.5692 0.0079
vn 0.6222 0.6301 -0.4647
vn 0.6222 0.6300 -0.4647
vn 0.8302 0.2926 -0.4744
vn 0.8303 0.2925 -0.4744
vn 0.9788 0.0552 -0.1973
vn 0.9788 0.0553 -0.1973
vn 0.9788 0.0552 0.1974
vn 0.9788 0.0553 0.1973
vn 0.9788 0.0552 0.1973
vn 0.8303 0.2926 0.4744
vn 0.8303 0.2925 0.4744
vn 0.6222 0.6300 0.4647
vn 0.4888 0.8516 0.1892
vn 0.4889 0.8516 0.1892
vn 0.4889 0.8516 -0.1892
vn -0.5364 0.8440 0.0000
vn -0.5363 0.8440 -0.0000
vn -0.5364 0.8439 0.0001
vn 0.5391 -0.8422 0.0070
vn 0.5365 -0.8439 0.0053
vn 0.5374 -0.8433 0.0007
vn 0.5419 -0.8404 -0.0000
vn -0.5364 0.8439 -0.0001
vn 0.5391 -0.8422 -0.0070
vn 0.5372 -0.8434 -0.0044
vn 0.5372 -0.8434 -0.0006
vn -0.8439 -0.5364 0.0000
vn -0.8440 -0.5364 0.0000
vn -0.8439 -0.5365 -0.0000
vn -0.0949 0.9955 -0.0000
vn 0.8607 -0.0029 0.5092
vn 0.8589 0.0000 0.5122
vn 0.8626 -0.0001 0.5060
vn 0.8644 -0.0000 0.5029
vn -0.8625 0.0005 -0.5061
vn -0.8643 -0.0000 -0.5029
vn -0.8596 0.0009 -0.5110
vn -0.8589 -0.0000 -0.5122
vn 0.8239 -0.5667 -0.0079
vn 0.8222 -0.5692 -0.0079
vn 0.8263 -0.5633 -0.0053
vn 0.8284 -0.5601 -0.0079
vn 0.6222 0.6301 0.4647
vn 0.8302 0.2926 0.4744
vn 0.8302 0.2926 0.4745
vn 0.9788 0.0552 -0.1974
vn 0.8303 0.2926 -0.4744
vn 0.4888 0.8516 -0.1892
vn 0.5374 -0.8434 -0.0008
vn 0.5365 -0.8439 -0.0053
vn 0.5372 -0.8434 0.0006
vn 0.5372 -0.8434 0.0044
vn -0.0001 0.0001 -1.0000
vn 0.0024 -1.0000 0.0017
vn 0.0079 -1.0000 -0.0000
vn 0.0078 -1.0000 0.0012
vn 0.0012 -1.0000 0.0007
vn -0.0079 1.0000 0.0000
vn -0.0078 1.0000 -0.0000
vn -0.0019 1.0000 0.0014
vn -0.0072 1.0000 0.0011
vn -0.0046 1.0000 0.0034
vn -1.0000 -0.0078 -0.0000
vn 1.0000 0.0079 0.0000
vn 1.0000 0.0078 -0.0000
vn 0.0001 -0.0002 1.0000
vn 0.0025 -1.0000 -0.0016
vn 0.0013 -1.0000 -0.0008
vn 0.0078 -1.0000 -0.0012
vn -0.0079 1.0000 0.0001
vn 0.0079 -1.0000 -0.0001
vn -0.0019 1.0000 -0.0013
vn -0.0047 1.0000 -0.0033
vn -0.0072 1.0000 -0.0011
vn 1.0000 0.0079 0.0001
vn 0.9995 0.0315 0.0000
vn 0.9995 0.0314 0.0000
vn -0.9995 -0.0315 -0.0000
vn -0.9995 -0.0314 0.0000
vn -0.0001 -0.0002 1.0000
vn -0.0001 -0.0002 -1.0000
vn 0.0002 -0.0002 -1.0000
vn 0.0001 -0.0000 -1.0000
vn -0.0020 -0.0015 1.0000
vn -0.0027 -0.0050 1.0000
vn 0.0069 -0.0039 -1.0000
vn 0.3468 0.9379 0.0000
vn 0.9980 -0.0630 -0.0000
vn 0.0085 -0.0022 -1.0000
vn 0.0079 -0.0079 -0.9999
vn -0.0015 -0.0029 1.0000
vn 0.0078 -0.0078 -0.9999
vn 0.0236 -0.0079 -0.9997
vn 0.0157 -0.0157 0.9998
vn -0.0020 -0.0015 -1.0000
vn -0.0027 -0.0050 -1.0000
vn 0.0069 -0.0038 1.0000
vn 0.0078 0.0237 0.9997
vn 0.0085 -0.0021 1.0000
vn 0.0078 -0.0079 0.9999
vn -0.0015 -0.0029 -1.0000
vn 0.0236 -0.0079 0.9997
vn 0.0078 -0.0078 0.9999
vn 0.0157 -0.0158 -0.9998
vn 0.0079 0.0236 -0.9997
vn 0.0079 0.0158 0.9998
vn 0.0079 0.0158 -0.9998
vn -0.0236 0.9997 0.0000
vn -0.0235 0.9997 -0.0000
vn -0.9291 -0.3699 -0.0000
vn 0.0008 1.0000 0.0004
vn 0.0069 1.0000 0.0012
vn 0.0016 1.0000 -0.0025
vn 0.0057 1.0000 -0.0030
vn -0.0008 -1.0000 0.0004
vn -0.0069 -1.0000 0.0012
vn -0.0016 -1.0000 -0.0025
vn -0.0057 -1.0000 -0.0030
vn 0.0017 1.0000 -0.0025
vn 0.0032 -1.0000 0.0004
vn -0.0001 -1.0000 0.0001
vn -0.0092 0.0060 -0.9999
vn -0.0095 0.0022 -1.0000
vn -0.0022 0.0095 -1.0000
vn -0.0060 0.0092 -0.9999
vn 0.0060 0.0092 -0.9999
vn 0.0022 0.0095 -1.0000
vn 0.0095 0.0022 -1.0000
vn 0.0092 0.0060 -0.9999
vn 0.0092 -0.0060 -0.9999
vn 0.0095 -0.0022 -1.0000
vn 0.0022 -0.0095 -1.0000
vn 0.0060 -0.0092 -0.9999
vn -0.0000 -0.0078 -1.0000
vn -0.0060 -0.0092 -0.9999
vn -0.0022 -0.0095 -1.0000
vn -0.0095 -0.0022 -1.0000
vn -0.0092 -0.0060 -0.9999
vn -0.0158 0.0000 -0.9999
vn 0.2368 0.0395 -0.9708
vn -0.0229 0.0028 -0.9997
vn -0.0218 0.0044 -0.9998
vn 0.0001 -0.0042 -1.0000
vn 0.0000 -0.0025 -1.0000
vn 0.0007 0.0031 -1.0000
vn -0.0058 -0.0032 -1.0000
vn -0.0001 0.0040 -1.0000
vn -0.0089 0.0057 -0.9999
vn -0.0054 0.0021 -1.0000
vn -0.0080 0.0014 -1.0000
vn -0.0050 -0.0000 -1.0000
vn 0.1413 0.0314 -0.9895
vn 0.1027 0.2132 -0.9716
vn -0.0126 0.0084 -0.9999
vn -0.0177 0.0092 -0.9998
vn -0.0079 0.0079 -0.9999
vn -0.0137 0.0100 -0.9999
vn -0.0127 -0.0075 -0.9999
vn -0.0090 0.0002 -1.0000
vn -0.0063 -0.0055 -1.0000
vn 0.0079 -0.9947 -0.1026
vn -0.6381 -0.7642 -0.0945
vn -0.6381 -0.7641 -0.0945
vn -0.9818 -0.1649 -0.0943
vn -0.9818 -0.1649 -0.0942
vn -0.5134 0.8529 -0.0947
vn -0.5133 0.8529 -0.0948
vn -0.0158 0.9946 -0.1026
vn 0.7484 0.6540 -0.1103
vn 0.7485 0.6539 -0.1103
vn 0.9815 -0.1571 -0.1099
vn 0.9815 -0.1570 -0.1099
vn 0.6455 -0.7558 -0.1102
vn 0.6455 -0.7557 -0.1102
vn -0.0078 0.9975 -0.0707
vn -0.0079 0.9975 -0.0707
vn -0.6527 0.7550 -0.0629
vn -0.9855 0.1577 -0.0631
vn -0.7550 -0.6527 -0.0629
vn -0.7550 -0.6528 -0.0629
vn -0.7550 -0.6526 -0.0630
vn 0.0079 -0.9975 -0.0707
vn 0.5350 -0.8419 -0.0708
vn 0.9837 0.1653 -0.0708
vn 0.9837 0.1653 -0.0709
vn 0.6440 0.7618 -0.0707
vn 0.6439 0.7618 -0.0707
vn 0.6440 0.7617 -0.0707
vn -0.0007 1.0000 -0.0039
vn -0.0007 1.0000 -0.0026
vn -0.0002 1.0000 -0.0040
vn 0.0032 1.0000 -0.0025
vn -0.0006 1.0000 -0.0039
vn 0.0031 1.0000 -0.0024
vn -0.0009 1.0000 -0.0043
vn 0.0005 1.0000 -0.0054
vn 0.8975 -0.0079 0.4409
vn -0.4409 0.0000 0.8976
vn -0.4409 -0.0000 0.8975
vn 0.6515 0.6907 0.3140
vn 0.6515 0.6906 0.3140
vn 0.6514 0.6907 0.3139
vn 0.6959 -0.6325 0.3400
vn 0.6958 -0.6326 0.3400
vn 0.8643 -0.0000 -0.5029
vn -0.5030 0.0000 -0.8643
vn -0.5029 0.0000 -0.8643
vn -0.5031 -0.0000 -0.8642
vn 0.6274 0.6901 -0.3607
vn 0.6274 0.6901 -0.3608
vn -0.5028 -0.0000 -0.8644
vn -0.5103 -0.0069 -0.8600
vn -0.5110 -0.0076 -0.8595
vn 0.6694 -0.6300 -0.3938
vn 0.6694 -0.6300 -0.3937
vn -0.6770 -0.6219 0.3936
vn -0.6770 -0.6218 0.3937
vn -0.6770 0.6219 0.3937
vn -0.6770 0.6219 0.3936
vn -0.0079 -0.9999 0.0079
vn 0.0158 -0.9998 0.0158
vn 0.0158 -0.9998 0.0157
vn 0.0158 0.9997 -0.0158
vn -0.0079 0.9999 -0.0079
vn -0.0001 1.0000 -0.0091
vn -0.0060 0.9999 -0.0106
vn 0.0157 0.9998 -0.0158
vn -0.0002 1.0000 -0.0091
vn -0.0057 0.9999 -0.0108
vn -0.0000 1.0000 -0.0079
vn -0.0000 1.0000 -0.0078
vn 0.0000 -1.0000 0.0079
vn -0.8865 0.4628 0.0000
vn -0.8440 0.5364 -0.0000
vn 0.0235 -0.9997 0.0000
vn -0.0236 -0.9997 -0.0000
vn 0.7226 0.6913 0.0000
vn 0.7227 0.6911 0.0000
vn 0.7226 0.6912 -0.0000
vn 0.7227 0.6912 0.0000
vn -0.7227 -0.6912 0.0000
vn -0.7226 -0.6913 0.0000
vn 0.7225 0.6913 -0.0000
vn 0.3315 0.5288 -0.7813
vn 0.3315 0.5288 -0.7814
vn -0.3315 -0.5288 0.7813
vn -0.3314 -0.5288 0.7814
vn -0.3315 -0.5288 0.7814
vn 0.3315 0.5289 -0.7813
vn 0.3689 0.5101 -0.7770
vn -0.3069 -0.5352 0.7870
vn -0.3391 -0.5363 0.7729
vn 0.0001 -0.7490 -0.6625
vn -0.0236 -0.8184 -0.5742
vn -0.7226 -0.6912 0.0000
vn -0.1810 -0.9835 -0.0000
vn -0.1809 -0.9835 0.0000
vn -0.2052 -0.9787 -0.0000
vn -0.0000 0.2996 -0.9541
vn 0.0001 0.1734 -0.9849
vn 0.0000 0.1733 -0.9849
vn -0.9737 -0.2277 0.0000
vn -0.9737 -0.2278 -0.0000
vn -0.9930 0.1180 0.0000
vn -0.9930 0.1184 0.0000
vn -0.9612 0.2758 0.0000
vn -0.9612 0.2757 -0.0000
vn -0.8498 0.5272 0.0000
vn -0.8344 0.5512 0.0000
vn -0.8346 0.5508 -0.0000
vn 0.7491 0.6624 0.0000
vn 0.9798 0.1976 0.0316
vn 0.9801 0.1960 0.0313
vn 0.9735 0.2277 0.0235
vn 0.9712 0.2369 0.0237
vn 0.0001 0.8897 -0.4566
vn -0.0000 0.8897 0.4566
vn -0.0000 0.6624 -0.7491
vn 0.0000 0.6624 -0.7492
vn 0.9874 0.1580 0.0000
vn 0.9875 0.1579 -0.0000
vn 0.9874 0.1579 -0.0000
vn -0.8678 0.0000 -0.4970
vn -0.8677 -0.0000 -0.4970
vn -0.1809 0.0000 0.9835
vn 0.1809 0.0000 -0.9835
vn -0.7952 -0.6063 0.0000
vn -0.7953 -0.6063 -0.0000
vn -0.1811 -0.9835 -0.0000
vn -0.8119 -0.5838 0.0000
vn 0.5455 -0.8381 0.0000
vn 0.5456 -0.8380 0.0000
vn 0.9328 0.3605 0.0000
vn 0.9327 0.3606 -0.0000
vn -0.9327 -0.3606 0.0000
vn 0.7638 -0.6455 -0.0000
vn 0.7637 -0.6455 -0.0000
vn 0.7637 -0.6456 0.0000
vn -0.7565 0.6540 -0.0000
vn -0.7564 0.6541 0.0000
vn -0.0948 -0.9955 0.0000
vn 0.0626 0.9980 0.0000
vn 0.0630 0.9980 0.0000
vn 0.3766 -0.8716 0.3138
vn 0.3769 -0.8714 -0.3141
vn 0.2755 -0.4487 -0.8501
vn 0.2755 -0.4487 0.8502
vn -0.1337 -0.9910 -0.0000
vn -0.1338 -0.9910 -0.0000
vn -0.1336 -0.9910 0.0000
vn 0.9263 0.0000 0.3768
vn 0.9263 0.0002 0.3767
vn 0.9263 -0.0001 -0.3768
vn 0.9263 -0.0000 -0.3768
vn 0.3233 -0.0000 -0.9463
vn 0.8895 -0.0157 -0.4566
vn 0.8975 -0.0079 -0.4409
vn -0.7073 0.0000 -0.7069
vn 0.7069 0.0000 -0.7073
vn 0.7071 0.0000 -0.7071
vn -0.7071 0.0000 -0.7071
vn 0.7069 0.0000 0.7073
vn 0.7071 0.0000 0.7071
vn -0.9035 -0.3221 -0.2828
vn -0.9263 0.0000 -0.3769
vn -0.9263 0.0000 0.3768
vn -0.9035 -0.3221 0.2828
vn -0.9263 -0.0000 -0.3768
vn -0.9263 -0.0000 0.3769
vn -0.7071 0.0000 0.7071
vn -0.7073 0.0000 0.7069
vn -0.7639 -0.6454 0.0000
vn 0.7639 0.6454 0.0000
vn -0.6454 0.7639 0.0000
vn 0.6871 -0.7265 -0.0000
vn 0.6063 -0.7953 0.0000
vn -0.3373 0.9414 0.0001
vn -0.0000 -1.0000 -0.0077
vn 0.0000 1.0000 0.0077
vn -1.0000 0.0079 0.0000
vn 0.0314 0.1337 -0.9905
vn 0.0158 0.0157 -0.9998
vn -0.0158 0.0079 -0.9998
vn 0.1259 -0.0236 -0.9918
vn 0.0471 -0.0236 -0.9986
vn 0.0236 -0.0078 -0.9997
vn 0.1500 -0.0553 -0.9871
vn 0.0236 -0.0315 -0.9992
vn -0.0157 -0.0236 -0.9996
vn -0.0158 -0.0236 -0.9996
vn -0.0157 0.0393 -0.9991
vn -0.0157 0.0157 -0.9998
vn 0.0000 0.1182 -0.9930
vn 0.0001 0.0000 1.0000
vn 0.0000 0.1733 0.9849
vn -0.0000 0.2996 0.9541
vn -0.9930 0.1183 -0.0000
vn 0.7492 0.6624 0.0000
vn 0.9798 0.1975 -0.0316
vn 0.9713 0.2369 -0.0237
vn 0.9735 0.2277 -0.0235
vn 0.9801 0.1960 -0.0313
vn -0.8678 0.0000 0.4970
vn -0.8677 0.0000 0.4970
vn -0.1809 0.0000 -0.9835
vn 0.1809 0.0000 0.9835
vn -0.9328 -0.3605 -0.0000
vn 0.0631 0.9980 -0.0000
vn 0.3233 0.0000 0.9463
vn 0.3233 0.0001 0.9463
vn 0.8895 -0.0157 0.4566
vn -0.5746 -0.8185 0.0000
vn 0.5746 0.8185 -0.0000
vn -0.8185 0.5745 0.0000
vn 0.8185 -0.5744 0.0000
vn 0.0000 -1.0000 0.0077
vn -0.0000 -1.0000 0.0081
vn 0.0000 1.0000 -0.0077
vn 0.9999 -0.0158 0.0000
vn 0.9999 -0.0157 0.0000
vn 0.5655 -0.8248 -0.0000
vn 0.5656 -0.8247 0.0000
vn -0.6978 -0.5332 0.4783
vn 0.6940 0.5284 -0.4890
vn -0.6482 -0.1660 -0.7431
vn 0.6566 -0.1661 -0.7357
vn 0.7565 -0.1419 -0.6384
vn -0.7493 -0.1420 -0.6468
vn 0.6482 -0.1660 0.7431
vn 0.7493 -0.1420 0.6468
vn -0.6566 -0.1661 0.7357
vn -0.7565 -0.1419 0.6384
vn 1.0000 0.0000 0.0078
vn 1.0000 -0.0000 0.0079
vn 0.6611 -0.1653 -0.7319
vn 0.7565 -0.1418 -0.6384
vn 0.6483 -0.1659 0.7431
vn -0.0237 0.0000 0.9997
vn -0.0237 -0.0000 -0.9997
vn 0.0157 0.0000 0.9999
vn 0.8247 -0.0000 -0.5656
vn 0.8248 0.0000 0.5655
vn 0.8247 0.0000 0.5656
vn 0.7817 0.0000 -0.6237
vn 0.7816 0.0000 -0.6238
vn 0.7847 0.0000 0.6199
vn 0.9888 0.0000 -0.1491
vn 0.9563 0.0000 -0.2924
vn 0.9563 0.0000 -0.2925
vn -0.7566 0.0000 -0.6539
vn -0.7564 -0.0000 -0.6541
vn -0.7563 0.0000 -0.6542
vn 0.9438 -0.3304 0.0000
vn -1.0000 -0.0002 0.0000
vn -0.0000 -1.0000 -0.0078
vn -0.3233 -0.9463 0.0000
vn 0.3233 0.9463 -0.0000
vn 1.0000 -0.0079 -0.0000
vn 1.0000 -0.0078 -0.0000
vn -0.9224 -0.3863 0.0000
vn -0.7846 0.6200 0.0000
vn 0.8678 0.4970 0.0000
vn 0.8677 0.4970 0.0000
vn 0.9154 0.4025 0.0000
vn 0.9155 0.4024 -0.0000
vn 0.9995 0.0316 0.0000
vn -0.9290 -0.3700 -0.0000
vn -1.0000 -0.0004 0.0000
vn -0.1732 0.9844 0.0315
vn 0.3469 0.4100 0.8436
vn 0.9897 -0.1414 0.0236
vn 0.4168 0.4561 -0.7863
vn -0.9975 0.0000 0.0711
vn -0.9975 -0.0000 0.0708
vn 0.5600 0.0000 0.8285
vn 0.5599 -0.0000 0.8285
vn 0.5603 0.0000 0.8283
vn 0.9975 0.0000 -0.0711
vn 0.9975 -0.0000 -0.0708
vn 0.4409 0.0000 -0.8975
vn 0.4409 -0.0000 -0.8976
vn -0.5603 0.0000 -0.8283
vn -0.5599 -0.0000 -0.8285
vn 0.0708 -0.0000 0.9975
vn 0.0706 0.0000 0.9975
vn 0.8976 0.0000 0.4409
vn 0.8283 0.0000 -0.5603
vn -0.7034 -0.6243 -0.3398
vn -0.7033 -0.6244 -0.3398
vn -0.7034 0.6243 -0.3398
vn -0.7033 0.6244 -0.3398
vn -0.9975 0.0000 -0.0711
vn -0.4409 0.0000 -0.8976
vn -0.4409 0.0000 -0.8975
vn -0.4410 0.0000 -0.8975
vn 0.5603 0.0000 -0.8283
vn 0.9975 0.0000 0.0711
vn 0.4409 0.0000 0.8976
vn 0.4409 0.0000 0.8975
vn -0.5603 0.0000 0.8283
vn -0.5179 0.0157 -0.8553
vn -0.5179 0.0156 -0.8553
vn 0.8644 0.0000 -0.5028
vn 0.8730 0.0000 0.4876
vn 0.0313 -0.0000 -0.9995
vn 0.8975 0.0000 -0.4409
vn 0.8976 0.0000 -0.4409
vn 0.8498 0.0000 0.5272
vn -0.0000 1.0000 0.0079
vn 0.0000 1.0000 0.0078
vn 0.7072 -0.7070 -0.0000
vn 0.7071 -0.7071 0.0000
vn 0.8589 -0.5122 0.0000
vn 0.8588 -0.5122 0.0000
vn -0.9007 0.4345 0.0000
vn -0.7637 -0.6455 -0.0000
vn -0.7637 -0.6456 -0.0000
vn -0.5122 -0.8589 0.0000
vn -0.5121 -0.8589 -0.0000
vn 0.5215 0.8532 0.0000
vn 0.5215 0.8533 0.0000
vn -0.8623 0.5064 -0.0000
vn -0.8623 0.5063 0.0000
vn -0.6456 0.7637 -0.0000
vn -0.7342 -0.6789 -0.0000
vn -0.7342 -0.6790 0.0000
vn 0.6456 -0.7637 -0.0000
vn 0.8623 -0.5064 -0.0000
vn 0.8623 -0.5063 0.0000
vn 0.8623 -0.5065 0.0000
vn 0.5122 0.8589 -0.0000
vn 0.8555 0.5179 0.0000
vn 0.8554 0.5180 0.0000
vn 0.8766 0.4812 0.0000
vn 0.8765 0.4815 -0.0000
vn 0.6913 -0.7226 0.0000
vn 0.6912 -0.7227 -0.0000
vn -0.6912 0.7226 0.0000
vn -0.3462 0.3620 0.8655
vn -0.3462 0.3619 0.8655
vn -0.6913 0.7226 -0.0000
vn -0.6912 0.7227 0.0000
vn -0.3462 0.3619 -0.8655
vn -0.3462 0.3620 -0.8655
vn 0.3462 -0.3620 -0.8655
vn 0.3462 -0.3619 0.8655
vn 0.3462 -0.3620 0.8655
vn 0.1336 0.6684 0.7317
vn 0.1337 0.6685 0.7316
vn 0.9720 -0.1739 -0.1580
vn 0.9805 -0.1804 -0.0785
vn 0.5925 -0.1106 -0.7979
vn 0.6774 -0.1260 -0.7247
vn -0.6237 0.1105 -0.7738
vn -0.5195 0.0866 -0.8501
vn -0.9205 0.1652 -0.3540
vn -0.9231 0.1657 -0.3472
vn -0.8047 0.5917 -0.0473
vn -0.8589 0.5122 0.0000
vn -0.7946 0.6058 -0.0394
vn -0.7946 0.6058 -0.0393
vn -0.8119 0.5833 -0.0236
vn -0.9096 0.4154 0.0000
vn -0.9771 0.2126 0.0000
vn -0.9989 -0.0472 0.0000
vn -0.9771 -0.2127 0.0000
vn 0.1414 0.0079 -0.9899
vn 0.1493 -0.2985 -0.9427
vn 0.1416 -0.2989 -0.9437
vn 0.0157 -0.6370 -0.7707
vn -0.1734 -0.6305 -0.7566
vn -0.1264 -0.6397 -0.7582
vn -0.4084 -0.5577 -0.7226
vn -0.4256 -0.5517 -0.7172
vn -0.7000 -0.3067 -0.6449
vn -0.6997 -0.2909 -0.6525
vn -0.8830 -0.2286 -0.4100
vn -0.8902 -0.2285 -0.3940
vn -0.9499 -0.2434 -0.1962
vn -0.9527 -0.2441 -0.1811
vn -0.9540 -0.2997 -0.0000
vn -0.9518 -0.3067 -0.0000
vn -0.9527 -0.2441 0.1811
vn -0.9499 -0.2433 0.1963
vn -0.8903 -0.2285 0.3940
vn -0.8830 -0.2286 0.4100
vn -0.6997 -0.2908 0.6525
vn -0.7000 -0.3067 0.6449
vn -0.4256 -0.5517 0.7172
vn -0.4084 -0.5577 0.7226
vn -0.1263 -0.6397 0.7582
vn -0.1734 -0.6305 0.7566
vn 0.0157 -0.6370 0.7707
vn -0.7952 -0.6063 -0.0002
vn -0.9910 -0.1337 0.0000
vn -0.7370 -0.0470 -0.6742
vn -0.4489 -0.3387 -0.8269
vn 0.3069 0.6847 -0.6611
vn 0.7076 0.5189 -0.4796
vn 0.7076 0.5189 0.4796
vn 0.3069 0.6847 0.6611
vn -0.4489 -0.3387 0.8269
vn -0.1658 0.9553 -0.2447
vn -0.7370 -0.0470 0.6743
vn -0.7952 -0.6063 0.0002
vn -0.1658 0.9553 0.2448
vn -0.8495 0.4720 -0.2360
vn -0.8495 0.4719 0.2360
vn 0.8056 0.5925 0.0000
vn 0.8057 0.5923 -0.0000
vn 0.0785 0.9969 0.0000
vn -0.0236 0.9997 0.0078
vn -0.0550 0.9985 0.0000
vn -0.3068 0.9518 0.0000
vn -0.1260 0.9920 -0.0000
vn -0.3138 0.9495 0.0000
vn -0.5656 0.8247 -0.0000
vn -0.5655 0.8247 -0.0000
vn -0.6324 0.7747 0.0000
vn 0.8121 0.5835 -0.0000
vn 0.8122 0.5834 -0.0000
vn 0.5744 0.8185 -0.0000
vn 0.0629 0.9980 -0.0000
vn -0.3632 0.9317 -0.0000
vn -0.7303 0.6831 0.0000
vn -0.7303 0.6832 -0.0000
vn -0.9633 0.2684 -0.0000
vn -0.9633 0.2685 0.0000
vn -0.9995 0.0315 0.0000
vn 0.0869 0.2211 0.9714
vn 0.0868 0.1420 0.9861
vn 0.0712 0.2845 0.9560
vn 0.0707 0.4398 0.8953
vn 0.0628 0.4867 0.8713
vn 0.0708 0.6135 0.7865
vn 0.0633 0.6566 0.7516
vn 0.0790 0.7899 0.6082
vn 0.0628 0.8388 0.5409
vn 0.0550 0.9503 0.3063
vn 0.0627 0.9639 0.2586
vn 0.0314 0.9984 0.0471
vn 0.0236 0.9986 0.0472
vn 0.0236 0.9997 0.0000
vn 0.0314 0.9995 -0.0000
vn 0.0318 0.9995 0.0000
vn 0.0315 0.9995 -0.0000
vn 0.0314 0.9984 -0.0471
vn 0.0236 0.9986 -0.0472
vn 0.0550 0.9503 -0.3063
vn 0.0627 0.9639 -0.2586
vn 0.0627 0.8388 -0.5409
vn 0.0790 0.7899 -0.6082
vn 0.0633 0.6566 -0.7516
vn 0.0708 0.6135 -0.7865
vn 0.0628 0.4867 -0.8713
vn 0.0707 0.4398 -0.8953
vn 0.0712 0.2845 -0.9560
vn 0.0869 0.2211 -0.9714
vn 0.0868 0.1420 -0.9861
vn -0.5278 -0.7484 0.4017
vn -0.5278 -0.7484 -0.4017
vn -0.8343 0.3778 0.4014
vn -0.8343 0.3778 -0.4014
vn -0.1733 0.9061 0.3860
vn -0.1733 0.9060 -0.3861
vn 0.2993 0.8979 -0.3229
vn 0.2993 0.8979 0.3229
vn 0.2595 0.4876 -0.8336
vn 0.2595 0.4876 0.8336
vn -0.0394 0.8969 -0.4405
vn 0.5377 0.7750 -0.3322
vn 0.5345 0.7781 0.3301
vn 0.0706 0.9975 -0.0001
vn -0.0395 0.9000 0.4342
vn 0.9052 0.4250 -0.0000
vn 0.8890 0.4327 0.1495
vn 0.8890 0.4327 -0.1495
vn 0.2828 0.4164 0.8641
vn 0.7002 0.3777 0.6058
vn 0.0000 0.0157 0.9999
vn -0.0550 0.4715 0.8802
vn -0.1733 0.4962 0.8507
vn -0.2665 0.7449 0.6116
vn 0.2828 0.4164 -0.8641
vn 0.7002 0.3777 -0.6058
vn 0.0000 0.0157 -0.9999
vn -0.0551 0.4653 -0.8834
vn -0.1740 0.4903 -0.8540
vn -0.2682 0.7414 -0.6152
vn 0.9955 0.0948 -0.0000
vn 0.9955 0.0948 -0.0079
vn 0.9955 0.0947 0.0001
vn -0.7816 0.6237 0.0080
vn -0.7637 0.6456 -0.0000
vn -0.7816 0.6237 0.0079
vn -0.7847 0.6199 0.0001
vn -0.7848 0.6198 0.0000
vn 0.0080 0.0000 1.0000
vn 0.0158 0.1733 0.9847
vn 0.0079 0.1657 0.9862
vn -0.2136 0.2295 0.9496
vn -0.2356 0.2670 0.9345
vn -0.5127 0.3392 0.7887
vn -0.4967 0.3627 0.7885
vn -0.6845 0.3934 0.6137
vn -0.6680 0.3851 0.6368
vn -0.8134 0.4343 0.3870
vn -0.8253 0.4402 0.3537
vn -0.8679 0.4655 0.1736
vn -0.8814 0.4723 -0.0000
vn -0.8815 0.4723 0.0000
vn -0.8679 0.4655 -0.1736
vn -0.8253 0.4402 -0.3537
vn -0.8134 0.4343 -0.3870
vn -0.6845 0.3934 -0.6137
vn -0.6680 0.3851 -0.6368
vn -0.5127 0.3392 -0.7887
vn -0.4967 0.3627 -0.7885
vn -0.2356 0.2670 -0.9345
vn -0.2136 0.2295 -0.9496
vn 0.0158 0.1733 -0.9847
vn 0.0079 0.1657 -0.9862
vn -0.7847 0.6199 -0.0001
vn -0.7816 0.6237 -0.0079
vn -0.7816 0.6237 -0.0080
vn 0.0079 0.9999 -0.0079
vn -0.0079 0.9998 -0.0157
vn -0.8815 -0.4722 0.0000
vn -0.7565 -0.6540 -0.0000
vn -0.6200 -0.7846 0.0000
vn -0.6196 -0.7849 -0.0000
vn -0.4821 -0.8761 -0.0000
vn -0.3303 -0.9439 0.0000
vn -0.3304 -0.9439 -0.0000
vn -0.0078 -0.9998 0.0158
vn -0.0079 -0.9998 0.0158
vn -0.7675 0.6410 -0.0000
vn -0.8020 0.5973 -0.0001
vn -0.8018 0.5976 0.0000
vn -0.9155 0.4023 0.0000
vn -0.9154 0.4025 0.0000
vn -0.9806 0.1962 0.0000
vn -0.9985 -0.0552 0.0000
vn -0.9985 -0.0551 0.0000
vn -0.9316 0.0158 0.3632
vn -0.8846 0.0158 0.4660
vn -0.8718 -0.1021 0.4791
vn -0.9899 -0.0471 0.1336
vn -0.8973 0.0236 0.4408
vn -0.9535 0.1024 0.2836
vn -0.7868 0.5823 0.2046
vn -0.9755 0.0000 0.2202
vn -0.9755 -0.0000 0.2201
vn -0.9862 0.0000 0.1657
vn -0.9862 0.0000 -0.1657
vn -0.9755 0.0000 -0.2202
vn -0.9754 -0.0000 -0.2202
vn -0.3321 -0.7749 0.5377
vn -0.3321 -0.7749 -0.5377
vn -0.6759 0.0943 0.7309
vn -0.5994 0.0789 0.7966
vn -0.6044 0.0785 0.7928
vn -0.7314 0.0865 0.6764
vn -0.6138 0.0630 0.7869
vn -0.6611 0.0630 0.7476
vn -0.8007 0.0549 0.5966
vn -0.7144 0.0392 0.6987
vn -0.8181 0.0314 0.5742
vn -0.8461 0.0157 0.5327
vn -0.9079 0.0237 0.4184
vn -0.9093 0.0235 0.4154
vn -0.9768 0.0236 0.2127
vn -0.9768 0.0237 0.2127
vn -0.9997 0.0237 0.0000
vn -0.9768 0.0237 -0.2127
vn -0.9769 0.0237 -0.2126
vn -0.9093 0.0234 -0.4154
vn -0.9079 0.0237 -0.4184
vn -0.8461 0.0157 -0.5327
vn -0.8181 0.0315 -0.5742
vn -0.8007 0.0549 -0.5966
vn -0.7144 0.0392 -0.6987
vn -0.6611 0.0630 -0.7476
vn -0.7314 0.0865 -0.6764
vn -0.6138 0.0630 -0.7870
vn -0.6044 0.0785 -0.7928
vn -0.6759 0.0943 -0.7309
vn -0.5994 0.0789 -0.7966
vn 0.6231 -0.0317 0.7815
vn 0.6205 -0.1021 0.7776
vn 0.6210 -0.0943 0.7782
vn 0.6085 -0.2055 0.7665
vn 0.6124 -0.2118 0.7616
vn 0.6041 -0.2824 0.7452
vn 0.6132 -0.2988 0.7312
vn 0.6123 -0.3219 0.7222
vn 0.6192 -0.3606 0.6976
vn 0.6300 -0.3938 0.6694
vn 0.6204 -0.4241 0.6597
vn 0.6706 -0.2999 0.6785
vn 0.5514 -0.6460 0.5278
vn 0.5586 0.5665 0.6058
vn 0.3619 -0.8655 0.3462
vn 0.3541 -0.8656 0.3541
vn 0.2132 -0.9394 0.2684
vn 0.1416 -0.9437 0.2989
vn -0.1022 -0.8882 0.4480
vn -0.1022 -0.8881 0.4481
vn -0.3321 -0.7750 0.5377
vn -0.0079 0.9999 -0.0078
vn -0.0079 0.9999 0.0078
vn 0.5586 0.5665 -0.6058
vn 0.6706 -0.2999 -0.6785
vn 0.6204 -0.4241 -0.6597
vn 0.6300 -0.3937 -0.6694
vn 0.6192 -0.3604 -0.6976
vn 0.5515 -0.6460 -0.5278
vn 0.6123 -0.3218 -0.7222
vn 0.3619 -0.8655 -0.3462
vn 0.6132 -0.2988 -0.7312
vn 0.3541 -0.8656 -0.3541
vn 0.6040 -0.2824 -0.7452
vn 0.2131 -0.9394 -0.2684
vn 0.6124 -0.2118 -0.7616
vn 0.1416 -0.9437 -0.2989
vn 0.6085 -0.2055 -0.7665
vn -0.1022 -0.8882 -0.4480
vn 0.6210 -0.0943 -0.7782
vn 0.6205 -0.1021 -0.7776
vn 0.6231 -0.0317 -0.7815
vn 0.2281 -0.7002 0.6766
vn 0.3068 -0.9518 0.0000
vn 0.5887 -0.8084 0.0000
vn 0.4322 -0.5972 0.6757
vn 0.8084 -0.5887 -0.0000
vn 0.5972 -0.4322 0.6757
vn 0.9518 -0.3068 -0.0000
vn 0.7002 -0.2281 0.6766
vn 0.7378 0.0000 0.6750
vn 0.9518 0.3068 0.0000
vn 0.7002 0.2281 0.6766
vn 0.8083 0.5887 0.0000
vn 0.5972 0.4322 0.6757
vn 0.5887 0.8084 0.0000
vn 0.4322 0.5972 0.6757
vn 0.3068 0.9518 0.0000
vn 0.2281 0.7002 0.6766
vn -0.0000 0.7378 0.6750
vn -0.2281 0.7002 0.6766
vn -0.5887 0.8084 0.0000
vn -0.4322 0.5972 0.6757
vn -0.8084 0.5887 -0.0000
vn -0.5972 0.4322 0.6757
vn -0.9518 0.3068 0.0000
vn -0.7002 0.2281 0.6766
vn -0.7378 -0.0000 0.6750
vn -0.9518 -0.3068 0.0000
vn -0.7002 -0.2281 0.6765
vn -0.8084 -0.5887 0.0000
vn -0.5972 -0.4322 0.6757
vn -0.5886 -0.8084 -0.0000
vn -0.4322 -0.5972 0.6757
vn -0.3068 -0.9518 -0.0000
vn -0.2281 -0.7002 0.6766
vn 0.0000 -0.7378 0.6750
vn 0.0000 -0.9612 0.2757
vn 0.2992 -0.9135 0.2756
vn 0.2993 -0.9135 0.2756
vn 0.5655 -0.7776 0.2748
vn 0.7776 -0.5655 0.2749
vn 0.9135 -0.2992 0.2756
vn 0.9135 -0.2993 0.2756
vn 0.9612 0.0000 0.2757
vn 0.9612 0.0000 0.2758
vn 0.9135 0.2992 0.2756
vn 0.9135 0.2993 0.2756
vn 0.7775 0.5655 0.2750
vn 0.7776 0.5655 0.2749
vn 0.5655 0.7776 0.2748
vn 0.2992 0.9135 0.2756
vn 0.2993 0.9135 0.2756
vn -0.0000 0.9612 0.2757
vn -0.2993 0.9135 0.2756
vn -0.5655 0.7776 0.2748
vn -0.7776 0.5655 0.2749
vn -0.9135 0.2992 0.2756
vn -0.9135 0.2993 0.2756
vn -0.9612 -0.0000 0.2757
vn -0.9135 -0.2992 0.2756
vn -0.9135 -0.2993 0.2757
vn -0.7775 -0.5655 0.2750
vn -0.7776 -0.5655 0.2749
vn -0.5655 -0.7776 0.2748
vn -0.2992 -0.9135 0.2756
vn -0.2993 -0.9135 0.2756
vn 0.7099 0.1894 0.6784
vn 0.9658 0.2592 0.0000
vn 0.8643 0.5029 0.0000
vn 0.6371 0.3697 0.6764
vn 0.7071 0.7071 0.0000
vn 0.5200 0.5200 0.6777
vn 0.3697 0.6371 0.6764
vn 0.2588 0.9659 0.0000
vn 0.1894 0.7098 0.6784
vn -0.0000 0.7343 0.6789
vn -0.2588 0.9659 0.0000
vn -0.1894 0.7098 0.6784
vn -0.4970 0.8678 -0.0000
vn -0.3696 0.6370 0.6764
vn -0.7071 0.7071 0.0000
vn -0.5200 0.5200 0.6777
vn -0.8678 0.4970 0.0000
vn -0.6371 0.3697 0.6764
vn -0.9659 0.2588 0.0000
vn -0.7098 0.1894 0.6784
vn -0.7343 -0.0000 0.6789
vn -0.9659 -0.2588 0.0000
vn -0.7099 -0.1894 0.6784
vn -0.8643 -0.5029 0.0000
vn -0.6371 -0.3697 0.6764
vn -0.7071 -0.7071 0.0000
vn -0.5200 -0.5200 0.6777
vn -0.4970 -0.8678 -0.0000
vn -0.3696 -0.6370 0.6764
vn -0.2588 -0.9659 -0.0000
vn -0.1894 -0.7098 0.6784
vn 0.0000 -0.7343 0.6789
vn 0.2588 -0.9659 0.0000
vn 0.1894 -0.7099 0.6784
vn 0.5029 -0.8643 0.0000
vn 0.3697 -0.6371 0.6764
vn 0.5200 -0.5200 0.6776
vn 0.8643 -0.5029 -0.0000
vn 0.6371 -0.3697 0.6764
vn 0.9659 -0.2588 0.0000
vn 0.7099 -0.1894 0.6784
vn 0.7343 -0.0000 0.6789
vn -0.2681 -0.9540 0.1340
vn -0.1179 -0.2279 0.9665
vn -0.3863 -0.0000 0.9224
vn 0.3929 -0.0000 0.9196
vn 0.3863 0.0000 0.9224
vn 0.9955 0.0948 0.0079
vn 0.2052 -0.9787 0.0000
vn 0.2998 -0.9540 0.0000
vn 0.2996 -0.9541 -0.0000
vn 0.4816 -0.8764 -0.0079
vn 0.4876 -0.8730 -0.0000
vn 0.6540 -0.7565 -0.0000
vn 0.7949 -0.6067 -0.0000
vn 0.7952 -0.6064 -0.0000
vn 0.9317 -0.3632 0.0000
vn 0.9939 -0.1105 -0.0000
vn 0.9939 -0.1104 0.0000
vn -0.9534 0.1024 -0.2837
vn -0.7868 0.5823 -0.2046
vn -0.8973 0.0236 -0.4408
vn -0.9899 -0.0471 -0.1336
vn -0.8718 -0.1021 -0.4791
vn -0.9316 0.0158 -0.3632
vn -0.8846 0.0158 -0.4660
vn 0.9413 0.3375 0.0000
vn 0.5511 0.8345 -0.0000
vn -0.5509 0.8346 0.0000
vn -0.9414 0.3372 -0.0000
vn -0.9414 -0.3373 -0.0000
vn -0.9414 -0.3372 -0.0000
vn -0.5509 -0.8346 -0.0000
vn 0.5510 -0.8345 0.0000
vn 0.9413 -0.3375 0.0000
vn 0.5510 0.8345 -0.0000
vn -0.5512 0.8344 -0.0000
vn -0.5512 -0.8344 0.0000
vn -0.7951 -0.6065 0.0000
vn -0.4409 -0.8975 -0.0000
vn 0.4409 -0.8975 0.0000
vn 0.4409 -0.8976 -0.0000
vn 0.7951 -0.6065 -0.0000
vn -0.7954 -0.6061 0.0000
vn -0.4409 -0.8976 -0.0000
vn 0.7952 -0.6064 0.0001
vn 0.7953 -0.6062 0.0002
vn 0.9022 0.4313 0.0000
vn 0.9021 0.4315 0.0000
vn 0.6831 0.7303 0.0000
vn -0.6832 0.7303 -0.0000
vn -0.6831 0.7303 -0.0000
vn -0.9022 0.4314 0.0000
vn 0.7071 0.0001 0.7071
vn -0.7071 -0.0001 0.7071
vn -0.7071 -0.0001 -0.7071
vn 0.7071 0.0001 -0.7071
vn 0.7071 0.0078 0.7071
vn 0.7071 0.0078 -0.7071
vn -0.7071 -0.0078 -0.7071
vn -0.7071 -0.0078 0.7071
vn 0.9022 0.4314 0.0000
vn -0.9021 0.4314 -0.0000
vn -0.9224 0.0000 -0.3863
vn -0.1182 0.9930 -0.0000
vn 0.2517 0.9678 -0.0000
vn 0.8439 0.5364 0.0000
vn 0.8498 -0.5272 -0.0000
vn -0.1260 -0.9920 0.0000
vn -0.5924 -0.8056 -0.0000
vn -0.5924 -0.8057 0.0000
vn -0.9697 -0.2442 0.0000
vn -0.9380 0.3467 -0.0000
vn -0.9379 0.3468 0.0000
vn -0.5510 0.8345 -0.0000
vn 0.4816 0.8764 0.0000
vn 0.3373 -0.9414 -0.0078
vn 0.3232 -0.9462 -0.0158
vn 0.8284 -0.5602 -0.0079
vn 0.8309 -0.5564 0.0000
vn 0.6913 0.7226 -0.0000
vn 0.6912 0.7226 -0.0000
vn -0.2517 0.9678 -0.0000
vn -0.2518 0.9678 0.0000
vn -0.7748 0.6322 -0.0000
vn -0.9969 -0.0785 0.0000
vn -0.9969 -0.0786 0.0000
vn -0.7032 -0.7110 0.0000
vn -0.7031 -0.7111 0.0000
vn -0.4410 -0.8975 0.0000
vn -0.4469 -0.8946 0.0000
vn -0.5182 0.8552 0.0000
vn -0.5180 0.8554 -0.0000
vn -0.3708 0.6076 0.7023
vn -0.3620 0.6060 0.7083
vn 0.3621 -0.6060 0.7083
vn 0.3709 -0.6076 0.7023
vn 0.5182 -0.8552 -0.0000
vn 0.5180 -0.8554 -0.0000
vn 0.3621 -0.6060 -0.7083
vn 0.3709 -0.6076 -0.7023
vn -0.3709 0.6076 -0.7023
vn -0.3620 0.6060 -0.7083
vn -0.3688 0.6043 -0.7063
vn -0.3706 0.5993 -0.7096
vn -0.5272 0.8498 0.0000
vn -0.5272 0.8497 -0.0000
vn -0.3688 0.6043 0.7063
vn -0.3706 0.5993 0.7096
vn 0.3706 -0.5993 0.7095
vn 0.3688 -0.6043 0.7063
vn 0.5272 -0.8498 0.0000
vn 0.3706 -0.5993 -0.7096
vn 0.3689 -0.6043 -0.7063
vn 0.2522 0.9677 0.0000
vn 0.8440 0.5364 0.0000
vn -0.1105 -0.8208 -0.5604
vn -0.0628 -0.9965 0.0549
vn -0.9586 -0.2514 0.1336
vn -0.8685 0.0789 -0.4894
vn 0.0001 0.4876 -0.8730
vn -0.9251 0.3797 -0.0000
vn -0.9251 0.3796 0.0000
vn -0.3863 0.9224 0.0000
vn -0.3862 0.9224 -0.0000
vn 0.3795 0.9252 -0.0000
vn 0.3797 0.9251 -0.0000
vn 0.9224 0.3862 -0.0000
vn 0.9224 0.3863 0.0000
vn 0.9252 -0.3796 -0.0000
vn 0.9251 -0.3797 0.0000
vn 0.3862 -0.9224 -0.0000
vn -0.3795 -0.9252 0.0000
vn -0.3797 -0.9251 0.0000
vn -0.9252 0.3796 -0.0000
vn -0.3796 -0.9252 -0.0000
vn -0.3796 -0.9251 -0.0000
vn 0.3863 -0.9224 -0.0000
vn 0.9251 -0.3796 -0.0000
vn 0.5029 0.8644 -0.0000
vn 0.3796 0.9252 -0.0000
vn -0.5064 0.8623 -0.0000
vn -0.7031 -0.7110 0.0000
vn 0.7111 -0.7031 -0.0000
vn 0.7110 -0.7031 0.0000
vn 0.7031 0.7111 0.0000
vn 0.7031 0.7110 -0.0000
vn -0.7110 0.7031 0.0000
vn 0.0078 -0.9021 -0.4314
vn 0.0079 -0.9021 -0.4314
vn 0.0078 -0.6831 -0.7303
vn 0.0079 -0.6831 -0.7303
vn -0.0078 0.6831 -0.7303
vn -0.0079 0.6831 -0.7302
vn -0.0078 0.9021 -0.4314
vn 0.0079 -0.8975 0.4409
vn 0.0078 -0.6750 0.7378
vn -0.0078 0.6750 0.7378
vn -0.0079 0.6750 0.7378
vn -0.0079 0.8975 0.4409
vn 0.7226 -0.6912 0.0000
vn -0.6871 -0.7265 0.0000
vn -0.6871 -0.7266 0.0000
vn -0.7265 0.6871 -0.0000
vn 0.6912 0.7227 -0.0000
vn 0.9930 0.1182 0.0000
vn 0.4507 0.8927 0.0000
vn -0.9052 -0.4251 0.0000
vn -0.9052 -0.4250 0.0000
vn -0.4250 -0.9052 0.0000
vn 0.9519 0.3066 -0.0000
vn -0.0080 1.0000 0.0000
vn -0.5834 0.8122 -0.0000
vn -0.5835 0.8121 0.0000
vn -0.9495 0.3139 -0.0000
vn -0.9494 0.3140 0.0000
vn -0.9487 0.0079 0.3162
vn 0.3162 0.0000 0.9487
vn 0.9487 -0.0079 -0.3162
vn 0.9486 -0.0079 -0.3162
vn -0.3139 0.0000 -0.9495
vn -0.3163 0.0001 -0.9487
vn -0.6830 0.0000 0.7304
vn -0.9167 0.0000 0.3996
vn -0.9167 0.0000 -0.3996
vn -0.6833 0.0000 -0.7302
vn -0.6830 0.0000 -0.7304
vn -0.9167 0.0000 -0.3995
vn -0.1962 0.9806 0.0000
vn -0.1961 0.9806 0.0000
vn 0.1961 -0.9806 0.0000
vn 0.1962 -0.9806 -0.0000
vn 0.0000 0.9787 -0.2053
vn -0.0000 0.9787 -0.2052
vn 0.0000 0.7071 -0.7071
vn 0.0000 0.1961 -0.9806
vn 0.0000 -0.1961 -0.9806
vn 0.0000 -0.7071 -0.7071
vn -0.0000 -0.9787 -0.2052
vn 0.0000 -0.9787 0.2052
vn 0.0000 -0.9787 0.2053
vn -0.0000 -0.7071 0.7071
vn -0.0000 -0.1957 0.9807
vn 0.0000 -0.1960 0.9806
vn 0.0000 0.1962 0.9806
vn 0.0000 0.1961 0.9806
vn 0.0000 0.7071 0.7071
vn -0.0000 0.9787 0.2052
vn 0.0000 0.9787 0.2053
vn -0.8283 0.0000 0.5603
vn -0.8976 0.0000 -0.4409
vn -0.8975 0.0000 -0.4409
vn -0.0708 0.0000 -0.9975
vn -0.0711 0.0000 -0.9975
vn 0.0711 0.0000 0.9975
vn 0.8975 0.0000 0.4409
vn -0.5120 -0.8590 0.0000
vn -0.9997 0.0235 -0.0000
vn -0.9317 0.3633 0.0000
vn -0.5029 0.8643 0.0000
vn -0.6063 0.7953 -0.0000
vn -0.8121 0.5835 -0.0000
vn 0.3768 0.9263 -0.0000
vn 0.6150 0.7885 0.0000
vn 0.4971 0.8677 -0.0000
vn 0.4969 0.8678 0.0000
vn 0.9263 0.3768 -0.0000
vn 0.9999 0.0157 0.0000
vn 0.9379 -0.3470 0.0000
vn 0.5122 -0.8589 0.0000
vn 0.5121 -0.8589 0.0000
vn -0.9900 -0.1414 0.0000
vn -0.9899 -0.1414 0.0000
vn -0.9678 0.2518 -0.0000
vn -0.9224 0.3863 -0.0000
vn 0.9899 0.1415 0.0000
vn 0.9899 0.1414 -0.0000
vn 0.9697 -0.2445 -0.0000
vn 0.9224 -0.3863 -0.0000
vn -0.8975 -0.0079 0.4409
vn -0.8284 -0.0079 -0.5601
vn 0.0707 -0.0078 -0.9975
vn 0.8284 -0.0079 0.5601
vn -0.0707 -0.0078 0.9975
vn -0.0707 -0.0079 0.9975
vn -0.8973 -0.0236 0.4408
vn -0.8678 -0.0078 -0.4969
vn -0.8282 -0.0237 -0.5600
vn 0.0785 -0.0157 -0.9968
vn 0.8622 0.0159 -0.5063
vn 0.9007 0.0000 -0.4345
vn 0.8675 0.0237 0.4968
vn 0.8284 0.0080 0.5601
vn -0.0000 0.0158 0.9999
vn -0.0629 -0.0000 0.9980
vn -0.7110 -0.0000 -0.7031
vn -0.7031 0.0000 -0.7111
vn -0.7110 0.0000 0.7031
vn -0.7031 -0.0000 0.7111
vn 0.7110 -0.0000 0.7031
vn 0.7031 -0.0000 0.7110
vn 0.7110 0.0000 -0.7031
vn 0.7031 0.0000 -0.7111
vn 0.4970 -0.8678 -0.0000
vn 0.1736 -0.9848 0.0000
vn -0.1736 -0.9848 0.0000
vn -0.9405 -0.3398 -0.0000
vn -0.9405 -0.3399 0.0000
vn -0.9405 0.3398 -0.0000
vn -0.6455 0.7637 0.0000
vn -0.0078 0.0079 -0.9999
vn -0.3857 0.9129 0.1338
vn -0.1260 0.9138 0.3861
vn -0.7036 0.6640 -0.2530
vn -0.8370 0.3948 -0.3790
vn -0.7946 -0.0393 -0.6059
vn -0.7556 -0.2283 -0.6139
vn -0.3693 -0.6208 -0.6915
vn -0.3781 -0.6223 -0.6854
vn 0.3223 -0.7703 -0.5502
vn 0.1344 -0.7428 -0.6558
vn 0.8921 -0.4026 -0.2053
vn 0.6672 -0.5572 -0.4944
vn 0.9095 0.2431 0.3372
vn 0.9999 -0.0078 -0.0079
vn 0.3063 0.5812 0.7539
vn 0.2992 0.5826 0.7557
vn -0.4112 -0.6640 -0.6245
vn -0.4111 -0.6640 -0.6245
vn 0.3073 -0.8431 -0.4413
vn 0.3073 -0.8431 -0.4412
vn 0.8498 -0.5271 0.0000
vn 0.8920 0.0948 0.4420
vn 0.4111 0.6640 0.6245
vn 0.4111 0.6641 0.6245
vn -0.3073 0.8431 0.4413
vn -0.8497 0.5273 -0.0000
vn -0.8920 -0.0948 -0.4420
vn 0.0079 0.9999 0.0079
vn 0.0157 0.9998 0.0079
vn -0.0079 0.9998 0.0157
vn -0.7564 -0.6541 -0.0000
vn -0.6198 -0.7847 0.0000
vn -0.3305 -0.9438 0.0000
vn -0.0078 -0.9998 -0.0158
vn -0.8020 0.5973 0.0001
vn -0.7676 0.6410 -0.0000
vn -0.9153 0.4028 0.0000
vn -0.4866 0.8319 0.2668
vn -0.4497 0.7258 0.5206
vn -0.4497 0.7258 -0.5206
vn -0.4866 0.8319 -0.2668
vn -0.2681 -0.9540 -0.1340
vn -0.1179 -0.2279 -0.9665
vn -0.3863 -0.0000 -0.9224
vn -0.3861 0.0001 -0.9224
vn 0.3930 -0.0000 -0.9196
vn 0.3863 -0.0000 -0.9224
vn 0.3000 -0.9539 -0.0000
vn 0.4816 -0.8764 0.0079
vn 0.9317 -0.3633 0.0000
vn 0.5925 -0.1106 0.7979
vn 0.9805 -0.1804 0.0784
vn 0.9720 -0.1739 0.1580
vn 0.6775 -0.1261 0.7247
vn -0.6237 0.1105 0.7738
vn -0.5195 0.0866 0.8500
vn -0.9205 0.1652 0.3540
vn -0.9231 0.1657 0.3472
vn -0.7946 0.6058 0.0394
vn -0.8048 0.5917 0.0473
vn -0.7946 0.6058 0.0393
vn -0.8119 0.5833 0.0236
vn -0.9095 0.4158 0.0000
vn 0.1492 -0.2985 0.9427
vn 0.1414 0.0079 0.9899
vn 0.1416 -0.2989 0.9437
vn -0.0236 0.9997 -0.0078
vn -0.3068 0.9518 -0.0001
vn -0.3139 0.9495 -0.0000
vn 0.3768 -0.8714 -0.3140
vn 0.3766 -0.8716 0.3139
vn -0.1733 0.9060 0.3861
vn 0.6525 0.3852 0.6525
vn 0.6525 0.3852 -0.6525
vn -0.0711 0.3948 -0.9160
vn -0.3776 0.1573 -0.9125
vn 0.6533 -0.3542 -0.6691
vn -0.2207 -0.3390 -0.9145
vn 0.6534 -0.3542 0.6691
vn -0.2282 -0.3384 0.9129
vn -0.0704 0.3920 0.9173
vn -0.3848 0.1492 0.9109
vn 0.0471 -0.0236 0.9986
vn 0.0157 -0.0236 0.9996
vn 0.1500 -0.0553 0.9871
vn 0.0236 -0.0315 0.9992
vn -0.0157 -0.0236 0.9996
vn -0.0158 -0.0236 0.9996
vn -0.0157 0.0393 0.9991
vn 0.0000 0.1182 0.9930
vn -0.0157 0.0157 0.9998
vn -0.4234 -0.3215 0.8470
vn -0.6284 -0.4792 0.6127
vn -0.1654 -0.1264 0.9781
vn 0.7949 0.6060 0.0315
vn 0.7390 0.5581 0.3773
vn 0.7574 0.5759 -0.3077
vn -0.3710 -0.2842 -0.8841
vn -0.1100 -0.0864 -0.9902
vn -0.5911 -0.4492 -0.6699
vn -0.5911 -0.4493 -0.6699
vn -0.6063 0.7952 -0.0000
vn -0.6062 0.7953 -0.0000
vn -0.6064 0.7952 -0.0000
vn 0.6064 -0.7952 -0.0000
vn 0.6063 -0.7952 0.0000
vn 0.6062 -0.7953 -0.0000
vn 0.4936 0.0000 0.8697
vn 0.4937 0.0000 0.8697
vn 1.0000 0.0000 0.0077
vn 0.5063 0.0000 -0.8624
vn 0.5064 0.0000 -0.8623
vn -0.4936 0.0000 -0.8697
vn -1.0000 0.0000 -0.0082
vn -0.5064 0.0000 0.8623
vn -0.5063 0.0000 0.8623
vn -1.0000 0.0000 -0.0077
vn -0.5063 -0.0000 0.8624
vn -0.5062 0.0000 0.8624
vn 0.5062 0.0000 -0.8624
vn 0.4970 0.0000 0.8678
vn 0.5063 0.0000 -0.8623
vn -0.4935 -0.0000 -0.8697
vn -0.4970 -0.0000 0.8678
vn 0.5029 -0.0000 0.8643
vn 0.5029 -0.0000 0.8644
vn -0.5029 -0.0000 0.8643
vn -0.4970 -0.0000 -0.8677
vn 0.5029 0.0000 -0.8643
vn 0.5029 0.0000 -0.8644
vn -0.4970 0.0000 -0.8678
vn 0.4970 -0.0000 0.8677
vn -0.5029 -0.0000 0.8644
vn 0.9862 -0.0000 0.1658
vn 0.9438 -0.0000 0.3304
vn 0.9439 -0.0000 0.3303
vn 0.9862 0.0000 -0.1658
vn 0.9862 0.0000 -0.1657
vn 0.9439 0.0000 -0.3303
vn 0.7071 0.0079 -0.7071
vn -0.7071 -0.0079 0.7071
vn -0.9224 -0.0000 0.3863
vn 0.9021 0.4314 0.0000
vn 0.8644 0.5029 0.0000
vn 0.8284 -0.5602 0.0079
vn 0.3232 -0.9462 0.0158
vn 0.3373 -0.9414 0.0078
vn -0.7750 0.6320 0.0000
vn -0.3708 0.6076 -0.7023
vn -0.5178 0.8555 0.0000
vn 0.5183 -0.8552 0.0000
vn 0.3620 -0.6060 0.7083
vn 0.0000 -0.0078 1.0000
vn -0.3709 0.6076 0.7023
vn 0.3688 -0.6043 -0.7063
vn 0.5272 -0.8497 -0.0000
vn 0.3689 -0.6043 0.7063
vn 0.2516 0.9678 0.0000
vn 0.9835 -0.1811 0.0000
vn 0.8497 -0.5272 -0.0000
vn 0.2924 0.9563 -0.0000
vn -0.1337 0.9910 0.0000
vn 0.9153 0.4027 -0.0000
vn 0.7492 -0.6623 -0.0000
vn 0.7491 -0.6624 0.0000
vn 0.1337 -0.9910 0.0000
vn -0.5029 0.8644 -0.0000
vn 0.5029 -0.8644 -0.0000
vn -0.5029 -0.8644 0.0000
vn -0.4970 0.8677 -0.0000
vn -0.4970 -0.8677 0.0000
vn 0.9125 -0.0079 0.4090
vn -0.0000 0.5655 -0.8247
vn 0.8186 0.5744 -0.0001
vn 0.0707 -0.0079 0.9975
vn 0.0079 0.5745 0.8185
vn -0.9095 -0.0079 0.4156
vn -0.8185 0.5745 -0.0079
vn 0.9095 -0.4155 0.0079
vn 0.7954 -0.0945 -0.5986
vn 0.0079 -0.6831 -0.7302
vn 0.0079 -0.9021 -0.4315
vn -0.0078 0.6831 -0.7302
vn -0.0079 0.9021 -0.4315
vn -0.9252 0.3795 0.0000
vn 0.9252 -0.3795 -0.0000
vn 0.7110 -0.7032 0.0000
vn -0.7032 -0.7110 -0.0001
vn -0.7111 0.7031 -0.0000
vn -0.9821 -0.1885 0.0000
vn 0.2292 -0.7040 -0.6721
vn 0.4344 -0.6004 -0.6714
vn 0.6004 -0.4344 -0.6714
vn 0.7040 -0.2293 -0.6722
vn 0.7417 -0.0000 -0.6707
vn 0.7039 0.2293 -0.6722
vn 0.8084 0.5887 -0.0000
vn 0.6004 0.4344 -0.6714
vn 0.5887 0.8083 -0.0000
vn 0.4345 0.6003 -0.6714
vn 0.2292 0.7040 -0.6721
vn 0.0000 0.7418 -0.6707
vn -0.2292 0.7040 -0.6721
vn -0.4345 0.6003 -0.6714
vn -0.8085 0.5886 0.0000
vn -0.6004 0.4344 -0.6714
vn -0.7040 0.2293 -0.6722
vn -0.7417 0.0000 -0.6707
vn -0.7040 -0.2293 -0.6722
vn -0.8083 -0.5888 0.0000
vn -0.6003 -0.4345 -0.6714
vn -0.5887 -0.8084 0.0000
vn -0.4344 -0.6004 -0.6714
vn -0.2293 -0.7040 -0.6722
vn -0.0000 -0.7417 -0.6707
vn 0.3063 -0.9346 -0.1806
vn 0.0000 -0.9835 -0.1811
vn 0.5760 -0.7970 -0.1815
vn 0.5761 -0.7970 -0.1815
vn 0.7970 -0.5761 -0.1815
vn 0.9346 -0.3063 -0.1806
vn 0.9347 -0.3063 -0.1806
vn 0.9835 -0.0000 -0.1807
vn 0.9346 0.3063 -0.1806
vn 0.7970 0.5760 -0.1815
vn 0.7970 0.5761 -0.1815
vn 0.5760 0.7970 -0.1815
vn 0.5761 0.7970 -0.1815
vn 0.3063 0.9346 -0.1806
vn -0.0000 0.9835 -0.1808
vn -0.3063 0.9346 -0.1806
vn -0.5761 0.7970 -0.1815
vn -0.7970 0.5760 -0.1815
vn -0.7970 0.5761 -0.1815
vn -0.9346 0.3063 -0.1806
vn -0.9835 0.0000 -0.1808
vn -0.9346 -0.3063 -0.1806
vn -0.7970 -0.5761 -0.1815
vn -0.5761 -0.7970 -0.1815
vn -0.3063 -0.9346 -0.1806
vn 0.9659 0.2588 0.0000
vn 0.7099 0.1893 -0.6783
vn 0.6371 0.3697 -0.6764
vn 0.5200 0.5200 -0.6777
vn 0.4970 0.8678 -0.0000
vn 0.3697 0.6371 -0.6764
vn 0.1894 0.7098 -0.6784
vn -0.0000 0.7343 -0.6789
vn -0.1893 0.7099 -0.6784
vn -0.3697 0.6371 -0.6764
vn -0.5200 0.5200 -0.6777
vn -0.8644 0.5029 -0.0000
vn -0.6371 0.3697 -0.6764
vn -0.7098 0.1894 -0.6784
vn -0.7343 -0.0000 -0.6789
vn -0.7099 -0.1894 -0.6784
vn -0.6371 -0.3697 -0.6764
vn -0.5200 -0.5200 -0.6776
vn -0.3697 -0.6371 -0.6764
vn -0.1894 -0.7098 -0.6784
vn 0.0000 -0.7343 -0.6789
vn 0.1894 -0.7099 -0.6784
vn 0.3697 -0.6371 -0.6764
vn 0.5200 -0.5200 -0.6777
vn 0.6371 -0.3697 -0.6764
vn 0.7099 -0.1893 -0.6784
vn 0.7343 -0.0000 -0.6789
vn 0.9413 0.3376 0.0000
vn 0.9980 0.0629 0.0000
vn 0.5886 0.8084 -0.0000
vn -0.9999 0.0157 0.0000
vn -0.9899 -0.1415 -0.0000
vn -0.9900 -0.1413 0.0000
vn 0.9697 -0.2444 0.0000
vn -0.8284 -0.0001 0.5602
vn 0.0707 -0.0001 0.9975
vn -0.8284 -0.0000 0.5602
vn -0.0707 0.0000 -0.9975
vn 0.8284 -0.0001 -0.5602
vn -0.9415 -0.3371 0.0000
vn -0.9317 0.3632 0.0000
vn -0.0000 -0.1961 0.9806
vn 0.0000 -0.1963 -0.9805
vn -0.8643 -0.0000 0.5029
vn -0.8976 0.0000 0.4409
vn -0.8284 -0.0000 -0.5602
vn 0.0707 0.0000 -0.9975
vn 0.8678 0.0000 0.4970
vn 0.8284 0.0000 0.5602
vn -0.0707 0.0000 0.9975
vn 0.0000 -0.1182 0.9930
vn -0.0000 -0.4814 0.8765
vn 0.0000 -0.8731 0.4876
vn -0.0000 -0.8764 0.4815
vn 0.0000 0.1108 -0.9938
vn 0.0000 0.1104 -0.9939
vn 0.0000 0.4723 -0.8814
vn 0.0000 0.9196 -0.3929
vn -0.0000 0.9195 -0.3930
vn 0.0000 0.9317 0.3632
vn 0.0000 0.5121 0.8589
vn 0.0000 0.1260 0.9920
vn 0.0000 0.1259 0.9920
vn 0.0000 -0.1411 -0.9900
vn 0.0000 -0.1414 -0.9899
vn 0.0000 -0.5179 -0.8554
vn 0.0000 -0.8928 -0.4504
vn -0.0000 -0.8864 -0.4628
vn -0.0000 -0.8865 -0.4628
vn 0.7032 -0.0000 -0.7110
vn 0.7032 0.0000 0.7110
vn 0.4091 0.9125 -0.0000
vn 0.4090 0.9125 0.0000
vn 0.9195 0.3930 0.0000
vn 0.9541 -0.2996 0.0000
vn 0.5835 -0.8121 0.0000
vn 0.0870 -0.9962 0.0000
vn -0.5565 -0.8308 0.0000
vn -0.6751 -0.7377 -0.0000
vn -0.7417 -0.6707 0.0000
vn -0.6750 -0.7378 0.0000
vn -0.6063 -0.7952 0.0000
vn -0.6063 -0.7953 -0.0000
vn -0.5744 -0.8185 -0.0000
vn -0.4090 -0.9125 -0.0000
vn -0.4091 -0.9125 0.0000
vn -0.9125 -0.4090 0.0000
vn -0.9125 -0.4091 0.0000
vn -0.9591 0.2830 0.0000
vn -0.5836 0.8121 -0.0000
vn -0.0782 0.9969 0.0000
vn -0.0787 0.9969 0.0000
vn 0.5601 0.8284 0.0000
vn 0.6753 0.7376 0.0000
vn 0.7417 0.6707 0.0000
vn 0.6063 0.7953 0.0000
vn 0.6063 0.7952 0.0000
vn -0.0786 0.9969 0.0000
vn -0.5744 -0.8186 0.0000
vn -0.7597 0.6502 -0.0000
vn -0.7598 0.6502 -0.0000
vn -0.6371 0.7708 -0.0000
vn -0.1736 0.9848 0.0000
vn 0.1736 0.9848 0.0000
vn 0.7637 0.6456 0.0000
vn 0.9405 0.3398 -0.0000
vn 0.9405 -0.3398 -0.0000
vn 0.9405 -0.3399 -0.0000
vn 0.7675 -0.6411 -0.0000
vn 0.6455 -0.7637 0.0000
vn 0.6452 -0.7640 0.0000
vn -0.5981 0.6296 0.4958
vn -0.5981 0.6296 -0.4958
vn 0.6011 -0.6248 -0.4983
vn 0.6061 -0.6219 -0.4959
vn 0.6061 -0.6219 0.4959
vn 0.0079 -0.0079 0.9999
vn -0.0079 0.0079 0.9999
vn -0.6061 0.6219 -0.4959
vn -0.6037 0.6194 -0.5018
vn -0.6061 0.6219 0.4959
vn -0.6037 0.6195 0.5018
vn 0.6037 -0.6194 0.5018
vn 0.6037 -0.6194 -0.5018
vn -0.6011 0.6248 -0.4983
vn -0.5987 0.6224 0.5042
vn -0.6011 0.6248 0.4983
vn 0.5987 -0.6224 0.5042
vn 0.6011 -0.6248 0.4983
vn -0.8765 -0.4814 0.0000
vn -0.9997 0.0236 0.0000
vn -0.5179 -0.8554 0.0000
vn -0.5183 -0.8552 0.0000
vn -0.0235 -0.9997 0.0000
vn 0.4814 -0.8765 0.0000
vn 0.8554 -0.5179 0.0000
vn 0.9997 -0.0235 0.0000
vn 0.8765 0.4814 0.0000
vn 0.5179 0.8554 -0.0000
vn 0.5183 0.8552 0.0000
vn 0.0235 0.9997 0.0000
vn -0.4814 0.8765 0.0000
vn -0.8554 0.5179 -0.0000
vn 0.3706 0.5992 -0.7096
vn 0.6863 0.1578 -0.7100
vn -0.1578 0.6863 -0.7100
vn -0.5992 0.3706 -0.7096
vn -0.6863 -0.1578 -0.7099
vn -0.6863 -0.1578 -0.7100
vn -0.3706 -0.5993 -0.7096
vn -0.3706 -0.5992 -0.7096
vn 0.1578 -0.6863 -0.7100
vn 0.5993 -0.3706 -0.7096
vn -0.1961 -0.9806 0.0000
vn -0.5565 -0.8309 0.0000
vn 0.5565 -0.8309 -0.0000
vn 0.5564 -0.8309 0.0000
vn 0.8308 -0.5565 0.0000
vn 0.9806 -0.1961 0.0000
vn 0.9806 0.1961 -0.0000
vn 0.8308 0.5565 -0.0000
vn 0.5564 0.8309 0.0000
vn 0.5565 0.8309 -0.0000
vn 0.1962 0.9806 0.0000
vn 0.1961 0.9806 0.0000
vn -0.5564 0.8309 -0.0000
vn -0.8309 0.5565 -0.0000
vn -0.8309 0.5564 -0.0000
vn -0.9806 0.1961 0.0000
vn -0.9806 -0.1961 -0.0000
vn -0.8308 -0.5565 0.0000
vn -0.8309 -0.5564 0.0000
vn 0.0474 -0.8430 -0.5358
vn 0.0791 -0.8447 -0.5293
vn 0.0785 -0.8470 -0.5258
vn 0.0547 -0.8427 -0.5355
vn 0.0548 -0.8427 -0.5356
vn 0.0547 -0.8630 -0.5022
vn 0.0548 -0.8631 -0.5021
vn 0.0474 -0.8668 -0.4963
vn 0.0475 -0.8668 -0.4963
vn 0.0472 -0.8669 -0.4963
vn 0.0472 -0.8669 -0.4962
vn 0.0471 -0.8669 -0.4963
vn 0.0474 -0.8666 -0.4967
vn -0.7975 -0.3632 0.4817
vn -0.5744 -0.4721 0.6688
vn -0.5848 -0.4662 0.6638
vn -0.8004 -0.3609 0.4787
vn -0.9959 -0.0869 0.0237
vn -0.9968 -0.0785 0.0157
vn -0.9045 0.1652 -0.3933
vn -0.9033 0.1728 -0.3927
vn -0.5351 0.3935 -0.7476
vn 0.1415 0.4954 -0.8571
vn 0.1416 0.4954 -0.8571
vn 0.4806 0.4570 -0.7485
vn 0.1415 0.4965 -0.8564
vn 0.4806 0.4569 -0.7485
vn -0.0550 0.8427 0.5356
vn -0.1259 0.8029 0.5826
vn -0.1179 0.8101 0.5743
vn -0.0471 0.8431 0.5357
vn -0.0547 0.8428 0.5354
vn -0.0545 0.8392 0.5410
vn -0.0550 0.8631 0.5021
vn -0.0551 0.8631 0.5021
vn -0.0473 0.8668 0.4963
vn -0.0473 0.8668 0.4964
vn -0.0473 0.8667 0.4965
vn -0.0474 0.8669 0.4963
vn -0.0472 0.8666 0.4968
vn 0.8049 0.3472 -0.4813
vn 0.5828 0.4489 -0.6773
vn 0.6156 0.4498 -0.6471
vn 0.8163 0.3454 -0.4631
vn 0.9968 0.0785 -0.0157
vn 0.9960 0.0863 -0.0235
vn 0.9045 -0.1652 0.3933
vn 0.5350 -0.3935 0.7476
vn 0.5351 -0.3935 0.7476
vn -0.1415 -0.4954 0.8571
vn -0.4806 -0.4570 0.7485
vn -0.4806 -0.4569 0.7485
vn 0.9612 -0.2758 0.0000
vn -0.2369 0.9715 0.0000
vn 0.2370 -0.9715 0.0000
vn 0.2369 -0.9715 -0.0000
vn 0.0158 -0.5923 -0.8056
vn 0.0237 -0.5833 -0.8119
vn 0.0000 0.8944 -0.4472
vn 0.0079 0.8928 -0.4504
vn 0.0001 0.0077 -1.0000
vn -0.0001 0.0080 -1.0000
vn -0.0000 0.0156 -0.9999
vn -0.5349 0.6843 0.4956
vn -0.5349 0.6843 -0.4956
vn -0.7015 0.3468 -0.6226
vn -0.7015 0.3468 0.6226
vn -0.7015 -0.3468 -0.6226
vn -0.5293 -0.6872 -0.4976
vn -0.7015 -0.3468 0.6226
vn -0.5292 -0.6872 0.4976
vn -0.6789 -0.0079 -0.7342
vn -0.6706 0.0000 -0.7418
vn -0.6707 0.0079 -0.7417
vn -0.6750 0.0000 -0.7378
vn -0.6536 0.1575 -0.7403
vn -0.6455 0.1889 -0.7400
vn -0.8546 0.5018 -0.1333
vn -0.8626 0.4939 -0.1098
vn -0.8206 0.5444 -0.1736
vn -0.8183 0.5429 -0.1888
vn -0.7698 0.6048 -0.2042
vn -0.7665 0.6085 -0.2054
vn -0.7276 0.6406 -0.2452
vn -0.7262 0.6394 -0.2526
vn -0.6992 0.6599 -0.2749
vn -0.6722 0.6801 -0.2926
vn -0.6531 0.6924 -0.3068
vn -0.6291 0.6921 -0.3539
vn -0.6153 0.7494 -0.2446
vn -0.6129 0.7464 -0.2593
vn -0.6709 0.7262 -0.1499
vn -0.6763 0.7161 -0.1728
vn -0.6872 0.7264 -0.0000
vn -0.6871 0.7266 -0.0000
vn -0.6763 0.7161 0.1728
vn -0.6710 0.7261 0.1501
vn -0.6129 0.7464 0.2593
vn -0.6153 0.7494 0.2445
vn -0.6531 0.6924 0.3068
vn -0.6291 0.6921 0.3539
vn -0.6722 0.6801 0.2926
vn -0.6992 0.6599 0.2749
vn -0.7262 0.6394 0.2526
vn -0.7276 0.6406 0.2453
vn -0.7665 0.6085 0.2054
vn -0.7698 0.6048 0.2042
vn -0.8206 0.5444 0.1736
vn -0.8183 0.5429 0.1888
vn -0.8547 0.5018 0.1333
vn -0.8625 0.4940 0.1098
vn -0.9980 0.0000 -0.0628
vn -0.9980 0.0000 0.0628
vn -0.2518 -0.9677 -0.0157
vn -0.1489 -0.9877 -0.0470
vn -0.3768 -0.9263 -0.0078
vn -0.5797 -0.8148 -0.0000
vn -0.7149 -0.6992 0.0000
vn -0.7150 -0.6991 -0.0000
vn -0.8185 -0.5745 0.0000
vn -0.8247 -0.5655 0.0000
vn -0.9888 -0.1491 -0.0000
vn -0.9820 -0.1886 -0.0079
vn -0.9969 -0.0785 -0.0078
vn -0.9969 -0.0785 0.0078
vn -0.9820 -0.1886 0.0079
vn -0.7148 -0.6993 -0.0000
vn -0.3768 -0.9263 0.0079
vn -0.2518 -0.9677 0.0157
vn -0.1490 -0.9877 0.0470
vn 0.0237 -0.5833 0.8119
vn 0.0157 -0.5923 0.8056
vn 0.0001 0.8944 0.4472
vn 0.0079 0.8928 0.4504
vn -0.6707 0.0079 0.7417
vn -0.6706 0.0000 0.7418
vn -0.6789 -0.0079 0.7342
vn -0.6750 0.0000 0.7378
vn -0.6536 0.1576 0.7403
vn -0.6456 0.1889 0.7400
vn 0.1733 -0.0000 0.9849
vn -0.0000 -0.0159 0.9999
vn 0.0000 -0.0159 -0.9999
vn 0.9888 0.0000 0.1491
vn 0.9563 -0.0000 0.2925
vn 0.9563 0.0000 0.2923
vn 0.9888 0.0000 0.1492
vn 0.0000 -0.0549 -0.9985
vn 0.0000 -0.2759 -0.9612
vn 0.0000 -0.5419 -0.8404
vn 0.0000 -0.5419 -0.8405
vn 0.0000 -0.9154 -0.4025
vn -0.0000 -0.9930 -0.1181
vn 0.0000 -0.9930 -0.1182
vn 0.0000 -0.9930 0.1182
vn -0.0000 -0.9930 0.1183
vn -0.0000 -0.9154 0.4025
vn 0.0000 -0.7417 0.6707
vn -0.0000 -0.5419 0.8404
vn 0.0000 -0.2759 0.9612
vn 0.0000 -0.0549 0.9985
vn -0.0000 0.0707 0.9975
vn -0.0000 0.2923 0.9563
vn -0.0000 0.2924 0.9563
vn -0.0000 0.5510 0.8345
vn -0.0000 0.7635 0.6458
vn 0.0000 0.7637 0.6456
vn -0.0000 0.9154 0.4025
vn 0.0000 0.9154 0.4024
vn -0.0000 0.9900 0.1414
vn -0.0000 0.9900 -0.1414
vn -0.0000 0.9154 -0.4025
vn -0.0000 0.7635 -0.6458
vn 0.0000 0.7637 -0.6456
vn 0.0000 0.5511 -0.8344
vn -0.0000 0.5510 -0.8345
vn 0.0000 0.2924 -0.9563
vn -0.0000 0.2923 -0.9563
vn -0.0000 0.0707 -0.9975
vn 0.0942 0.2433 0.9654
vn -0.9479 -0.2765 -0.1579
vn -0.9919 -0.0472 0.1181
vn -0.0314 0.0235 0.9992
vn -0.9999 -0.0078 -0.0079
vn -0.0000 -0.6992 -0.7149
vn -0.0079 0.0078 -0.9999
vn 0.9442 -0.1810 -0.2754
vn 0.9997 0.0236 -0.0079
vn 0.9867 0.1026 -0.1263
vn 0.1491 -0.9887 0.0157
vn 0.5886 -0.8084 0.0000
vn -0.9517 -0.3069 -0.0000
vn -0.5886 -0.8085 -0.0000
vn -0.3863 -0.9224 0.0000
vn 0.1963 0.9806 -0.0000
vn 0.3863 0.9224 -0.0000
vn 0.4410 0.0000 -0.8975
vn -0.1105 -0.0000 -0.9939
vn -0.1104 -0.0000 -0.9939
vn -0.4091 0.9125 -0.0000
vn -0.4090 0.9125 0.0000
vn -0.1962 -0.9806 -0.0000
vn -0.3862 -0.9224 -0.0000
vn 0.5121 -0.0079 0.8589
vn 0.5031 -0.0000 0.8642
vn -0.0393 -0.0000 0.9992
vn -0.0392 -0.0000 0.9992
vn -0.8642 -0.0000 0.5031
vn 0.5030 -0.0000 0.8643
vn 0.5063 0.0000 0.8623
vn 0.5181 0.8554 0.0000
vn -0.4815 0.8765 -0.0000
vn -0.8765 -0.4815 0.0000
vn 0.8990 0.1025 0.4259
vn 0.8648 -0.1727 0.4715
vn 0.4176 0.6619 0.6225
vn 0.7698 0.2043 0.6047
vn -0.8498 0.5271 -0.0000
vn -0.8920 -0.0949 -0.4420
vn -0.8920 -0.0947 -0.4420
vn -0.4111 -0.6641 -0.6245
vn 0.3144 -0.8411 -0.4402
vn 0.3155 -0.8440 -0.4338
vn 0.7625 -0.6446 -0.0550
vn 0.5738 -0.8093 -0.1256
vn 0.8532 -0.5214 -0.0079
vn 0.3314 0.5288 -0.7813
vn -0.2203 0.9754 -0.0078
vn -0.1809 0.9835 0.0000
vn -0.6786 0.7345 0.0000
vn -0.6449 0.7628 -0.0472
vn -0.8345 -0.5510 0.0000
vn -0.1414 0.9897 -0.0235
vn -0.8793 -0.4710 -0.0707
vn -0.2202 -0.9753 -0.0157
vn -0.6131 0.7861 -0.0786
vn -0.2516 0.9673 -0.0315
vn -0.8551 -0.5099 -0.0942
vn -0.1414 -0.9898 -0.0157
vn -0.7398 0.2754 -0.6139
vn -0.4483 0.8337 -0.3225
vn -0.1656 0.9781 -0.1262
vn -0.0315 0.9844 -0.1733
vn -0.1501 0.7030 -0.6951
vn -0.1656 0.0394 -0.9854
vn 0.0000 0.8084 -0.5886
vn 0.0158 0.1026 -0.9946
vn -0.0079 0.9992 -0.0393
vn -0.0471 0.9978 -0.0471
vn -0.5038 -0.2755 0.8187
vn -0.4735 -0.1894 0.8602
vn 0.1729 0.0707 0.9824
vn 0.0393 0.0079 0.9992
vn 0.8508 0.3388 0.4017
vn -0.4328 -0.3777 0.8185
vn 0.7972 0.4026 0.4499
vn 0.8508 0.3387 -0.4018
vn 0.0393 0.0157 0.9991
vn -0.3548 -0.4494 0.8199
vn 0.7972 0.4026 -0.4499
vn 0.1729 0.0707 -0.9824
vn 0.6919 0.5661 0.4482
vn 0.0157 0.0236 0.9996
vn -0.2756 -0.5037 0.8187
vn 0.0393 0.0078 -0.9992
vn -0.4796 -0.1887 -0.8570
vn -0.5038 -0.2754 -0.8187
vn -0.1888 -0.5429 0.8183
vn 0.0472 0.0157 -0.9988
vn -0.4328 -0.3778 -0.8185
vn 0.6919 0.5661 -0.4482
vn 0.0157 0.0236 -0.9996
vn -0.3548 -0.4495 -0.8198
vn 0.5522 0.7021 -0.4496
vn 0.5522 0.7021 0.4496
vn 0.4338 0.7808 0.4496
vn 0.4338 0.7808 -0.4496
vn -0.2756 -0.5037 -0.8187
vn 0.0079 0.0315 0.9995
vn -0.0709 -0.5677 0.8201
vn 0.2919 0.8441 0.4497
vn 0.0078 0.0472 0.9989
vn 0.0000 -0.5602 0.8284
vn 0.6324 -0.0079 0.7746
vn 0.1176 0.8866 0.4474
vn 0.1803 0.9569 0.2275
vn 0.2919 0.8441 -0.4497
vn 0.1176 0.8866 -0.4473
vn 0.0079 0.0315 -0.9995
vn -0.1888 -0.5429 -0.8183
vn 0.0000 0.0472 -0.9989
vn -0.0710 -0.5678 -0.8201
vn -0.0079 -0.5601 -0.8284
vn -0.0631 0.0946 -0.9935
vn -0.3939 0.0946 -0.9143
vn 0.1883 -0.2511 -0.9495
vn -0.3229 -0.2756 -0.9054
vn 0.1337 -0.0236 -0.9907
vn -0.3862 -0.0237 -0.9221
vn -0.0711 0.3948 0.9160
vn -0.3776 0.1573 0.9125
vn -0.2207 -0.3390 0.9145
vn -0.0000 -0.9806 -0.1961
vn -0.8589 -0.4964 -0.1261
vn 0.0236 -0.7950 -0.6061
vn 0.0471 -0.5968 -0.8010
vn 0.2049 -0.8434 -0.4966
vn 0.4392 0.2509 -0.8626
vn 0.3706 -0.5598 -0.7411
vn 0.1259 0.7397 -0.6610
vn 0.6929 0.7085 0.1338
vn 0.2843 0.7661 -0.5765
vn 0.8050 0.3236 -0.4972
vn 0.7851 -0.5339 -0.3140
vn -0.0473 0.9936 0.1025
vn 0.1255 0.9883 0.0863
vn 0.8589 0.4413 0.2600
vn 0.2590 0.9577 0.1256
vn -0.0473 0.9936 -0.1025
vn 0.6928 0.7086 -0.1338
vn 0.2591 0.9577 -0.1256
vn 0.8805 0.3066 0.3616
vn 0.8476 -0.4631 0.2590
vn 0.5507 -0.7631 -0.3383
vn 0.6376 -0.7635 0.1023
vn 0.9066 -0.3547 0.2286
vn 0.9125 -0.4090 0.0000
vn 0.8805 0.3066 -0.3616
vn 0.9066 -0.3548 -0.2286
vn 0.9125 -0.4091 0.0000
vn 0.6376 -0.7635 -0.1023
vn 0.8476 -0.4631 -0.2590
vn 0.8589 0.4413 -0.2600
vn 0.1255 0.9883 -0.0863
vn 0.8050 0.3236 0.4972
vn 0.7851 -0.5339 0.3140
vn 0.5507 -0.7631 0.3383
vn 0.2049 -0.8434 0.4966
vn 0.3706 -0.5598 0.7412
vn 0.2843 0.7661 0.5765
vn 0.0471 -0.5968 0.8010
vn 0.1259 0.7397 0.6611
vn 0.4392 0.2509 0.8626
vn -0.0000 -0.9806 0.1961
vn 0.0236 -0.7950 0.6061
vn -0.8589 -0.4964 0.1261
vn -0.2202 0.9754 0.0079
vn -0.6449 0.7628 0.0472
vn -0.1414 0.9897 0.0236
vn -0.6131 0.7861 0.0786
vn -0.2517 0.9673 0.0314
vn -0.8793 -0.4710 0.0707
vn -0.2202 -0.9753 0.0157
vn -0.8551 -0.5099 0.0941
vn -0.1414 -0.9898 0.0157
vn -0.7398 0.2755 0.6139
vn -0.4483 0.8337 0.3225
vn -0.1656 0.9781 0.1262
vn -0.0315 0.9844 0.1733
vn -0.1501 0.7030 0.6951
vn -0.1656 0.0394 0.9854
vn 0.0000 0.8084 0.5886
vn 0.0158 0.1026 0.9946
vn -0.0079 0.9992 0.0393
vn -0.0471 0.9978 0.0471
vn -0.4735 -0.1894 -0.8602
vn -0.5037 -0.2755 -0.8188
vn 0.0393 0.0079 -0.9992
vn 0.8508 0.3388 -0.4017
vn 0.0394 0.0157 -0.9991
vn -0.3548 -0.4494 -0.8198
vn 0.8508 0.3387 0.4018
vn 0.1730 0.0708 0.9824
vn 0.0393 0.0078 0.9992
vn -0.4796 -0.1887 0.8570
vn 0.0472 0.0157 0.9988
vn -0.4328 -0.3778 0.8185
vn 0.5522 0.7020 -0.4497
vn -0.3547 -0.4493 0.8199
vn -0.0709 -0.5677 -0.8201
vn 0.0078 0.0472 -0.9989
vn 0.0000 -0.5602 -0.8284
vn 0.6324 -0.0079 -0.7746
vn 0.1176 0.8866 -0.4474
vn 0.1803 0.9569 -0.2275
vn 0.1176 0.8866 0.4473
vn 0.0000 0.0472 0.9989
vn -0.0710 -0.5678 0.8201
vn -0.0079 -0.5601 0.8284
vn -0.0631 0.0946 0.9935
vn -0.3939 0.0946 0.9143
vn 0.1884 -0.2511 0.9495
vn -0.3228 -0.2756 0.9055
vn 0.1337 -0.0236 0.9907
vn -0.3861 -0.0237 0.9221
vn -0.1734 -0.9848 -0.0000
vn -0.2996 -0.9541 -0.0000
vn 0.0157 0.0550 0.9984
vn -0.5510 -0.8345 -0.0000
vn 0.1734 0.9849 -0.0000
vn 0.0393 0.0628 0.9973
vn -0.7885 -0.6150 -0.0000
vn 0.2995 0.9541 0.0000
vn 0.0550 0.0471 0.9974
vn 0.5511 0.8344 0.0000
vn 0.0157 0.0550 -0.9984
vn 0.0393 0.0628 -0.9973
vn 0.7885 0.6150 -0.0000
vn 0.0550 0.0471 -0.9974
vn 0.0315 0.0157 0.9994
vn 0.9125 0.4091 0.0000
vn 0.0314 0.0157 -0.9994
vn 0.9007 0.4345 0.0000
vn -0.0395 0.1026 0.9939
vn -0.9697 -0.2443 0.0000
vn -0.0394 0.1103 -0.9931
vn -0.9883 -0.1490 0.0314
vn -0.0943 0.2043 -0.9744
vn 0.8497 0.5271 -0.0157
vn -0.0472 0.2200 0.9744
vn 0.2591 -0.9658 -0.0000
vn 0.7342 -0.6789 0.0079
vn 0.8344 -0.0944 0.5431
vn 0.4017 -0.0631 0.9136
vn 0.8864 0.4628 0.0079
vn -0.0551 -0.9985 0.0000
vn 0.5214 0.8533 0.0001
vn 0.8401 -0.0941 -0.5342
vn 0.1026 -0.0157 0.9946
vn -0.4504 -0.8928 0.0000
vn 0.4017 -0.0630 -0.9136
vn 0.1026 -0.0157 -0.9946
vn 0.2443 0.9697 0.0000
vn -0.3228 0.0551 -0.9449
vn -0.9163 0.1027 -0.3871
vn -0.9569 -0.2902 0.0078
vn -0.8589 0.5122 0.0079
vn -0.1886 0.9821 0.0000
vn -0.3229 0.0550 0.9448
vn -0.9135 0.1024 0.3937
vn -0.1734 -0.9849 -0.0000
vn -0.5511 -0.8344 -0.0000
vn 0.1734 0.9848 -0.0000
vn 0.0392 0.0628 0.9973
vn 0.7885 0.6151 -0.0000
vn 0.9125 0.4090 0.0000
vn -0.0394 0.1025 0.9939
vn -0.0943 0.2044 -0.9743
vn 0.8343 -0.0945 0.5431
vn 0.4017 -0.0630 0.9136
vn 0.8402 -0.0941 -0.5341
vn -0.1885 0.9821 -0.0000
vn -0.6237 0.7816 -0.0000
vn -0.6061 0.7954 -0.0000
vn -0.6324 0.7747 0.0001
vn 0.9064 -0.2522 0.3389
vn 0.8604 -0.4894 0.1421
vn -0.1731 -0.9758 -0.1338
vn -0.1023 -0.9203 -0.3775
vn -0.9871 0.0869 -0.1342
vn 0.7888 -0.3391 0.5127
vn -0.9147 0.1419 -0.3785
vn -0.2512 0.9576 0.1413
vn 0.0314 -0.8181 -0.5742
vn 0.6269 -0.4624 0.6270
vn 0.0000 0.9405 0.3399
vn -0.7804 0.2444 -0.5755
vn 0.2120 -0.6831 -0.6988
vn 0.4495 -0.5993 0.6624
vn -0.1182 0.8508 0.5121
vn -0.5990 0.3862 -0.7015
vn 0.4172 -0.5275 -0.7401
vn 0.4954 -0.7706 0.4010
vn -0.2832 0.7237 0.6293
vn -0.4024 0.5366 -0.7417
vn 0.6159 -0.3712 -0.6949
vn 0.2984 -0.9186 0.2591
vn -0.4641 0.5899 0.6608
vn -0.1969 0.6933 -0.6933
vn 0.7949 -0.2361 -0.5588
vn -0.0079 -0.9463 0.3233
vn -0.6151 0.6782 0.4022
vn -0.0236 0.8281 -0.5600
vn -0.8034 0.5357 0.2599
vn 0.9213 -0.1417 -0.3622
vn -0.0630 -0.9919 0.1102
vn 0.1099 0.9261 -0.3610
vn 0.9893 -0.0864 -0.1178
vn -0.0629 -0.9901 -0.1257
vn -0.9143 0.2443 0.3231
vn 0.1735 0.9777 -0.1183
vn 0.9871 -0.0869 0.1343
vn -0.0000 -0.9405 -0.3399
vn -0.9743 0.1964 0.1100
vn 0.1731 0.9758 0.1338
vn 0.9147 -0.1420 0.3785
vn 0.3069 -0.9133 -0.2677
vn -0.9721 0.1976 -0.1264
vn 0.1023 0.9203 0.3775
vn 0.7804 -0.2444 0.5755
vn 0.5043 -0.7643 -0.4019
vn -0.9064 0.2522 -0.3389
vn -0.0314 0.8181 0.5742
vn 0.5990 -0.3862 0.7015
vn 0.4641 -0.5899 -0.6607
vn -0.8018 0.5345 -0.2673
vn -0.2120 0.6831 0.6988
vn -0.6069 0.6857 -0.4019
vn 0.4024 -0.5366 0.7417
vn 0.6393 -0.4499 -0.6236
vn -0.4173 0.5275 0.7400
vn 0.1970 -0.6932 0.6933
vn 0.7970 -0.3314 -0.5049
vn -0.4495 0.5993 -0.6624
vn -0.6159 0.3711 0.6949
vn 0.0236 -0.8281 0.5600
vn 0.9143 -0.2443 -0.3232
vn -0.2668 0.7378 -0.6200
vn -0.7949 0.2361 0.5588
vn -0.1099 -0.9261 0.3610
vn 0.8613 -0.4900 -0.1343
vn -0.1102 0.8571 -0.5032
vn -0.9213 0.1417 0.3622
vn -0.1735 -0.9777 0.1183
vn 0.0079 0.9463 -0.3233
vn -0.9893 0.0864 0.1178
vn -0.2441 0.9605 -0.1339
vn -0.5683 0.8209 -0.0553
vn -0.8117 -0.5832 -0.0315
vn -0.8034 -0.5592 0.2048
vn -0.6069 0.7330 -0.3074
vn -0.9580 -0.0471 0.2827
vn 0.8284 0.5601 0.0079
vn -0.2516 0.7076 -0.6603
vn -0.9704 0.0474 0.2367
vn 0.9191 0.3614 -0.1572
vn 0.5834 -0.8120 0.0158
vn -0.0706 0.4555 -0.8874
vn -0.9708 0.0395 -0.2368
vn 0.9784 -0.0238 -0.2052
vn 0.4413 -0.8589 0.2601
vn 0.1415 -0.7000 0.6999
vn 0.9848 -0.1103 -0.1339
vn 0.1577 -0.5127 0.8440
vn 0.2444 0.4336 -0.8673
vn -0.9586 -0.0314 -0.2829
vn 0.9818 0.0236 0.1885
vn -0.1421 -0.3947 0.9078
vn 0.1493 0.5895 -0.7939
vn -0.9756 0.0550 -0.2124
vn 0.9766 0.0866 0.1969
vn -0.1894 -0.5841 0.7893
vn 0.1103 0.7485 -0.6539
vn -0.9823 0.1572 -0.1022
vn 0.9870 0.0316 0.1579
vn -0.1495 -0.7557 0.6376
vn 0.0710 0.9228 -0.3786
vn -0.9905 0.1337 0.0314
vn 0.9992 0.0079 0.0393
vn -0.1501 -0.9163 0.3713
vn 0.0947 0.9864 -0.1342
vn -0.9883 0.1255 0.0863
vn 0.9947 -0.0947 -0.0395
vn -0.1181 -0.9839 0.1338
vn 0.1024 0.9927 -0.0630
vn -0.9868 0.1184 0.1106
vn 0.9910 -0.1022 -0.0865
vn -0.1179 -0.9910 0.0629
vn 0.1103 0.9936 -0.0237
vn 0.9868 -0.1105 -0.1184
vn 0.1580 0.9873 -0.0157
vn -0.9871 0.0869 0.1342
vn 0.9858 -0.1104 -0.1262
vn -0.1182 -0.9927 0.0236
vn -0.0394 -0.9992 -0.0000
vn 0.7856 0.6127 0.0864
vn -0.6145 0.7879 0.0394
vn -0.6705 0.7415 -0.0237
vn 0.7458 0.6201 0.2433
vn -0.6622 0.7489 -0.0237
vn 0.6538 -0.7563 0.0236
vn 0.7253 0.5992 0.3390
vn -0.6222 0.7797 -0.0709
vn 0.6782 -0.7334 0.0473
vn -0.7990 -0.6012 -0.0079
vn 0.7798 0.5829 0.2285
vn -0.6236 0.7657 -0.1579
vn 0.6062 -0.7952 -0.0079
vn -0.6362 -0.7147 -0.2906
vn -0.7156 -0.5976 -0.3617
vn 0.6001 -0.7975 0.0632
vn -0.7413 -0.6310 -0.2287
vn 0.7942 0.5976 0.1101
vn -0.6144 0.7640 -0.1969
vn 0.5568 -0.8157 0.1570
vn -0.7762 -0.6194 -0.1176
vn 0.8072 0.5878 -0.0548
vn -0.6236 0.7499 -0.2210
vn 0.5511 -0.8109 0.1968
vn -0.8036 -0.5909 0.0709
vn 0.7810 0.5522 -0.2919
vn -0.6428 0.7210 -0.2587
vn 0.5423 -0.8016 0.2515
vn -0.8247 -0.5026 0.2593
vn 0.7736 0.4026 -0.4894
vn -0.6042 0.7219 -0.3374
vn 0.5352 -0.7870 0.3069
vn -0.7624 -0.4166 0.4952
vn 0.7468 0.3223 -0.5817
vn -0.6692 0.6693 -0.3228
vn 0.6125 -0.7147 0.3377
vn -0.7161 -0.3463 0.6060
vn 0.6866 0.2605 -0.6788
vn -0.7164 0.5590 -0.4174
vn 0.5594 -0.7249 0.4019
vn -0.6845 -0.2282 0.6924
vn 0.6621 0.0315 -0.7488
vn -0.8516 0.3785 -0.3627
vn 0.6736 -0.5640 0.4777
vn -0.5274 -0.1102 0.8424
vn 0.3944 -0.2525 -0.8836
vn -0.8344 0.2046 -0.5117
vn 0.7310 -0.3694 0.5738
vn -0.4179 0.2129 0.8832
vn 0.4559 -0.5502 -0.6996
vn -0.9863 0.0473 -0.1578
vn 0.8365 -0.1105 0.5366
vn -0.2757 0.5830 0.7642
vn 0.2279 -0.7626 -0.6054
vn -0.9973 -0.0628 -0.0393
vn 0.9515 0.0236 0.3067
vn -0.1182 0.7404 0.6616
vn 0.1499 -0.8995 -0.4103
vn -0.9953 -0.0553 0.0790
vn 0.9871 0.1343 0.0869
vn -0.0707 0.9029 0.4239
vn 0.1183 -0.9699 -0.2129
vn -0.9911 -0.0944 0.0944
vn 0.9863 0.1578 -0.0473
vn -0.0866 0.9766 0.1969
vn 0.1181 -0.9922 -0.0394
vn -0.9505 -0.1100 -0.2907
vn 0.9871 0.1342 -0.0868
vn -0.1103 0.9928 0.0473
vn 0.0712 -0.9014 -0.4270
vn 0.8186 0.0944 -0.5666
vn -0.1423 0.8853 -0.4427
vn 0.6051 0.0629 -0.7937
vn -0.0394 -0.7841 -0.6194
vn -0.8769 -0.0790 -0.4741
vn -0.1575 0.7403 -0.6536
vn -0.9925 -0.0867 0.0867
vn 0.0550 -0.9984 0.0157
vn 0.9935 0.0946 -0.0631
vn -0.1259 0.9920 0.0079
vn -0.7132 0.6897 -0.1254
vn 0.0784 -0.1333 -0.9880
vn -0.3554 0.9239 -0.1421
vn 0.7018 -0.7096 0.0630
vn 0.0471 -0.2588 -0.9648
vn 0.1025 0.9780 -0.1814
vn -0.0236 0.0079 0.9997
vn 0.2592 -0.9586 0.1179
vn -0.1020 -0.1648 -0.9810
vn 0.1572 0.9590 -0.2358
vn 0.0948 -0.0237 0.9952
vn -0.1105 -0.9868 0.1184
vn -0.3311 -0.1027 -0.9380
vn 0.0630 0.9768 -0.2048
vn 0.0943 0.1099 0.9895
vn -0.2043 -0.9744 0.0943
vn -0.6706 0.0235 -0.7415
vn -0.1731 0.9758 0.1338
vn 0.3316 0.0868 0.9394
vn -0.2050 -0.9776 0.0473
vn -0.9735 0.0864 -0.2120
vn -0.0866 0.7717 0.6300
vn 0.6821 0.0549 0.7292
vn -0.1340 -0.9696 -0.2049
vn -0.9314 -0.1500 0.3315
vn 0.1811 0.4803 0.8582
vn 0.9547 0.1578 0.2525
vn -0.0946 -0.8122 -0.5756
vn -0.7937 -0.3536 0.4950
vn 0.4502 0.0315 0.8924
vn 0.9271 0.3143 -0.2043
vn -0.2125 -0.4958 -0.8421
vn -0.7309 -0.4244 0.5344
vn 0.5826 -0.4251 0.6928
vn 0.8345 0.4408 -0.3306
vn -0.4501 -0.0316 -0.8924
vn -0.7367 -0.4859 0.4702
vn 0.6003 -0.6556 0.4581
vn 0.8523 0.4340 -0.2920
vn -0.5999 0.4104 -0.6868
vn -0.7541 -0.5263 0.3928
vn 0.5820 -0.7707 0.2595
vn 0.8436 0.4100 -0.3469
vn -0.6305 0.6384 -0.4414
vn -0.7692 -0.5652 0.2982
vn 0.5604 -0.8208 0.1105
vn 0.8269 0.4489 -0.3386
vn -0.6238 0.7423 -0.2448
vn -0.7899 -0.5925 0.1580
vn 0.5506 -0.8338 0.0393
vn 0.8219 0.4980 -0.2765
vn -0.6205 0.7776 -0.1021
vn -0.8055 -0.5923 -0.0158
vn 0.5415 -0.8398 0.0392
vn 0.8192 0.5514 -0.1576
vn -0.6232 0.7810 -0.0395
vn -0.7805 -0.5755 -0.2444
vn 0.4801 -0.8737 0.0787
vn 0.8083 0.5885 0.0157
vn -0.6308 0.7727 -0.0709
vn -0.6478 -0.4977 -0.5767
vn 0.3541 -0.9287 0.1102
vn 0.7702 0.5894 0.2437
vn -0.6057 0.7710 -0.1967
vn -0.2209 -0.3155 -0.9229
vn 0.1966 -0.9517 0.2359
vn 0.6134 0.5505 0.5662
vn -0.4158 0.8241 -0.3846
vn 0.2207 -0.2049 -0.9536
vn 0.0949 -0.9490 0.3006
vn 0.1736 0.4341 0.8840
vn -0.1735 0.9303 -0.3232
vn 0.2361 -0.2282 -0.9445
vn 0.0550 -0.9577 0.2826
vn -0.2281 0.2675 0.9362
vn -0.1103 0.9691 -0.2207
vn 0.0865 -0.2361 -0.9679
vn 0.0236 -0.9610 0.2757
vn -0.2444 0.2444 0.9384
vn -0.0553 0.9718 -0.2291
vn -0.0236 -0.2517 -0.9675
vn -0.6222 -0.6301 0.4647
vn -0.0867 0.2602 0.9617
vn -0.3303 0.0079 -0.9438
vn -0.9490 0.0314 0.3137
vn 0.0235 0.2591 0.9656
vn -0.0236 0.0472 -0.9986
vn 0.9462 -0.0158 -0.3233
vn -0.0237 0.9713 -0.2369
vn 0.6845 0.6924 -0.2282
vn 0.3945 0.3235 0.8601
vn 0.3068 -0.0000 0.9518
vn -0.4473 -0.8944 -0.0000
vn -0.4474 -0.8944 -0.0000
vn -0.9985 0.0550 0.0000
vn -0.5511 0.8344 0.0000
vn 0.9405 0.3399 -0.0000
vn 0.9985 0.0551 -0.0000
vn 0.4473 -0.8944 -0.0000
vn 0.9985 0.0550 0.0000
vn 0.4472 -0.8944 0.0000
vn -0.1260 -0.7323 -0.6693
vn 0.1260 -0.7323 -0.6693
vn 0.3697 -0.6451 -0.6687
vn -0.1180 0.6533 -0.7478
vn 0.1180 0.6533 -0.7478
vn -0.3309 0.5750 -0.7483
vn 0.5669 -0.4803 -0.6693
vn -0.5112 0.4247 -0.7472
vn 0.6999 -0.2517 -0.6684
vn -0.6225 0.2285 -0.7485
vn -0.9405 0.3399 0.0000
vn -0.4473 0.8944 0.0000
vn -0.4474 0.8944 -0.0000
vn -0.9985 -0.0550 0.0000
vn -0.6625 -0.0000 -0.7491
vn 0.9985 -0.0551 -0.0000
vn 0.4473 0.8944 0.0000
vn 0.3309 0.5750 -0.7483
vn 0.5112 0.4247 -0.7472
vn -0.3698 -0.6451 -0.6687
vn -0.5669 -0.4803 -0.6693
vn -0.6999 -0.2517 -0.6684
vn 0.6225 0.2285 -0.7485
vn -0.7418 0.0000 -0.6707
vn 0.6624 0.0000 -0.7491
vn -0.6999 0.2517 -0.6684
vn 0.6225 -0.2285 -0.7485
vn -0.5669 0.4803 -0.6693
vn 0.5112 -0.4247 -0.7472
vn -0.3698 0.6451 -0.6687
vn 0.3309 -0.5750 -0.7483
vn -0.1260 0.7323 -0.6693
vn 0.1181 -0.6533 -0.7478
vn 0.1260 0.7323 -0.6693
vn -0.1181 -0.6533 -0.7478
vn 0.3698 0.6451 -0.6687
vn -0.3309 -0.5750 -0.7483
vn 0.5669 0.4803 -0.6693
vn -0.5112 -0.4247 -0.7472
vn 0.6999 0.2517 -0.6685
vn -0.6225 -0.2285 -0.7485
vn 0.7418 -0.0000 -0.6707
vn -0.4400 -0.7544 -0.4872
vn -0.1498 -0.8594 -0.4888
vn -0.1658 -0.9553 -0.2448
vn -0.4863 -0.8393 -0.2432
vn -0.6697 -0.5594 -0.4885
vn -0.1731 -0.9681 0.1811
vn -0.7423 -0.6238 -0.2447
vn -0.8195 -0.2994 -0.4885
vn -0.4896 -0.8528 0.1816
vn -0.1492 -0.8561 0.4948
vn -0.4320 -0.7540 0.4948
vn -0.6671 -0.5572 0.4944
vn -0.7555 -0.6296 0.1810
vn -0.8164 -0.2982 0.4945
vn -0.9119 -0.3302 -0.2437
vn -0.8730 -0.0000 -0.4876
vn -0.9230 -0.3392 0.1814
vn -0.9697 -0.0000 -0.2443
vn -0.8195 0.2994 -0.4885
vn -0.9835 0.0000 0.1810
vn -0.8164 0.2983 0.4945
vn -0.9119 0.3303 -0.2437
vn -0.6697 0.5594 -0.4885
vn -0.9230 0.3392 0.1814
vn -0.6671 0.5572 0.4944
vn -0.7423 0.6238 -0.2448
vn -0.4400 0.7543 -0.4872
vn -0.7555 0.6296 0.1810
vn -0.4320 0.7540 0.4948
vn -0.4862 0.8393 -0.2432
vn -0.1498 0.8594 -0.4888
vn -0.4896 0.8528 0.1816
vn -0.1493 0.8561 0.4948
vn 0.1498 0.8594 -0.4888
vn -0.1731 0.9681 0.1811
vn 0.1493 0.8561 0.4948
vn 0.1658 0.9553 -0.2448
vn 0.4400 0.7543 -0.4872
vn 0.1731 0.9681 0.1811
vn 0.4320 0.7540 0.4948
vn 0.4863 0.8393 -0.2431
vn 0.6697 0.5594 -0.4885
vn 0.4896 0.8528 0.1816
vn 0.6671 0.5573 0.4944
vn 0.7423 0.6238 -0.2448
vn 0.8195 0.2994 -0.4885
vn 0.7555 0.6296 0.1810
vn 0.8165 0.2982 0.4944
vn 0.9119 0.3302 -0.2437
vn 0.8730 -0.0000 -0.4876
vn 0.9230 0.3392 0.1814
vn 0.9698 -0.0000 -0.2440
vn 0.8195 -0.2994 -0.4885
vn 0.9835 0.0000 0.1810
vn 0.8164 -0.2982 0.4945
vn 0.9119 -0.3302 -0.2437
vn 0.6697 -0.5594 -0.4885
vn 0.9230 -0.3392 0.1814
vn 0.6671 -0.5573 0.4944
vn 0.7423 -0.6238 -0.2448
vn 0.4400 -0.7544 -0.4872
vn 0.7555 -0.6296 0.1810
vn 0.4320 -0.7540 0.4948
vn 0.4863 -0.8393 -0.2432
vn 0.1498 -0.8594 -0.4888
vn 0.4896 -0.8528 0.1816
vn 0.1493 -0.8561 0.4948
vn 0.1658 -0.9553 -0.2448
vn 0.1731 -0.9681 0.1811
vn -0.7341 0.0157 -0.6788
vn -0.6455 -0.0157 -0.7636
vn -0.6370 -0.0078 -0.7708
vn -0.6285 0.0000 -0.7778
vn -0.6150 0.0000 -0.7885
vn -0.5745 0.0079 -0.8184
vn 0.3233 0.0158 -0.9462
vn -0.8222 0.0079 -0.5692
vn -0.9125 0.0079 -0.4091
vn -0.9195 0.0000 -0.3930
vn -0.9786 -0.0158 -0.2052
vn -0.9818 0.0236 -0.1885
vn -0.9783 0.1578 -0.1342
vn -0.9939 -0.0079 -0.1104
vn -0.9992 0.0394 -0.0000
vn -0.9818 0.0235 0.1885
vn -0.9939 -0.0079 0.1104
vn -0.9783 0.1578 0.1341
vn -0.9786 -0.0158 0.2052
vn -0.9195 0.0000 0.3930
vn -0.9125 0.0079 0.4091
vn -0.8222 0.0079 0.5692
vn -0.7341 0.0157 0.6788
vn 0.3233 0.0158 0.9462
vn -0.5745 0.0079 0.8185
vn -0.6150 -0.0000 0.7885
vn -0.6285 0.0001 0.7778
vn -0.6371 -0.0079 0.7708
vn -0.6455 -0.0157 0.7636
vn -0.9568 0.2689 -0.1107
vn -0.9384 0.2839 -0.1971
vn -0.9419 0.2770 -0.1900
vn -0.9602 0.2361 -0.1495
vn -0.8895 0.3385 -0.3070
vn -0.9205 0.3226 -0.2203
vn -0.9672 0.2438 -0.0708
vn -0.9659 0.2513 -0.0628
vn -0.9663 0.2514 -0.0550
vn -0.9658 0.2591 -0.0000
vn -0.9663 0.2514 0.0550
vn -0.9659 0.2513 0.0628
vn -0.9568 0.2689 0.1108
vn -0.9672 0.2438 0.0708
vn -0.9205 0.3226 0.2203
vn -0.8895 0.3385 0.3070
vn -0.9602 0.2361 0.1495
vn -0.9419 0.2770 0.1900
vn -0.9384 0.2839 0.1971
vn -0.0004 -0.0002 1.0000
vn -0.0000 -0.0003 1.0000
vn -0.0004 -0.0002 -1.0000
vn -0.2282 -0.3384 -0.9129
vn -0.0704 0.3920 -0.9173
vn -0.3848 0.1492 -0.9109
vn 0.7767 -0.4002 -0.4865
vn 0.9867 0.0395 0.1579
vn 0.9692 0.0315 0.2443
vn 0.8209 -0.3710 -0.4341
vn 0.8984 0.0709 -0.4334
vn 0.9867 0.0394 -0.1579
vn 0.7767 -0.4002 0.4865
vn 0.9692 0.0315 -0.2443
vn 0.8209 -0.3710 0.4341
vn 0.8984 0.0709 0.4334
vn 0.9333 0.2117 0.2902
vn 0.9333 0.2117 -0.2902
vn 0.9276 0.2437 0.2831
vn 0.7635 0.4487 -0.4644
vn 0.9276 0.2437 -0.2831
vn 0.7635 0.4487 0.4644
vn 0.9680 0.1653 0.1889
vn 0.5503 0.5581 -0.6210
vn 0.9680 0.1652 -0.1888
vn 0.5503 0.5581 0.6210
vn 0.9951 0.0474 0.0869
vn 0.7395 0.4720 -0.4799
vn 0.9951 0.0474 -0.0868
vn 0.7395 0.4720 0.4799
vn 0.9213 0.3859 0.0473
vn 0.7460 0.5261 -0.4083
vn 0.9213 0.3859 -0.0473
vn 0.7460 0.5261 0.4083
vn 0.4408 0.8974 0.0158
vn 0.4245 0.8491 -0.3145
vn 0.4409 0.8974 -0.0157
vn 0.4245 0.8491 0.3145
vn -0.2744 0.8781 -0.3920
vn -0.2744 0.8781 0.3920
vn -0.3537 0.9352 -0.0158
vn -0.3537 0.9352 0.0157
vn -0.8901 0.4490 0.0788
vn -0.8901 0.4490 -0.0788
vn -0.5927 0.5927 0.5453
vn -0.9938 0.0788 0.0789
vn -0.6086 0.4347 0.6638
vn -0.6369 0.1572 0.7548
vn -0.9944 -0.0789 0.0710
vn -0.9938 0.0788 -0.0789
vn -0.5927 0.5927 -0.5453
vn -0.6086 0.4347 -0.6638
vn -0.9943 -0.0789 -0.0710
vn -0.6369 0.1572 -0.7548
vn -0.9842 -0.1654 -0.0630
vn -0.6273 -0.0627 -0.7763
vn -0.5961 -0.2039 -0.7766
vn -0.9768 -0.2047 -0.0630
vn -0.9842 -0.1654 0.0630
vn -0.6273 -0.0627 0.7763
vn -0.9768 -0.2048 0.0630
vn -0.5961 -0.2039 0.7766
vn -0.9829 -0.1730 0.0629
vn -0.5877 -0.2978 0.7523
vn -0.7878 -0.2206 0.5751
vn -0.9964 -0.0785 0.0314
vn -0.9989 -0.0393 0.0236
vn -0.9964 -0.0784 -0.0314
vn -0.9989 -0.0393 -0.0236
vn -0.7878 -0.2206 -0.5751
vn -0.9829 -0.1730 -0.0629
vn -0.5877 -0.2978 -0.7523
vn -0.9021 0.0000 -0.4315
vn -0.9022 0.0000 -0.4314
vn -0.4183 0.0000 -0.9083
vn -0.9954 0.0158 -0.0948
vn -0.4184 0.0000 -0.9083
vn 0.4185 0.0000 -0.9082
vn 0.4184 -0.0000 -0.9083
vn 0.9021 -0.0000 -0.4315
vn 0.9961 0.0158 -0.0870
vn -0.9961 -0.0158 -0.0870
vn -0.9961 -0.0158 -0.0869
vn -0.9021 0.0001 -0.4315
vn -0.4185 0.0000 -0.9082
vn 0.9954 -0.0158 -0.0948
vn 0.4183 -0.0000 -0.9083
vn 0.9052 0.0000 -0.4251
vn 0.9021 0.0000 0.4315
vn 0.9961 0.0158 0.0870
vn 0.4183 0.0000 0.9083
vn 0.4185 -0.0000 0.9082
vn -0.4185 0.0000 0.9082
vn -0.9021 -0.0000 0.4315
vn -0.9022 0.0000 0.4314
vn -0.9954 0.0158 0.0948
vn 0.9954 -0.0158 0.0948
vn 0.9052 0.0000 0.4250
vn 0.4184 0.0000 0.9083
vn -0.9961 -0.0158 0.0870
vn -0.4183 0.0000 0.9083
vn -0.9961 -0.0158 0.0869
vn -0.9021 0.0001 0.4315
vn 0.8084 0.5886 0.0000
vn 0.8084 -0.5886 0.0000
vn -0.5887 -0.8083 -0.0000
vn -0.5886 0.8084 0.0000
vn -0.8084 0.5886 0.0000
vn 0.9658 -0.2592 -0.0000
vn 0.2592 0.9658 0.0000
vn -0.5029 -0.8643 -0.0000
vn -0.0948 -0.0237 -0.9952
vn -0.1104 -0.0156 -0.9938
vn -0.0236 0.0157 -0.9996
vn 0.8083 -0.5887 0.0000
vn 0.5887 -0.8083 0.0000
vn -0.8084 -0.5886 0.0000
vn -0.5888 0.8083 -0.0000
vn 0.8644 -0.5029 -0.0000
vn 0.2592 -0.9658 -0.0000
vn -0.2592 0.9658 -0.0000
vn -0.8677 0.4970 -0.0000
vn -0.6924 -0.6373 -0.3383
vn -0.6374 -0.6375 0.4328
vn 0.0552 -0.6398 0.7665
vn -0.0552 -0.6399 -0.7665
vn 0.0553 -0.6399 0.7665
vn 0.6924 -0.6373 0.3383
vn 0.6374 -0.6375 -0.4328
vn -0.5047 -0.8280 0.2445
vn -0.4650 -0.8275 -0.3146
vn -0.0397 -0.8276 0.5599
vn -0.0399 -0.8275 0.5600
vn 0.0399 -0.8275 -0.5600
vn 0.4649 -0.8274 0.3149
vn 0.4650 -0.8275 0.3146
vn 0.5047 -0.8280 -0.2445
vn 0.5046 -0.8280 -0.2444
vn -0.7188 -0.0000 -0.6952
vn -0.5070 0.5070 -0.6971
vn -0.5070 0.5070 -0.6970
vn -0.0000 0.7188 -0.6952
vn -0.5070 -0.5070 -0.6971
vn 0.5070 0.5070 -0.6971
vn -0.0000 -0.7188 -0.6952
vn 0.7188 -0.0000 -0.6952
vn 0.5070 -0.5070 -0.6971
vn 0.5070 -0.5070 -0.6970
vn -0.2200 0.0472 -0.9744
vn -0.1887 0.1257 -0.9740
vn -0.2200 -0.0471 -0.9744
vn -0.1256 0.1884 -0.9740
vn -0.1884 -0.1256 -0.9740
vn -0.0471 0.2200 -0.9744
vn -0.1257 -0.1885 -0.9740
vn 0.0472 0.2200 -0.9744
vn -0.0471 -0.2200 -0.9744
vn 0.1256 0.1883 -0.9740
vn 0.0471 -0.2200 -0.9744
vn 0.1885 0.1257 -0.9740
vn 0.1256 -0.1884 -0.9740
vn 0.2200 0.0472 -0.9744
vn 0.1885 -0.1257 -0.9740
vn 0.2200 -0.0472 -0.9744
vn -0.6624 -0.0000 0.7491
vn -0.6225 0.2285 0.7485
vn -0.6225 -0.2285 0.7485
vn -0.5112 0.4247 0.7472
vn -0.2830 0.0000 0.9591
vn -0.3309 0.5750 0.7483
vn -0.2673 0.0943 0.9590
vn -0.2673 -0.0943 0.9590
vn -0.2200 0.1807 0.9586
vn -0.2200 -0.1807 0.9586
vn -0.5112 -0.4247 0.7472
vn -0.1416 -0.2439 0.9594
vn -0.3308 -0.5750 0.7483
vn -0.1416 0.2438 0.9594
vn -0.0472 -0.2827 0.9581
vn -0.1181 -0.6533 0.7478
vn -0.1181 0.6533 0.7478
vn -0.0472 0.2827 0.9581
vn 0.1181 0.6533 0.7478
vn 0.0471 -0.2827 0.9580
vn 0.0472 0.2827 0.9581
vn 0.3309 0.5750 0.7483
vn 0.1181 -0.6533 0.7478
vn 0.5112 0.4247 0.7472
vn 0.3309 -0.5750 0.7483
vn 0.1416 -0.2438 0.9594
vn 0.5112 -0.4247 0.7472
vn 0.2200 -0.1808 0.9586
vn 0.1416 0.2438 0.9594
vn 0.2200 0.1808 0.9586
vn 0.2673 -0.0943 0.9590
vn 0.6225 -0.2285 0.7485
vn 0.2673 0.0943 0.9590
vn 0.6624 0.0000 0.7492
vn 0.2830 0.0000 0.9591
vn 0.6225 0.2285 0.7485
s 1
f 1/1/1 2/2/1 3/3/1
f 3/3/2 4/4/2 1/1/2
f 5/5/3 6/6/4 7/7/5
f 7/7/5 8/8/6 5/5/3
f 9/9/7 10/10/8 11/11/9
f 11/11/9 12/12/10 9/9/7
f 13/13/11 14/14/12 15/15/13
f 15/15/14 16/16/14 13/13/14
f 14/14/12 12/12/10 11/11/9
f 11/11/9 15/15/13 14/14/12
f 17/17/15 18/18/16 19/19/15
f 19/19/15 20/20/15 17/17/15
f 21/21/17 22/22/18 23/23/17
f 23/23/17 24/24/17 21/21/17
f 22/22/19 25/25/19 23/23/19
f 26/26/20 27/27/20 28/28/20
f 28/28/21 29/29/21 26/26/21
f 7/7/22 6/6/23 30/30/24
f 30/30/25 31/31/25 7/7/25
f 32/32/26 33/33/27 34/34/28
f 34/34/28 35/35/29 32/32/26
f 32/32/30 36/36/31 37/37/32
f 37/37/32 33/33/33 32/32/30
f 36/36/34 38/38/35 39/39/36
f 39/39/36 37/37/37 36/36/34
f 38/38/35 40/40/22 41/41/22
f 41/41/22 39/39/36 38/38/35
f 40/40/22 42/42/22 43/43/22
f 43/43/22 41/41/22 40/40/22
f 42/42/22 44/44/22 45/45/22
f 45/45/22 43/43/22 42/42/22
f 46/46/38 47/47/38 48/48/39
f 48/48/39 49/49/40 46/46/38
f 47/47/38 50/50/38 51/51/38
f 51/51/38 48/48/39 47/47/38
f 50/50/38 52/52/41 53/53/42
f 53/53/42 51/51/38 50/50/38
f 52/52/41 54/54/43 55/55/43
f 55/55/43 53/53/42 52/52/41
f 54/54/44 56/56/45 57/57/46
f 57/57/46 55/55/44 54/54/44
f 56/56/38 58/58/47 59/59/48
f 59/59/48 57/57/38 56/56/38
f 60/60/49 61/61/50 62/62/51
f 62/62/52 63/63/52 60/60/52
f 64/64/53 65/65/53 66/66/53
f 66/66/54 67/67/54 64/64/54
f 68/68/55 69/69/56 70/70/56
f 70/70/57 71/71/57 68/68/57
f 60/60/58 72/72/58 73/73/58
f 73/73/58 61/61/58 60/60/58
f 74/74/59 26/75/59 29/76/59
f 75/77/60 6/78/60 76/79/61
f 76/79/61 77/80/61 75/77/60
f 78/81/62 79/82/63 80/83/64
f 80/83/64 81/84/65 78/81/62
f 82/85/66 83/86/66 58/87/66
f 82/85/66 84/88/66 79/89/66
f 82/85/66 79/89/66 83/86/66
f 85/90/66 80/91/66 86/92/66
f 85/90/66 35/93/66 87/94/66
f 85/90/66 87/94/66 80/91/66
f 88/95/67 89/96/67 78/97/67
f 78/98/68 81/99/68 88/100/68
f 5/5/3 22/101/69 76/102/69
f 76/102/69 6/6/4 5/5/3
f 90/103/70 91/104/70 92/105/70
f 93/106/71 94/107/72 95/108/71
f 95/108/71 96/109/73 93/106/71
f 3/110/74 2/111/75 97/112/76
f 97/112/76 98/113/19 3/110/74
f 2/114/75 99/115/77 100/116/77
f 100/116/77 97/117/76 2/114/75
f 99/115/78 101/118/78 102/119/79
f 102/119/79 100/116/78 99/115/78
f 101/118/80 103/120/80 104/121/80
f 104/121/80 102/119/80 101/118/80
f 105/122/81 106/123/82 107/124/81
f 107/124/81 108/125/83 105/122/81
f 106/126/84 109/127/84 110/128/84
f 110/128/85 107/124/85 106/126/85
f 98/113/86 97/112/86 111/129/86
f 111/129/87 112/130/87 98/113/87
f 97/117/88 100/116/89 113/131/90
f 113/131/90 111/132/91 97/117/88
f 100/116/92 102/119/92 114/133/92
f 114/133/92 113/131/92 100/116/92
f 102/119/93 104/121/93 115/134/93
f 115/134/93 114/133/93 102/119/93
f 104/121/94 108/125/95 116/135/94
f 116/135/94 115/134/94 104/121/94
f 108/125/96 107/124/96 117/136/97
f 117/136/97 116/135/97 108/125/96
f 107/124/98 110/128/98 118/137/98
f 118/137/99 117/136/99 107/124/99
f 69/69/100 63/138/100 62/139/100
f 62/139/101 70/70/101 69/69/101
f 119/140/102 120/141/103 62/142/103
f 62/142/103 121/143/102 119/140/102
f 122/144/104 123/145/104 124/146/104
f 124/146/104 125/147/104 122/144/104
f 126/148/105 127/149/105 123/150/105
f 123/150/106 122/151/106 126/148/106
f 127/152/107 128/153/107 124/146/107
f 124/146/107 123/145/107 127/152/107
f 129/154/108 71/155/109 70/156/110
f 70/156/110 130/157/111 129/154/108
f 131/158/112 132/159/112 133/160/112
f 133/160/113 134/161/113 131/158/113
f 132/159/114 135/162/115 136/163/115
f 136/163/115 133/160/116 132/159/114
f 135/164/117 137/165/117 138/166/117
f 138/166/117 136/167/118 135/164/117
f 139/168/119 140/169/120 141/170/120
f 141/170/120 142/171/119 139/168/119
f 142/172/121 143/173/122 144/174/123
f 144/174/123 139/175/124 142/172/121
f 143/173/125 129/154/125 145/176/125
f 145/176/126 144/174/126 143/173/126
f 129/154/127 130/157/128 146/177/129
f 146/177/129 145/176/130 129/154/127
f 147/178/131 131/158/131 134/161/131
f 134/161/131 148/179/131 147/178/131
f 62/142/132 146/180/132 130/181/132
f 130/181/133 70/182/133 62/142/133
f 149/183/134 150/184/134 148/185/134
f 62/142/135 149/183/135 148/185/135
f 148/185/136 146/180/136 62/142/136
f 151/186/52 152/187/52 153/188/52
f 154/189/137 151/186/138 153/188/139
f 153/188/139 155/190/137 154/189/137
f 154/189/98 155/190/98 156/191/98
f 157/192/140 158/193/140 159/194/140
f 159/194/140 160/195/140 157/192/140
f 161/196/141 162/197/141 158/193/141
f 158/193/142 157/198/142 161/196/142
f 163/199/98 162/197/98 161/200/98
f 118/201/143 164/202/144 165/203/143
f 165/203/145 166/204/145 118/201/145
f 167/205/146 168/206/146 159/194/146
f 159/194/146 158/193/147 167/205/146
f 158/193/148 162/197/148 169/207/148
f 169/207/148 170/208/148 158/193/148
f 113/131/149 163/199/149 161/200/149
f 161/200/150 111/132/150 113/131/150
f 166/209/151 171/210/151 117/136/151
f 117/136/152 118/137/152 166/209/152
f 171/210/153 172/211/153 116/135/153
f 116/135/153 117/136/153 171/210/153
f 172/211/154 173/212/154 115/134/154
f 115/134/154 116/135/154 172/211/154
f 173/212/155 174/213/155 114/133/156
f 114/133/156 115/134/157 173/212/155
f 114/133/158 174/213/158 163/199/159
f 163/199/159 113/131/158 114/133/158
f 175/214/160 17/215/161 164/202/144
f 164/202/144 118/201/143 175/214/160
f 112/216/162 157/192/162 160/195/162
f 160/195/162 176/217/162 112/216/162
f 111/129/163 161/196/163 157/198/163
f 157/198/162 112/130/162 111/129/162
f 177/218/164 178/219/165 179/220/166
f 180/221/167 181/222/167 182/223/167
f 182/223/168 183/224/168 180/221/168
f 184/225/169 18/18/170 17/226/170
f 17/226/98 175/227/98 184/225/98
f 183/228/19 185/229/19 19/19/171
f 19/19/171 18/18/171 183/228/19
f 186/230/172 187/231/172 188/232/172
f 188/232/173 189/233/173 186/230/173
f 95/234/174 94/235/174 190/236/174
f 190/236/175 191/237/175 95/234/175
f 192/238/176 193/239/176 194/240/176
f 95/241/177 195/242/178 196/243/179
f 196/243/179 197/244/177 95/241/177
f 195/242/180 198/245/180 199/246/180
f 199/246/180 196/243/180 195/242/180
f 198/247/181 200/248/181 201/249/181
f 201/249/181 199/250/181 198/247/181
f 202/251/182 194/252/183 197/253/184
f 197/253/184 203/254/185 202/251/182
f 204/255/186 205/256/186 206/257/186
f 206/257/187 207/258/187 204/255/187
f 208/259/98 209/260/98 210/261/98
f 210/261/98 211/262/98 208/259/98
f 212/263/98 213/264/98 214/265/98
f 214/265/98 215/266/98 212/263/98
f 216/267/52 217/268/52 218/269/52
f 218/269/52 219/270/52 216/267/52
f 220/271/52 221/272/52 222/273/52
f 222/273/52 223/274/52 220/271/52
f 170/208/188 17/17/189 224/275/190
f 224/275/190 167/205/74 170/208/188
f 20/20/191 225/276/190 224/275/190
f 224/275/190 17/17/189 20/20/191
f 226/277/192 227/278/192 228/279/192
f 229/280/19 230/281/19 231/282/19
f 231/282/19 232/283/19 229/280/19
f 227/278/193 226/277/193 233/284/193
f 234/285/194 229/280/19 232/283/19
f 232/283/19 235/286/19 234/285/194
f 230/287/19 236/288/195 237/289/19
f 237/289/19 231/282/19 230/287/19
f 238/290/196 239/291/197 240/292/196
f 240/292/196 226/293/197 238/290/196
f 238/294/198 241/295/198 242/296/198
f 242/296/199 239/291/199 238/294/199
f 243/297/200 244/298/200 242/296/200
f 242/296/201 241/299/201 243/297/201
f 226/300/202 240/292/203 244/298/202
f 244/298/202 243/301/203 226/300/202
f 24/302/204 23/23/205 25/25/206
f 25/25/206 245/303/207 24/302/204
f 246/304/208 247/305/208 248/306/208
f 248/306/208 249/307/208 246/304/208
f 250/308/209 251/309/209 252/310/209
f 252/310/209 253/311/210 250/308/209
f 252/312/211 249/313/212 25/314/213
f 25/314/213 254/315/214 252/312/211
f 249/316/215 248/317/215 245/318/215
f 245/318/216 25/319/216 249/316/216
f 248/317/217 253/320/218 255/321/219
f 255/321/219 245/318/220 248/317/217
f 253/320/52 252/312/52 254/315/52
f 254/315/52 255/321/52 253/320/52
f 256/322/221 257/323/221 258/324/221
f 258/324/221 259/325/221 256/322/221
f 257/323/221 93/106/222 260/326/221
f 260/326/221 258/324/221 257/323/221
f 93/106/222 91/104/221 261/327/221
f 261/327/221 260/326/221 93/106/222
f 91/104/221 256/322/221 259/325/221
f 259/325/221 261/327/221 91/104/221
f 262/328/34 263/329/34 260/330/34
f 260/330/34 261/331/34 262/328/34
f 264/332/223 262/328/223 261/333/223
f 261/333/224 259/334/224 264/332/224
f 265/335/225 264/332/225 259/336/225
f 259/336/225 258/337/225 265/335/225
f 263/329/226 265/335/226 258/338/226
f 258/338/227 260/339/227 263/329/227
f 266/340/14 267/341/14 188/342/14
f 93/106/71 257/323/71 268/343/228
f 268/343/228 94/107/72 93/106/71
f 76/344/229 21/345/71 94/107/72
f 94/107/72 268/343/228 76/344/229
f 81/99/68 269/346/68 88/100/68
f 270/347/230 271/348/230 78/97/230
f 78/97/231 89/96/231 270/347/231
f 272/349/14 273/350/14 274/351/14
f 274/351/14 275/352/14 272/349/14
f 276/353/68 88/100/68 269/346/68
f 269/346/68 277/354/68 276/353/68
f 278/355/232 279/356/233 280/357/234
f 281/358/235 282/359/235 283/360/236
f 282/359/235 284/361/237 283/360/236
f 284/361/237 285/362/236 283/360/236
f 285/362/236 286/363/236 283/360/236
f 286/363/236 287/364/215 283/360/236
f 287/364/215 288/365/238 283/360/236
f 288/365/238 278/366/238 283/360/236
f 278/366/239 280/367/239 283/360/239
f 289/368/240 290/369/241 291/370/240
f 290/369/241 289/368/240 109/371/242
f 292/372/98 109/371/242 106/373/98
f 163/199/98 174/213/98 162/197/98
f 174/213/98 173/212/98 162/197/98
f 173/212/98 172/211/98 162/197/98
f 172/211/98 171/210/98 162/197/98
f 171/210/98 166/209/98 162/197/98
f 67/374/243 46/46/38 49/49/40
f 49/49/40 73/375/244 67/374/243
f 193/239/245 293/376/246 197/244/247
f 197/244/248 194/240/248 193/239/248
f 293/376/246 95/241/249 197/244/247
f 207/258/250 294/377/250 295/378/250
f 295/378/251 204/255/251 207/258/251
f 294/377/252 202/379/252 203/380/253
f 203/380/253 295/378/252 294/377/252
f 61/381/50 121/382/254 62/383/51
f 45/45/22 44/44/22 121/382/22
f 121/382/255 61/381/255 45/45/255
f 296/384/256 147/385/257 148/185/258
f 148/185/258 150/184/259 296/384/256
f 22/101/69 21/386/69 76/102/69
f 158/193/260 170/208/260 167/205/260
f 278/355/232 297/387/233 298/388/261
f 298/388/261 279/356/233 278/355/232
f 177/218/262 299/389/262 178/219/262
f 178/219/263 300/390/263 301/391/263
f 301/391/264 179/220/166 178/219/165
f 118/201/143 302/392/143 175/214/160
f 180/393/265 183/228/265 18/18/265
f 18/18/266 184/225/266 180/393/266
f 303/394/267 304/395/267 305/396/267
f 305/396/268 306/397/268 303/394/268
f 307/398/269 308/399/6 309/400/5
f 309/400/5 310/401/270 307/398/269
f 9/9/7 311/402/8 312/403/271
f 312/403/271 10/10/8 9/9/7
f 313/404/14 314/405/14 315/406/14
f 315/406/272 316/407/272 313/404/272
f 316/407/273 315/406/274 312/403/271
f 312/403/271 311/402/8 316/407/273
f 317/408/275 318/409/275 319/410/275
f 319/410/275 320/411/276 317/408/275
f 321/412/277 322/413/277 323/414/277
f 323/414/278 324/415/278 321/412/278
f 309/400/279 325/416/279 326/417/279
f 326/417/280 310/401/281 309/400/240
f 327/418/282 328/419/283 329/420/284
f 329/420/284 330/421/285 327/418/282
f 327/418/286 330/421/287 331/422/288
f 331/422/288 332/423/287 327/418/286
f 332/423/289 331/422/289 333/424/290
f 333/424/290 334/425/291 332/423/289
f 334/425/291 333/424/290 335/426/240
f 335/426/240 336/427/240 334/425/291
f 336/427/240 335/426/240 337/428/240
f 337/428/240 338/429/240 336/427/240
f 338/429/240 337/428/240 339/430/240
f 339/430/240 340/431/240 338/429/240
f 341/432/292 342/433/293 343/434/294
f 343/434/294 344/435/294 341/432/292
f 344/435/294 343/434/294 345/436/294
f 345/436/294 346/437/294 344/435/294
f 346/437/294 345/436/294 347/438/295
f 347/438/295 348/439/296 346/437/294
f 348/439/296 347/438/295 349/440/297
f 349/440/297 350/441/297 348/439/296
f 350/441/298 349/440/299 351/442/299
f 351/442/299 352/443/299 350/441/298
f 352/443/294 351/442/294 353/444/300
f 353/444/300 354/445/301 352/443/294
f 355/446/98 356/447/98 120/448/98
f 120/448/302 357/449/303 355/446/304
f 358/450/52 359/451/305 360/452/306
f 360/452/52 361/453/52 358/450/52
f 361/453/307 360/452/307 362/454/307
f 362/454/53 363/455/53 361/453/53
f 364/456/308 365/457/308 366/458/308
f 366/458/309 367/459/309 364/456/309
f 355/446/58 357/449/58 359/451/58
f 359/451/58 358/450/58 355/446/58
f 322/460/310 321/461/310 368/462/310
f 369/463/60 370/464/61 371/465/60
f 371/465/60 310/466/60 369/463/60
f 372/467/311 373/468/312 374/469/313
f 374/469/313 375/470/63 372/467/311
f 376/471/314 354/472/66 377/473/315
f 376/471/314 375/474/66 378/475/66
f 376/471/314 377/473/315 375/474/66
f 379/476/66 380/477/66 328/478/66
f 381/479/316 372/480/316 382/481/316
f 372/482/68 381/483/68 373/484/68
f 307/398/269 310/401/270 371/485/69
f 371/485/69 320/486/69 307/398/269
f 383/487/317 384/488/317 385/489/317
f 386/490/318 387/491/71 388/492/71
f 388/492/71 389/493/319 386/490/318
f 305/494/320 390/495/19 391/496/321
f 391/496/321 306/497/322 305/494/320
f 306/498/322 391/499/321 392/500/77
f 392/500/77 393/501/77 306/498/322
f 393/501/78 392/500/78 394/502/79
f 394/502/79 395/503/79 393/501/78
f 395/503/80 394/502/323 396/504/80
f 396/504/80 397/505/324 395/503/80
f 398/506/325 399/507/83 400/508/325
f 400/508/325 401/509/326 398/506/325
f 401/510/327 400/508/327 402/511/327
f 402/511/328 403/512/328 401/510/328
f 390/495/329 176/513/329 404/514/329
f 404/514/330 391/496/330 390/495/330
f 391/499/331 404/515/332 405/516/333
f 405/516/333 392/500/334 391/499/331
f 392/500/335 405/516/335 406/517/335
f 406/517/335 394/502/335 392/500/335
f 394/502/336 406/517/337 407/518/336
f 407/518/336 396/504/336 394/502/336
f 396/504/338 407/518/338 408/519/338
f 408/519/338 399/507/338 396/504/338
f 399/507/339 408/519/339 409/520/339
f 409/520/339 400/508/340 399/507/339
f 400/508/341 409/520/341 410/521/341
f 410/521/52 402/511/52 400/508/52
f 367/459/342 366/458/342 120/522/342
f 120/522/343 356/523/343 367/459/343
f 411/524/344 125/525/344 124/526/344
f 124/526/345 128/527/345 411/524/345
f 412/528/346 413/529/180 366/530/347
f 366/530/347 365/531/348 412/528/346
f 414/532/349 415/533/349 416/534/349
f 416/534/350 417/535/350 414/532/350
f 417/535/351 416/534/351 138/536/352
f 138/536/352 137/537/352 417/535/351
f 141/538/353 140/539/354 418/540/355
f 418/540/355 419/541/356 141/538/353
f 419/541/357 418/540/357 420/542/357
f 420/542/358 412/528/358 419/541/358
f 412/528/359 420/542/360 421/543/361
f 421/543/361 413/529/362 412/528/359
f 422/544/363 423/545/363 415/533/363
f 415/533/363 414/532/364 422/544/363
f 120/141/365 366/546/365 413/547/365
f 413/547/366 421/548/366 120/141/366
f 424/549/367 423/550/367 425/551/367
f 120/141/368 421/548/368 423/550/368
f 423/550/369 424/549/369 120/141/369
f 426/552/98 427/553/98 428/554/98
f 429/555/139 430/556/138 427/553/137
f 427/553/137 426/552/139 429/555/139
f 429/555/52 431/557/52 430/556/52
f 432/558/370 160/559/370 159/194/370
f 159/194/371 433/560/371 432/558/371
f 434/561/52 432/562/52 433/560/52
f 410/563/372 435/564/372 436/565/372
f 436/565/143 437/566/373 410/563/143
f 159/194/374 438/567/374 439/568/374
f 439/568/374 433/560/374 159/194/374
f 433/560/375 439/568/376 436/569/375
f 436/569/375 435/570/376 433/560/375
f 405/516/377 404/515/377 432/562/377
f 432/562/149 434/561/149 405/516/149
f 435/570/378 410/521/378 409/520/378
f 409/520/151 440/571/151 435/570/151
f 440/571/153 409/520/153 408/519/153
f 408/519/153 441/572/153 440/571/153
f 441/572/154 408/519/154 407/518/154
f 407/518/154 442/573/154 441/572/154
f 442/573/155 407/518/156 406/517/156
f 406/517/156 443/574/155 442/573/155
f 406/517/159 405/516/158 434/561/159
f 434/561/159 443/574/158 406/517/159
f 444/575/379 410/563/143 437/566/373
f 437/566/373 20/576/380 444/575/379
f 404/514/381 176/513/162 160/559/162
f 160/559/382 432/558/382 404/514/382
f 445/577/383 446/578/384 447/579/385
f 448/580/386 185/581/386 449/582/386
f 449/582/387 450/583/387 448/580/387
f 451/584/52 444/585/52 20/586/52
f 20/586/388 19/19/388 451/584/388
f 452/587/389 453/588/389 454/589/389
f 454/589/390 455/590/390 452/587/390
f 388/591/391 456/592/391 457/593/391
f 457/593/392 389/594/392 388/591/392
f 458/595/393 459/596/393 460/597/393
f 388/598/178 461/599/177 462/600/177
f 462/600/177 463/601/177 388/598/178
f 463/601/111 462/600/111 201/602/111
f 201/602/111 200/603/111 463/601/111
f 461/604/394 464/605/185 462/606/185
f 465/607/395 464/605/185 461/604/394
f 461/604/394 466/608/396 465/607/395
f 467/609/397 468/610/397 469/611/397
f 469/611/398 470/612/398 467/609/398
f 471/613/52 472/614/52 473/615/52
f 473/615/52 474/616/52 471/613/52
f 474/616/52 473/615/52 475/617/52
f 475/617/52 476/618/52 474/616/52
f 477/619/52 478/620/52 479/621/52
f 480/622/52 481/623/52 482/624/52
f 483/625/52 484/626/52 485/627/52
f 485/627/52 486/628/52 483/625/52
f 487/629/52 488/630/52 489/631/52
f 489/631/52 490/632/52 487/629/52
f 491/633/98 492/634/98 493/635/98
f 493/635/98 494/636/98 491/633/98
f 495/637/98 496/638/98 497/639/98
f 497/639/98 498/640/98 495/637/98
f 438/567/399 168/206/188 225/276/190
f 225/276/190 20/20/191 438/567/399
f 499/641/400 500/642/400 501/643/400
f 502/644/19 503/645/19 504/646/19
f 504/646/19 505/647/19 502/644/19
f 501/643/401 506/648/401 499/641/401
f 507/649/402 508/650/19 503/645/19
f 503/645/19 502/644/19 507/649/402
f 505/651/19 504/646/19 509/652/19
f 509/652/19 510/653/403 505/651/19
f 511/654/404 499/655/404 512/656/405
f 512/656/405 513/657/404 511/654/404
f 511/658/406 513/657/406 514/659/406
f 514/659/407 515/660/407 511/658/407
f 516/661/408 515/662/408 514/659/408
f 514/659/409 517/663/409 516/661/409
f 499/664/410 516/665/411 517/663/410
f 517/663/410 512/656/411 499/664/410
f 318/666/412 518/667/413 519/668/414
f 519/668/414 319/410/415 318/666/412
f 520/669/416 521/670/417 522/671/417
f 523/672/417 524/673/417 525/674/417
f 525/674/417 526/675/418 523/672/417
f 525/676/419 527/677/420 519/678/421
f 519/678/421 521/679/422 525/676/419
f 521/680/423 519/681/423 518/682/423
f 518/682/424 522/683/424 521/680/424
f 522/683/425 518/682/425 528/684/425
f 528/684/425 524/685/425 522/683/425
f 524/685/426 528/684/38 527/677/427
f 527/677/427 525/676/236 524/685/426
f 529/686/428 530/687/429 531/688/430
f 531/688/430 532/689/431 529/686/428
f 532/689/431 531/688/430 533/690/432
f 533/690/432 386/490/433 532/689/431
f 386/490/433 533/690/432 534/691/433
f 534/691/434 385/489/434 386/490/434
f 385/489/435 534/691/436 530/687/429
f 530/687/429 529/686/428 385/489/435
f 535/692/437 536/693/437 537/694/437
f 537/694/438 538/695/438 535/692/438
f 539/696/439 540/697/439 537/694/439
f 539/696/440 537/694/440 536/693/440
f 541/698/441 540/697/441 539/696/441
f 542/699/438 538/695/438 543/700/438
f 544/701/438 543/700/438 540/697/438
f 540/697/442 541/698/442 544/701/442
f 535/692/438 538/695/438 542/699/438
f 542/699/438 543/700/438 544/701/438
f 536/693/443 535/692/443 545/702/443
f 545/702/444 546/703/444 536/693/444
f 545/702/445 544/701/445 541/698/445
f 541/698/446 546/703/446 545/702/446
f 540/697/285 534/704/447 533/705/285
f 533/705/285 537/694/285 540/697/285
f 543/700/448 530/706/449 534/707/450
f 534/707/450 540/697/451 543/700/448
f 538/695/452 531/708/452 530/709/452
f 530/709/452 543/700/452 538/695/452
f 537/694/453 533/710/453 531/711/453
f 531/711/454 538/695/454 537/694/454
f 547/712/14 454/713/14 548/714/14
f 386/490/318 389/493/319 549/715/455
f 549/715/455 532/689/71 386/490/318
f 371/716/456 549/715/455 389/493/319
f 389/493/319 317/717/71 371/716/456
f 373/484/68 381/483/68 550/718/68
f 551/719/457 382/481/457 372/480/457
f 372/480/458 552/720/458 551/719/458
f 553/721/459 554/722/460 555/723/14
f 555/723/14 556/724/14 553/721/14
f 557/725/68 558/726/68 550/718/68
f 550/718/68 381/483/68 557/725/68
f 559/727/461 560/728/261 561/729/233
f 562/730/462 563/731/463 564/732/462
f 564/732/462 563/731/463 565/733/464
f 565/733/464 563/731/463 566/734/463
f 566/734/463 563/731/463 567/735/463
f 567/735/463 563/731/463 568/736/465
f 568/736/465 563/731/463 569/737/466
f 569/737/466 563/731/463 559/738/466
f 559/738/467 563/731/467 560/739/467
f 434/561/52 433/560/52 443/574/52
f 443/574/52 433/560/52 442/573/52
f 442/573/52 433/560/52 441/572/52
f 441/572/52 433/560/52 440/571/52
f 440/571/52 433/560/52 435/570/52
f 360/740/306 359/741/305 342/433/293
f 342/433/293 341/432/292 360/740/306
f 459/596/468 466/742/469 461/599/470
f 461/599/470 570/743/471 459/596/468
f 570/743/472 461/599/472 388/598/472
f 468/610/473 467/609/473 571/744/473
f 571/744/397 572/745/397 468/610/397
f 572/745/474 571/744/474 464/746/475
f 464/746/475 465/747/474 572/745/474
f 357/748/303 120/749/302 119/750/476
f 339/430/477 357/748/477 119/750/477
f 119/750/240 340/431/240 339/430/240
f 573/751/478 425/551/479 423/550/480
f 423/550/480 422/752/481 573/751/478
f 320/486/69 371/485/69 317/753/69
f 159/194/482 168/206/482 438/567/482
f 559/727/461 561/729/233 574/754/483
f 574/754/483 575/755/233 559/727/461
f 445/577/262 447/579/262 576/756/262
f 447/579/385 446/578/384 577/757/264
f 577/757/484 578/758/484 447/579/484
f 410/563/143 444/575/379 579/759/143
f 448/760/485 451/584/485 19/19/485
f 19/19/486 185/229/486 448/760/486
f 192/238/487 580/761/487 193/239/487
f 458/595/488 466/742/488 459/596/488
f 203/254/185 197/253/184 196/762/185
f 24/302/489 245/303/490 255/763/491
f 528/764/492 518/667/493 318/666/494
f 581/765/495 582/766/496 119/140/102
f 119/140/102 121/143/102 581/765/495
f 320/411/497 319/410/19 519/668/19
f 320/411/497 519/668/19 527/767/19
f 22/22/498 254/768/498 25/25/498
f 583/769/499 584/770/500 585/771/500
f 585/771/500 586/772/501 583/769/499
f 584/770/500 587/773/500 588/774/500
f 588/774/500 585/771/500 584/770/500
f 587/773/500 589/775/500 590/776/500
f 590/776/500 588/774/500 587/773/500
f 591/777/502 592/778/502 593/779/503
f 593/779/503 594/780/502 591/777/502
f 595/781/502 596/782/502 597/783/502
f 597/783/502 598/784/503 595/781/502
f 599/785/504 600/786/504 601/787/504
f 601/787/504 602/788/505 599/785/504
f 603/789/504 604/790/504 605/791/504
f 605/791/504 606/792/504 603/789/504
f 607/793/506 608/794/507 586/795/508
f 586/795/508 585/796/509 607/793/506
f 608/797/52 609/798/52 590/799/52
f 590/799/52 586/800/52 608/797/52
f 609/798/510 610/801/511 588/802/512
f 588/802/512 590/799/513 609/798/510
f 610/801/514 607/793/43 585/796/43
f 585/796/43 588/802/43 610/801/514
f 611/803/515 612/804/515 594/805/515
f 594/805/516 593/806/516 611/803/516
f 613/807/517 614/808/517 598/809/517
f 598/809/518 597/810/518 613/807/518
f 615/811/519 616/812/519 601/813/519
f 601/813/519 606/814/519 615/811/519
f 616/812/520 617/815/521 602/816/522
f 602/816/522 601/813/523 616/812/520
f 617/817/524 618/818/524 605/819/524
f 605/819/524 602/820/524 617/817/524
f 618/818/525 615/811/526 606/814/527
f 606/814/527 605/819/528 618/818/525
f 619/821/529 620/822/530 621/823/529
f 621/823/529 622/824/530 619/821/529
f 620/825/531 623/826/531 624/827/531
f 624/827/531 621/828/531 620/825/531
f 623/826/532 625/829/532 626/830/532
f 626/830/532 624/827/532 623/826/532
f 627/831/529 628/832/530 629/833/529
f 629/833/529 630/834/530 627/831/529
f 628/835/531 631/836/531 632/837/531
f 632/837/531 629/838/531 628/835/531
f 631/836/532 633/839/533 634/840/534
f 634/840/534 632/837/534 631/836/532
f 635/841/98 636/842/98 637/843/98
f 638/844/98 639/845/98 640/846/98
f 640/846/98 641/847/98 638/844/98
f 642/848/98 643/849/98 644/850/98
f 645/851/52 646/852/52 647/853/52
f 648/854/104 649/855/104 650/856/104
f 650/856/104 651/857/104 648/854/104
f 652/858/52 653/859/52 654/860/52
f 654/860/52 655/861/52 652/858/52
f 656/862/535 654/860/535 653/859/535
f 653/859/535 657/863/535 656/862/535
f 658/864/535 659/865/535 660/866/535
f 660/866/535 661/867/535 658/864/535
f 661/868/14 660/869/14 652/858/14
f 652/858/14 662/870/14 661/868/14
f 663/871/14 664/872/14 665/873/14
f 666/874/535 667/875/535 668/876/535
f 669/877/536 670/878/536 671/879/536
f 672/880/19 667/881/19 666/874/19
f 666/874/19 673/882/19 672/880/19
f 674/883/537 675/884/537 676/885/538
f 676/885/538 669/877/539 674/883/537
f 677/886/535 668/876/535 678/887/535
f 678/887/535 665/873/535 677/886/535
f 679/888/104 680/889/104 681/890/104
f 682/891/104 683/892/104 663/893/104
f 668/876/540 677/886/541 684/894/542
f 684/894/542 685/895/541 668/876/540
f 686/896/104 663/893/104 672/897/104
f 672/897/104 687/898/543 686/896/104
f 672/880/19 673/882/19 688/899/19
f 688/899/19 687/900/19 672/880/19
f 673/882/544 685/895/544 684/894/544
f 684/894/544 688/899/544 673/882/544
f 680/889/104 679/888/104 689/901/545
f 689/901/545 690/902/545 680/889/104
f 674/883/546 691/903/544 692/904/535
f 692/904/535 675/884/547 674/883/546
f 693/905/548 694/906/549 695/907/549
f 695/907/549 696/908/548 693/905/548
f 697/909/19 698/910/19 693/905/19
f 693/905/19 696/908/19 697/909/19
f 699/911/19 700/912/19 701/913/19
f 701/913/19 702/914/19 699/911/19
f 703/915/550 704/916/550 705/917/550
f 705/917/550 706/918/550 703/915/550
f 707/919/19 704/916/19 703/915/19
f 703/915/19 708/920/19 707/919/19
f 695/921/14 709/922/14 710/923/14
f 702/914/19 701/913/19 697/909/19
f 697/909/19 696/908/19 702/914/19
f 704/916/19 707/919/19 700/912/19
f 700/912/19 699/911/19 704/916/19
f 702/914/551 696/908/551 695/924/551
f 695/924/551 711/925/551 702/914/551
f 712/926/552 705/927/552 704/916/553
f 704/916/553 699/911/552 712/926/552
f 713/928/549 714/929/548 715/930/548
f 715/930/548 716/931/549 713/928/549
f 717/932/19 718/933/19 713/928/19
f 713/928/19 716/931/19 717/932/19
f 719/934/19 720/935/19 721/936/19
f 721/936/19 722/937/19 719/934/19
f 723/938/19 724/939/19 717/932/19
f 717/932/19 716/931/19 723/938/19
f 720/935/19 719/934/19 725/940/19
f 725/940/19 726/941/19 720/935/19
f 727/942/554 728/943/554 720/935/554
f 720/935/554 726/941/555 727/942/554
f 729/944/19 730/945/19 731/946/19
f 731/946/19 732/947/19 729/944/19
f 730/948/52 733/949/52 734/950/52
f 734/950/52 731/951/52 730/948/52
f 735/952/535 736/953/535 737/954/535
f 738/955/52 739/956/52 740/957/556
f 740/957/556 741/958/557 738/955/52
f 741/958/557 740/957/556 742/959/558
f 742/959/558 743/960/52 741/958/557
f 740/961/559 744/962/560 745/963/561
f 745/963/561 742/959/138 740/961/559
f 744/964/98 746/965/98 747/966/98
f 747/966/562 745/963/562 744/964/562
f 746/967/563 741/968/563 743/960/563
f 743/960/563 747/966/564 746/967/563
f 748/969/565 749/970/565 750/971/565
f 750/971/565 751/972/565 748/969/565
f 749/970/104 748/969/104 752/973/104
f 752/973/104 753/974/104 749/970/104
f 754/975/566 753/976/567 752/977/568
f 752/977/569 755/978/569 754/975/569
f 744/979/570 740/980/570 756/981/570
f 755/982/98 746/965/98 744/964/98
f 744/964/239 756/983/239 755/982/239
f 735/952/535 738/984/535 736/953/535
f 757/985/535 758/986/535 759/987/535
f 760/988/98 761/989/571 762/990/572
f 762/990/572 763/991/98 760/988/98
f 761/989/571 764/992/98 765/993/573
f 765/993/573 762/990/572 761/989/571
f 762/994/574 765/993/139 766/995/575
f 766/995/575 767/996/576 762/994/574
f 767/997/577 766/995/577 768/998/577
f 768/998/52 769/999/578 767/997/52
f 770/1000/565 771/1001/565 772/1002/565
f 772/1002/565 773/1003/565 770/1000/565
f 774/1004/563 775/1005/563 776/1006/564
f 776/1006/564 777/1007/564 774/1004/563
f 773/1003/104 778/1008/104 779/1009/104
f 779/1009/104 770/1000/104 773/1003/104
f 762/1010/579 780/1011/579 756/981/580
f 756/981/580 740/980/581 762/1010/579
f 778/1008/582 781/1012/582 779/1009/582
f 781/1013/583 782/1014/583 779/1015/583
f 767/996/584 780/1016/584 762/994/584
f 739/1017/544 763/1018/544 762/1010/544
f 762/1010/544 740/980/544 739/1017/544
f 782/1019/52 769/999/578 759/1020/52
f 757/985/535 759/987/535 760/1021/535
f 770/1022/98 779/1023/98 758/1024/98
f 783/1025/535 757/985/535 784/1026/535
f 784/1026/535 785/1027/535 783/1025/535
f 786/1028/104 787/1029/104 788/1030/104
f 788/1030/104 789/1031/104 786/1028/104
f 735/952/535 790/1032/535 791/1033/544
f 791/1033/544 792/1034/544 735/952/535
f 753/976/585 793/1035/585 791/1036/586
f 791/1036/586 790/1037/586 753/976/585
f 794/1038/104 795/1039/104 796/1040/104
f 796/1040/104 797/1041/104 794/1038/104
f 798/1042/104 799/1043/104 800/1044/104
f 800/1044/104 801/1045/104 798/1042/104
f 802/1046/587 755/978/588 782/1014/589
f 782/1014/589 803/1047/590 802/1046/587
f 787/1048/19 784/1026/19 804/1049/19
f 804/1049/19 788/1050/19 787/1048/19
f 804/1051/591 803/1052/592 789/1031/593
f 789/1031/593 788/1030/594 804/1051/591
f 805/1053/595 801/1045/595 800/1044/595
f 800/1044/398 802/1054/398 805/1053/398
f 745/963/14 747/966/459 743/960/459
f 743/960/459 742/959/14 745/963/14
f 775/1005/14 772/1002/14 771/1001/14
f 771/1001/14 776/1006/14 775/1005/14
f 759/1055/14 758/1056/14 779/1015/14
f 779/1015/596 782/1014/596 759/1055/596
f 752/977/597 737/1057/149 736/1058/149
f 736/1058/149 755/978/598 752/977/597
f 806/1059/162 807/1060/599 808/1061/600
f 808/1061/600 809/1062/162 806/1059/162
f 810/1063/600 811/1064/601 812/1065/601
f 812/1065/601 813/1066/600 810/1063/600
f 811/1064/601 814/1067/602 815/1068/602
f 815/1068/602 812/1065/601 811/1064/601
f 814/1067/602 816/1069/381 817/1070/600
f 817/1070/600 815/1068/602 814/1067/602
f 816/1069/381 818/1071/603 819/1072/604
f 819/1072/604 817/1070/600 816/1069/381
f 818/1071/603 820/1073/162 821/1074/162
f 821/1074/162 819/1072/604 818/1071/603
f 822/1075/605 823/1076/497 824/1077/497
f 824/1077/497 825/1078/497 822/1075/605
f 823/1076/497 826/1079/497 827/1080/497
f 827/1080/497 824/1077/497 823/1076/497
f 826/1079/497 828/1081/497 829/1082/497
f 829/1082/497 827/1080/497 826/1079/497
f 828/1081/497 830/1083/497 831/1084/497
f 831/1084/497 829/1082/497 828/1081/497
f 830/1083/497 832/1085/497 833/1086/497
f 833/1086/497 831/1084/497 830/1083/497
f 832/1085/497 834/1087/497 835/1088/605
f 835/1088/605 833/1086/497 832/1085/497
f 834/1087/497 836/1089/606 837/1090/606
f 837/1090/606 835/1088/605 834/1087/497
f 836/1089/606 822/1075/605 825/1078/497
f 825/1078/497 837/1090/606 836/1089/606
f 838/1091/535 839/1092/535 840/1093/535
f 840/1093/535 841/1094/535 838/1091/535
f 842/1095/607 843/1096/608 844/1097/609
f 844/1097/609 845/1098/104 842/1095/607
f 838/1099/52 845/1100/52 844/1101/52
f 844/1101/52 839/1092/52 838/1099/52
f 846/1102/535 847/1103/535 848/1104/535
f 848/1104/535 849/1105/535 846/1102/535
f 850/1106/610 851/1107/104 852/1108/611
f 852/1108/611 853/1109/612 850/1106/610
f 846/1110/98 851/1111/98 854/1112/98
f 853/1113/52 848/1114/52 847/1115/52
f 853/1109/612 852/1108/611 844/1097/609
f 844/1097/609 843/1096/608 853/1109/612
f 849/1105/535 848/1104/535 840/1093/535
f 840/1093/535 839/1092/535 849/1105/535
f 855/1116/613 839/1092/162 856/1117/162
f 857/1118/162 849/1105/162 858/1119/613
f 855/1116/613 859/1120/162 839/1092/162
f 839/1092/162 844/1101/162 856/1117/162
f 844/1101/162 860/1121/162 856/1117/162
f 844/1101/162 861/1122/162 860/1121/162
f 857/1118/162 862/1123/162 852/1124/162
f 857/1118/162 852/1124/162 849/1105/162
f 863/1125/52 864/1126/52 850/1127/52
f 843/1128/98 841/1129/98 840/1130/98
f 842/1131/98 865/1132/98 866/1133/98
f 867/1134/52 845/1100/52 838/1099/52
f 838/1099/52 868/1135/52 867/1134/52
f 867/1134/52 868/1135/52 869/1136/52
f 870/1137/98 854/1112/98 871/1138/98
f 872/1139/14 873/1140/14 874/1141/162
f 874/1141/162 875/1142/162 872/1139/14
f 875/1142/162 874/1141/162 876/1143/162
f 876/1143/162 877/1144/162 875/1142/162
f 877/1144/162 876/1143/162 878/1145/162
f 878/1145/162 879/1146/162 877/1144/162
f 879/1146/162 878/1145/162 880/1147/162
f 881/1148/162 882/1149/162 883/1150/162
f 882/1149/162 881/1148/162 884/1151/14
f 884/1151/14 885/1152/14 882/1149/162
f 885/1152/14 884/1151/14 873/1140/14
f 873/1140/14 872/1139/14 885/1152/14
f 886/1153/497 887/1154/497 888/1155/497
f 888/1155/497 889/1156/19 886/1153/497
f 890/1157/19 891/1158/19 892/1159/497
f 892/1159/497 893/1160/497 890/1157/19
f 893/1160/497 892/1159/497 894/1161/497
f 895/1162/497 896/1163/74 897/1164/497
f 898/1165/19 899/1166/19 900/1167/497
f 887/1154/497 886/1153/497 901/1168/497
f 895/1169/497 902/1170/497 903/1171/497
f 903/1171/497 899/1172/19 895/1169/497
f 899/1172/614 903/1171/615 904/1173/531
f 904/1173/531 878/1174/615 899/1172/614
f 878/1174/162 904/1173/162 905/1175/162
f 905/1175/162 880/1176/162 878/1174/162
f 906/1177/616 907/1178/616 908/1179/617
f 908/1179/617 909/1180/618 906/1177/616
f 905/1181/619 906/1177/52 909/1180/52
f 909/1180/52 902/1182/52 905/1181/619
f 902/1182/52 909/1180/52 910/1183/52
f 910/1183/52 903/1184/52 902/1182/52
f 904/1185/52 911/1186/52 906/1177/52
f 906/1177/52 905/1181/619 904/1185/52
f 912/1187/162 913/1188/162 914/1189/620
f 914/1189/620 915/1190/621 912/1187/162
f 915/1190/621 914/1189/620 916/1191/602
f 916/1191/602 917/1192/602 915/1190/621
f 918/1193/162 919/1194/162 920/1195/600
f 920/1195/600 921/1196/381 918/1193/162
f 922/1197/620 923/1198/381 924/1199/162
f 924/1199/162 925/1200/162 922/1197/620
f 926/1201/497 927/1202/497 928/1203/497
f 929/1204/497 930/1205/497 931/1206/497
f 930/1205/497 929/1204/497 932/1207/497
f 932/1207/497 933/1208/497 930/1205/497
f 933/1208/497 932/1207/497 934/1209/497
f 934/1209/497 935/1210/497 933/1208/497
f 935/1210/497 934/1209/497 936/1211/497
f 936/1211/497 937/1212/497 935/1210/497
f 937/1212/497 936/1211/497 938/1213/497
f 938/1213/497 939/1214/497 937/1212/497
f 939/1214/497 938/1213/497 940/1215/497
f 940/1215/497 941/1216/497 939/1214/497
f 941/1216/497 940/1215/497 927/1202/497
f 927/1202/497 926/1201/497 941/1216/497
f 942/1217/535 943/1218/535 944/1219/536
f 944/1219/536 945/1220/535 942/1217/535
f 946/1221/610 947/1222/104 948/1223/622
f 948/1223/622 949/1224/623 946/1221/610
f 950/1225/535 951/1226/536 952/1227/535
f 952/1227/535 953/1228/535 950/1225/535
f 954/1229/607 955/1230/624 956/1231/625
f 956/1231/625 957/1232/104 954/1229/607
f 955/1233/98 953/1234/98 952/1235/98
f 952/1235/497 944/1236/497 949/1237/497
f 949/1237/497 955/1233/497 952/1235/497
f 955/1230/624 949/1224/623 948/1223/622
f 948/1223/622 956/1231/625 955/1230/624
f 951/1226/536 945/1220/535 944/1219/536
f 944/1219/536 952/1227/535 951/1226/536
f 958/1238/162 959/1239/162 945/1220/162
f 960/1240/162 961/1241/162 951/1226/162
f 958/1238/162 945/1220/162 962/1242/162
f 945/1220/162 959/1239/162 948/1243/162
f 948/1243/162 959/1239/162 963/1244/162
f 948/1243/162 963/1244/162 964/1245/162
f 960/1240/162 956/1246/162 965/1247/162
f 960/1240/162 951/1226/162 956/1246/162
f 954/1248/98 966/1249/98 967/1250/98
f 949/1237/52 944/1236/52 943/1251/52
f 946/1252/52 968/1253/52 969/1254/52
f 970/1255/98 971/1256/98 942/1257/98
f 942/1257/98 947/1258/98 970/1255/98
f 970/1255/98 972/1259/98 971/1256/98
f 973/1260/52 974/1261/52 975/1262/52
f 976/1263/14 977/1264/162 978/1265/162
f 978/1265/162 979/1266/14 976/1263/14
f 977/1264/162 980/1267/162 981/1268/162
f 981/1268/162 978/1265/162 977/1264/162
f 980/1267/162 982/1269/162 983/1270/162
f 983/1270/162 981/1268/162 980/1267/162
f 984/1271/162 983/1270/162 982/1269/162
f 985/1272/162 986/1273/162 987/1274/162
f 988/1275/162 976/1263/14 979/1266/14
f 979/1266/14 989/1276/162 988/1275/162
f 990/1277/497 991/1278/188 992/1279/497
f 993/1280/497 994/1281/19 995/1282/19
f 996/1283/497 997/1284/497 998/1285/497
f 997/1284/497 999/1286/19 1000/1287/497
f 1000/1287/497 998/1285/497 997/1284/497
f 999/1286/19 1001/1288/19 1002/1289/19
f 1002/1289/19 1000/1287/497 999/1286/19
f 1003/1290/497 1002/1289/19 1001/1288/19
f 984/1291/626 1000/1292/627 1004/1293/626
f 1004/1293/626 1005/1294/626 984/1291/626
f 1000/1295/497 1002/1296/19 1006/1297/497
f 1006/1297/497 1004/1298/605 1000/1295/497
f 1002/1296/628 983/1299/629 1007/1300/629
f 1007/1300/629 1006/1297/629 1002/1296/628
f 983/1299/162 984/1291/162 1005/1294/162
f 1005/1294/162 1007/1300/162 983/1299/162
f 1008/1301/630 1009/1302/631 1010/1303/632
f 1010/1303/632 1011/1304/633 1008/1301/630
f 1005/1305/634 1004/1306/98 1009/1302/98
f 1009/1302/98 1008/1301/98 1005/1305/634
f 1004/1306/98 1006/1307/98 1012/1308/98
f 1012/1308/98 1009/1302/98 1004/1306/98
f 1007/1309/98 1005/1305/634 1008/1301/98
f 1008/1301/98 1013/1310/98 1007/1309/98
f 1014/1311/599 1015/1312/14 1016/1313/599
f 1016/1313/599 1017/1314/14 1014/1311/599
f 1015/1315/52 1018/1316/52 1019/1317/52
f 1019/1317/52 1016/1318/52 1015/1315/52
f 1018/1319/19 1020/1320/19 1021/1321/19
f 1021/1321/19 1019/1322/19 1018/1319/19
f 1020/1323/98 1014/1311/98 1017/1324/98
f 1022/1325/98 1023/1326/98 1024/1327/98
f 1025/1328/606 1026/1329/190 1027/1330/606
f 1027/1330/606 1028/1331/606 1025/1328/606
f 1026/1329/98 1029/1332/98 1030/1333/98
f 1030/1333/98 1027/1334/98 1026/1329/98
f 1029/1335/381 1031/1336/381 1032/1337/613
f 1032/1337/613 1030/1338/600 1029/1335/381
f 1031/1339/578 1025/1340/578 1028/1341/17
f 1028/1341/17 1032/1342/635 1031/1339/578
f 1027/1330/104 1033/1343/104 1034/1344/104
f 1034/1344/104 1028/1331/104 1027/1330/104
f 1028/1341/17 1034/1345/52 1035/1346/52
f 1035/1346/52 1032/1342/635 1028/1341/17
f 1036/1347/104 1037/1348/104 1038/1349/104
f 1038/1349/104 1039/1350/104 1036/1347/104
f 1040/1351/535 1041/1352/535 1042/1353/535
f 1042/1353/535 1043/1354/535 1040/1351/535
f 1044/1355/535 1045/1356/535 1046/1357/535
f 1046/1357/535 1047/1358/535 1044/1355/535
f 1040/1359/535 1047/1360/535 1046/1361/535
f 1046/1361/535 1041/1362/535 1040/1359/535
f 1048/1363/14 1049/1364/14 1050/1365/14
f 1051/1366/14 1050/1365/14 1052/1367/14
f 1053/1368/19 1038/1349/19 1054/1369/19
f 1054/1369/19 1038/1349/19 1037/1348/19
f 1037/1348/19 1055/1370/19 1054/1369/19
f 1055/1371/19 1037/1348/19 1056/1372/19
f 1057/1373/636 1058/1374/636 1059/1375/636
f 1059/1375/636 1060/1376/636 1057/1373/636
f 1061/1377/637 1062/1378/638 1058/1379/639
f 1058/1379/639 1057/1380/640 1061/1377/637
f 1060/1376/641 1059/1375/642 1063/1381/643
f 1063/1381/643 1064/1382/644 1060/1376/641
f 1065/1383/645 1066/1384/646 1067/1385/647
f 1067/1385/647 1068/1386/648 1065/1383/645
f 1069/1387/649 1070/1388/650 1071/1389/650
f 1071/1389/650 1072/1390/649 1069/1387/649
f 1070/1388/651 1073/1391/652 1074/1392/651
f 1074/1392/651 1071/1389/651 1070/1388/651
f 1073/1391/653 1075/1393/653 1076/1394/653
f 1076/1394/653 1074/1392/654 1073/1391/653
f 1075/1393/655 1077/1395/655 1078/1396/656
f 1078/1396/656 1076/1394/657 1075/1393/655
f 1077/1395/658 1079/1397/658 1080/1398/659
f 1080/1398/659 1078/1396/658 1077/1395/658
f 1079/1397/660 1081/1399/660 1082/1400/660
f 1082/1400/660 1080/1398/660 1079/1397/660
f 1081/1399/661 1083/1401/662 1084/1402/662
f 1084/1402/662 1082/1400/662 1081/1399/661
f 1083/1401/663 1069/1387/663 1072/1390/663
f 1072/1390/663 1084/1402/663 1083/1401/663
f 1085/1403/664 1086/1404/665 1087/1405/666
f 1087/1405/666 1088/1406/664 1085/1403/664
f 1089/1407/667 1090/1408/668 1091/1409/669
f 1091/1409/669 1092/1410/670 1089/1407/667
f 1085/1411/98 1092/1412/98 1091/1413/98
f 1091/1413/98 1086/1404/98 1085/1411/98
f 1093/1414/664 1094/1415/664 1095/1416/671
f 1095/1416/671 1096/1417/671 1093/1414/664
f 1097/1418/672 1098/1419/670 1099/1420/673
f 1099/1420/673 1100/1421/674 1097/1418/672
f 1100/1422/98 1095/1423/98 1094/1424/98
f 1096/1417/671 1095/1416/671 1087/1405/666
f 1087/1405/666 1086/1404/665 1096/1417/671
f 1101/1425/675 1086/1404/675 1102/1426/676
f 1103/1427/676 1096/1417/675 1104/1428/675
f 1101/1425/675 1105/1429/677 1086/1404/675
f 1086/1404/675 1091/1413/676 1102/1426/676
f 1103/1427/676 1099/1430/676 1096/1417/675
f 1106/1431/98 1107/1432/98 1097/1433/98
f 1090/1434/52 1088/1435/52 1087/1436/52
f 1089/1437/52 1108/1438/52 1109/1439/52
f 1110/1440/98 1092/1412/98 1085/1411/98
f 1085/1411/98 1111/1441/98 1110/1440/98
f 1110/1440/98 1111/1441/98 1112/1442/98
f 1099/1430/52 1098/1443/52 1093/1444/52
f 1093/1444/52 1096/1417/52 1099/1430/52
f 1113/1445/636 1114/1446/636 1115/1447/636
f 1115/1447/636 1116/1448/678 1113/1445/636
f 1117/1449/679 1113/1450/680 1116/1451/681
f 1116/1451/681 1118/1452/682 1117/1449/679
f 1114/1446/683 1119/1453/684 1120/1454/685
f 1120/1454/685 1115/1447/686 1114/1446/683
f 1121/1455/687 1122/1456/688 1123/1457/689
f 1123/1457/689 1124/1458/690 1121/1455/687
f 1125/1459/691 1126/1460/691 1127/1461/660
f 1127/1461/660 1128/1462/660 1125/1459/691
f 1128/1462/692 1127/1461/692 1129/1463/693
f 1129/1463/693 1130/1464/692 1128/1462/692
f 1130/1464/657 1129/1463/656 1131/1465/656
f 1131/1465/656 1132/1466/657 1130/1464/657
f 1132/1466/694 1131/1465/654 1133/1467/653
f 1133/1467/653 1134/1468/653 1132/1466/694
f 1134/1468/695 1133/1467/651 1135/1469/652
f 1135/1469/652 1136/1470/651 1134/1468/695
f 1136/1470/650 1135/1469/650 1137/1471/650
f 1137/1471/650 1138/1472/650 1136/1470/650
f 1138/1472/696 1137/1471/663 1139/1473/663
f 1139/1473/663 1140/1474/663 1138/1472/696
f 1140/1474/662 1139/1473/662 1126/1460/662
f 1126/1460/662 1125/1459/662 1140/1474/662
f 1141/1475/664 1142/1476/664 1143/1477/665
f 1143/1477/665 1144/1478/665 1141/1475/664
f 1145/1479/672 1146/1480/670 1147/1481/697
f 1147/1481/697 1148/1482/698 1145/1479/672
f 1141/1483/52 1144/1478/52 1147/1484/52
f 1147/1484/52 1146/1485/52 1141/1483/52
f 1149/1486/664 1150/1487/664 1151/1488/666
f 1151/1488/666 1152/1489/664 1149/1486/664
f 1153/1490/667 1154/1491/699 1155/1492/700
f 1155/1492/700 1156/1493/670 1153/1490/667
f 1154/1494/52 1152/1495/52 1151/1496/52
f 1150/1487/664 1144/1478/665 1143/1477/665
f 1143/1477/665 1151/1488/666 1150/1487/664
f 1157/1497/675 1158/1498/676 1144/1478/675
f 1159/1499/676 1160/1500/675 1150/1487/675
f 1157/1497/675 1144/1478/675 1161/1501/677
f 1144/1478/675 1158/1498/676 1147/1484/676
f 1159/1499/676 1150/1487/675 1155/1502/676
f 1153/1503/52 1162/1504/52 1163/1505/52
f 1148/1506/98 1143/1507/98 1142/1508/98
f 1164/1509/98 1165/1510/98 1145/1511/98
f 1166/1512/52 1167/1513/52 1141/1483/52
f 1141/1483/52 1146/1485/52 1166/1512/52
f 1166/1512/52 1168/1514/52 1167/1513/52
f 1155/1502/98 1150/1487/98 1149/1515/98
f 1149/1515/98 1156/1516/98 1155/1502/98
f 1055/1370/19 1169/1517/190 1170/1518/19
f 1170/1518/19 1054/1369/19 1055/1370/19
f 1041/1519/19 1171/1520/19 1172/1521/19
f 1170/1522/98 1173/1523/98 1174/1524/98
f 1175/1525/52 1176/1526/52 1169/1527/52
f 1177/1528/619 1178/1529/619 1179/1530/466
f 1179/1530/466 1180/1531/466 1177/1528/619
f 1180/1531/466 1179/1530/466 1181/1532/619
f 1181/1532/619 1182/1533/619 1180/1531/466
f 1182/1533/619 1181/1532/619 1183/1534/463
f 1183/1534/463 1184/1535/465 1182/1533/619
f 1184/1535/465 1183/1534/463 1185/1536/619
f 1185/1536/619 1186/1537/619 1184/1535/465
f 1187/1538/619 1188/1539/619 1189/1540/52
f 1189/1540/52 1190/1541/52 1187/1538/619
f 1190/1541/52 1189/1540/52 1191/1542/619
f 1191/1542/619 1192/1543/619 1190/1541/52
f 1192/1544/619 1191/1545/619 1178/1529/619
f 1178/1529/619 1177/1528/619 1192/1544/619
f 1193/1546/275 1194/1547/275 1195/1548/701
f 1195/1548/701 1196/1549/701 1193/1546/275
f 1196/1549/701 1195/1548/701 1197/1550/275
f 1197/1550/275 1198/1551/275 1196/1549/701
f 1198/1551/275 1197/1550/275 1199/1552/275
f 1199/1552/275 1200/1553/275 1198/1551/275
f 1200/1553/275 1199/1552/275 1201/1554/275
f 1201/1554/275 1202/1555/701 1200/1553/275
f 1202/1555/701 1201/1554/275 1203/1556/701
f 1203/1556/701 1204/1557/701 1202/1555/701
f 1204/1557/701 1203/1556/701 1205/1558/701
f 1205/1558/701 1206/1559/701 1204/1557/701
f 1206/1559/701 1205/1558/701 1207/1560/701
f 1194/1547/275 1193/1546/275 1208/1561/238
f 1209/1562/702 1210/1563/703 1211/1564/704
f 1211/1564/704 1212/1565/705 1209/1562/702
f 1213/1566/706 1214/1567/706 1215/1568/707
f 1215/1568/707 1216/1569/707 1213/1566/706
f 1217/1570/703 1218/1571/703 1219/1572/588
f 1219/1572/588 1220/1573/703 1217/1570/703
f 1221/1574/708 1222/1575/709 1223/1576/710
f 1223/1576/710 1224/1577/707 1221/1574/708
f 1222/1578/143 1220/1579/143 1219/1580/711
f 1219/1580/275 1211/1581/275 1216/1582/275
f 1216/1582/275 1222/1578/275 1219/1580/275
f 1222/1575/709 1216/1569/707 1215/1568/707
f 1215/1568/707 1223/1576/710 1222/1575/709
f 1218/1571/703 1212/1565/705 1211/1564/704
f 1211/1564/704 1219/1572/588 1218/1571/703
f 1225/1583/619 1226/1584/619 1212/1565/619
f 1227/1585/619 1228/1586/619 1218/1571/619
f 1225/1583/619 1212/1565/619 1229/1587/52
f 1212/1565/619 1226/1584/619 1215/1588/619
f 1215/1588/619 1226/1584/619 1230/1589/619
f 1227/1585/619 1223/1590/619 1231/1591/619
f 1227/1585/619 1218/1571/619 1223/1590/619
f 1216/1582/712 1211/1581/712 1210/1592/712
f 1232/1593/712 1233/1594/712 1213/1595/712
f 1213/1595/712 1234/1596/712 1232/1593/712
f 1235/1597/143 1236/1598/143 1209/1599/143
f 1209/1599/143 1214/1600/143 1235/1597/143
f 1235/1597/143 1237/1601/143 1236/1598/143
f 1238/1602/713 1239/1603/712 1240/1604/712
f 1241/1605/634 1242/1606/238 1243/1607/238
f 1243/1607/238 1244/1608/634 1241/1605/634
f 1242/1606/238 1245/1609/236 1246/1610/634
f 1246/1610/634 1243/1607/238 1242/1606/238
f 1245/1609/236 1247/1611/236 1248/1612/236
f 1248/1612/236 1246/1610/634 1245/1609/236
f 1247/1611/236 1249/1613/634 1250/1614/634
f 1250/1614/634 1248/1612/236 1247/1611/236
f 1249/1613/634 1251/1615/634 1252/1616/634
f 1252/1616/634 1250/1614/634 1249/1613/634
f 1251/1615/634 1253/1617/98 1254/1618/98
f 1254/1618/98 1252/1616/634 1251/1615/634
f 1253/1617/98 1255/1619/634 1256/1620/634
f 1256/1620/634 1254/1618/98 1253/1617/98
f 1255/1621/634 1241/1605/634 1244/1608/634
f 1244/1608/634 1256/1622/634 1255/1621/634
f 1257/1623/714 1258/1624/635 1259/1625/635
f 1259/1625/635 1260/1626/635 1257/1623/714
f 1258/1624/635 1261/1627/466 1262/1628/714
f 1262/1628/714 1259/1625/635 1258/1624/635
f 1261/1627/466 1263/1629/17 1264/1630/17
f 1264/1630/17 1262/1628/714 1261/1627/466
f 1265/1631/635 1266/1632/635 1267/1633/635
f 1267/1633/635 1268/1634/635 1265/1631/635
f 1266/1632/635 1269/1635/17 1270/1636/17
f 1270/1636/17 1267/1633/635 1266/1632/635
f 1269/1635/17 1271/1637/635 1272/1638/17
f 1272/1638/17 1270/1636/17 1269/1635/17
f 1273/1639/715 1274/1640/716 1275/1641/717
f 1275/1641/717 1276/1642/703 1273/1639/715
f 1277/1643/706 1278/1644/718 1279/1645/706
f 1279/1645/706 1280/1646/706 1277/1643/706
f 1281/1647/588 1282/1648/703 1283/1649/719
f 1283/1649/719 1284/1650/703 1281/1647/588
f 1285/1651/720 1286/1652/707 1287/1653/721
f 1287/1653/721 1288/1654/722 1285/1651/720
f 1281/1655/713 1286/1656/712 1289/1657/713
f 1289/1657/713 1290/1658/712 1281/1655/713
f 1288/1659/711 1283/1660/143 1282/1661/711
f 1283/1660/17 1288/1659/17 1278/1662/17
f 1278/1662/17 1275/1663/17 1283/1660/17
f 1284/1650/703 1283/1649/719 1275/1641/717
f 1275/1641/717 1274/1640/716 1284/1650/703
f 1291/1664/634 1274/1640/634 1292/1665/634
f 1293/1666/634 1284/1650/634 1294/1667/634
f 1291/1664/634 1295/1668/98 1274/1640/634
f 1274/1640/634 1279/1669/634 1292/1665/634
f 1279/1669/634 1296/1670/634 1292/1665/634
f 1279/1669/634 1297/1671/275 1296/1670/634
f 1293/1666/634 1298/1672/634 1287/1673/634
f 1293/1666/634 1287/1673/634 1284/1650/634
f 1278/1662/713 1276/1674/712 1275/1663/712
f 1277/1675/712 1299/1676/712 1300/1677/712
f 1301/1678/143 1302/1679/143 1303/1680/143
f 1290/1658/712 1289/1657/713 1304/1681/723
f 1199/1682/275 1305/1683/275 1306/1684/275
f 1306/1684/275 1201/1685/275 1199/1682/275
f 1201/1686/724 1306/1687/724 1307/1688/724
f 1307/1688/724 1308/1689/725 1201/1686/724
f 1309/1690/726 1310/1691/726 1305/1692/726
f 1305/1692/726 1199/1693/726 1309/1690/726
f 1264/1694/17 1311/1695/17 1312/1696/17
f 1312/1696/17 1262/1697/714 1264/1694/17
f 1262/1698/727 1312/1699/726 1313/1700/726
f 1313/1700/726 1314/1701/726 1262/1698/727
f 1308/1689/463 1315/1702/52 1316/1703/52
f 1316/1703/52 1309/1690/728 1308/1689/463
f 1309/1690/728 1316/1703/52 1317/1704/305
f 1317/1704/305 1310/1691/52 1309/1690/728
f 1310/1691/52 1317/1704/305 1318/1705/463
f 1318/1705/463 1307/1688/619 1310/1691/52
f 1307/1688/619 1318/1705/463 1315/1702/52
f 1315/1702/52 1308/1689/463 1307/1688/619
f 1314/1701/729 1319/1706/634 1320/1707/98
f 1320/1707/98 1321/1708/730 1314/1701/729
f 1321/1708/730 1320/1707/98 1322/1709/236
f 1322/1709/236 1323/1710/731 1321/1708/730
f 1323/1710/731 1322/1709/236 1324/1711/634
f 1324/1711/634 1313/1700/634 1323/1710/731
f 1313/1700/634 1324/1711/634 1319/1706/634
f 1319/1706/634 1314/1701/729 1313/1700/634
f 1325/1712/732 1326/1713/733 1327/1714/52
f 1327/1714/52 1328/1715/52 1325/1712/732
f 1329/1716/98 1330/1717/734 1331/1718/98
f 1331/1718/98 1332/1719/98 1329/1716/98
f 1333/1720/452 1334/1721/452 1335/1722/452
f 1336/1723/225 1337/1724/225 1338/1725/225
f 1339/1726/735 1340/1727/735 1338/1725/735
f 1338/1725/735 1335/1722/735 1339/1726/735
f 1341/1728/496 1342/1729/496 1340/1727/496
f 1340/1727/496 1339/1726/736 1341/1728/496
f 1343/1730/737 1331/1718/98 1330/1731/734
f 1330/1731/734 1344/1732/738 1343/1730/737
f 1345/1733/739 1326/1734/733 1325/1712/732
f 1325/1712/732 1346/1735/52 1345/1733/739
f 1336/1736/740 1343/1730/737 1344/1732/738
f 1344/1732/741 1337/1737/741 1336/1736/741
f 1333/1738/742 1345/1733/742 1346/1735/742
f 1346/1735/452 1334/1739/452 1333/1738/452
f 1347/1740/743 1348/1741/98 1349/1742/98
f 1349/1742/98 1350/1743/744 1347/1740/743
f 1351/1744/52 1352/1745/52 1353/1746/52
f 1353/1746/52 1354/1747/745 1351/1744/52
f 1355/1748/225 1356/1749/225 1357/1750/225
f 1358/1751/452 1359/1752/452 1360/1753/452
f 1360/1753/746 1361/1754/746 1358/1751/746
f 1362/1755/735 1356/1749/735 1361/1754/735
f 1361/1754/735 1360/1756/735 1362/1755/735
f 1363/1757/747 1364/1758/748 1354/1759/745
f 1354/1759/745 1353/1746/52 1363/1757/747
f 1365/1760/749 1366/1761/98 1347/1740/743
f 1347/1740/743 1350/1762/744 1365/1760/749
f 1358/1763/750 1367/1764/750 1364/1758/750
f 1364/1758/748 1363/1757/747 1358/1763/751
f 1355/1765/225 1357/1766/225 1366/1761/225
f 1366/1761/752 1365/1760/752 1355/1765/752
f 1336/1723/753 1338/1725/753 1340/1767/753
f 1340/1767/225 1342/1768/225 1336/1723/225
f 1335/1722/754 1334/1721/754 1341/1769/754
f 1341/1769/52 1339/1770/52 1335/1722/52
f 1358/1751/452 1361/1754/452 1367/1771/452
f 1368/1772/755 1357/1750/755 1356/1749/755
f 1356/1749/98 1362/1773/98 1368/1772/98
f 1348/1774/756 1352/1775/756 1351/1776/757
f 1351/1776/757 1349/1777/756 1348/1774/756
f 1369/1778/52 1370/1779/52 1371/1780/52
f 1372/1781/153 1373/1782/153 1374/1783/758
f 1374/1783/758 1375/1784/758 1372/1781/153
f 1376/1785/52 1377/1786/52 1378/1787/52
f 1379/1788/52 1380/1789/52 1381/1790/52
f 1381/1790/52 1373/1791/52 1379/1788/52
f 1374/1792/98 1382/1793/98 1383/1794/98
f 1383/1794/98 1384/1795/98 1374/1792/98
f 1385/1796/52 1386/1797/52 1387/1798/52
f 1387/1798/52 1388/1799/52 1385/1796/52
f 1389/1800/98 1390/1801/98 1391/1802/98
f 1391/1802/98 1392/1803/98 1389/1800/98
f 1392/1803/19 1391/1802/19 1393/1804/19
f 1393/1804/19 1378/1805/19 1392/1803/19
f 1378/1805/52 1393/1804/52 1394/1806/52
f 1394/1806/52 1395/1807/52 1378/1805/52
f 1379/1808/19 1396/1809/19 1397/1810/759
f 1397/1810/759 1380/1811/760 1379/1808/19
f 1383/1794/761 1398/1812/762 1399/1813/19
f 1399/1813/19 1384/1795/19 1383/1794/761
f 1400/1814/14 1401/1815/14 1402/1816/763
f 1402/1816/763 1403/1817/764 1400/1814/14
f 1404/1818/765 1405/1819/766 1406/1820/14
f 1406/1820/14 1407/1821/14 1404/1818/765
f 1385/1822/19 1408/1823/19 1409/1824/759
f 1409/1824/759 1386/1825/760 1385/1822/19
f 1410/1826/767 1411/1827/762 1412/1828/19
f 1412/1828/19 1413/1829/19 1410/1826/767
f 1389/1830/14 1414/1831/14 1415/1832/763
f 1415/1832/763 1390/1833/764 1389/1830/14
f 1390/1833/764 1415/1832/763 1416/1834/766
f 1416/1834/766 1394/1806/765 1390/1833/764
f 1394/1806/765 1416/1834/766 1417/1835/14
f 1401/1836/98 1399/1837/98 1398/1838/98
f 1398/1838/98 1402/1839/98 1401/1836/98
f 1405/1840/52 1397/1841/52 1396/1842/52
f 1396/1842/52 1406/1843/52 1405/1840/52
f 1418/1844/98 1419/1845/98 1420/1846/98
f 1418/1844/98 1400/1847/98 1419/1845/98
f 1375/1848/98 1374/1783/98 1384/1849/98
f 1369/1778/52 1371/1780/52 1407/1850/52
f 1372/1851/52 1379/1852/52 1373/1782/52
f 1421/1853/98 1422/1854/98 1413/1855/98
f 1423/1856/98 1421/1853/98 1413/1855/98
f 1413/1855/98 1389/1857/98 1423/1856/98
f 1423/1856/98 1392/1858/98 1424/1859/98
f 1423/1856/98 1389/1857/98 1392/1858/98
f 1376/1785/52 1378/1787/52 1395/1860/52
f 1425/1861/52 1376/1785/52 1395/1860/52
f 1395/1860/52 1385/1862/52 1425/1861/52
f 1425/1861/52 1385/1862/52 1388/1863/52
f 778/1864/14 783/1865/14 785/1866/14
f 785/1866/14 1426/1867/14 778/1864/14
f 723/938/19 726/941/19 1427/1868/19
f 676/885/535 1428/1869/535 1429/1870/535
f 1429/1870/535 669/877/536 676/885/535
f 1430/1871/98 1431/1872/98 636/842/98
f 636/842/98 635/841/98 1430/1871/98
f 1432/1873/98 1433/1874/98 1434/1875/98
f 1435/1876/52 1436/1877/52 1437/1878/52
f 1438/1879/98 1439/1880/98 1440/1881/98
f 1441/1882/52 1442/1883/52 1443/1884/52
f 1444/1885/98 1445/1886/98 1446/1887/98
f 1446/1887/98 1447/1888/98 1444/1885/98
f 1448/1889/52 1449/1890/52 1450/1891/52
f 1450/1891/52 1441/1882/52 1448/1889/52
f 1451/1892/98 1452/1893/98 1453/1894/98
f 1453/1894/98 1454/1895/98 1451/1892/98
f 1452/1893/98 1455/1896/98 1456/1897/98
f 1456/1897/98 1453/1894/98 1452/1893/98
f 1457/1898/52 1458/1899/52 1459/1900/52
f 1460/1901/98 1461/1902/98 1462/1903/98
f 1463/1904/52 1464/1905/52 1458/1899/52
f 781/1013/768 789/1906/14 803/1047/590
f 803/1047/590 782/1014/589 781/1013/768
f 802/1046/587 1465/1907/769 754/975/566
f 754/975/566 755/978/588 802/1046/587
f 802/1046/587 800/1908/162 794/1909/602
f 802/1046/587 794/1909/602 1465/1907/769
f 774/1004/535 777/1007/535 758/1024/535
f 737/1910/535 1466/1911/535 1467/1912/535
f 1426/1913/52 785/1914/52 784/1026/52
f 792/1034/98 791/1915/98 793/1916/98
f 782/1019/467 780/1917/467 767/997/467
f 767/997/52 769/999/578 782/1019/52
f 755/982/98 736/1918/98 746/965/98
f 686/896/104 682/891/104 663/893/104
f 669/877/536 1429/1870/535 670/878/536
f 667/875/535 678/887/535 668/876/535
f 1468/1919/285 1469/1920/285 1470/1921/285
f 1470/1921/285 1471/1922/285 1468/1919/285
f 1469/1920/285 1472/1923/770 1473/1924/771
f 1473/1924/771 1470/1921/285 1469/1920/285
f 1472/1923/770 1474/1925/772 1475/1926/773
f 1475/1926/773 1473/1924/771 1472/1923/770
f 1474/1925/772 1476/1927/38 1477/1928/38
f 1477/1928/38 1475/1926/773 1474/1925/772
f 1476/1927/38 1478/1929/38 1479/1930/38
f 1479/1930/38 1477/1928/38 1476/1927/38
f 1478/1929/38 1480/1931/38 1481/1932/38
f 1481/1932/38 1479/1930/38 1478/1929/38
f 1480/1931/38 1482/1933/774 1483/1934/775
f 1483/1934/775 1481/1932/38 1480/1931/38
f 1482/1933/774 1484/1935/776 1485/1936/777
f 1485/1936/777 1483/1934/775 1482/1933/774
f 1484/1935/776 1486/1937/225 1487/1938/225
f 1487/1938/225 1485/1936/777 1484/1935/776
f 1486/1937/225 1488/1939/225 1489/1940/225
f 1489/1940/225 1487/1938/225 1486/1937/225
f 1488/1939/225 1490/1941/225 1491/1942/225
f 1491/1942/225 1489/1940/225 1488/1939/225
f 1490/1941/225 1492/1943/778 1493/1944/779
f 1493/1944/779 1491/1942/225 1490/1941/225
f 1492/1943/778 1494/1945/780 1495/1946/781
f 1495/1946/781 1493/1944/779 1492/1943/778
f 1494/1945/780 1496/1947/240 1497/1948/240
f 1497/1948/240 1495/1946/781 1494/1945/780
f 1496/1947/240 1498/1949/240 1499/1950/782
f 1499/1950/782 1497/1948/240 1496/1947/240
f 1498/1949/240 1500/1951/240 1501/1952/240
f 1501/1952/240 1499/1950/782 1498/1949/240
f 1500/1951/240 1502/1953/783 1503/1954/784
f 1503/1954/784 1501/1952/240 1500/1951/240
f 1502/1953/783 1504/1955/785 1505/1956/786
f 1505/1956/786 1503/1954/784 1502/1953/783
f 1504/1955/785 1506/1957/285 1507/1958/285
f 1507/1958/285 1505/1956/786 1504/1955/785
f 1506/1957/285 1468/1919/285 1471/1922/285
f 1471/1922/285 1507/1958/285 1506/1957/285
f 1508/1959/787 1509/1960/787 1510/1961/787
f 1511/1962/788 1512/1963/788 1513/1964/788
f 1513/1964/789 1514/1965/304 1515/1966/790
f 1511/1962/592 1513/1964/789 1515/1966/790
f 1515/1966/240 1516/1967/240 1517/1968/791
f 1511/1962/792 1515/1966/240 1517/1968/791
f 1518/1969/98 1511/1962/792 1517/1968/791
f 1519/1970/793 1520/1971/794 1521/1972/795
f 1521/1972/795 1522/1973/796 1519/1970/793
f 1520/1971/794 1523/1974/797 1524/1975/798
f 1524/1975/798 1521/1972/795 1520/1971/794
f 1523/1974/797 1525/1976/98 1526/1977/799
f 1526/1977/799 1524/1975/798 1523/1974/797
f 1525/1976/800 1527/1978/800 1528/1979/800
f 1528/1979/801 1526/1977/801 1525/1976/801
f 1527/1978/592 1529/1980/802 1530/1981/803
f 1530/1981/253 1528/1979/253 1527/1978/253
f 1529/1980/802 1531/1982/804 1532/1983/805
f 1532/1983/805 1530/1981/803 1529/1980/802
f 1531/1982/806 1533/1984/807 1534/1985/808
f 1534/1985/808 1532/1983/289 1531/1982/806
f 1533/1984/807 1519/1970/793 1522/1973/796
f 1522/1973/796 1534/1985/808 1533/1984/807
f 290/369/809 1535/1986/809 1520/1971/809
f 1520/1971/809 1519/1970/809 290/369/809
f 1535/1986/810 292/372/811 1523/1974/810
f 1523/1974/810 1520/1971/811 1535/1986/810
f 292/372/812 1536/1987/813 1525/1976/812
f 1525/1976/812 1523/1974/813 292/372/812
f 1536/1987/814 1537/1988/815 1527/1978/815
f 1527/1978/815 1525/1976/815 1536/1987/814
f 1537/1988/816 1538/1989/816 1529/1980/816
f 1529/1980/816 1527/1978/816 1537/1988/816
f 1538/1989/817 1539/1990/818 1531/1982/818
f 1531/1982/818 1529/1980/818 1538/1989/817
f 1539/1990/819 291/370/820 1533/1984/820
f 1533/1984/820 1531/1982/820 1539/1990/819
f 291/370/821 290/369/821 1519/1970/822
f 1519/1970/822 1533/1984/821 291/370/821
f 1518/1969/823 1517/1968/823 1522/1973/824
f 1522/1973/824 1521/1972/824 1518/1969/823
f 1517/1968/825 1516/1967/825 1534/1985/825
f 1534/1985/825 1522/1973/825 1517/1968/825
f 1516/1967/826 1515/1966/826 1532/1983/826
f 1532/1983/826 1534/1985/826 1516/1967/826
f 1515/1966/827 1514/1965/828 1530/1981/827
f 1530/1981/827 1532/1983/829 1515/1966/827
f 1514/1965/830 1513/1964/830 1528/1979/830
f 1528/1979/830 1530/1981/830 1514/1965/830
f 1513/1964/831 1512/1963/831 1526/1977/831
f 1526/1977/831 1528/1979/831 1513/1964/831
f 1512/1963/832 1511/1962/833 1524/1975/832
f 1524/1975/832 1526/1977/833 1512/1963/832
f 1511/1962/834 1518/1969/834 1521/1972/835
f 1521/1972/835 1524/1975/836 1511/1962/834
f 1540/1991/837 1541/1992/838 1542/1993/839
f 1542/1993/839 1543/1994/840 1540/1991/837
f 1541/1992/838 1544/1995/841 1545/1996/842
f 1545/1996/842 1542/1993/839 1541/1992/838
f 1544/1995/841 1546/1997/843 1547/1998/844
f 1547/1998/844 1545/1996/842 1544/1995/841
f 1546/1999/843 1540/1991/837 1543/1994/840
f 1543/1994/840 1547/2000/844 1546/1999/843
f 1548/2001/14 1549/2002/14 1550/2003/14
f 1550/2003/14 1551/2004/14 1548/2001/14
f 1549/2002/14 1552/2005/14 1553/2006/14
f 1553/2006/14 1550/2003/14 1549/2002/14
f 1554/2007/14 1553/2006/14 1552/2005/14
f 1555/2008/845 1556/2009/845 1557/2010/845
f 1557/2010/845 1558/2011/845 1555/2008/845
f 1559/2012/846 1560/2013/846 1557/2010/847
f 1557/2010/847 1556/2009/846 1559/2012/846
f 1561/2014/848 1558/2011/849 1557/2010/850
f 1557/2010/850 1562/2015/850 1561/2014/848
f 1560/2013/846 1563/2016/846 1562/2017/846
f 1562/2017/846 1557/2010/847 1560/2013/846
f 1556/2009/846 1564/2018/846 1565/2019/846
f 1565/2019/846 1559/2012/846 1556/2009/846
f 1555/2008/851 1566/2020/851 1564/2021/852
f 1564/2021/852 1556/2009/852 1555/2008/851
f 1567/2022/98 1568/2023/98 1569/2024/98
f 1570/2025/104 1571/2026/104 1572/2027/104
f 1572/2027/104 1573/2028/104 1570/2025/104
f 1574/2029/853 1575/2030/638 1576/2031/853
f 1576/2031/853 1577/2032/853 1574/2029/853
f 1578/2033/854 1577/2034/855 1576/2035/855
f 1576/2035/855 1579/2036/856 1578/2033/854
f 1580/2037/857 1581/2038/858 1576/2031/857
f 1576/2031/857 1575/2030/857 1580/2037/857
f 1579/2036/856 1576/2035/855 1581/2039/855
f 1581/2039/855 1582/2040/859 1579/2036/856
f 1577/2034/855 1578/2033/854 1583/2041/860
f 1583/2041/860 1584/2042/861 1577/2034/855
f 1574/2029/862 1577/2032/863 1584/2043/863
f 1584/2043/863 1585/2044/862 1574/2029/862
f 1586/2045/864 1579/2036/864 1582/2040/864
f 1582/2040/864 1587/2046/865 1586/2045/864
f 1578/2033/866 1588/2047/867 1589/2048/867
f 1589/2048/867 1583/2041/867 1578/2033/866
f 1590/2049/868 1591/2050/868 1592/2051/868
f 1592/2051/869 1593/2052/869 1590/2049/869
f 1594/2053/868 1595/2054/868 1596/2055/868
f 1596/2055/870 1597/2056/870 1594/2053/870
f 1598/2057/871 1599/2058/871 1600/2059/871
f 1600/2059/872 1601/2060/873 1598/2057/874
f 1602/2061/875 1603/2062/875 1604/2063/875
f 1604/2063/872 1605/2064/876 1602/2061/877
f 1603/2062/878 1598/2057/874 1601/2060/873
f 1601/2060/873 1604/2063/879 1603/2062/878
f 1606/2065/568 1607/2066/880 1608/2067/880
f 1608/2067/880 1609/2068/880 1606/2065/568
f 1610/2069/881 1611/2070/881 1612/2071/881
f 1612/2071/881 1613/2072/881 1610/2069/881
f 1614/2073/882 1615/2074/882 1616/2075/882
f 1616/2075/882 1617/2076/882 1614/2073/882
f 1618/2077/883 1619/2078/883 1620/2079/883
f 1620/2079/883 1621/2080/586 1618/2077/883
f 1622/2081/884 1623/2082/884 1624/2083/884
f 1624/2083/884 1625/2084/884 1622/2081/884
f 1626/2085/885 1627/2086/885 1628/2087/885
f 1629/2088/886 1630/2089/886 1631/2090/886
f 1632/2091/885 1633/2092/887 1634/2093/885
f 1635/2094/885 1636/2095/887 1637/2096/887
f 1638/2097/885 1639/2098/888 1640/2099/888
f 1641/2100/888 1642/2101/888 1643/2102/887
f 1644/2103/889 1645/2104/889 1646/2105/890
f 1646/2105/890 1647/2106/889 1644/2103/889
f 1648/2107/889 1646/2105/890 1645/2104/889
f 1649/2108/889 1650/2109/889 1651/2110/890
f 1652/2111/889 1644/2103/889 1647/2106/889
f 1653/2112/885 1654/2113/888 1655/2114/891
f 1654/2113/888 1656/2115/887 1657/2116/885
f 1657/2116/885 1655/2114/891 1654/2113/888
f 1658/2117/886 1657/2116/885 1656/2115/887
f 1659/2118/888 1660/2119/885 1661/2120/888
f 1660/2119/885 1662/2121/887 1663/2122/887
f 1663/2122/887 1661/2120/888 1660/2119/885
f 1664/2123/98 1665/2124/98 1666/2125/98
f 1667/2126/892 1668/2127/893 1669/2128/893
f 1669/2128/893 1670/2129/892 1667/2126/892
f 1668/2127/893 1671/2130/892 1672/2131/892
f 1672/2131/892 1669/2128/893 1668/2127/893
f 1673/2132/892 1674/2133/892 1675/2134/892
f 1675/2134/892 1676/2135/892 1673/2132/892
f 1674/2133/892 1677/2136/892 1678/2137/893
f 1678/2137/893 1675/2134/892 1674/2133/892
f 1679/2138/893 1678/2137/893 1677/2136/892
f 1680/2139/892 1667/2126/892 1670/2129/892
f 1681/2140/894 1682/2141/894 1683/2142/894
f 1683/2142/894 1684/2143/894 1681/2140/894
f 1685/2144/894 1683/2142/894 1682/2141/894
f 1686/2145/894 1687/2146/894 1688/2147/894
f 1689/2148/894 1690/2149/895 1691/2150/896
f 1692/2151/894 1693/2152/894 1694/2153/894
f 1695/2154/895 1681/2140/894 1684/2143/894
f 1684/2143/894 1696/2155/896 1695/2154/895
f 1697/2156/892 1698/2157/897 1699/2158/892
f 1699/2158/898 1700/2159/898 1697/2156/898
f 1701/2160/899 1702/2161/899 1703/2162/899
f 1703/2162/900 1704/2163/900 1701/2160/900
f 1702/2161/901 1697/2156/901 1700/2159/901
f 1700/2159/902 1703/2162/902 1702/2161/902
f 1705/2164/889 1706/2165/890 1707/2166/903
f 1707/2166/903 1708/2167/889 1705/2164/889
f 1709/2168/98 1710/2169/98 1664/2123/98
f 479/621/52 1711/2170/52 477/619/52
f 478/620/52 477/619/52 1712/2171/52
f 1712/2171/52 1713/2172/52 478/620/52
f 1713/2172/52 1712/2171/52 1714/2173/52
f 1714/2173/52 1715/2174/52 1713/2172/52
f 1715/2174/52 1714/2173/52 1716/2175/52
f 1716/2175/52 1717/2176/52 1715/2174/52
f 1717/2176/52 1716/2175/52 1718/2177/52
f 1718/2177/52 482/624/52 1717/2176/52
f 482/624/52 1718/2177/52 480/622/52
f 1719/2178/52 1720/2179/52 1721/2180/52
f 1720/2179/52 1722/2181/52 1723/2182/52
f 1724/2183/52 1723/2182/52 1722/2181/52
f 1721/2180/52 1725/2184/52 1719/2178/52
f 1723/2182/52 1721/2180/52 1720/2179/52
f 647/853/52 1726/2185/52 645/851/52
f 1727/2186/52 1459/1900/52 1726/2185/52
f 1459/1900/52 1727/2186/52 1457/1898/52
f 1726/2185/52 647/853/52 1727/2186/52
f 1458/1899/52 1457/1898/52 1463/1904/52
f 665/873/14 678/2187/14 663/871/14
f 663/871/14 683/892/14 664/872/14
f 1728/2188/52 1465/2189/52 794/2190/52
f 1729/2191/52 1730/2192/52 1728/2188/52
f 854/1112/98 870/1137/98 846/1110/98
f 852/1124/98 851/1111/98 846/1110/98
f 846/1110/98 849/1105/98 852/1124/98
f 950/2193/52 973/1260/52 975/1262/52
f 950/2193/52 957/2194/52 956/1246/52
f 956/1246/52 951/1226/52 950/2193/52
f 975/1262/52 957/2194/52 950/2193/52
f 1017/1324/98 1021/2195/98 1020/1323/98
f 1014/1311/98 1020/1323/98 1029/1332/98
f 1029/1332/98 1026/1329/98 1014/1311/98
f 1172/1521/19 1042/2196/19 1041/1519/19
f 1169/1517/190 1055/1370/19 1042/2196/19
f 1042/2196/19 1172/1521/19 1169/1517/190
f 1174/1524/98 1171/2197/98 1170/1522/98
f 1731/2198/98 1174/1524/98 1173/1523/98
f 1173/1523/98 1732/2199/98 1731/2198/98
f 1733/2200/98 1734/2201/98 1735/2202/98
f 1736/2203/98 1733/2200/98 1737/2204/98
f 1735/2202/98 1737/2204/98 1733/2200/98
f 1737/2204/98 1738/2205/98 1736/2203/98
f 1739/2206/98 1736/2203/98 1738/2205/98
f 1738/2205/98 1740/2207/98 1739/2206/98
f 1741/2208/98 1739/2206/98 1740/2207/98
f 1741/2208/98 1740/2207/98 1742/2209/98
f 1743/2210/98 1741/2208/98 1742/2209/98
f 1734/2201/98 1743/2210/98 1742/2209/98
f 1742/2209/98 1735/2202/98 1734/2201/98
f 1744/2211/14 733/2212/14 1745/2213/14
f 1746/2214/14 1744/2211/14 715/2215/14
f 715/2215/14 1747/2216/14 1746/2214/14
f 1748/2217/14 1747/2216/14 715/2215/14
f 715/2215/14 714/2218/14 1748/2217/14
f 1744/2211/14 1746/2214/14 1749/2219/14
f 733/2212/14 1744/2211/14 1749/2219/14
f 1745/2213/14 727/2220/14 1744/2211/14
f 1745/2213/14 1750/2221/14 727/2220/14
f 1750/2221/14 1751/2222/14 727/2220/14
f 727/2220/14 1751/2222/14 1752/2223/14
f 1752/2223/14 728/2224/14 727/2220/14
f 728/2224/14 1752/2223/14 1753/2225/14
f 1753/2225/14 1754/2226/14 728/2224/14
f 1443/1884/52 1448/1889/52 1441/1882/52
f 1755/2227/52 1443/1884/52 1442/1883/52
f 1442/1883/52 1756/2228/52 1755/2227/52
f 1757/2229/52 1755/2227/52 1756/2228/52
f 1756/2228/52 1758/2230/52 1757/2229/52
f 1759/2231/52 1760/2232/52 1761/2233/52
f 1761/2233/52 1762/2234/52 1759/2231/52
f 1762/2234/52 1761/2233/52 1763/2235/52
f 1763/2235/52 1764/2236/52 1762/2234/52
f 1764/2236/52 1763/2235/52 1765/2237/52
f 1765/2237/52 1766/2238/52 1764/2236/52
f 1766/2238/52 1765/2237/52 1767/2239/52
f 1767/2239/52 1768/2240/52 1766/2238/52
f 1769/2241/545 1770/2242/104 1771/2243/104
f 1771/2243/104 1770/2242/104 1772/2244/104
f 1772/2244/104 1773/2245/104 1771/2243/104
f 1774/2246/104 1775/2247/104 1594/2053/104
f 1594/2053/104 1775/2247/104 1776/2248/104
f 1776/2248/104 1595/2054/104 1594/2053/104
f 1777/2249/104 1595/2054/104 1776/2248/104
f 1778/2250/52 1779/2251/52 1780/2252/52
f 1780/2252/52 1781/2253/52 1778/2250/52
f 1617/2076/52 1778/2250/52 1781/2253/52
f 1781/2253/52 1614/2073/52 1617/2076/52
f 1782/2254/98 1783/2255/98 1784/2256/98
f 1785/2257/98 1786/2258/98 1783/2255/98
f 1783/2255/98 1782/2254/98 1785/2257/98
f 1787/2259/98 1788/2260/98 1786/2258/98
f 1786/2258/98 1785/2257/98 1787/2259/98
f 1784/2256/98 1789/2261/98 1782/2254/98
f 1789/2261/98 1784/2256/98 1790/2262/98
f 1790/2262/98 1791/2263/98 1789/2261/98
f 1791/2263/98 1790/2262/98 1792/2264/98
f 1792/2264/98 1793/2265/98 1791/2263/98
f 1793/2265/98 1792/2264/98 1794/2266/98
f 1794/2266/98 1795/2267/98 1793/2265/98
f 1795/2267/98 1794/2266/98 1796/2268/98
f 1796/2268/98 1797/2269/98 1795/2267/98
f 1633/2092/887 1637/2096/887 1636/2095/887
f 1637/2096/887 1638/2097/885 1635/2094/885
f 1640/2099/888 1635/2094/885 1638/2097/885
f 1642/2101/888 1640/2099/888 1639/2098/888
f 1639/2098/888 1643/2102/887 1642/2101/888
f 1643/2102/887 1632/2091/885 1641/2100/888
f 1634/2093/885 1641/2100/888 1632/2091/885
f 1636/2095/887 1634/2093/885 1633/2092/887
f 1650/2109/889 1798/2270/903 1799/2271/890
f 1798/2270/903 1652/2111/889 1800/2272/890
f 1647/2106/889 1800/2272/890 1652/2111/889
f 1799/2271/890 1651/2110/890 1650/2109/889
f 1800/2272/890 1799/2271/890 1798/2270/903
f 969/1254/52 1801/2273/52 946/1252/52
f 943/1251/52 968/1253/52 946/1252/52
f 946/1252/52 949/1237/52 943/1251/52
f 1024/1327/98 1802/2274/98 1022/1325/98
f 1022/1325/98 1803/2275/98 1804/2276/98
f 1804/2276/98 1023/1326/98 1022/1325/98
f 1805/2277/14 1049/1364/14 1048/1363/14
f 1050/1365/14 1051/1366/14 1048/1363/14
f 1045/1356/14 1048/1363/14 1051/1366/14
f 1051/1366/14 1046/1357/14 1045/1356/14
f 1169/1527/52 1172/2278/52 1175/1525/52
f 1806/2279/52 1176/1526/52 1175/1525/52
f 1175/1525/52 1807/2280/52 1806/2279/52
f 1568/2023/98 1567/2022/98 1808/2281/98
f 1569/2024/98 1809/2282/98 1567/2022/98
f 1809/2282/98 1569/2024/98 1810/2283/98
f 1810/2283/98 1569/2024/98 1811/2284/98
f 1811/2284/98 1569/2024/98 1812/2285/98
f 1812/2285/98 1813/2286/98 1811/2284/98
f 1813/2286/98 1812/2285/98 1814/2287/98
f 1814/2287/98 1812/2285/98 1815/2288/98
f 1815/2288/98 1808/2281/98 1814/2287/98
f 1808/2281/98 1815/2288/98 1568/2023/98
f 1816/2289/98 1808/2281/98 1567/2022/98
f 1567/2022/98 1817/2290/98 1816/2289/98
f 1817/2290/98 1567/2022/98 1818/2291/98
f 1818/2291/98 1819/2292/98 1817/2290/98
f 1820/2293/98 1819/2292/98 1818/2291/98
f 1818/2291/98 1821/2294/98 1820/2293/98
f 1820/2293/98 1821/2294/98 1822/2295/98
f 1823/2296/98 1816/2289/98 1817/2290/98
f 1817/2290/98 1824/2297/98 1823/2296/98
f 1816/2289/98 1823/2296/98 1825/2298/98
f 1824/2297/98 1817/2290/98 1826/2299/98
f 1825/2298/98 1827/2300/98 1816/2289/98
f 1826/2299/98 1828/2301/98 1824/2297/98
f 1827/2300/98 1825/2298/98 1829/2302/98
f 1829/2302/98 1825/2298/98 1828/2301/98
f 1830/2303/98 1828/2301/98 1826/2299/98
f 1828/2301/98 1831/2304/98 1829/2302/98
f 1831/2304/98 1828/2301/98 1830/2303/98
f 279/356/904 298/388/904 1832/2305/905
f 1832/2305/905 1833/2306/904 279/356/904
f 8/2307/98 4/2308/731 3/2309/98
f 3/2309/98 5/2310/98 8/2307/98
f 21/2311/906 24/302/906 318/666/906
f 318/666/906 317/2312/906 21/2311/906
f 30/30/6 29/29/6 28/28/6
f 28/28/6 31/31/6 30/30/6
f 72/72/98 64/64/98 67/67/243
f 67/67/243 73/73/244 72/72/98
f 69/69/38 68/68/907 66/66/908
f 66/66/909 65/65/38 69/69/38
f 35/2313/910 1834/2314/910 1835/2315/910
f 1835/2315/910 87/2316/911 35/2313/910
f 1834/2314/912 1836/2317/912 1837/2318/913
f 1837/2318/913 1835/2315/912 1834/2314/912
f 1836/2317/914 1838/2319/915 1839/2320/915
f 1839/2320/915 1837/2318/915 1836/2317/914
f 1838/2319/916 1840/2321/916 1841/2322/916
f 1841/2322/916 1839/2320/916 1838/2319/916
f 1840/2321/917 75/77/917 77/80/918
f 77/80/918 1841/2322/917 1840/2321/917
f 80/91/66 79/89/66 84/88/66
f 84/88/66 86/92/66 80/91/66
f 103/120/919 105/122/919 108/125/919
f 108/125/919 104/121/919 103/120/919
f 112/216/535 176/217/535 390/2323/535
f 390/2323/535 98/2324/535 112/216/535
f 110/2325/920 109/2326/921 184/2327/922
f 184/2327/922 1842/2328/923 110/2325/920
f 139/168/924 136/167/924 138/166/925
f 138/166/925 140/169/925 139/168/924
f 62/142/14 120/141/14 424/549/14
f 424/549/14 149/183/14 62/142/14
f 1843/2329/14 1844/2330/14 1845/2331/14
f 1845/2331/14 1846/2332/14 1843/2329/14
f 1847/2333/19 1848/2334/19 1849/2335/19
f 1849/2335/19 1850/2336/19 1847/2333/19
f 1846/2332/98 1845/2331/98 1849/2337/98
f 1849/2337/98 1848/2338/98 1846/2332/98
f 1844/2330/52 1843/2329/52 1847/2333/52
f 1847/2333/52 1850/2336/52 1844/2330/52
f 1851/2339/14 1852/2340/14 1853/2341/14
f 1853/2341/14 1854/2342/14 1851/2339/14
f 1855/2343/19 1856/2344/19 1857/2345/19
f 1857/2345/19 1858/2346/19 1855/2343/19
f 1854/2342/98 1853/2341/98 1857/2347/98
f 1857/2347/98 1856/2348/98 1854/2342/98
f 1852/2340/52 1851/2339/52 1855/2343/52
f 1855/2343/52 1858/2346/52 1852/2340/52
f 1859/2349/14 1860/2350/14 1861/2351/14
f 1861/2351/14 1862/2352/14 1859/2349/14
f 1863/2353/19 1864/2354/19 1865/2355/19
f 1865/2355/19 1866/2356/19 1863/2353/19
f 1862/2352/98 1861/2351/98 1865/2357/98
f 1865/2357/98 1864/2358/98 1862/2352/98
f 1860/2350/52 1859/2349/52 1863/2353/52
f 1863/2353/52 1866/2356/52 1860/2350/52
f 1867/2359/14 1868/2360/14 1869/2361/14
f 1869/2361/14 1870/2362/14 1867/2359/14
f 1871/2363/19 1872/2364/19 1873/2365/19
f 1873/2365/19 1874/2366/19 1871/2363/19
f 1870/2362/104 1869/2361/104 1873/2367/104
f 1873/2367/104 1872/2368/104 1870/2362/104
f 1871/2363/535 1874/2366/535 1868/2360/535
f 1868/2360/535 1867/2359/535 1871/2363/535
f 1875/2369/14 1876/2370/14 1877/2371/14
f 1877/2371/14 1878/2372/14 1875/2369/14
f 1879/2373/19 1880/2374/19 1881/2375/19
f 1881/2375/19 1882/2376/19 1879/2373/19
f 1878/2372/104 1877/2371/104 1881/2377/104
f 1881/2377/104 1880/2378/104 1878/2372/104
f 1879/2373/535 1882/2376/535 1876/2370/535
f 1876/2370/535 1875/2369/535 1879/2373/535
f 1883/2379/14 1884/2380/14 1885/2381/14
f 1885/2381/14 1886/2382/14 1883/2379/14
f 1887/2383/19 1888/2384/19 1889/2385/19
f 1889/2385/19 1890/2386/19 1887/2383/19
f 1886/2382/104 1885/2381/104 1889/2387/104
f 1889/2387/104 1888/2388/104 1886/2382/104
f 1887/2383/535 1890/2386/535 1884/2380/535
f 1884/2380/535 1883/2379/535 1887/2383/535
f 1891/2389/14 1892/2390/14 1893/2391/14
f 1893/2391/14 1894/2392/14 1891/2389/14
f 1895/2393/19 1896/2394/19 1897/2395/19
f 1897/2395/19 1898/2396/19 1895/2393/19
f 1894/2392/104 1893/2391/104 1897/2397/104
f 1897/2397/104 1896/2398/104 1894/2392/104
f 1895/2393/535 1898/2396/535 1892/2390/535
f 1892/2390/535 1891/2389/535 1895/2393/535
f 1899/2399/14 1900/2400/14 1901/2401/14
f 1901/2401/14 1902/2402/14 1899/2399/14
f 1903/2403/19 1904/2404/19 1905/2405/19
f 1905/2405/19 1906/2406/19 1903/2403/19
f 1902/2402/52 1901/2401/52 1905/2407/52
f 1905/2407/52 1904/2408/52 1902/2402/52
f 1900/2400/98 1899/2399/98 1903/2403/98
f 1903/2403/98 1906/2406/98 1900/2400/98
f 1906/2406/535 1905/2405/535 1901/2409/535
f 1901/2409/535 1900/2410/535 1906/2406/535
f 155/2411/19 153/188/19 152/187/19
f 152/187/19 156/2412/19 155/2411/19
f 156/2413/535 152/187/535 151/186/535
f 151/186/535 154/2414/535 156/2413/535
f 162/197/926 166/209/927 165/2415/927
f 165/2415/927 169/207/926 162/197/926
f 182/2416/52 181/2417/52 177/218/52
f 177/218/52 179/220/52 182/2416/52
f 449/582/928 185/581/929 183/224/928
f 183/224/928 182/223/930 449/582/928
f 1907/2418/931 1908/2419/932 1909/2420/932
f 1909/2420/932 1910/2421/931 1907/2418/931
f 1911/2422/933 1912/2423/933 1909/2420/933
f 1909/2420/933 1908/2419/933 1911/2422/933
f 1912/2424/19 1913/2425/19 1910/2421/19
f 1910/2421/19 1909/2420/19 1912/2424/19
f 1913/2426/934 1914/2427/934 1907/2418/934
f 1907/2418/934 1910/2421/934 1913/2426/934
f 1914/2428/14 1911/2429/14 1908/2419/14
f 1908/2419/14 1907/2418/14 1914/2428/14
f 457/593/935 456/592/935 191/237/935
f 191/237/935 190/236/936 457/593/935
f 94/2430/904 389/2431/904 457/593/937
f 457/593/937 190/236/905 94/2430/904
f 571/2432/938 295/2433/938 203/254/938
f 203/254/938 464/605/938 571/2432/938
f 194/252/939 202/251/940 465/607/939
f 465/607/939 466/608/939 194/252/939
f 1915/2434/14 1916/2435/14 1917/2436/14
f 1917/2436/14 1918/2437/14 1915/2434/14
f 209/2438/98 214/2439/98 213/264/98
f 213/264/98 210/261/98 209/2438/98
f 221/272/52 220/2440/52 217/2441/52
f 217/2441/52 216/267/52 221/272/52
f 220/2442/941 214/2439/942 209/2438/941
f 209/2438/941 217/2443/941 220/2442/941
f 216/267/943 210/261/943 213/264/943
f 213/264/943 221/272/943 216/267/943
f 217/2444/944 209/260/945 208/259/946
f 208/259/946 218/2445/946 217/2444/944
f 218/2445/942 208/259/942 211/2446/942
f 211/2446/942 219/2447/942 218/2445/942
f 219/270/947 211/262/947 210/261/948
f 210/261/948 216/267/947 219/270/947
f 221/272/949 213/264/949 212/263/949
f 212/263/949 222/273/949 221/272/949
f 222/2448/942 212/2449/942 215/266/942
f 215/266/942 223/2450/942 222/2448/942
f 223/2450/950 215/266/951 214/265/950
f 214/265/950 220/2451/951 223/2450/950
f 1919/2452/535 1920/2453/535 1921/2454/535
f 1921/2454/535 1922/2455/535 1919/2452/535
f 1923/2456/952 1924/2457/953 1919/2452/954
f 1919/2452/954 1922/2455/955 1923/2456/952
f 228/279/956 227/278/956 501/643/957
f 501/643/957 500/642/958 228/279/956
f 509/2458/959 1925/2459/960 1926/2460/961
f 1926/2460/961 237/2461/962 509/2458/959
f 236/2462/195 510/2463/403 509/2458/19
f 509/2458/19 237/2461/19 236/2462/195
f 1927/2464/381 1928/2465/381 1929/2466/14
f 1929/2466/14 1930/2467/14 1927/2464/381
f 1931/2468/963 1932/2469/964 236/288/965
f 236/288/965 230/287/963 1931/2468/963
f 1927/2470/966 1933/2471/967 167/2472/968
f 167/2472/968 224/2473/969 1927/2470/966
f 1934/2474/970 168/2475/971 167/2476/968
f 167/2476/968 1933/2477/967 1934/2474/970
f 242/296/98 244/298/98 240/292/98
f 240/292/98 239/291/98 242/296/98
f 227/2478/972 234/2479/973 507/2480/974
f 507/2480/974 501/2481/975 227/2478/972
f 235/2482/976 1930/2467/976 1929/2466/974
f 1929/2466/974 508/2483/977 235/2482/976
f 234/2479/194 235/2482/19 508/2483/19
f 508/2483/19 507/2480/402 234/2479/194
f 1933/2477/14 1926/2460/14 1925/2459/381
f 1925/2459/381 1934/2474/14 1933/2477/14
f 1927/2464/966 224/2484/969 225/2485/978
f 225/2485/978 1928/2465/979 1927/2464/966
f 246/304/980 251/309/980 1935/2486/980
f 1935/2486/980 1936/2487/980 246/304/980
f 247/2488/981 1937/2489/981 1938/2490/981
f 1938/2490/981 250/2491/981 247/2488/981
f 246/2492/98 1936/2487/98 1937/2489/98
f 1937/2489/98 247/2493/98 246/2492/98
f 1936/2487/982 1935/2486/982 1938/2490/982
f 1938/2490/982 1937/2489/982 1936/2487/982
f 1935/2486/52 251/2494/52 250/2495/52
f 250/2495/52 1938/2490/52 1935/2486/52
f 251/309/983 246/304/983 249/307/983
f 249/307/983 252/310/983 251/309/983
f 247/305/984 250/308/984 253/311/984
f 253/311/984 248/306/984 247/305/984
f 262/328/433 264/332/985 265/335/433
f 265/335/433 263/329/433 262/328/433
f 1939/2496/986 1940/2497/986 1941/2498/986
f 1941/2498/986 1942/2499/986 1939/2496/986
f 1943/2500/987 1944/2501/987 1945/2502/987
f 1945/2502/987 1946/2503/987 1943/2500/987
f 1940/2504/52 1943/2500/52 1946/2503/52
f 1946/2503/52 1941/2505/52 1940/2504/52
f 1947/2506/988 1916/2435/988 1915/2434/988
f 1915/2434/988 1948/2507/988 1947/2506/988
f 279/2508/52 1833/2509/52 276/353/52
f 276/353/52 277/354/52 279/2508/52
f 109/371/242 1535/1986/98 290/369/241
f 292/372/98 1535/1986/98 109/371/242
f 106/373/98 1536/1987/98 292/372/98
f 106/373/98 105/2510/98 1536/1987/98
f 1536/1987/989 105/2510/98 103/2511/225
f 103/2511/225 1537/1988/990 1536/1987/989
f 1949/2512/285 1537/1988/990 103/2511/225
f 1538/1989/991 1537/1988/990 1949/2512/285
f 103/2511/225 1950/2513/276 1949/2512/285
f 1949/2512/285 1951/2514/38 1538/1989/991
f 1950/2513/276 103/2511/225 101/2515/98
f 1951/2514/38 1539/1990/992 1538/1989/991
f 101/2515/98 1952/2516/993 1950/2513/276
f 291/370/994 1539/1990/992 1951/2514/38
f 1951/2514/38 289/368/741 291/370/994
f 1952/2516/993 101/2515/98 99/2517/279
f 99/2517/279 1953/2518/995 1952/2516/993
f 1954/2519/996 1953/2518/995 99/2517/279
f 99/2517/279 2/2520/997 1954/2519/996
f 1954/2519/996 2/2520/997 1/2521/998
f 1/2521/998 1955/2522/999 1954/2519/996
f 1956/2523/1000 1957/2524/1001 1955/2522/999
f 1955/2522/999 1958/2525/289 1956/2523/1000
f 1/2521/998 1958/2525/289 1955/2522/999
f 1959/2526/98 1958/2525/289 1/2521/998
f 1/2521/998 1960/2527/98 1959/2526/98
f 1960/2527/98 1961/2528/98 1959/2526/98
f 1960/2527/98 1962/2529/98 1961/2528/98
f 1960/2527/98 270/347/98 1962/2529/98
f 270/347/98 1963/2530/98 1962/2529/98
f 270/347/98 1964/2531/98 1963/2530/98
f 270/347/98 297/2532/98 1964/2531/98
f 270/347/98 298/2533/98 297/2532/98
f 1832/2534/98 298/2533/98 270/347/98
f 270/347/98 89/96/98 1832/2534/98
f 317/717/71 389/493/319 94/107/72
f 94/107/72 21/345/71 317/717/71
f 118/137/19 110/128/19 1842/2535/19
f 1842/2535/19 302/2536/19 118/137/19
f 175/2537/98 302/2536/98 1842/2535/98
f 1842/2535/98 184/2538/98 175/2537/98
f 561/729/905 1965/2539/905 1966/2540/905
f 1966/2540/905 574/754/905 561/729/905
f 308/2541/52 307/2542/52 305/2543/52
f 305/2543/52 304/2544/1002 308/2541/52
f 326/417/6 325/416/6 323/414/5
f 323/414/5 322/413/6 326/417/6
f 367/459/294 363/455/294 362/454/1003
f 362/454/1003 364/456/1004 367/459/294
f 328/2545/910 380/2546/910 1967/2547/910
f 1967/2547/910 1968/2548/910 328/2545/910
f 1968/2548/1005 1967/2547/1005 1969/2549/1005
f 1969/2549/1005 1970/2550/1005 1968/2548/1005
f 1970/2550/915 1969/2549/914 1971/2551/915
f 1971/2551/915 1972/2552/915 1970/2550/915
f 1972/2552/916 1971/2551/916 1973/2553/916
f 1973/2553/916 1974/2554/916 1972/2552/916
f 1974/2554/918 1973/2553/917 370/464/917
f 370/464/917 369/463/917 1974/2554/918
f 374/2555/66 1975/2556/66 378/475/66
f 378/475/66 375/474/66 374/2555/66
f 379/476/66 1975/2556/66 374/2555/66
f 379/476/66 374/2555/66 380/477/66
f 397/505/1006 396/504/919 399/507/919
f 399/507/919 398/506/919 397/505/1006
f 402/2557/1007 1976/2558/1008 451/2559/1009
f 451/2559/1009 403/2560/1010 402/2557/1007
f 1977/2561/14 1978/2562/14 1979/2563/14
f 1979/2563/14 1980/2564/14 1977/2561/14
f 1981/2565/19 1982/2566/19 1983/2567/19
f 1983/2567/19 1984/2568/19 1981/2565/19
f 1978/2562/52 1984/2569/52 1983/2570/52
f 1983/2570/52 1979/2563/52 1978/2562/52
f 1980/2564/98 1982/2566/98 1981/2565/98
f 1981/2565/98 1977/2561/98 1980/2564/98
f 1985/2571/14 1986/2572/14 1987/2573/14
f 1987/2573/14 1988/2574/14 1985/2571/14
f 1989/2575/19 1990/2576/19 1991/2577/19
f 1991/2577/19 1992/2578/19 1989/2575/19
f 1986/2572/52 1992/2579/52 1991/2580/52
f 1991/2580/52 1987/2573/52 1986/2572/52
f 1988/2574/98 1990/2576/98 1989/2575/98
f 1989/2575/98 1985/2571/98 1988/2574/98
f 1993/2581/14 1994/2582/14 1995/2583/14
f 1995/2583/14 1996/2584/14 1993/2581/14
f 1997/2585/19 1998/2586/19 1999/2587/19
f 1999/2587/19 2000/2588/19 1997/2585/19
f 1994/2582/52 2000/2589/52 1999/2590/52
f 1999/2590/52 1995/2583/52 1994/2582/52
f 1996/2584/98 1998/2586/98 1997/2585/98
f 1997/2585/98 1993/2581/98 1996/2584/98
f 2001/2591/14 2002/2592/14 2003/2593/14
f 2003/2593/14 2004/2594/14 2001/2591/14
f 2005/2595/19 2006/2596/19 2007/2597/19
f 2007/2597/19 2008/2598/19 2005/2595/19
f 2002/2592/98 2008/2599/98 2007/2600/98
f 2007/2600/98 2003/2593/98 2002/2592/98
f 2004/2594/52 2006/2596/52 2005/2595/52
f 2005/2595/52 2001/2591/52 2004/2594/52
f 2006/2596/535 2004/2601/535 2003/2602/535
f 2003/2602/535 2007/2597/535 2006/2596/535
f 430/2603/19 431/2604/19 428/554/19
f 428/554/19 427/553/19 430/2603/19
f 431/2605/535 429/2606/535 426/552/535
f 426/552/535 428/554/535 431/2605/535
f 449/2607/98 446/578/98 445/577/98
f 445/577/98 450/2608/98 449/2607/98
f 2009/2609/1011 2010/2610/1011 2011/2611/1012
f 2011/2611/1012 2012/2612/1012 2009/2609/1011
f 2013/2613/1013 2012/2612/1013 2011/2611/1013
f 2011/2611/1013 2014/2614/1013 2013/2613/1013
f 2014/2615/19 2011/2611/19 2010/2610/19
f 2010/2610/19 2015/2616/399 2014/2615/19
f 2015/2617/1014 2010/2610/1014 2009/2609/1014
f 2009/2609/1014 2016/2618/1014 2015/2617/1014
f 2016/2619/14 2009/2609/14 2012/2612/14
f 2012/2612/14 2013/2620/14 2016/2619/14
f 476/618/52 475/617/52 2017/2621/52
f 2017/2621/52 2018/2622/52 476/618/52
f 2018/2622/52 2017/2621/52 2019/2623/52
f 2019/2623/52 2020/2624/52 2018/2622/52
f 2020/2624/52 2019/2623/52 2021/2625/52
f 2021/2625/52 2022/2626/52 2020/2624/52
f 2022/2626/52 2021/2625/52 2023/2627/52
f 2023/2627/52 2024/2628/52 2022/2626/52
f 2024/2628/52 2023/2627/52 2025/2629/52
f 2025/2629/52 2026/2630/52 2024/2628/52
f 2026/2630/52 2025/2629/52 1711/2170/52
f 1711/2170/52 479/621/52 2026/2630/52
f 486/2631/52 485/627/52 490/632/52
f 490/632/52 489/2632/52 486/2631/52
f 498/640/98 491/633/98 494/2633/98
f 494/2633/98 495/2634/98 498/640/98
f 495/2635/942 494/2636/942 486/2631/942
f 486/2631/942 489/2632/942 495/2635/942
f 491/633/1015 498/640/943 490/632/943
f 490/632/943 485/627/1015 491/633/1015
f 494/2637/944 493/2638/944 483/625/946
f 483/625/946 486/628/946 494/2637/944
f 493/2638/942 492/2639/942 484/2640/942
f 484/2640/942 483/625/942 493/2638/942
f 492/634/947 491/633/947 485/627/947
f 485/627/947 484/626/947 492/634/947
f 498/640/949 497/639/949 487/629/949
f 487/629/949 490/632/949 498/640/949
f 497/2641/942 496/2642/942 488/630/941
f 488/630/941 487/2643/942 497/2641/942
f 496/2642/950 495/2644/1016 489/631/1016
f 489/631/1016 488/630/950 496/2642/950
f 2027/2645/1017 505/651/1018 510/653/845
f 510/653/845 2028/2646/1019 2027/2645/1017
f 1928/2647/979 225/2648/978 168/2649/971
f 168/2649/971 1934/2650/970 1928/2647/979
f 514/659/52 513/657/52 512/656/52
f 512/656/52 517/663/52 514/659/52
f 520/669/1020 2029/2651/1020 2030/2652/1020
f 2030/2652/1020 526/675/1020 520/669/1020
f 2031/2653/1021 523/2654/1021 2032/2655/425
f 2032/2655/425 2033/2656/425 2031/2653/1021
f 520/2657/52 2031/2658/52 2033/2656/52
f 2033/2656/52 2029/2651/52 520/2657/52
f 2029/2651/1022 2033/2656/1022 2032/2655/1022
f 2032/2655/1022 2030/2652/1022 2029/2651/1022
f 2030/2652/98 2032/2655/98 523/2659/98
f 523/2659/98 526/2660/98 2030/2652/98
f 526/675/418 525/674/417 521/670/417
f 521/670/417 520/669/416 526/675/418
f 522/671/417 2031/2661/1023 520/669/416
f 2031/2661/1023 522/671/417 524/673/417
f 524/673/417 523/672/417 2031/2661/1023
f 1939/2496/1024 1942/2499/1025 2034/2662/1024
f 2034/2662/1024 2035/2663/1024 1939/2496/1024
f 2036/2664/1026 2037/2665/1026 1945/2502/1026
f 1945/2502/1026 1944/2501/1026 2036/2664/1026
f 2035/2666/98 2034/2667/98 2037/2665/98
f 2037/2665/98 2036/2664/98 2035/2666/98
f 561/2668/98 558/726/98 557/725/98
f 557/725/98 1965/2669/98 561/2668/98
f 410/521/19 579/2670/19 1976/2671/19
f 1976/2671/19 402/511/19 410/521/19
f 444/2672/52 451/2673/52 1976/2671/52
f 1976/2671/52 579/2670/52 444/2672/52
f 563/2674/1027 283/2675/1028 280/2676/1027
f 280/2676/1027 560/2677/1027 563/2674/1027
f 199/2678/1029 201/2679/1029 462/606/1030
f 462/606/1030 196/762/1030 199/2678/1029
f 203/254/185 196/762/185 462/606/185
f 462/606/185 464/605/185 203/254/185
f 528/764/492 255/763/491 254/768/205
f 254/768/205 527/767/415 528/764/492
f 528/764/492 318/666/494 24/302/489
f 24/302/489 255/763/491 528/764/492
f 320/411/497 527/767/19 254/768/19
f 254/768/19 22/22/605 320/411/497
f 589/775/500 583/769/499 586/772/501
f 586/772/501 590/776/500 589/775/500
f 592/778/502 595/781/502 598/784/503
f 598/784/503 593/779/503 592/778/502
f 596/782/502 591/777/502 594/780/502
f 594/780/502 597/783/502 596/782/502
f 600/786/504 603/789/504 606/792/504
f 606/792/504 601/787/504 600/786/504
f 604/790/504 599/785/504 602/788/505
f 602/788/505 605/791/504 604/790/504
f 614/808/1031 611/803/1031 593/806/1031
f 593/806/1031 598/809/1031 614/808/1031
f 612/2680/1032 613/807/1032 597/810/1032
f 597/810/1032 594/2681/1032 612/2680/1032
f 620/822/1033 619/821/1034 2038/2682/1035
f 2038/2682/1035 2039/2683/1036 620/822/1033
f 625/829/1037 2040/2684/1038 2038/2685/1035
f 2038/2685/1035 619/2686/1034 625/829/1037
f 625/829/1037 623/826/1039 2041/2687/1040
f 2041/2687/1040 2040/2688/1038 625/829/1037
f 620/825/1033 2039/2689/1036 2041/2690/1040
f 2041/2690/1040 623/826/1039 620/825/1033
f 626/2691/19 622/824/19 621/823/19
f 621/823/19 624/2692/19 626/2691/19
f 625/829/1041 619/2686/1042 622/2693/1041
f 622/2693/1041 626/830/1042 625/829/1041
f 628/832/1033 627/831/1043 2042/2694/1044
f 2042/2694/1044 2043/2695/1036 628/832/1033
f 627/2696/1043 633/839/1045 2044/2697/1038
f 2044/2697/1038 2042/2698/1044 627/2696/1043
f 633/839/1045 631/836/1039 2045/2699/1040
f 2045/2699/1040 2044/2700/1038 633/839/1045
f 628/835/1033 2043/2701/1036 2045/2702/1040
f 2045/2702/1040 631/836/1039 628/835/1033
f 634/2703/19 630/834/19 629/833/19
f 629/833/19 632/2704/19 634/2703/19
f 633/839/1042 627/2696/1042 630/2705/1042
f 630/2705/1042 634/840/1042 633/839/1042
f 637/843/98 2046/2706/98 635/841/98
f 2046/2706/98 637/843/98 2047/2707/98
f 2048/2708/19 2049/2709/19 2050/2710/19
f 2050/2710/19 2051/2711/19 2048/2708/19
f 2052/2712/52 2048/2708/52 2051/2713/52
f 2051/2713/52 2053/2714/52 2052/2712/52
f 2053/2715/104 2051/2711/104 2050/2710/104
f 2050/2710/104 2054/2716/104 2053/2715/104
f 2054/2717/98 2050/2718/98 2049/2709/98
f 2049/2709/98 2055/2719/98 2054/2717/98
f 2055/2719/535 2049/2709/535 2048/2708/535
f 2048/2708/535 2052/2712/535 2055/2719/535
f 2052/2712/14 2053/2720/14 2054/2721/14
f 2054/2721/14 2055/2719/14 2052/2712/14
f 2056/2722/22 2057/2723/22 2058/2724/22
f 2058/2724/22 2059/2725/22 2056/2722/22
f 2060/2726/104 2061/2727/104 2062/2728/104
f 2062/2728/104 2063/2729/104 2060/2726/104
f 2064/2730/98 2065/2731/98 2066/2732/98
f 2066/2732/98 2067/2733/98 2064/2730/98
f 2066/2732/104 2057/2723/104 2056/2722/104
f 2056/2722/104 2067/2733/104 2066/2732/104
f 661/867/240 662/2734/240 2068/2735/240
f 2068/2735/240 658/864/240 661/867/240
f 2068/2735/104 662/2734/104 652/858/104
f 652/858/104 655/861/104 2068/2735/104
f 2063/2729/52 2069/2736/52 2070/2737/52
f 2070/2737/52 2060/2726/52 2063/2729/52
f 2071/2738/305 2062/2728/619 2061/2727/49
f 2061/2727/49 2072/2739/1046 2071/2738/305
f 2064/2730/535 2071/2740/535 2072/2741/535
f 2072/2741/535 2065/2731/535 2064/2730/535
f 2069/2736/535 2059/2725/535 2058/2724/535
f 2058/2724/535 2070/2737/535 2069/2736/535
f 659/865/98 651/857/98 650/856/98
f 650/856/98 660/866/98 659/865/98
f 648/854/276 656/2742/98 657/2743/1047
f 657/2743/1047 649/855/304 648/854/276
f 660/869/14 650/2744/14 653/859/14
f 653/859/14 652/858/14 660/869/14
f 650/2744/14 649/2745/14 657/2746/14
f 657/2746/14 653/859/14 650/2744/14
f 663/893/52 678/2747/52 667/2748/52
f 667/2748/52 672/897/52 663/893/52
f 690/902/98 670/2749/98 1429/2750/98
f 1429/2750/98 680/889/98 690/902/98
f 682/2751/19 2073/2752/19 2074/2753/19
f 2074/2753/19 679/2754/19 682/2751/19
f 2073/2752/535 664/2755/535 2075/2756/535
f 2075/2756/535 2074/2753/535 2073/2752/535
f 664/2755/14 683/2757/14 681/2758/14
f 681/2758/14 2075/2756/14 664/2755/14
f 683/2757/104 682/2759/104 679/2760/104
f 679/2760/104 681/2758/104 683/2757/104
f 669/877/52 671/879/52 691/903/52
f 691/903/52 674/883/52 669/877/52
f 666/874/98 668/876/98 685/895/98
f 685/895/98 673/882/98 666/874/98
f 697/909/1048 709/2761/1048 2076/2762/1048
f 2076/2762/1048 698/910/1048 697/909/1048
f 2076/2763/1049 694/906/1049 693/905/1049
f 693/905/1049 698/2764/1049 2076/2763/1049
f 711/2765/104 712/2766/104 699/911/104
f 699/911/104 702/914/104 711/2765/104
f 707/919/548 708/920/549 2077/2767/548
f 2077/2767/548 2078/2768/549 707/919/548
f 2077/2769/1050 708/2770/1050 703/915/1051
f 703/915/1051 706/918/1050 2077/2769/1050
f 717/2771/550 1747/2772/550 1748/2773/550
f 1748/2773/550 718/2774/1048 717/2771/550
f 1748/2775/1052 714/929/1053 713/928/1052
f 713/928/1052 718/2776/1052 1748/2775/1052
f 727/2777/104 726/941/104 723/938/104
f 723/938/104 1744/2778/104 727/2777/104
f 1427/1868/19 726/941/19 2079/2779/19
f 726/941/19 725/940/19 2079/2779/19
f 733/2780/535 730/2781/535 1427/2782/535
f 1427/2782/535 1745/2783/535 733/2780/535
f 719/2784/548 722/2785/549 1753/2786/549
f 1753/2786/549 1752/2787/548 719/2784/548
f 721/936/550 720/935/550 728/2788/1048
f 728/2788/1048 1754/2789/550 721/936/550
f 1753/2790/1054 722/2791/1054 721/936/1054
f 721/936/1054 1754/2789/1054 1753/2790/1054
f 1751/2792/1055 725/2793/1055 719/2794/1056
f 719/2794/1056 1752/2795/1057 1751/2792/1055
f 723/938/1058 716/931/1059 715/2796/1059
f 715/2796/1059 1744/2797/1060 723/938/1058
f 725/2798/1055 1751/2799/1055 1750/2800/535
f 1750/2800/535 2079/2801/535 725/2798/1055
f 2080/2802/535 732/2803/535 731/2804/535
f 731/2804/535 734/950/535 2080/2802/535
f 2081/2805/535 2082/2806/535 2083/2807/535
f 2083/2807/535 2084/2808/535 2081/2805/535
f 733/949/14 1749/2809/14 2080/2802/14
f 2080/2802/14 734/950/14 733/949/14
f 1749/2809/98 729/944/98 732/947/98
f 732/947/98 2080/2802/98 1749/2809/98
f 1427/2810/19 2079/2811/19 2081/2812/19
f 2081/2812/19 2084/2813/19 1427/2810/19
f 2079/2811/52 1750/2814/52 2082/2806/52
f 2082/2806/52 2081/2812/52 2079/2811/52
f 1750/2814/14 1745/2815/14 2083/2807/14
f 2083/2807/14 2082/2806/14 1750/2814/14
f 1745/2815/98 1427/2816/98 2084/2817/98
f 2084/2817/98 2083/2807/98 1745/2815/98
f 736/2818/535 738/2819/535 741/968/535
f 741/968/535 746/967/535 736/2818/535
f 735/2820/535 737/1910/535 790/2821/535
f 1467/1912/535 790/2821/535 737/1910/535
f 1467/1912/563 1466/1911/1061 2085/2822/1061
f 2085/2822/1061 2086/2823/1061 1467/1912/563
f 759/2824/535 769/2825/535 761/2826/535
f 761/2826/535 760/2827/535 759/2824/535
f 757/2828/535 783/2829/535 758/1024/535
f 758/1024/535 783/2829/535 774/1004/535
f 769/2825/563 768/998/563 764/992/563
f 764/992/563 761/2826/1061 769/2825/563
f 735/952/535 757/985/535 760/1021/535
f 760/1021/535 738/984/535 735/952/535
f 739/1017/14 738/2830/14 760/2831/14
f 760/2831/14 763/1018/14 739/1017/14
f 756/981/545 780/1011/545 782/2832/545
f 782/2832/545 755/2833/1062 756/981/545
f 1426/1913/52 784/1026/52 787/1048/52
f 787/1048/52 786/2834/52 1426/1913/52
f 793/1916/98 799/2835/98 798/2836/98
f 798/2836/98 792/1034/98 793/1916/98
f 2087/2837/535 2088/2838/535 2089/2839/535
f 2089/2839/535 2090/2840/535 2087/2837/535
f 2091/2841/104 2092/2842/104 2093/2843/104
f 2093/2843/104 2094/2844/104 2091/2841/104
f 2095/2845/535 1465/2189/535 1728/2188/535
f 1728/2188/535 2096/2846/535 2095/2845/535
f 794/2190/52 797/2847/52 1728/2188/52
f 1728/2188/52 797/2847/52 1729/2191/52
f 805/1053/104 802/1054/104 803/1052/104
f 803/1052/104 804/1051/104 805/1053/104
f 750/971/14 2086/2823/14 2085/2822/14
f 2085/2822/14 751/972/14 750/971/14
f 768/998/14 766/995/460 765/993/460
f 765/993/460 764/992/14 768/998/14
f 820/1073/162 806/1059/162 809/1062/162
f 809/1062/162 821/1074/162 820/1073/162
f 807/2848/599 810/1063/600 813/1066/600
f 813/1066/600 808/2849/600 807/2848/599
f 848/1114/497 853/1113/497 843/1128/497
f 843/1128/497 840/1130/497 848/1114/497
f 844/1101/162 852/1124/162 861/1122/162
f 852/1124/162 862/1123/162 861/1122/162
f 859/1120/162 858/1119/613 849/1105/162
f 849/1105/162 839/1092/162 859/1120/162
f 907/1178/98 2097/2850/98 2098/2851/98
f 2098/2851/98 908/1179/98 907/1178/98
f 880/1147/162 2099/2852/162 879/1146/162
f 2099/2852/162 880/1147/162 2100/2853/162
f 2100/2853/162 883/1150/162 2099/2852/162
f 883/1150/162 2100/2853/162 881/1148/162
f 889/1156/19 888/1155/497 891/1158/19
f 891/1158/19 890/1157/19 889/1156/19
f 894/1161/497 897/1164/497 893/1160/497
f 897/1164/497 894/1161/497 895/1162/497
f 896/1163/74 895/1162/497 899/1166/19
f 899/1166/19 898/1165/19 896/1163/74
f 900/1167/497 901/1168/497 898/1165/19
f 901/1168/497 900/1167/497 887/1154/497
f 880/1176/1041 905/1175/1041 902/2854/1042
f 902/2854/1042 895/2855/1042 880/1176/1041
f 909/1180/19 908/2856/19 2098/2857/19
f 2098/2857/19 910/1183/19 909/1180/19
f 910/2858/104 2098/2851/104 2097/2850/104
f 2097/2850/104 911/2859/104 910/2858/104
f 911/1186/14 2097/2860/14 907/2861/14
f 907/2861/14 906/1177/14 911/1186/14
f 903/1184/52 910/1183/52 911/1186/52
f 911/1186/52 904/1185/52 903/1184/52
f 925/1200/162 924/1199/162 2101/2862/600
f 2101/2862/600 2102/2863/600 925/1200/162
f 2102/2863/600 2101/2862/600 913/2864/162
f 913/2864/162 912/2865/162 2102/2863/600
f 917/1192/602 916/1191/602 919/1194/162
f 919/1194/162 918/1193/162 917/1192/602
f 921/1196/381 920/1195/600 923/1198/381
f 923/1198/381 922/1197/620 921/1196/381
f 928/1203/497 931/1206/497 926/1201/497
f 931/1206/497 928/1203/497 929/1204/497
f 942/1257/98 945/1220/98 948/1243/98
f 948/1243/98 947/1258/98 942/1257/98
f 948/1243/162 964/1245/162 956/1246/162
f 956/1246/162 964/1245/162 965/1247/162
f 962/1242/162 945/1220/162 951/1226/162
f 951/1226/162 961/1241/162 962/1242/162
f 1011/1304/52 1010/1303/52 2103/2866/52
f 2103/2866/52 2104/2867/52 1011/1304/52
f 982/1269/162 2105/2868/162 984/1271/162
f 2106/2869/162 984/1271/162 2105/2868/162
f 2105/2868/162 985/1272/162 2106/2869/162
f 987/1274/162 2106/2869/162 985/1272/162
f 986/1273/162 988/1275/162 989/1276/162
f 989/1276/162 987/1274/162 986/1273/162
f 992/1279/497 2107/2870/497 990/1277/497
f 2108/2871/497 990/1277/497 2107/2870/497
f 991/1278/188 995/1282/19 994/1281/19
f 994/1281/19 992/1279/497 991/1278/188
f 995/1282/19 996/1283/497 993/1280/497
f 998/1285/497 993/1280/497 996/1283/497
f 1001/1288/19 2108/2871/497 1003/1290/497
f 2107/2870/497 1003/1290/497 2108/2871/497
f 1009/1302/19 1012/1308/19 2103/2872/19
f 2103/2872/19 1010/2873/19 1009/1302/19
f 1012/2874/104 1013/2875/104 2104/2867/104
f 2104/2867/104 2103/2866/104 1012/2874/104
f 1013/1310/14 1008/1301/14 1011/2876/14
f 1011/2876/14 2104/2877/14 1013/1310/14
f 1006/1307/98 1007/1309/98 1013/1310/98
f 1013/1310/98 1012/1308/98 1006/1307/98
f 2109/2878/568 2110/2879/880 2111/2880/568
f 2111/2880/568 2112/2881/568 2109/2878/568
f 2113/2882/1063 2114/2883/1063 2115/2884/1063
f 2115/2884/1063 2116/2885/570 2113/2882/1063
f 2117/2886/98 2118/2887/98 2119/2888/98
f 2119/2888/98 2120/2889/98 2117/2886/98
f 2121/2890/52 2122/2891/52 2123/2892/52
f 2123/2892/52 2124/2893/52 2121/2890/52
f 2122/2894/104 2118/2887/104 2117/2886/104
f 2117/2886/104 2123/2895/104 2122/2894/104
f 2124/2893/535 2120/2889/535 2119/2888/535
f 2119/2888/535 2121/2890/535 2124/2893/535
f 2125/2896/98 2126/2897/98 2127/2898/98
f 2127/2898/98 2128/2899/98 2125/2896/98
f 2129/2900/52 2130/2901/52 2131/2902/52
f 2131/2902/52 2132/2903/52 2129/2900/52
f 2130/2904/104 2126/2897/104 2125/2896/104
f 2125/2896/104 2131/2905/104 2130/2904/104
f 2132/2903/535 2128/2899/535 2127/2898/535
f 2127/2898/535 2129/2900/535 2132/2903/535
f 2133/2906/98 2134/2907/98 2135/2908/98
f 2135/2908/98 2136/2909/98 2133/2906/98
f 2137/2910/52 2138/2911/52 2139/2912/52
f 2139/2912/52 2140/2913/52 2137/2910/52
f 2138/2914/104 2134/2907/104 2133/2906/104
f 2133/2906/104 2139/2915/104 2138/2914/104
f 2140/2913/535 2136/2909/535 2135/2908/535
f 2135/2908/535 2137/2910/535 2140/2913/535
f 2141/2916/98 2142/2917/98 2143/2918/98
f 2143/2918/98 2144/2919/98 2141/2916/98
f 2145/2920/52 2146/2921/52 2147/2922/52
f 2147/2922/52 2148/2923/52 2145/2920/52
f 2146/2921/104 2142/2917/104 2141/2916/104
f 2141/2916/104 2147/2922/104 2146/2921/104
f 2148/2923/535 2144/2924/535 2143/2925/535
f 2143/2925/535 2145/2920/535 2148/2923/535
f 2149/2926/98 2150/2927/98 2151/2928/98
f 2151/2928/98 2152/2929/98 2149/2926/98
f 2153/2930/52 2154/2931/52 2155/2932/52
f 2155/2932/52 2156/2933/52 2153/2930/52
f 2154/2934/104 2150/2927/104 2149/2926/104
f 2149/2926/104 2155/2935/104 2154/2934/104
f 2156/2933/535 2152/2929/535 2151/2928/535
f 2151/2928/535 2153/2930/535 2156/2933/535
f 2157/2936/98 2158/2937/98 2159/2938/98
f 2159/2938/98 2160/2939/98 2157/2936/98
f 2161/2940/52 2162/2941/52 2163/2942/52
f 2163/2942/52 2164/2943/52 2161/2940/52
f 2162/2941/104 2158/2937/104 2157/2936/104
f 2157/2936/104 2163/2942/104 2162/2941/104
f 2164/2944/535 2160/2939/535 2159/2938/535
f 2159/2938/535 2161/2945/535 2164/2944/535
f 2165/2946/1064 2166/2947/1064 2167/2948/1064
f 2167/2948/1064 2168/2949/1064 2165/2946/1064
f 2169/2950/1065 2170/2951/1065 2171/2952/1065
f 2171/2952/1065 2172/2953/1065 2169/2950/1065
f 2170/2951/104 2166/2947/104 2165/2946/104
f 2165/2946/104 2171/2952/104 2170/2951/104
f 2172/2953/535 2168/2954/535 2167/2955/535
f 2167/2955/535 2169/2950/535 2172/2953/535
f 1016/1313/104 1019/1322/104 1021/1321/104
f 1021/1321/104 1017/1314/104 1016/1313/104
f 1031/1339/578 1018/1316/52 1015/1315/52
f 1015/1315/52 1025/1340/578 1031/1339/578
f 1015/1312/535 1014/1311/535 1026/1329/535
f 1026/1329/535 1025/1328/535 1015/1312/535
f 1020/2956/104 1018/2957/104 1031/1336/104
f 1031/1336/104 1029/1335/104 1020/2956/104
f 1023/2958/14 1804/2959/14 2173/2960/14
f 2173/2960/14 2174/2961/14 1023/2958/14
f 2175/2962/19 2176/2963/19 1802/2964/19
f 1802/2964/19 1024/2965/19 2175/2962/19
f 1803/2966/535 2177/2967/535 2173/2968/535
f 2173/2968/535 1804/2969/535 1803/2966/535
f 2177/2967/19 1803/2966/19 1022/2970/19
f 1022/2970/19 2178/2971/19 2177/2967/19
f 1023/2958/104 2174/2961/104 2175/2962/104
f 2175/2962/104 1024/2965/104 1023/2958/104
f 2178/2971/535 1022/2970/535 1802/2964/535
f 1802/2964/535 2176/2963/535 2178/2971/535
f 1035/2972/14 1034/1344/14 1033/1343/14
f 1033/1343/14 2179/2973/14 1035/2972/14
f 1032/1337/535 1035/2972/535 2179/2973/535
f 2179/2973/535 1030/1338/535 1032/1337/535
f 1030/1333/98 2179/2974/98 1033/2975/98
f 1033/2975/98 1027/1334/98 1030/1333/98
f 1052/2976/98 1047/1360/98 1040/1359/98
f 1040/1359/98 1053/2977/98 1052/2976/98
f 1044/2978/52 1805/2979/52 1056/2980/52
f 1056/2980/52 1043/2981/52 1044/2978/52
f 2180/2982/104 1050/1365/104 1049/1364/104
f 1049/1364/104 2181/2983/104 2180/2982/104
f 1052/2976/104 1053/2977/104 1054/2984/104
f 1054/2984/104 1051/2985/104 1052/2976/104
f 1056/2986/104 1805/2987/104 1048/2988/104
f 1048/2988/104 1055/2989/104 1056/2986/104
f 1044/2978/535 1043/2981/535 1042/2990/535
f 1042/2990/535 1045/2991/535 1044/2978/535
f 1046/1361/52 1051/2992/52 1054/2993/52
f 1054/2993/52 1041/1362/52 1046/1361/52
f 1042/2990/98 1055/2989/98 1048/2988/98
f 1048/2988/98 1045/2991/98 1042/2990/98
f 1052/1367/98 1050/1365/98 2180/2982/98
f 2180/2982/98 1047/2994/98 1052/1367/98
f 2181/2983/19 1044/2995/19 1047/2996/19
f 1047/2996/19 2180/2982/19 2181/2983/19
f 2181/2997/52 1049/2998/52 1805/2999/52
f 1805/2999/52 1044/3000/52 2181/2997/52
f 1056/3001/52 1037/3002/52 1036/1347/52
f 1036/1347/52 1043/1354/52 1056/3001/52
f 1039/1350/14 1040/1351/14 1043/1354/14
f 1043/1354/14 1036/1347/14 1039/1350/14
f 1039/1350/98 1053/3003/98 1040/3004/98
f 1039/1350/98 1038/1349/98 1053/3003/98
f 2182/3005/14 1064/1382/162 1061/3006/14
f 1061/3006/14 2183/3007/162 2182/3005/14
f 2184/3008/1066 1065/3009/1066 1068/3010/1066
f 1068/3010/1066 2185/3011/1067 2184/3008/1066
f 2186/3012/1068 2187/3013/1069 2188/3014/69
f 2188/3014/69 2189/3015/1068 2186/3012/1068
f 1062/3016/483 1061/3017/483 1064/1382/483
f 1064/1382/483 1063/1381/483 1062/3016/483
f 2190/3018/1070 2184/3019/1070 2185/3020/1071
f 2185/3020/1071 2191/3021/1071 2190/3018/1070
f 1095/1423/1072 1100/1422/1072 1090/1434/1073
f 1090/1434/1073 1087/1436/1072 1095/1423/1072
f 1100/1421/674 1099/1420/673 1091/1409/669
f 1091/1409/669 1090/1408/668 1100/1421/674
f 1105/1429/677 1104/1428/675 1096/1417/675
f 1096/1417/675 1086/1404/675 1105/1429/677
f 1091/1413/676 2192/3022/676 1102/1426/676
f 1091/1413/676 2193/3023/676 2192/3022/676
f 2194/3024/14 2195/3025/162 1117/3026/14
f 1117/3026/14 1119/1453/162 2194/3024/14
f 2196/3027/1067 2197/3028/1066 1122/3029/1066
f 1122/3029/1066 1121/3030/1066 2196/3027/1067
f 2198/3031/1068 2199/3032/1068 2200/3033/69
f 2200/3033/69 2201/3034/69 2198/3031/1068
f 1118/3035/233 1120/1454/483 1119/1453/483
f 1119/1453/483 1117/3036/483 1118/3035/233
f 2202/3037/1070 2203/3038/1070 2197/3039/1070
f 2197/3039/1070 2196/3040/1070 2202/3037/1070
f 1151/1496/1072 1143/1507/1072 1148/1506/1072
f 1148/1506/1072 1154/1494/1073 1151/1496/1072
f 1154/1491/699 1148/1482/698 1147/1481/697
f 1147/1481/697 1155/1492/700 1154/1491/699
f 1161/1501/677 1144/1478/675 1150/1487/675
f 1150/1487/675 1160/1500/675 1161/1501/677
f 1147/1484/676 1158/1498/676 2204/3041/676
f 1147/1484/676 2204/3041/676 2205/3042/676
f 1054/1369/19 1170/1518/19 1171/1520/19
f 1171/1520/19 1041/1519/19 1054/1369/19
f 1169/1527/104 1176/1526/104 1173/1523/104
f 1173/1523/104 1170/1522/104 1169/1527/104
f 1172/3043/535 1171/3044/535 1174/3045/535
f 1174/3045/535 1175/3046/535 1172/3043/535
f 1806/3047/535 1807/3048/535 1731/3049/535
f 1731/3049/535 1732/3050/535 1806/3047/535
f 1176/1526/19 1806/3047/19 1732/3050/19
f 1732/3050/19 1173/1523/19 1176/1526/19
f 1174/3051/14 1731/3052/14 1807/3053/14
f 1807/3053/14 1175/3054/14 1174/3051/14
f 1186/1537/619 1185/1536/619 1188/1539/619
f 1188/1539/619 1187/1538/619 1186/1537/619
f 1207/1560/701 1208/1561/238 1206/1559/701
f 1208/1561/238 1207/1560/701 1194/1547/275
f 1209/1599/143 1212/1565/143 1215/1588/143
f 1215/1588/143 1214/1600/143 1209/1599/143
f 1210/1592/712 1234/1596/712 1213/1595/712
f 1213/1595/712 1216/1582/712 1210/1592/712
f 1229/1587/52 1212/1565/619 1218/1571/619
f 1218/1571/619 1228/1586/619 1229/1587/52
f 1271/1637/635 1257/1623/714 1260/1626/635
f 1260/1626/635 1272/1638/17 1271/1637/635
f 1263/1629/17 1265/1631/635 1268/1634/635
f 1268/1634/635 1264/1630/17 1263/1629/17
f 1273/3055/143 1280/3056/711 1279/1669/143
f 1279/1669/143 1274/1640/143 1273/3055/143
f 1288/1654/722 1287/1653/721 1279/1645/706
f 1279/1645/706 1278/1644/718 1288/1654/722
f 1279/1669/634 1287/1673/634 1297/1671/275
f 1287/1673/634 1298/1672/634 1297/1671/275
f 1295/1668/98 1294/1667/634 1284/1650/634
f 1284/1650/634 1274/1640/634 1295/1668/98
f 1285/3057/711 2206/3058/143 2207/3059/143
f 2207/3059/143 2208/3060/143 1285/3057/711
f 1285/3057/711 1288/1659/711 1282/1661/711
f 1282/1661/711 2206/3058/143 1285/3057/711
f 1301/1678/143 1280/3056/711 1273/3055/143
f 1273/3055/143 1302/1679/143 1301/1678/143
f 1287/1673/712 1286/1656/712 1281/1655/713
f 1281/1655/713 1284/1650/713 1287/1673/712
f 1306/1684/19 1305/1683/19 1310/1691/19
f 1310/1691/19 1307/1688/19 1306/1684/19
f 1312/1696/19 1311/1695/19 1323/1710/19
f 1323/1710/19 1313/1700/19 1312/1696/19
f 1321/1708/1074 1323/1710/725 1311/3061/724
f 1311/3061/724 1264/3062/724 1321/1708/1074
f 1379/1852/104 1407/1850/104 1400/1847/104
f 1400/1847/104 1384/1849/104 1379/1852/104
f 1385/1862/104 1395/1860/104 1389/1857/104
f 1389/1857/104 1413/1855/104 1385/1862/104
f 1368/3063/736 1362/1755/736 1360/1756/736
f 1360/1756/736 1359/3064/736 1368/3063/736
f 1327/3065/756 1329/3066/757 1332/3067/756
f 1332/3067/756 1328/3068/756 1327/3065/756
f 1418/3069/19 1420/1846/19 1370/1779/19
f 1370/1779/19 1369/3070/19 1418/3069/19
f 1423/3071/19 1424/1859/19 1377/1786/19
f 1377/1786/19 1376/3072/19 1423/3071/19
f 1425/3073/1075 1388/1863/153 1422/1854/153
f 1422/1854/153 1421/3074/1075 1425/3073/1075
f 1420/1846/104 1419/1845/104 1371/1780/104
f 1371/1780/104 1370/1779/104 1420/1846/104
f 1424/1859/104 1392/1858/104 1378/1787/104
f 1378/1787/104 1377/1786/104 1424/1859/104
f 1380/3075/104 1383/3076/104 1382/1793/104
f 1382/1793/104 1381/1790/104 1380/3075/104
f 1403/3077/104 1404/3078/104 2209/3079/104
f 2209/3079/104 2210/3080/104 1403/3077/104
f 1386/3081/104 1410/3082/104 2211/3083/104
f 2211/3083/104 1387/1798/104 1386/3081/104
f 1390/3084/104 1394/3085/104 1393/1804/104
f 1393/1804/104 1391/1802/104 1390/3084/104
f 1373/1791/597 1381/1790/597 1382/1793/597
f 1382/1793/597 1374/1792/149 1373/1791/597
f 1400/3086/98 1403/3087/98 2210/3080/98
f 2210/3080/98 1419/3088/98 1400/3086/98
f 1419/3088/19 2210/3080/19 2209/3079/19
f 2209/3079/19 1371/3089/19 1419/3088/19
f 1371/3089/52 2209/3079/52 1404/1818/52
f 1404/1818/52 1407/1821/52 1371/3089/52
f 1388/1799/14 1387/1798/14 2211/3083/14
f 2211/3083/14 1422/3090/14 1388/1799/14
f 1422/3090/98 2211/3083/98 1410/1826/98
f 1410/1826/98 1413/1829/98 1422/3090/98
f 1384/1795/19 1399/1813/19 1396/1809/19
f 1396/1809/19 1379/1808/19 1384/1795/19
f 1380/1811/760 1397/1810/759 1398/1812/762
f 1398/1812/762 1383/1794/761 1380/1811/760
f 1407/1821/14 1406/1820/14 1401/1815/14
f 1401/1815/14 1400/1814/14 1407/1821/14
f 1403/1817/764 1402/1816/763 1405/1819/766
f 1405/1819/766 1404/1818/765 1403/1817/764
f 1413/1829/19 1412/1828/19 1408/1823/19
f 1408/1823/19 1385/1822/19 1413/1829/19
f 1386/1825/760 1409/1824/759 1411/1827/762
f 1411/1827/762 1410/1826/767 1386/1825/760
f 1406/1843/535 1396/1842/535 1399/1837/535
f 1399/1837/535 1401/1836/535 1406/1843/535
f 1402/1839/104 1398/1838/104 1397/3091/104
f 1397/3091/104 1405/3092/104 1402/1839/104
f 1417/3093/535 1408/3094/535 1412/3095/535
f 1412/3095/535 1414/3096/535 1417/3093/535
f 1414/3097/98 1412/3098/98 1411/3099/98
f 1411/3099/98 1415/3100/98 1414/3097/98
f 1415/3100/104 1411/3099/104 1409/3101/104
f 1409/3101/104 1416/3102/104 1415/3100/104
f 1416/3102/52 1409/3101/52 1408/3094/52
f 1408/3094/52 1417/3093/52 1416/3102/52
f 1418/1844/98 1375/1848/98 1384/1849/98
f 1384/1849/98 1400/1847/98 1418/1844/98
f 1372/1851/52 1369/1778/52 1407/1850/52
f 1407/1850/52 1379/1852/52 1372/1851/52
f 2047/2707/98 1434/1875/98 2046/2706/98
f 1434/1875/98 2047/2707/98 1432/1873/98
f 1722/2181/52 1435/1876/52 1724/2183/52
f 1437/1878/52 1724/2183/52 1435/1876/52
f 639/845/98 1451/1892/98 1454/1895/98
f 1454/1895/98 640/846/98 639/845/98
f 2212/3103/535 2213/3104/535 2214/3105/535
f 2214/3105/535 2215/3106/535 2212/3103/535
f 2216/3107/104 2217/3108/1076 2218/3109/1076
f 2218/3109/1076 2219/3110/104 2216/3107/104
f 2220/3111/14 2212/3103/14 2215/3106/14
f 2215/3106/14 2221/3112/14 2220/3111/14
f 2222/3113/14 2216/3107/14 2219/3110/14
f 2219/3110/14 2223/3114/14 2222/3113/14
f 2224/3115/535 2225/3116/535 2226/3117/535
f 2226/3117/535 2227/3118/535 2224/3115/535
f 2228/3119/104 2229/3120/104 2230/3121/104
f 2230/3121/104 2231/3122/104 2228/3119/104
f 2232/3123/14 2233/3124/14 2225/3116/14
f 2225/3116/14 2224/3115/14 2232/3123/14
f 2234/3125/14 2235/3126/14 2229/3120/14
f 2229/3120/14 2228/3119/14 2234/3125/14
f 2236/3127/1077 2237/3128/1078 2238/3129/1079
f 2238/3129/1079 2239/3130/1080 2236/3127/1077
f 2240/3131/1081 2241/3132/1082 2242/3133/1081
f 2242/3133/1081 2243/3134/1082 2240/3131/1081
f 2241/3132/846 2244/3135/846 2245/3136/846
f 2245/3136/846 2242/3133/846 2241/3132/846
f 2244/3135/1083 2246/3137/1084 2247/3138/1085
f 2247/3138/1085 2245/3136/1084 2244/3135/1083
f 2246/3137/1086 2248/3139/1087 2249/3140/1086
f 2249/3140/1086 2247/3138/1087 2246/3137/1086
f 2248/3139/1088 2250/3141/1089 2251/3142/1089
f 2251/3142/1089 2249/3140/1089 2248/3139/1088
f 2250/3143/1090 2240/3131/1091 2243/3134/1090
f 2243/3134/1090 2251/3144/1091 2250/3143/1090
f 2252/3145/1092 2253/3146/1093 1562/2017/846
f 1562/2017/846 1563/2016/846 2252/3145/1092
f 2254/3147/1094 2255/3148/1094 2253/3149/1093
f 2253/3149/1093 2252/3145/1092 2254/3147/1094
f 2256/3150/1095 2257/3151/1095 2255/3152/1094
f 2255/3152/1094 2254/3147/1094 2256/3150/1095
f 2258/3153/1092 2259/3154/1093 1565/2019/846
f 1565/2019/846 1564/2018/846 2258/3153/1092
f 2260/3155/1094 2261/3156/1094 2259/3154/1093
f 2259/3154/1093 2258/3157/1092 2260/3155/1094
f 2262/3158/1095 2263/3159/1095 2261/3156/1094
f 2261/3156/1094 2260/3160/1094 2262/3158/1095
f 2264/3161/1096 2265/3162/1097 1563/2016/1096
f 1563/2016/1096 1560/2013/1096 2264/3161/1096
f 1559/2012/1098 1565/2019/1098 2266/3163/1099
f 2266/3163/1099 2267/3164/1099 1559/2012/1098
f 2268/3165/14 2269/3166/14 1571/2026/14
f 1571/2026/14 2270/3167/14 2268/3165/14
f 1570/3168/19 2271/3169/19 2272/3170/19
f 2272/3170/19 2273/3171/19 1570/3168/19
f 2270/3167/104 1571/2026/104 1570/2025/104
f 1570/2025/104 2273/3172/104 2270/3167/104
f 2270/3167/104 2273/3172/104 2274/3173/104
f 2274/3173/104 2275/3174/104 2270/3167/104
f 2276/3175/1100 2277/3176/1100 2278/3177/1100
f 2278/3177/1100 2279/3178/1100 2276/3175/1100
f 2279/3178/1101 2278/3177/1101 2280/3179/1102
f 2280/3179/1102 2281/3180/1103 2279/3178/1101
f 2281/3180/1104 2280/3179/1104 2282/3181/1104
f 2282/3181/1104 2283/3182/1104 2281/3180/1104
f 2283/3182/1105 2282/3181/1105 2284/3183/1105
f 2284/3183/1105 2285/3184/1105 2283/3182/1105
f 2285/3184/1106 2284/3183/1106 2286/3185/1107
f 2286/3185/1107 2287/3186/1107 2285/3184/1106
f 2287/3187/1108 2286/3188/1108 2277/3176/1108
f 2277/3176/1108 2276/3175/1108 2287/3187/1108
f 2288/3189/787 1582/2040/1109 1581/2039/1110
f 1581/2039/1110 2289/3190/787 2288/3189/787
f 2290/3191/638 2288/3189/787 2289/3192/787
f 2289/3192/787 2291/3193/1111 2290/3191/638
f 2292/3194/1112 2290/3191/638 2291/3195/1111
f 2291/3195/1111 2293/3196/1112 2292/3194/1112
f 2294/3197/1113 1584/2042/861 1583/2041/860
f 1583/2041/860 2295/3198/1113 2294/3197/1113
f 2296/3199/1114 2294/3200/1113 2295/3198/1113
f 2295/3198/1113 2297/3201/1115 2296/3199/1114
f 2298/3202/1116 2296/3203/1114 2297/3201/1115
f 2297/3201/1115 2299/3204/1116 2298/3202/1116
f 1771/2243/104 1777/2249/104 1769/2241/545
f 1776/2248/104 1769/2241/545 1777/2249/104
f 1594/2053/104 2300/3205/104 1774/2246/104
f 2301/3206/104 1774/2246/104 2300/3205/104
f 2302/3207/1117 2303/3208/1117 2304/3209/1118
f 2304/3209/1118 2305/3210/1117 2302/3207/1117
f 2306/3211/878 2307/3212/878 1773/2245/878
f 1773/2245/878 1772/3213/878 2306/3211/878
f 1599/2058/878 1602/2061/877 1605/2064/876
f 1605/2064/876 1600/2059/878 1599/2058/878
f 2308/3214/1119 2309/3215/1120 2310/3216/1120
f 2310/3216/1120 2311/3217/1119 2308/3214/1119
f 2312/3218/1121 2313/3219/1121 2314/3220/1121
f 2314/3220/1121 2315/3221/1121 2312/3218/1121
f 2316/3222/1121 2317/3223/1121 2318/3224/1122
f 2318/3224/1122 2319/3225/1121 2316/3222/1121
f 2320/3226/1123 2321/3227/1123 2322/3228/1123
f 2322/3228/1123 2323/3229/1123 2320/3226/1123
f 2324/3230/1124 2325/3231/1125 2326/3232/1125
f 2326/3232/1125 2327/3233/1125 2324/3230/1124
f 2328/3234/1126 2329/3235/1127 2330/3236/1126
f 2330/3236/1126 2331/3237/1126 2328/3234/1126
f 2332/3238/1128 2333/3239/1129 2334/3240/1128
f 2334/3240/1128 2335/3241/1129 2332/3238/1128
f 2336/3242/1130 2337/3243/1131 2338/3244/1131
f 2338/3244/1131 2339/3245/1131 2336/3242/1130
f 2337/3243/1132 2340/3246/1132 2341/3247/1132
f 2341/3247/1132 2338/3244/1132 2337/3243/1132
f 2342/3248/1133 2343/3249/1134 2341/3250/1133
f 2341/3250/1133 2340/3251/1133 2342/3248/1133
f 2342/3248/1135 2344/3252/1135 2345/3253/1135
f 2345/3253/1135 2343/3249/1135 2342/3248/1135
f 2344/3252/1136 2346/3254/1137 2347/3255/1136
f 2347/3255/1136 2345/3253/1138 2344/3252/1136
f 2346/3254/1139 2336/3242/1139 2339/3245/1139
f 2339/3245/1139 2347/3255/1139 2346/3254/1139
f 2348/3256/1140 2349/3257/1141 2350/3258/1140
f 2350/3258/1140 2351/3259/1141 2348/3256/1140
f 1619/2078/52 2352/3260/52 2353/3261/52
f 2353/3261/52 1620/2079/52 1619/2078/52
f 2352/3260/52 2354/3262/52 2355/3263/52
f 2355/3263/52 2353/3261/52 2352/3260/52
f 2354/3262/52 2356/3264/52 2357/3265/52
f 2357/3265/52 2355/3263/52 2354/3262/52
f 2356/3264/1142 2358/3266/1143 2359/3267/1142
f 2359/3267/1142 2357/3265/1142 2356/3264/1142
f 1779/2251/52 1622/2081/52 1625/2084/52
f 1625/2084/52 1780/2252/52 1779/2251/52
f 2360/3268/98 1788/2260/98 1787/2259/98
f 1787/2259/98 2361/3269/98 2360/3268/98
f 2362/3270/1144 2363/3271/1144 2364/3272/1144
f 2364/3272/1144 2365/3273/1145 2362/3270/1144
f 2366/3274/1146 2367/3275/1146 2368/3276/1146
f 2368/3276/1146 2369/3277/1146 2366/3274/1146
f 2367/3278/888 2362/3279/888 2365/3280/885
f 2365/3280/885 2368/3276/888 2367/3278/888
f 2366/3274/903 2369/3277/890 1631/3281/903
f 1631/3281/903 1627/3282/890 2366/3274/903
f 2364/3272/903 2363/3271/889 1626/3283/889
f 1626/3283/889 1629/3284/890 2364/3272/903
f 1647/3285/1147 1646/3286/1147 2370/3287/1148
f 2370/3287/1148 1655/3288/1147 1647/3285/1147
f 1800/3289/1149 1647/3285/1150 1655/3288/1149
f 1655/3288/1149 1657/3290/1150 1800/3289/1149
f 1799/3291/1151 1800/3289/1151 1657/3290/1151
f 1657/3290/1151 1658/3292/1152 1799/3291/1151
f 1651/3293/1153 1799/3291/1153 1658/3292/1153
f 1658/3292/1153 1661/3294/1153 1651/3293/1153
f 1648/3295/1144 1651/3293/1144 1661/3294/1144
f 1661/3294/1144 1663/3296/1144 1648/3295/1144
f 1646/3297/1154 1648/3295/1155 1663/3296/1155
f 1663/3296/1155 2370/3298/1154 1646/3297/1154
f 1645/2104/889 1649/2108/889 1648/2107/889
f 1651/2110/890 1648/2107/889 1649/2108/889
f 1656/2115/887 1659/2118/888 1658/2117/886
f 1661/2120/888 1658/2117/886 1659/2118/888
f 1666/2125/98 2371/3299/98 1664/2123/98
f 1664/2123/98 2371/3299/98 1709/2168/98
f 1671/2130/892 1673/2132/892 1676/2135/892
f 1676/2135/892 1672/2131/892 1671/2130/892
f 1682/2141/894 1686/2145/894 1685/2144/894
f 1688/2147/894 1685/2144/894 1686/2145/894
f 1687/2146/894 1691/2150/896 1690/2149/895
f 1690/2149/895 1688/2147/894 1687/2146/894
f 1691/2150/896 1692/2151/894 1689/2148/894
f 1694/2153/894 1689/2148/894 1692/2151/894
f 1693/2152/894 1695/2154/895 1696/2155/896
f 1696/2155/896 1694/2153/894 1693/2152/894
f 1698/3300/1156 1701/2160/1156 1704/2163/1157
f 1704/2163/1157 1699/3301/1157 1698/3300/1156
f 2372/3302/889 2373/3303/889 1707/2166/903
f 1707/2166/903 1706/2165/890 2372/3302/889
f 2374/3304/1158 2375/3305/1159 2376/3306/1160
f 2376/3306/1160 2377/3307/1161 2374/3304/1158
f 2377/3307/1161 2376/3306/1160 2378/3308/1162
f 2378/3308/1162 2379/3309/1163 2377/3307/1161
f 2379/3309/1163 2378/3308/1162 289/368/1164
f 289/368/1164 1951/2514/1165 2379/3309/1163
f 29/76/1166 30/3310/1167 2380/3311/1168
f 2380/3311/1168 2381/3312/1169 29/76/1166
f 2381/3312/1169 2380/3311/1168 2382/3313/1170
f 2382/3313/1170 2383/3314/882 2381/3312/1169
f 2383/3314/882 2382/3313/1170 2384/3315/1171
f 2384/3315/1171 2385/3316/1171 2383/3314/882
f 2385/3316/1171 2384/3315/1171 2386/3317/1172
f 2386/3317/1172 2387/3318/1172 2385/3316/1171
f 2387/3318/1172 2386/3317/1172 2388/3319/1173
f 2388/3319/1173 2389/3320/1173 2387/3318/1172
f 2389/3320/1173 2388/3319/1173 34/3321/1174
f 34/3321/1174 59/3322/1174 2389/3320/1173
f 146/177/1175 148/179/1175 134/161/1176
f 134/161/1176 145/176/1177 146/177/1175
f 145/176/1177 134/161/1176 133/160/44
f 133/160/44 144/174/549 145/176/1177
f 139/175/924 144/174/549 133/160/44
f 133/160/44 136/163/924 139/175/924
f 300/3323/1178 178/3324/1178 2390/3325/1179
f 2390/3325/1179 2391/3326/1180 300/3323/1178
f 2391/3326/1180 2390/3325/1179 13/3327/1181
f 13/3327/1181 2392/3328/1182 2391/3326/1180
f 2392/3328/1182 13/3327/1181 16/3329/1183
f 16/3329/1183 2393/3330/1184 2392/3328/1182
f 2393/3330/1184 16/3329/1183 15/3331/1185
f 15/3331/1185 2394/3332/1186 2393/3330/1184
f 2394/3332/1186 15/3331/1185 11/3333/1187
f 11/3333/1187 2395/3334/1188 2394/3332/1186
f 2395/3334/1188 11/3333/1187 10/3335/1189
f 10/3335/1189 2396/3336/1190 2395/3334/1188
f 2397/3337/1191 2396/3336/1190 10/3335/1189
f 10/3335/1189 312/3338/1192 2397/3337/1191
f 2398/3339/1193 2397/3337/1191 312/3338/1192
f 312/3338/1192 315/3340/1194 2398/3339/1193
f 2399/3341/1195 2398/3339/1193 315/3340/1194
f 315/3340/1194 314/3342/1196 2399/3341/1195
f 2400/3343/1197 2399/3341/1195 314/3342/1196
f 314/3342/1196 313/3344/1198 2400/3343/1197
f 2401/3345/1199 2400/3343/1197 313/3344/1198
f 313/3344/1198 2402/3346/1200 2401/3345/1199
f 578/3347/1201 2401/3345/1199 2402/3346/1200
f 2402/3346/1200 447/3348/1201 578/3347/1201
f 580/761/1202 192/238/1203 2403/3349/1204
f 2403/3349/1204 2404/3350/1205 580/761/1202
f 2404/3350/1205 2403/3349/1204 2405/3351/1206
f 2405/3351/1206 2406/3352/1207 2404/3350/1205
f 2407/3353/1208 2406/3352/1207 2405/3351/1206
f 2405/3351/1206 2408/3354/1209 2407/3353/1208
f 2409/3355/1210 2407/3353/1208 2408/3354/1209
f 2408/3354/1209 2405/3351/1206 2410/3356/1211
f 2408/3354/1209 2411/3357/1212 2409/3355/1210
f 460/597/1213 2409/3355/1210 2411/3357/1212
f 2411/3357/1212 458/595/1203 460/597/1213
f 2410/3356/1211 2412/3358/1214 2408/3354/1209
f 2412/3358/1214 2410/3356/1211 2413/3359/1215
f 2413/3359/1215 2410/3356/1211 2405/3360/1206
f 2405/3360/1206 2403/3361/1204 2413/3359/1215
f 2413/3359/1215 2414/3362/1216 2412/3358/1214
f 2408/3363/1209 2412/3358/1214 2414/3362/1216
f 2414/3362/1216 2411/3364/1212 2408/3363/1209
f 2413/3359/1215 2403/3365/1204 192/3366/1203
f 2414/3362/1216 2413/3359/1215 192/3366/1203
f 192/3366/1203 458/3367/1203 2414/3362/1216
f 2414/3362/1216 458/3367/1203 2411/3368/1212
f 458/3367/1203 192/3366/1203 194/3369/1217
f 194/3369/1217 466/3370/1218 458/3367/1203
f 2406/3371/1219 90/3372/1219 92/3373/1220
f 92/3373/1220 2404/3374/1221 2406/3371/1219
f 92/3373/1220 2415/3375/1222 2404/3374/1221
f 580/3376/1223 2404/3374/1221 2415/3375/1222
f 2415/3375/1222 193/3377/1224 580/3376/1223
f 193/3377/1224 2415/3375/1222 2416/3378/1225
f 2416/3378/1225 293/3379/1226 193/3377/1224
f 95/3380/1227 293/3379/1226 2416/3378/1225
f 2416/3378/1225 96/3381/1132 95/3380/1227
f 465/3382/1228 202/3383/1229 294/3384/425
f 294/3384/425 572/3385/1230 465/3382/1228
f 572/3385/1230 294/3384/425 207/3386/1231
f 207/3386/1231 468/3387/1231 572/3385/1230
f 469/611/1232 468/3387/1231 207/3386/1231
f 207/3386/1231 206/257/1232 469/611/1232
f 469/611/1232 206/257/1232 205/256/1233
f 205/256/1233 470/612/1234 469/611/1232
f 467/3388/1235 470/612/1234 205/256/1233
f 205/256/1233 204/3389/1236 467/3388/1235
f 467/3388/1235 204/3389/1236 295/2433/1237
f 295/2433/1237 571/2432/1237 467/3388/1235
f 2417/3390/1238 2418/3391/1239 2419/3392/1240
f 2420/3393/1241 2417/3390/1238 2419/3392/1240
f 2419/3392/1240 2421/3394/1242 2420/3393/1241
f 2422/3395/1243 2420/3393/1241 2421/3394/1242
f 2421/3394/1242 2423/3396/1244 2422/3395/1243
f 2424/3397/1245 2422/3395/1243 2423/3396/1244
f 2423/3396/1244 2425/3398/1246 2424/3397/1245
f 2426/3399/1247 2424/3397/1245 2425/3398/1246
f 2425/3398/1246 2427/3400/1248 2426/3399/1247
f 2426/3399/1247 2427/3400/1248 2428/3401/1249
f 2428/3401/1249 2429/3402/1250 2426/3399/1247
f 2430/3403/1251 2429/3402/1250 2428/3401/1249
f 2428/3401/1249 2431/3404/1252 2430/3403/1251
f 2432/3405/1253 2430/3403/1251 2431/3404/1252
f 2431/3404/1252 2433/3406/1254 2432/3405/1253
f 2432/3405/1253 2433/3406/1254 2434/3407/1252
f 2434/3407/1252 2435/3408/1251 2432/3405/1253
f 2435/3408/1251 2434/3407/1252 2436/3409/1255
f 2436/3409/1255 2437/3410/1256 2435/3408/1251
f 2438/3411/1257 2437/3410/1256 2436/3409/1255
f 2436/3409/1255 2439/3412/1258 2438/3411/1257
f 2438/3411/1257 2439/3412/1258 2440/3413/1259
f 2440/3413/1259 2441/3414/1260 2438/3411/1257
f 2441/3414/1260 2440/3413/1259 2442/3415/1261
f 2442/3415/1261 2443/3416/1262 2441/3414/1260
f 2443/3416/1262 2442/3415/1261 2444/3417/1263
f 2444/3417/1263 2445/3418/1264 2443/3416/1262
f 2445/3418/1264 2444/3417/1263 2446/3419/1265
f 2446/3419/1265 2447/3420/1266 2445/3418/1264
f 2447/3420/1266 2446/3419/1265 2448/3421/1267
f 1924/3422/953 1923/3423/952 2449/3424/1268
f 2449/3424/1268 2450/3425/1269 1924/3422/953
f 2450/3425/1269 2449/3424/1268 2451/3426/1270
f 2451/3426/1270 2452/3427/1271 2450/3425/1269
f 2452/3427/1271 2451/3426/1270 2453/3428/1272
f 2453/3428/1272 2454/3429/1273 2452/3427/1271
f 2455/3430/1274 2454/3429/1273 2453/3428/1272
f 2453/3428/1272 2456/3431/1275 2455/3430/1274
f 1920/2453/1276 2455/3430/1274 2456/3431/1275
f 2456/3431/1275 1921/2454/1277 1920/2453/1276
f 17/17/189 170/208/188 169/207/19
f 169/207/19 164/3432/19 17/17/189
f 169/207/19 165/2415/19 164/3432/19
f 1932/3433/964 2457/3434/535 236/2462/965
f 2457/3434/535 2458/3435/535 236/2462/965
f 510/2463/845 236/2462/965 2458/3435/535
f 2458/3435/535 2459/3436/535 510/2463/845
f 2460/3437/535 510/2463/845 2459/3436/535
f 2028/3438/1019 510/2463/845 2460/3437/535
f 1927/2470/381 1930/3439/14 2461/3440/14
f 1933/2471/14 1927/2470/381 2461/3440/14
f 2461/3440/14 2462/3441/14 1933/2471/14
f 1933/2471/14 2462/3441/14 1926/3442/14
f 1947/3443/14 266/3444/14 2374/3445/14
f 2374/3445/14 2463/3446/14 1947/3443/14
f 2377/3447/14 2463/3446/14 2374/3445/14
f 2379/3448/14 2463/3446/14 2377/3447/14
f 256/322/1278 91/104/1219 90/103/1219
f 90/103/1219 2464/3449/1279 256/322/1278
f 2464/3449/1279 90/103/1219 2406/3450/1219
f 2464/3449/1279 2406/3450/1219 2407/3451/1219
f 2407/3451/1219 2465/3452/1280 2464/3449/1279
f 2465/3452/1280 2407/3451/1219 383/487/1219
f 383/487/1219 385/489/1281 529/686/1282
f 529/686/1282 2465/3452/1280 383/487/1219
f 2464/3449/1279 2465/3452/1280 558/3453/1283
f 558/3453/1283 277/3454/1283 2464/3449/1279
f 558/3453/1283 2465/3452/1280 550/3455/1284
f 277/3454/1283 269/3456/1285 2464/3449/1279
f 550/3455/1284 2465/3452/1280 2466/3457/1286
f 2466/3457/1286 373/3458/1287 550/3455/1284
f 371/3459/1288 373/3458/1287 2466/3457/1286
f 2467/3460/1289 2466/3457/1286 2465/3452/1280
f 2466/3457/1286 2467/3460/1289 371/3459/1288
f 2465/3452/1280 529/3461/1282 2467/3460/1289
f 371/3459/1288 2467/3460/1289 549/3462/1290
f 549/3462/1290 2467/3460/1289 529/3461/1282
f 529/3461/1282 532/3463/1291 549/3462/1290
f 2468/3464/1292 2464/3449/1279 269/3456/1285
f 269/3456/1285 81/3465/1293 2468/3464/1292
f 2468/3464/1292 81/3465/1293 76/3466/1294
f 2464/3449/1279 2468/3464/1292 2469/3467/1295
f 76/3466/1294 2469/3467/1295 2468/3464/1292
f 2469/3467/1295 256/3468/1278 2464/3449/1279
f 76/3466/1294 268/3469/1296 2469/3467/1295
f 256/3468/1278 2469/3467/1295 268/3469/1296
f 268/3469/1296 257/3470/1297 256/3468/1278
f 266/3471/289 188/3472/289 187/3473/98
f 2374/3304/240 266/3471/289 187/3473/98
f 187/3473/98 2375/3305/225 2374/3304/240
f 1832/3474/1298 89/3475/1299 88/100/1298
f 88/100/1298 1833/3476/1300 1832/3474/1298
f 1833/3476/1300 88/100/1298 276/353/1298
f 26/26/1301 271/3477/1302 270/3478/1303
f 27/27/1304 26/26/1301 270/3478/1303
f 270/3478/1303 1960/3479/1305 27/27/1304
f 2470/3480/22 2471/3481/1306 455/3482/52
f 455/3482/52 547/3483/34 2470/3480/22
f 547/3483/34 455/3482/52 454/3484/34
f 578/3347/1307 577/3485/1308 2472/3486/1309
f 2472/3486/1309 2401/3345/1310 578/3347/1307
f 2401/3345/1310 2472/3486/1309 2473/3487/1311
f 2473/3487/1311 2400/3343/1312 2401/3345/1310
f 2399/3341/1313 2400/3343/1312 2473/3487/1311
f 2473/3487/1311 2474/3488/1314 2399/3341/1313
f 2399/3341/1313 2474/3488/1314 2475/3489/1315
f 2475/3489/1315 2398/3339/1316 2399/3341/1313
f 2398/3339/1316 2475/3489/1315 2476/3490/1317
f 2476/3490/1317 2397/3337/1317 2398/3339/1316
f 2397/3337/1317 2476/3490/1317 2477/3491/1318
f 2477/3491/1318 2396/3336/1319 2397/3337/1317
f 2395/3334/1320 2396/3336/1319 2477/3491/1318
f 2477/3491/1318 2478/3492/1320 2395/3334/1320
f 2394/3332/1321 2395/3334/1320 2478/3492/1320
f 2478/3492/1320 2479/3493/1322 2394/3332/1321
f 2393/3330/1323 2394/3332/1321 2479/3493/1322
f 2479/3493/1322 2480/3494/1324 2393/3330/1323
f 2393/3330/1323 2480/3494/1324 2481/3495/1325
f 2481/3495/1325 2392/3328/1326 2393/3330/1323
f 2391/3326/1327 2392/3328/1326 2481/3495/1325
f 2481/3495/1325 2482/3496/1328 2391/3326/1327
f 300/3323/1329 2391/3326/1327 2482/3496/1328
f 2482/3496/1328 301/3497/1330 300/3323/1329
f 324/415/1331 2483/3498/1305 551/3499/1332
f 551/3499/1332 321/412/1333 324/415/1331
f 321/412/1333 551/3499/1332 552/3500/1302
f 2483/3498/19 324/415/19 323/3501/19
f 323/3501/19 303/394/19 2483/3498/19
f 303/394/19 323/3501/19 325/3502/879
f 325/3502/879 304/395/1334 303/394/19
f 308/399/498 304/395/1334 325/3502/879
f 325/3502/879 309/400/1335 308/399/498
f 329/420/153 353/3503/1075 351/3504/1336
f 351/3504/1336 330/421/1336 329/420/153
f 330/421/1336 351/3504/1336 349/3505/1337
f 349/3505/1337 331/422/1337 330/421/1336
f 331/422/1337 349/3505/1337 347/3506/1338
f 347/3506/1338 333/424/1339 331/422/1337
f 333/424/1339 347/3506/1338 345/3507/1340
f 345/3507/1340 335/426/1340 333/424/1339
f 335/426/1340 345/3507/1340 343/3508/1341
f 343/3508/1341 337/428/1342 335/426/1340
f 337/428/1342 343/3508/1341 342/3509/956
f 342/3509/956 339/430/956 337/428/1342
f 339/430/956 342/3509/956 359/3510/1343
f 359/3510/1343 357/748/1344 339/430/956
f 321/461/1345 552/3511/1302 2484/3512/1346
f 2484/3512/1346 368/462/1347 321/461/1345
f 368/462/1347 2484/3512/1346 2485/3513/882
f 2485/3513/882 2486/3514/882 368/462/1347
f 2486/3514/882 2485/3513/882 2487/3515/1348
f 2487/3515/1348 2488/3516/1349 2486/3514/882
f 2488/3516/1349 2487/3515/1348 2489/3517/1350
f 2489/3517/1350 2490/3518/1350 2488/3516/1349
f 2490/3518/1350 2489/3517/1350 2491/3519/1351
f 2491/3519/1351 2492/3520/1352 2490/3518/1350
f 2492/3520/1352 2491/3519/1351 377/3521/910
f 377/3521/910 354/3522/910 2492/3520/1352
f 310/466/281 326/3523/280 2493/3524/98
f 2493/3524/98 369/463/98 310/466/281
f 369/463/98 2493/3524/98 2494/3525/98
f 2494/3525/98 1974/2554/98 369/463/98
f 1974/2554/98 2494/3525/98 2495/3526/98
f 2495/3526/98 1972/2552/98 1974/2554/98
f 1972/2552/98 2495/3526/98 2496/3527/98
f 2496/3527/98 1970/2550/98 1972/2552/98
f 1970/2550/98 2496/3527/98 2497/3528/98
f 2497/3528/98 1968/2548/98 1970/2550/98
f 1968/2548/98 2497/3528/98 329/3529/284
f 329/3529/284 328/2545/283 1968/2548/98
f 354/3522/301 353/3530/300 2498/3531/52
f 2498/3531/52 2492/3520/52 354/3522/301
f 2492/3520/52 2498/3531/52 2499/3532/52
f 2499/3532/52 2490/3518/52 2492/3520/52
f 2490/3518/52 2499/3532/52 2500/3533/52
f 2500/3533/52 2488/3516/52 2490/3518/52
f 2488/3516/52 2500/3533/52 2501/3534/52
f 2501/3534/52 2486/3514/52 2488/3516/52
f 2486/3514/52 2501/3534/52 2502/3535/52
f 2502/3535/52 368/462/52 2486/3514/52
f 368/462/52 2502/3535/52 322/460/52
f 424/3536/1353 425/3537/1354 2503/3538/1355
f 2503/3538/1355 128/527/1356 424/3536/1353
f 128/527/1356 2503/3538/1355 2504/3539/1357
f 2504/3539/1357 411/524/1358 128/527/1356
f 2504/3539/1357 2505/3540/1359 411/524/1358
f 2015/3541/1360 2016/3542/1361 2506/3543/1362
f 2506/3543/1362 2507/3544/1362 2015/3541/1360
f 2507/3544/1362 2506/3543/1362 2508/3545/104
f 2508/3545/104 2509/3546/104 2507/3544/1362
f 2510/3547/1363 2509/3546/104 2508/3545/104
f 2508/3545/104 2511/3548/1363 2510/3547/1363
f 1913/3549/1364 2510/3547/1363 2511/3548/1363
f 2511/3548/1363 1914/3550/1365 1913/3549/1364
f 548/3551/1366 454/589/14 453/588/14
f 453/588/14 2013/3552/14 548/3551/1366
f 2013/3552/14 453/588/14 2512/3553/14
f 2013/3552/14 2512/3553/14 2513/3554/14
f 2013/3552/14 2513/3554/14 2514/3555/14
f 2514/3555/14 2016/3556/14 2013/3552/14
f 2515/3557/14 2016/3556/14 2514/3555/14
f 2016/3556/14 2515/3557/14 2516/3558/14
f 2516/3558/14 2506/3559/14 2016/3556/14
f 2506/3559/14 2516/3558/14 2517/3560/14
f 2517/3560/14 2508/3561/14 2506/3559/14
f 2511/3562/14 2508/3561/14 2517/3560/14
f 2517/3560/14 2518/3563/14 2511/3562/14
f 1914/3564/14 2511/3562/14 2518/3563/14
f 2518/3563/14 2519/3565/14 1914/3564/14
f 2519/3565/14 2520/3566/14 1914/3564/14
f 1911/3567/14 1914/3564/14 2520/3566/14
f 2520/3566/14 2521/3568/14 1911/3567/14
f 1911/3567/14 2521/3568/14 2522/3569/14
f 1911/3567/14 2522/3569/14 189/233/14
f 267/3570/1367 1911/3567/14 189/233/14
f 189/233/14 188/232/14 267/3570/1367
f 453/588/1368 452/587/1369 2523/3571/1370
f 2523/3571/1370 2512/3553/1371 453/588/1368
f 2524/3572/1372 2512/3553/1371 2523/3571/1370
f 2512/3553/1371 2524/3572/1372 2525/3573/1373
f 2525/3573/1373 2513/3554/1374 2512/3553/1371
f 2526/3574/1375 2513/3554/1374 2525/3573/1373
f 2513/3554/1374 2526/3574/1375 2527/3575/1376
f 2527/3575/1376 2514/3555/1377 2513/3554/1374
f 2514/3555/1377 2527/3575/1376 2528/3576/1378
f 2528/3576/1378 2515/3557/1379 2514/3555/1377
f 2515/3557/1379 2528/3576/1378 2529/3577/1380
f 2529/3577/1380 2516/3558/1381 2515/3557/1379
f 2516/3558/1381 2529/3577/1380 2530/3578/1382
f 2530/3578/1382 2517/3560/1237 2516/3558/1381
f 2518/3563/1383 2517/3560/1237 2530/3578/1382
f 2530/3578/1382 2531/3579/1384 2518/3563/1383
f 2519/3565/1385 2518/3563/1383 2531/3579/1384
f 2531/3579/1384 2532/3580/1386 2519/3565/1385
f 2520/3566/1387 2519/3565/1385 2532/3580/1386
f 2532/3580/1386 2533/3581/1388 2520/3566/1387
f 2521/3568/1389 2520/3566/1387 2533/3581/1388
f 2533/3581/1388 2534/3582/1390 2521/3568/1389
f 2534/3582/1390 2535/3583/1391 2521/3568/1389
f 2522/3569/1392 2521/3568/1389 2535/3583/1391
f 2535/3583/1391 2536/3584/1393 2522/3569/1392
f 2536/3584/1393 2537/3585/1394 2522/3569/1392
f 189/233/1395 2522/3569/1392 2537/3585/1394
f 2537/3585/1394 186/230/1396 189/233/1395
f 556/724/1397 555/3586/1397 2538/3587/1398
f 2538/3587/1398 2539/3588/1399 556/724/1397
f 2539/3588/1399 2538/3587/1398 2540/3589/1400
f 2540/3589/1400 2541/3590/1401 2539/3588/1399
f 2541/3590/1401 2540/3589/1400 2542/3591/1402
f 2542/3591/1402 2543/3592/1403 2541/3590/1401
f 2543/3592/1403 2542/3591/1402 2544/3593/1404
f 2544/3593/1404 2545/3594/1405 2543/3592/1403
f 2545/3594/1405 2544/3593/1404 2546/3595/1406
f 2546/3595/1406 2547/3596/1407 2545/3594/1405
f 2548/3597/1408 2547/3596/1407 2546/3595/1406
f 2546/3595/1406 2549/3598/1409 2548/3597/1408
f 2547/3596/1407 2548/3597/1408 2550/3599/1410
f 2548/3597/1408 2549/3598/1409 2551/3600/1411
f 2550/3599/1410 2548/3597/1408 2014/3601/19
f 2551/3600/1411 2552/3602/1412 2548/3597/1408
f 2014/3601/19 2553/3603/19 2550/3599/1410
f 2552/3602/1412 2551/3600/1411 2554/3604/1413
f 2553/3603/19 2014/3601/19 2015/3541/399
f 2554/3604/1413 2555/3605/1414 2552/3602/1412
f 2015/3541/399 2556/3606/19 2553/3603/19
f 2555/3605/1414 2554/3604/1413 547/712/1415
f 547/712/1416 548/714/1417 2555/3605/1414
f 2556/3606/19 2015/3541/399 2507/3544/1418
f 2507/3544/1418 2557/3607/878 2556/3606/19
f 2557/3607/878 2507/3544/1418 2509/3546/19
f 2509/3546/19 2558/3608/19 2557/3607/878
f 2559/3609/1117 2558/3608/19 2509/3546/19
f 2509/3546/19 2510/3547/1419 2559/3609/1117
f 2560/3610/19 2559/3609/1117 2510/3547/1419
f 2510/3547/1419 1913/3549/19 2560/3610/19
f 2561/3611/19 2560/3610/19 1913/3549/19
f 1913/3549/19 1912/3612/19 2561/3611/19
f 2562/3613/1420 2561/3611/19 1912/3612/19
f 1912/3612/19 2563/3614/1421 2562/3613/1420
f 2564/3615/1422 2562/3613/1420 2563/3614/1421
f 2565/3616/1423 2564/3615/1422 2563/3614/1421
f 2566/3617/1424 2564/3615/1422 2565/3616/1423
f 2563/3614/1421 2567/3618/1425 2565/3616/1423
f 2565/3616/1423 2568/3619/1426 2566/3617/1424
f 2569/3620/1427 2567/3618/1425 2563/3614/1421
f 2570/3621/1428 2566/3617/1424 2568/3619/1426
f 2563/3614/1421 2571/3622/1429 2569/3620/1427
f 2568/3619/1426 2572/3623/1430 2570/3621/1428
f 2573/3624/1431 2569/3620/1427 2571/3622/1429
f 2574/3625/1432 2570/3621/1428 2572/3623/1430
f 2571/3622/1429 2575/3626/1433 2573/3624/1431
f 2572/3623/1430 2576/3627/1434 2574/3625/1432
f 266/340/1435 2573/3624/1431 2575/3626/1433
f 2575/3626/1433 267/341/1367 266/340/1435
f 2577/3628/1436 2574/3625/1432 2576/3627/1434
f 2576/3627/1434 2578/3629/1437 2577/3628/1436
f 273/350/1438 2577/3628/1436 2578/3629/1437
f 2578/3629/1437 274/3630/1438 273/350/1438
f 2579/3631/1439 2580/3632/1440 2581/3633/1441
f 2581/3633/1441 2582/3634/1442 2579/3631/1439
f 2582/3634/1442 2581/3633/1441 2583/3635/1443
f 2583/3635/1443 2584/3636/1444 2582/3634/1442
f 2584/3636/1444 2583/3635/1443 2585/3637/1445
f 2585/3637/1445 2586/3638/1446 2584/3636/1444
f 2586/3638/1446 2585/3637/1445 2587/3639/535
f 2587/3639/535 2588/3640/1447 2586/3638/1446
f 2588/3640/1447 2587/3639/535 2589/3641/1448
f 2589/3641/1448 2590/3642/1449 2588/3640/1447
f 2590/3642/1449 2589/3641/1448 2591/3643/1450
f 2591/3643/1450 2592/3644/1451 2590/3642/1449
f 2592/3644/1451 2591/3643/1450 2593/3645/1452
f 2593/3645/1452 2594/3646/1453 2592/3644/1451
f 2594/3646/1453 2593/3645/1452 2595/3647/1454
f 2595/3647/1454 2596/3648/1455 2594/3646/1453
f 2596/3648/1455 2595/3647/1454 2597/3649/19
f 2597/3649/19 2598/3650/1456 2596/3648/1455
f 2598/3650/1456 2597/3649/19 2599/3651/1222
f 2599/3651/1222 2600/3652/1457 2598/3650/1456
f 2600/3652/1457 2599/3651/1222 2601/3653/1458
f 2601/3653/1458 2602/3654/1459 2600/3652/1457
f 2602/3654/1459 2601/3653/1458 2603/3655/1460
f 2603/3655/1460 2604/3656/1461 2602/3654/1459
f 2604/3656/1461 2603/3655/1460 2605/3657/1462
f 2605/3657/1462 2606/3658/1463 2604/3656/1461
f 2606/3658/1463 2605/3657/1462 2607/3659/104
f 2607/3659/104 2608/3660/1464 2606/3658/1463
f 2608/3660/1464 2607/3659/104 2609/3661/1465
f 2609/3661/1465 2610/3662/1466 2608/3660/1464
f 2610/3662/1466 2609/3661/1465 2611/3663/1467
f 2611/3663/1467 2612/3664/1468 2610/3662/1466
f 2612/3664/1468 2611/3663/1467 2613/3665/1469
f 2613/3665/1469 2614/3666/1470 2612/3664/1468
f 2614/3666/1470 2613/3665/1469 2615/3667/1471
f 2615/3667/1471 2616/3668/1472 2614/3666/1470
f 2616/3668/1472 2615/3667/1471 2617/3669/14
f 2617/3669/14 2618/3670/1473 2616/3668/1472
f 2618/3670/1473 2617/3669/14 2580/3671/1440
f 2580/3671/1440 2579/3672/1439 2618/3670/1473
f 472/614/52 471/613/52 2619/3673/52
f 2619/3673/52 2620/3674/52 472/614/52
f 2620/3674/52 2619/3673/52 2621/3675/52
f 2621/3675/52 2622/3676/52 2620/3674/52
f 2622/3676/52 2621/3675/52 2623/3677/52
f 2623/3677/52 2624/3678/52 2622/3676/52
f 2624/3678/52 2623/3677/52 2625/3679/52
f 2625/3679/52 2626/3680/52 2624/3678/52
f 2626/3680/52 2625/3679/52 2627/3681/52
f 2627/3681/52 2628/3682/52 2626/3680/52
f 2628/3682/52 2627/3681/52 481/623/52
f 481/623/52 480/622/52 2628/3682/52
f 2629/3683/1474 1714/3684/1474 1712/3685/1475
f 1712/3685/1475 2630/3686/1476 2629/3683/1474
f 2630/3686/1476 1712/3685/1475 477/3687/1477
f 477/3687/1477 2631/3688/1477 2630/3686/1476
f 2631/3688/1477 477/3687/1477 1711/3689/1478
f 1711/3689/1478 2632/3690/1478 2631/3688/1477
f 2632/3690/1478 1711/3689/1478 2025/3691/1479
f 2025/3691/1479 2633/3692/1480 2632/3690/1478
f 2633/3692/1480 2025/3691/1479 2023/3693/1481
f 2023/3693/1481 2634/3694/1482 2633/3692/1480
f 2634/3694/1482 2023/3693/1481 2021/3695/1483
f 2021/3695/1483 2635/3696/1484 2634/3694/1482
f 2635/3696/1484 2021/3695/1483 2019/3697/1485
f 2019/3697/1485 2636/3698/1486 2635/3696/1484
f 2636/3698/1486 2019/3697/1485 2017/3699/1487
f 2017/3699/1487 2637/3700/1487 2636/3698/1486
f 2637/3700/1487 2017/3699/1487 475/3701/1488
f 475/3701/1488 2638/3702/1489 2637/3700/1487
f 2638/3702/1489 475/3701/1488 473/3703/1490
f 473/3703/1490 2639/3704/1490 2638/3702/1489
f 2639/3704/1490 473/3703/1490 472/3705/1491
f 472/3705/1491 2640/3706/1491 2639/3704/1490
f 2640/3706/1491 472/3705/1491 2620/3707/1492
f 2620/3707/1492 2641/3708/1492 2640/3706/1491
f 2641/3708/1492 2620/3707/1492 2622/3709/1493
f 2622/3709/1493 2642/3710/1493 2641/3708/1492
f 2642/3710/1493 2622/3709/1493 2624/3711/1494
f 2624/3711/1494 2643/3712/1495 2642/3710/1493
f 2643/3712/1495 2624/3711/1494 2626/3713/1496
f 2626/3713/1496 2644/3714/1496 2643/3712/1495
f 2644/3714/1496 2626/3713/1496 2628/3715/1497
f 2628/3715/1497 2645/3716/1498 2644/3714/1496
f 2645/3716/1498 2628/3715/1497 480/3717/1499
f 480/3717/1499 2646/3718/1500 2645/3716/1498
f 2646/3718/1500 480/3717/1499 1718/3719/1501
f 1718/3719/1501 2647/3720/1501 2646/3718/1500
f 2647/3720/1501 1718/3719/1501 1716/3721/1502
f 1716/3721/1502 2648/3722/1503 2647/3720/1501
f 2648/3722/1503 1716/3721/1502 1714/3723/1474
f 1714/3723/1474 2629/3724/1474 2648/3722/1503
f 2643/3725/52 2644/3726/52 2645/3727/52
f 2642/3728/52 2643/3725/52 2645/3727/52
f 2645/3727/52 2646/3729/52 2642/3728/52
f 2641/3730/52 2642/3728/52 2646/3729/52
f 2646/3729/52 2647/3731/52 2641/3730/52
f 2640/3732/52 2641/3730/52 2647/3731/52
f 2647/3731/52 2648/3733/52 2640/3732/52
f 2639/3734/52 2640/3732/52 2648/3733/52
f 2648/3733/52 2629/3735/52 2639/3734/52
f 2638/3736/52 2639/3734/52 2629/3735/52
f 2629/3735/52 2630/3737/52 2638/3736/52
f 2637/3738/52 2638/3736/52 2630/3737/52
f 2630/3737/52 2631/3739/52 2637/3738/52
f 2636/3740/52 2637/3738/52 2631/3739/52
f 2631/3739/52 2632/3741/52 2636/3740/52
f 2635/3742/52 2636/3740/52 2632/3741/52
f 2632/3741/52 2633/3743/52 2635/3742/52
f 2635/3742/52 2633/3743/52 2634/3744/52
f 2649/3745/1504 2650/3746/1505 2651/3747/1506
f 2651/3747/1506 2652/3748/1507 2649/3745/1504
f 2652/3748/1507 2651/3747/1506 2653/3749/1508
f 2653/3749/1508 2654/3750/1509 2652/3748/1507
f 2654/3750/1509 2653/3749/1508 2655/3751/324
f 2655/3751/324 2656/3752/1510 2654/3750/1509
f 2656/3752/1510 2655/3751/324 2657/3753/1511
f 2657/3753/1511 2658/3754/1512 2656/3752/1510
f 2658/3754/1512 2657/3753/1511 2659/3755/19
f 2659/3755/19 2660/3756/1513 2658/3754/1512
f 2660/3756/1513 2659/3755/19 2661/3757/1514
f 2661/3757/1514 2662/3758/1515 2660/3756/1513
f 2662/3758/1515 2661/3757/1514 2663/3759/1516
f 2663/3759/1516 2664/3760/1517 2662/3758/1515
f 2664/3760/1517 2663/3759/1516 2665/3761/1518
f 2665/3761/1518 2666/3762/1519 2664/3760/1517
f 2666/3762/1519 2665/3761/1518 2667/3763/1520
f 2667/3763/1520 2668/3764/1521 2666/3762/1519
f 2668/3764/1521 2667/3763/1520 2669/3765/1522
f 2669/3765/1522 2670/3766/1523 2668/3764/1521
f 2670/3766/1523 2669/3765/1522 2671/3767/104
f 2671/3767/104 2672/3768/1524 2670/3766/1523
f 2672/3768/1524 2671/3767/104 2673/3769/1525
f 2673/3769/1525 2674/3770/1526 2672/3768/1524
f 2674/3770/1526 2673/3769/1525 2675/3771/1527
f 2675/3771/1527 2676/3772/1528 2674/3770/1526
f 2676/3772/1528 2675/3771/1527 2677/3773/1529
f 2677/3773/1529 2678/3774/1530 2676/3772/1528
f 2678/3774/1530 2677/3773/1529 2679/3775/1531
f 2679/3775/1531 2680/3776/1532 2678/3774/1530
f 2680/3776/1532 2679/3775/1531 2681/3777/1533
f 2681/3777/1533 2682/3778/1534 2680/3776/1532
f 2682/3778/1534 2681/3777/1533 2683/3779/14
f 2683/3779/14 2684/3780/1535 2682/3778/1534
f 2684/3780/1535 2683/3779/14 2685/3781/1536
f 2685/3781/1536 2686/3782/1537 2684/3780/1535
f 2686/3782/1537 2685/3781/1536 2687/3783/1538
f 2687/3783/1538 2688/3784/1539 2686/3782/1537
f 2688/3784/1539 2687/3783/1538 2689/3785/1120
f 2689/3785/1120 2690/3786/1540 2688/3784/1539
f 2690/3786/1540 2689/3785/1120 2691/3787/1541
f 2691/3787/1541 2692/3788/1542 2690/3786/1540
f 2692/3788/1542 2691/3787/1541 2693/3789/1543
f 2693/3789/1543 2694/3790/1544 2692/3788/1542
f 2694/3790/1544 2693/3789/1543 2695/3791/535
f 2695/3791/535 2696/3792/1545 2694/3790/1544
f 2696/3792/1545 2695/3791/535 2650/3793/1505
f 2650/3793/1505 2649/3794/1504 2696/3792/1545
f 505/647/1018 2027/3795/1017 506/3796/1546
f 506/3796/1546 502/644/1547 505/647/1018
f 502/644/1547 506/3796/1546 501/3797/975
f 501/3797/975 507/649/974 502/644/1547
f 508/650/977 1929/3798/974 2697/3799/1548
f 2697/3799/1548 503/645/1548 508/650/977
f 503/645/1548 2697/3799/1548 2698/3800/1549
f 2698/3800/1549 504/646/1550 503/645/1548
f 504/646/1550 2698/3800/1549 1925/3801/960
f 1925/3801/960 509/652/959 504/646/1550
f 2699/3802/14 2700/3803/14 2701/3804/14
f 2700/3803/14 2470/3805/14 2701/3804/14
f 1948/3806/14 2701/3804/14 2470/3805/14
f 2470/3805/14 547/3807/14 1948/3806/14
f 554/722/460 553/721/459 2702/3808/14
f 2702/3808/14 2703/3809/14 554/722/460
f 2703/3809/14 2702/3808/14 2704/3810/14
f 2704/3810/14 2705/3811/14 2703/3809/14
f 2706/3812/14 2705/3811/14 2704/3810/14
f 2704/3810/14 2707/3813/14 2706/3812/14
f 275/352/14 2706/3812/14 2707/3813/14
f 2707/3813/14 272/349/14 275/352/14
f 1965/3814/1298 557/725/1298 381/483/1298
f 1966/3815/1298 1965/3814/1298 381/483/1298
f 381/483/1298 382/3816/1551 1966/3815/1298
f 559/727/1552 575/755/1552 2708/3817/1553
f 2708/3817/1553 569/3818/1554 559/727/1552
f 569/3818/1554 2708/3817/1553 2709/3819/1555
f 2709/3819/1555 568/3820/1556 569/3818/1554
f 568/3820/1556 2709/3819/1555 2710/3821/1135
f 2710/3821/1135 567/3822/1557 568/3820/1556
f 567/3822/1557 2710/3821/1135 2711/3823/1558
f 2711/3823/1558 566/3824/1559 567/3822/1557
f 566/3824/1559 2711/3823/1558 2712/3825/1560
f 2712/3825/1560 565/3826/1560 566/3824/1559
f 565/3826/1560 2712/3825/1560 2713/3827/1561
f 2713/3827/1561 564/3828/1562 565/3826/1560
f 564/3828/1562 2713/3827/1561 2714/3829/1066
f 2714/3829/1066 562/3830/1066 564/3828/1562
f 305/2543/320 307/2542/19 320/411/497
f 320/411/497 390/3831/19 305/2543/320
f 390/3831/19 320/411/497 22/22/605
f 22/22/605 98/3832/19 390/3831/19
f 3/2309/74 98/3832/19 22/22/605
f 22/22/605 5/2310/19 3/2309/74
f 126/148/1563 2715/3833/1564 2716/3834/1565
f 127/149/1566 126/148/1563 2716/3834/1565
f 2716/3834/1565 2717/3835/1567 127/149/1566
f 149/3836/1568 127/149/1566 2717/3835/1567
f 2717/3835/1567 150/3837/1569 149/3836/1568
f 2038/2682/14 2718/3838/14 2719/3839/14
f 2039/2683/14 2038/2682/14 2719/3839/14
f 2719/3839/14 2720/3840/14 2039/2683/14
f 2039/2683/14 2720/3840/14 2721/3841/14
f 2041/2687/14 2039/2683/14 2721/3841/14
f 2041/2687/14 2721/3841/14 2722/3842/14
f 2040/2688/14 2041/2687/14 2722/3842/14
f 2722/3842/14 2723/3843/14 2040/2688/14
f 2040/2688/14 2723/3843/14 2718/3838/14
f 2038/2685/14 2040/2688/14 2718/3838/14
f 2045/2699/14 2724/3844/14 2725/3845/14
f 2044/2700/14 2045/2699/14 2725/3845/14
f 2725/3845/14 2726/3846/460 2044/2700/14
f 2044/2700/14 2726/3846/460 2727/3847/14
f 2042/2694/14 2044/2700/14 2727/3847/14
f 2042/2694/14 2727/3847/14 2728/3848/14
f 2043/2695/14 2042/2694/14 2728/3848/14
f 2728/3848/14 2729/3849/14 2043/2695/14
f 2043/2695/14 2729/3849/14 2724/3844/14
f 2043/2695/14 2724/3844/14 2045/2702/14
f 2730/3850/19 2731/3851/19 2732/3852/19
f 2732/3852/19 2733/3853/19 2730/3850/19
f 2733/3853/19 2732/3852/19 2734/3854/19
f 2734/3854/19 2735/3855/19 2733/3853/19
f 1721/3856/1570 636/3857/1570 1431/3858/1571
f 1431/3858/1571 1725/3859/1571 1721/3856/1570
f 1725/3859/1571 1431/3858/1571 1430/3860/19
f 1430/3860/19 1719/3861/19 1725/3859/1571
f 1720/3862/1572 1719/3861/19 1430/3860/19
f 1430/3860/19 635/3863/1572 1720/3862/1572
f 1722/3864/1573 1720/3862/1572 635/3863/1572
f 635/3863/1572 2046/3865/1573 1722/3864/1573
f 1435/3866/1574 1722/3864/1573 2046/3865/1573
f 2046/3865/1573 1434/3867/1575 1435/3866/1574
f 1436/3868/1576 1435/3866/1574 1434/3867/1575
f 1434/3867/1575 1433/3869/1576 1436/3868/1576
f 1437/3870/14 1436/3868/1576 1433/3869/1576
f 1433/3869/1576 1432/3871/14 1437/3870/14
f 1437/3870/14 1432/3871/14 2047/3872/1577
f 2047/3872/1577 1724/3873/185 1437/3870/14
f 1724/3873/185 2047/3872/1577 637/3874/1578
f 637/3874/1578 1723/3875/1578 1724/3873/185
f 1723/3875/1578 637/3874/1578 636/3876/1570
f 636/3876/1570 1721/3877/1570 1723/3875/1578
f 1763/3878/1570 1451/3879/1570 639/3880/1579
f 639/3880/1579 1765/3881/1579 1763/3878/1570
f 1765/3881/1579 639/3880/1579 638/3882/19
f 638/3882/19 1767/3883/19 1765/3881/1579
f 1768/3884/1572 1767/3883/19 638/3882/19
f 638/3882/19 641/3885/1580 1768/3884/1572
f 1766/3886/1573 1768/3884/1572 641/3885/1580
f 641/3885/1580 640/3887/1573 1766/3886/1573
f 1764/3888/1575 1766/3886/1573 640/3887/1573
f 640/3887/1573 1454/3889/1575 1764/3888/1575
f 1762/3890/1576 1764/3888/1575 1454/3889/1575
f 1454/3889/1575 1453/3891/1576 1762/3890/1576
f 1759/3892/14 1762/3890/1576 1453/3891/1576
f 1453/3891/1576 1456/3893/14 1759/3892/14
f 1759/3892/14 1456/3893/14 1455/3894/185
f 1455/3894/185 1760/3895/185 1759/3892/14
f 1760/3895/185 1455/3894/185 1452/3896/1578
f 1452/3896/1578 1761/3897/1578 1760/3895/185
f 1761/3897/1578 1452/3896/1578 1451/3898/1570
f 1451/3898/1570 1763/3899/1570 1761/3897/1578
f 1756/3900/1570 1440/3901/1570 1439/3902/1579
f 1439/3902/1579 1758/3903/1571 1756/3900/1570
f 1758/3903/1571 1439/3902/1579 1438/3904/19
f 1438/3904/19 1757/3905/19 1758/3903/1571
f 1755/3906/1572 1757/3905/19 1438/3904/19
f 1438/3904/19 2736/3907/1572 1755/3906/1572
f 1443/3908/1573 1755/3906/1572 2736/3907/1572
f 2736/3907/1572 2737/3909/1573 1443/3908/1573
f 1448/3910/1575 1443/3908/1573 2737/3909/1573
f 2737/3909/1573 1446/3911/1574 1448/3910/1575
f 1449/3912/1576 1448/3910/1575 1446/3911/1574
f 1446/3911/1574 1445/3913/1576 1449/3912/1576
f 1450/3914/14 1449/3912/1576 1445/3913/1576
f 1445/3913/1576 1444/3915/14 1450/3914/14
f 1450/3914/14 1444/3915/14 1447/3916/1577
f 1447/3916/1577 1441/3917/1577 1450/3914/14
f 1441/3917/1577 1447/3916/1577 2738/3918/1578
f 2738/3918/1578 1442/3919/1578 1441/3917/1577
f 1442/3919/1578 2738/3918/1578 1440/3920/1570
f 1440/3920/1570 1756/3921/1570 1442/3919/1578
f 1459/3922/1570 2739/3923/1570 2740/3924/1579
f 2740/3924/1579 1726/3925/1579 1459/3922/1570
f 1726/3925/1579 2740/3924/1579 644/3926/19
f 644/3926/19 645/3927/19 1726/3925/1579
f 646/3928/1572 645/3927/19 644/3926/19
f 644/3926/19 643/3929/1572 646/3928/1572
f 647/3930/1573 646/3928/1572 643/3929/1572
f 643/3929/1572 642/3931/1573 647/3930/1573
f 1727/3932/1575 647/3930/1573 642/3931/1573
f 642/3931/1573 2741/3933/1575 1727/3932/1575
f 1457/3934/1581 1727/3932/1575 2741/3933/1575
f 2741/3933/1575 2742/3935/1581 1457/3934/1581
f 1463/3936/14 1457/3934/1581 2742/3935/1581
f 2742/3935/1581 1462/3937/14 1463/3936/14
f 1463/3936/14 1462/3937/14 1461/3938/1577
f 1461/3938/1577 1464/3939/185 1463/3936/14
f 1464/3939/185 1461/3938/1577 1460/3940/1578
f 1460/3940/1578 1458/3941/1578 1464/3939/185
f 1458/3941/1578 1460/3940/1578 2739/3942/1570
f 2739/3942/1570 1459/3943/1570 1458/3941/1578
f 1429/2750/14 1428/3944/14 2075/3945/14
f 2075/3945/14 680/889/14 1429/2750/14
f 2075/3945/14 681/3946/14 680/889/14
f 671/3947/19 670/2749/19 690/902/19
f 690/902/19 691/3948/19 671/3947/19
f 691/3948/19 690/902/19 689/3949/19
f 689/3949/19 692/3950/19 691/3948/19
f 2076/3951/14 709/922/14 695/921/14
f 695/921/14 694/3952/14 2076/3951/14
f 710/923/14 711/3953/14 695/921/14
f 712/3954/14 711/3953/14 710/923/14
f 710/923/14 2743/3955/14 712/3954/14
f 712/3954/14 2743/3955/14 2078/3956/14
f 2078/3956/14 705/3957/14 712/3954/14
f 705/3957/14 2078/3956/14 2077/3958/14
f 2077/3958/14 706/3959/14 705/3957/14
f 751/3960/52 2085/3961/52 1466/3962/52
f 1466/3962/52 748/969/52 751/3960/52
f 748/969/52 1466/3962/52 737/3963/52
f 737/3963/52 752/973/52 748/969/52
f 2086/3964/98 750/3965/98 749/970/98
f 749/970/98 1467/3966/98 2086/3964/98
f 1467/3966/98 749/970/98 753/974/98
f 753/974/98 790/3967/98 1467/3966/98
f 2094/2844/1582 2093/2843/1582 2744/3968/1583
f 2744/3968/1583 2745/3969/1583 2094/2844/1582
f 2745/3969/1583 2744/3968/1583 2746/3970/1584
f 2746/3970/1584 2747/3971/1585 2745/3969/1583
f 2747/3971/1585 2746/3970/1584 2090/2840/1586
f 2090/2840/1586 2089/2839/1586 2747/3971/1585
f 797/1041/1587 796/1040/1582 2748/3972/1588
f 2748/3972/1588 1729/3973/1583 797/1041/1587
f 1729/3973/1583 2748/3972/1588 2749/3974/1584
f 2749/3974/1584 1730/3975/1585 1729/3973/1583
f 1730/3975/1585 2749/3974/1584 2096/2846/1589
f 2096/2846/1589 1728/2188/1590 1730/3975/1585
f 2750/3976/535 885/3977/535 872/3978/971
f 872/3978/971 2751/3979/971 2750/3976/535
f 2751/3979/971 872/3978/971 875/3980/52
f 875/3980/52 2752/3981/52 2751/3979/971
f 2752/3981/52 875/3980/52 877/3982/978
f 877/3982/978 2753/3983/978 2752/3981/52
f 2753/3983/978 877/3982/978 879/3984/104
f 879/3984/104 2754/3985/104 2753/3983/978
f 2754/3985/104 879/3984/104 2099/3986/969
f 2099/3986/969 2755/3987/969 2754/3985/104
f 2755/3987/969 2099/3986/969 883/3988/98
f 883/3988/98 2756/3989/98 2755/3987/969
f 2756/3989/98 883/3988/98 882/3990/968
f 882/3990/968 2757/3991/968 2756/3989/98
f 2757/3991/968 882/3990/968 885/3992/535
f 885/3992/535 2750/3993/535 2757/3991/968
f 838/1091/1591 841/1094/1592 2758/3994/1593
f 2758/3994/1593 868/3995/1593 838/1091/1591
f 868/3995/1593 2758/3994/1593 866/3996/497
f 866/3996/497 869/3997/497 868/3995/1593
f 869/3997/497 866/3996/497 865/3998/1594
f 865/3998/1594 867/3999/1595 869/3997/497
f 867/3999/1595 865/3998/1594 842/1095/1596
f 842/1095/1596 845/1098/1596 867/3999/1595
f 841/1129/98 843/1128/98 842/1131/98
f 842/1131/98 2758/4000/98 841/1129/98
f 866/1133/98 2758/4000/98 842/1131/98
f 890/4001/546 807/1060/546 806/1059/971
f 806/1059/971 889/4002/1597 890/4001/546
f 889/4002/1597 806/1059/971 820/1073/52
f 820/1073/52 886/4003/52 889/4002/1597
f 886/4003/52 820/1073/52 818/1071/1598
f 818/1071/1598 901/4004/1598 886/4003/52
f 901/4004/1598 818/1071/1598 816/1069/543
f 816/1069/543 898/4005/543 901/4004/1598
f 898/4005/543 816/1069/543 814/1067/1599
f 814/1067/1599 896/4006/1599 898/4005/543
f 896/4006/1599 814/1067/1599 811/1064/98
f 811/1064/98 897/4007/98 896/4006/1599
f 897/4007/98 811/1064/98 810/1063/968
f 810/1063/968 893/4008/968 897/4007/98
f 893/4008/968 810/1063/968 807/2848/546
f 807/2848/546 890/4009/546 893/4008/968
f 940/4010/546 913/2864/546 2101/2862/1600
f 2101/2862/1600 927/4011/1600 940/4010/546
f 927/4011/1600 2101/2862/1600 924/1199/98
f 924/1199/98 928/4012/98 927/4011/1600
f 928/4012/98 924/1199/98 923/1198/1599
f 923/1198/1599 929/4013/1599 928/4012/98
f 929/4013/1599 923/1198/1599 920/1195/543
f 920/1195/543 932/4014/543 929/4013/1599
f 932/4014/543 920/1195/543 919/1194/1598
f 919/1194/1598 934/4015/1598 932/4014/543
f 934/4015/1598 919/1194/1598 916/1191/52
f 916/1191/52 936/4016/52 934/4015/1598
f 936/4016/52 916/1191/52 914/1189/1597
f 914/1189/1597 938/4017/1597 936/4016/52
f 938/4017/1597 914/1189/1597 913/1188/546
f 913/1188/546 940/4018/546 938/4017/1597
f 960/4019/52 937/4020/18 939/4021/1601
f 939/4021/1601 961/4022/1601 960/4019/52
f 961/4022/1601 939/4021/1601 941/4023/712
f 941/4023/712 962/4024/712 961/4022/1601
f 962/4024/712 941/4023/712 926/4025/1602
f 926/4025/1602 958/4026/1602 962/4024/712
f 958/4026/1602 926/4025/1602 931/4027/98
f 931/4027/98 959/4028/98 958/4026/1602
f 959/4028/98 931/4027/98 930/4029/1603
f 930/4029/1603 963/4030/1603 959/4028/98
f 963/4030/1603 930/4029/1603 933/4031/143
f 933/4031/143 964/4032/143 963/4030/1603
f 964/4032/143 933/4031/143 935/4033/1604
f 935/4033/1604 965/4034/1604 964/4032/143
f 965/4034/1604 935/4033/1604 937/4035/18
f 937/4035/18 960/4036/52 965/4034/1604
f 950/1225/1592 953/1228/1605 2759/4037/1593
f 2759/4037/1593 973/4038/1593 950/1225/1592
f 973/4038/1593 2759/4037/1593 967/4039/497
f 967/4039/497 974/4040/497 973/4038/1593
f 974/4040/497 967/4039/497 966/4041/1595
f 966/4041/1595 975/4042/1595 974/4040/497
f 975/4042/1595 966/4041/1595 954/1229/1606
f 954/1229/1606 957/1232/1596 975/4042/1595
f 967/1250/98 2759/4043/98 954/1248/98
f 954/1248/98 2759/4043/98 953/1234/98
f 953/1234/98 955/1233/98 954/1248/98
f 1000/4044/1548 984/4045/1548 2106/4046/52
f 2106/4046/52 998/4047/52 1000/4044/1548
f 998/4047/52 2106/4046/52 987/4048/971
f 987/4048/971 993/4049/971 998/4047/52
f 993/4049/971 987/4048/971 989/4050/535
f 989/4050/535 994/4051/535 993/4049/971
f 994/4051/535 989/4050/535 979/4052/968
f 979/4052/968 992/4053/968 994/4051/535
f 992/4053/968 979/4052/968 978/4054/98
f 978/4054/98 2107/4055/98 992/4053/968
f 2107/4055/98 978/4054/98 981/4056/969
f 981/4056/969 1003/4057/969 2107/4055/98
f 1003/4057/969 981/4056/969 983/1299/1607
f 983/1299/1607 1002/1296/1607 1003/4057/969
f 2114/4058/535 2113/2882/535 2760/4059/535
f 2760/4059/535 2761/4060/535 2114/4058/535
f 2761/4060/535 2760/4059/535 2762/4061/535
f 2762/4061/535 2763/4062/535 2761/4060/535
f 2763/4062/535 2762/4061/535 2764/4063/535
f 2764/4063/535 2765/4064/535 2763/4062/535
f 2765/4064/535 2764/4063/535 2766/4065/535
f 2766/4065/535 2767/4066/535 2765/4064/535
f 2767/4066/535 2766/4065/535 2768/4067/535
f 2768/4067/535 2769/4068/535 2767/4066/535
f 2769/4068/535 2768/4067/535 2770/4069/535
f 2770/4069/535 2771/4070/535 2769/4068/535
f 2772/4071/535 2771/4070/535 2770/4069/535
f 2770/4069/535 2773/4072/535 2772/4071/535
f 2774/4073/535 2772/4071/535 2773/4072/535
f 2773/4072/535 2775/4074/535 2774/4073/535
f 2776/4075/535 2774/4073/535 2775/4074/535
f 2775/4074/535 2777/4076/535 2776/4075/535
f 2778/4077/535 2776/4075/535 2777/4076/535
f 2777/4076/535 2779/4078/535 2778/4077/535
f 2780/4079/535 2778/4077/535 2779/4078/535
f 2779/4078/535 2781/4080/535 2780/4079/535
f 2782/4081/535 2780/4079/535 2781/4080/535
f 2781/4080/535 2783/4082/535 2782/4081/535
f 2112/4083/535 2782/4081/535 2783/4082/535
f 2783/4082/535 2109/2878/535 2112/4083/535
f 2173/4084/52 2177/4085/52 2178/4086/52
f 2178/4086/52 2174/4087/52 2173/4084/52
f 2174/4087/52 2178/4086/52 2176/4088/52
f 2176/4088/52 2175/4089/52 2174/4087/52
f 1085/1403/1608 1088/1406/1608 2784/4090/1609
f 2784/4090/1609 1111/4091/1609 1085/1403/1608
f 1111/4091/1609 2784/4090/1609 1109/4092/1610
f 1109/4092/1610 1112/4093/1610 1111/4091/1609
f 1112/4093/1610 1109/4092/1610 1108/4094/264
f 1108/4094/264 1110/4095/264 1112/4093/1610
f 1110/4095/264 1108/4094/264 1089/1407/1611
f 1089/1407/1611 1092/1410/1611 1110/4095/264
f 1088/1435/52 1090/1434/52 1089/1437/52
f 1089/1437/52 2784/4096/52 1088/1435/52
f 1109/1439/52 2784/4096/52 1089/1437/52
f 1093/1444/52 1098/1443/52 2785/4097/52
f 2785/4097/52 2786/4098/52 1093/1444/52
f 2786/4098/52 2785/4097/52 2787/4099/52
f 1103/1427/676 2788/4100/676 1099/1430/676
f 1099/1430/676 2788/4100/676 2193/3023/676
f 1091/1413/676 1099/1430/676 2193/3023/676
f 2789/4101/98 2790/4102/98 2791/4103/98
f 2792/4104/98 2789/4101/98 2791/4103/98
f 2791/4103/98 2793/4105/98 2792/4104/98
f 2792/4104/98 2793/4105/98 2187/4106/98
f 2187/4106/98 1062/1378/98 2792/4104/98
f 1058/1379/98 1062/1378/98 2187/4106/98
f 2187/4106/98 2186/4107/98 1058/1379/98
f 2186/4107/98 2794/4108/98 1058/1379/98
f 2795/4109/98 1058/1379/98 2794/4108/98
f 2794/4108/98 2796/4110/98 2795/4109/98
f 2795/4109/98 2796/4110/98 2797/4111/98
f 2797/4111/98 2798/4112/98 2795/4109/98
f 2797/4111/98 2799/4113/98 2798/4112/98
f 1120/1454/14 1118/3035/14 2800/4114/1612
f 2800/4114/1612 2801/4115/1612 1120/1454/14
f 2801/4115/1612 2800/4114/1612 2802/4116/1613
f 2802/4116/1613 2803/4117/1614 2801/4115/1612
f 2803/4117/1614 2802/4116/1613 2804/4118/1615
f 2804/4118/1615 2805/4119/1615 2803/4117/1614
f 2805/4119/1615 2804/4118/1615 2806/4120/1616
f 2806/4120/1616 2807/4121/1617 2805/4119/1615
f 2807/4121/1617 2806/4120/1616 2808/4122/1618
f 2808/4122/1618 2809/4123/1618 2807/4121/1617
f 2809/4123/1618 2808/4122/1618 2201/4124/69
f 2201/4124/69 2200/4125/69 2809/4123/1618
f 2195/3025/1027 2194/3024/1028 2810/4126/1506
f 2810/4126/1506 2811/4127/1506 2195/3025/1027
f 2811/4127/1506 2810/4126/1506 2203/3038/1619
f 2203/3038/1619 2202/3037/1619 2811/4127/1506
f 1124/1458/1620 1123/1457/1621 2812/4128/1622
f 2812/4128/1622 2813/4129/1623 1124/1458/1620
f 2813/4129/1623 2812/4128/1622 2814/4130/1624
f 2814/4130/1624 2815/4131/1625 2813/4129/1623
f 2815/4131/1625 2814/4130/1624 1114/1446/19
f 1114/1446/19 1113/4132/19 2815/4131/1625
f 1116/4133/19 1115/1447/19 2816/4134/1626
f 2816/4134/1626 2817/4135/1627 1116/4133/19
f 2817/4135/1627 2816/4134/1626 2818/4136/1628
f 2818/4136/1628 2819/4137/1628 2817/4135/1627
f 2819/4137/1628 2818/4136/1628 2820/4138/1629
f 2820/4138/1629 2821/4139/1630 2819/4137/1628
f 2821/4139/1630 2820/4138/1629 2822/4140/1631
f 2822/4140/1631 2823/4141/1632 2821/4139/1630
f 2823/4141/1632 2822/4140/1631 2824/4142/1588
f 2824/4142/1588 2825/4143/1633 2823/4141/1632
f 2825/4143/956 2824/4142/956 2826/4144/1634
f 2826/4144/1634 2827/4145/1634 2825/4143/956
f 2827/4145/1634 2826/4144/1634 2199/4146/1068
f 2199/4146/1068 2198/4147/1068 2827/4145/1634
f 2814/4130/98 2812/4148/98 1123/4149/98
f 1123/4149/98 1114/1446/98 2814/4130/98
f 1114/1446/98 1123/4149/98 1122/3029/98
f 1114/1446/98 1122/3029/98 2197/3028/98
f 2197/3028/98 1119/1453/98 1114/1446/98
f 1119/1453/98 2197/3028/98 2203/4150/98
f 1119/1453/98 2203/4150/98 2810/4151/98
f 2810/4151/98 2194/3024/98 1119/1453/98
f 1139/4152/1635 2828/4153/1636 2829/4154/1637
f 2829/4154/1637 1126/4155/1638 1139/4152/1635
f 1126/4155/1638 2829/4154/1637 2830/4156/294
f 2830/4156/294 1127/4157/22 1126/4155/1638
f 1127/4157/22 2830/4156/294 2831/4158/1639
f 2831/4158/1639 1129/4159/1640 1127/4157/22
f 1129/4159/1640 2831/4158/1639 2832/4160/1641
f 2832/4160/1641 1131/4161/1642 1129/4159/1640
f 1131/4161/1642 2832/4160/1641 2833/4162/1643
f 2833/4162/1643 1133/4163/1644 1131/4161/1642
f 1133/4163/1644 2833/4162/1643 2834/4164/38
f 2834/4164/38 1135/4165/240 1133/4163/1644
f 1135/4165/240 2834/4164/38 2835/4166/1645
f 2835/4166/1645 1137/4167/1646 1135/4165/240
f 1137/4167/1646 2835/4166/1645 2828/4168/1636
f 2828/4168/1636 1139/4169/1635 1137/4167/1646
f 1159/4170/98 1136/4171/98 1138/4172/1647
f 1138/4172/1647 1160/4173/1648 1159/4170/98
f 1160/4173/1648 1138/4172/1647 1140/4174/1649
f 1140/4174/1649 1161/4175/1650 1160/4173/1648
f 1161/4175/1650 1140/4174/1649 1125/4176/1651
f 1125/4176/1651 1157/4177/1652 1161/4175/1650
f 1157/4177/1652 1125/4176/1651 1128/4178/52
f 1128/4178/52 1158/4179/52 1157/4177/1652
f 1158/4179/52 1128/4178/52 1130/4180/1653
f 1130/4180/1653 2204/4181/1654 1158/4179/52
f 2204/4181/1654 1130/4180/1653 1132/4182/1655
f 1132/4182/1655 2205/4183/1655 2204/4181/1654
f 2205/4183/1655 1132/4182/1655 1134/4184/1656
f 1134/4184/1656 2836/4185/1657 2205/4183/1655
f 2836/4185/1657 1134/4184/1656 1136/4186/98
f 1136/4186/98 1159/4187/98 2836/4185/1657
f 1149/1486/1608 1152/1489/1608 2837/4188/1609
f 2837/4188/1609 2838/4189/1658 1149/1486/1608
f 2838/4189/1658 2837/4188/1609 1163/4190/1659
f 1163/4190/1659 2839/4191/1659 2838/4189/1658
f 2839/4191/1659 1163/4190/1659 1162/4192/264
f 1162/4192/264 2840/4193/264 2839/4191/1659
f 2840/4193/264 1162/4192/264 1153/1490/1611
f 1153/1490/1611 1156/1493/1611 2840/4193/264
f 1147/1484/676 2205/3042/676 1155/1502/676
f 1155/1502/676 2205/3042/676 2836/4194/676
f 1159/1499/676 1155/1502/676 2836/4194/676
f 1163/1505/52 2837/4195/52 1153/1503/52
f 1153/1503/52 2837/4195/52 1152/1495/52
f 1152/1495/52 1154/1494/52 1153/1503/52
f 2838/4196/98 2839/4197/98 2840/4198/98
f 1149/1515/98 2838/4196/98 2840/4198/98
f 2840/4198/98 1156/1516/98 1149/1515/98
f 2195/4199/52 2811/4200/52 2202/4201/52
f 2202/4201/52 1117/1449/52 2195/4199/52
f 2196/4202/52 1117/1449/52 2202/4201/52
f 1117/1449/52 2196/4202/52 1121/4203/52
f 1121/4203/52 1113/1450/52 1117/1449/52
f 1124/4204/52 1113/1450/52 1121/4203/52
f 1113/1450/52 1124/4204/52 2813/4205/52
f 2813/4205/52 2815/4206/52 1113/1450/52
f 2841/4207/1660 2842/4208/1661 2843/4209/1662
f 2843/4209/1662 2844/4210/1663 2841/4207/1660
f 2843/4209/1662 2845/4211/1664 2844/4210/1663
f 1192/1543/1665 1255/1619/1666 1253/1617/1667
f 1253/1617/1667 1190/1541/1668 1192/1543/1665
f 1190/1541/1668 1253/1617/1667 1251/1615/1669
f 1251/1615/1669 1187/1538/1670 1190/1541/1668
f 1187/1538/1670 1251/1615/1669 1249/1613/1671
f 1249/1613/1671 1186/1537/1672 1187/1538/1670
f 1186/1537/1672 1249/1613/1671 1247/1611/1673
f 1247/1611/1673 1184/1535/1674 1186/1537/1672
f 1184/1535/1674 1247/1611/1673 1245/1609/1675
f 1245/1609/1675 1182/1533/1675 1184/1535/1674
f 1182/1533/1675 1245/1609/1675 1242/1606/1676
f 1242/1606/1676 1180/1531/1677 1182/1533/1675
f 1180/1531/1677 1242/1606/1676 1241/1605/1068
f 1241/1605/1068 1177/1528/1068 1180/1531/1677
f 1177/1528/1068 1241/1605/1068 1255/1621/1666
f 1255/1621/1666 1192/1544/1665 1177/1528/1068
f 1191/1545/1666 1197/4212/1678 1195/4213/1068
f 1195/4213/1068 1178/1529/1068 1191/1545/1666
f 1178/1529/1068 1195/4213/1068 1194/4214/1679
f 1194/4214/1679 1179/1530/1680 1178/1529/1068
f 1179/1530/1680 1194/4214/1679 1207/4215/1681
f 1207/4215/1681 1181/1532/1681 1179/1530/1680
f 1181/1532/1681 1207/4215/1681 1205/4216/1682
f 1205/4216/1682 1183/1534/1673 1181/1532/1681
f 1183/1534/1673 1205/4216/1682 1203/4217/1671
f 1203/4217/1671 1185/1536/1672 1183/1534/1673
f 1185/1536/1672 1203/4217/1671 1308/4218/1683
f 1203/4217/1671 1201/4219/1508 1308/4218/1683
f 1185/1536/1672 1308/4218/1683 1188/1539/1684
f 1188/1539/1684 1308/4218/1683 1309/4220/1685
f 1309/4220/1685 1189/1540/1667 1188/1539/1684
f 1191/1542/1666 1189/1540/1667 1309/4220/1685
f 1197/4221/1678 1191/1542/1666 1309/4220/1685
f 1197/4221/1678 1309/4220/1685 1199/4222/1518
f 1196/4223/143 1226/4224/143 1225/4225/1686
f 1225/4225/1686 1193/4226/1686 1196/4223/143
f 1193/4226/1686 1225/4225/1686 1229/4227/703
f 1229/4227/703 1208/4228/703 1193/4226/1686
f 1208/4228/703 1229/4227/703 1228/4229/1687
f 1228/4229/1687 1206/4230/1688 1208/4228/703
f 1206/4230/1688 1228/4229/1687 1227/4231/712
f 1227/4231/712 1204/4232/712 1206/4230/1688
f 1204/4232/712 1227/4231/712 1231/4233/1689
f 1231/4233/1689 1202/4234/1690 1204/4232/712
f 1202/4234/1690 1231/4233/1689 2846/4235/706
f 2846/4235/706 1200/4236/706 1202/4234/1690
f 1200/4236/706 2846/4235/706 1230/4237/1691
f 1230/4237/1691 1198/4238/1691 1200/4236/706
f 1198/4238/1691 1230/4237/1691 1226/4239/143
f 1226/4239/143 1196/4240/143 1198/4238/1691
f 1217/1570/1692 1220/1573/1693 2847/4241/1694
f 2847/4241/1694 1238/4242/1695 1217/1570/1692
f 1238/4242/1695 2847/4241/1694 2848/4243/275
f 2848/4243/275 1239/4244/275 1238/4242/1695
f 1239/4244/275 2848/4243/275 2849/4245/1696
f 2849/4245/1696 1240/4246/1697 1239/4244/275
f 1240/4246/1697 2849/4245/1696 1221/1574/1698
f 1221/1574/1698 1224/1577/1698 1240/4246/1697
f 1215/1588/619 1230/1589/619 2846/4247/52
f 1215/1588/619 2846/4247/52 1223/1590/619
f 1223/1590/619 2846/4247/52 1231/1591/619
f 1273/1639/1699 1276/1642/1699 2850/4248/1700
f 2850/4248/1700 1302/4249/1700 1273/1639/1699
f 1302/4249/1700 2850/4248/1700 1300/4250/17
f 1300/4250/17 1303/4251/17 1302/4249/1700
f 1303/4251/17 1300/4250/17 1299/4252/1701
f 1299/4252/1701 1301/4253/1702 1303/4251/17
f 1301/4253/1702 1299/4252/1701 1277/1643/1703
f 1277/1643/1703 1280/1646/1703 1301/4253/1702
f 1276/1674/712 1278/1662/713 1277/1675/712
f 1277/1675/712 2850/4254/712 1276/1674/712
f 1300/1677/712 2850/4254/712 1277/1675/712
f 1315/4255/1704 1320/4256/1704 1319/4257/1705
f 1319/4257/1705 1316/4258/1706 1315/4255/1704
f 1316/4258/1706 1319/4257/1705 1324/4259/1707
f 1324/4259/1707 1317/4260/1707 1316/4258/1706
f 1317/4260/1707 1324/4259/1707 1322/4261/1708
f 1322/4261/1708 1318/4262/1624 1317/4260/1707
f 1318/4262/1624 1322/4261/1708 1320/4263/1704
f 1320/4263/1704 1315/4264/1704 1318/4262/1624
f 1349/1777/712 1351/1776/712 1354/4265/1709
f 1354/4265/1709 1350/4266/1709 1349/1777/712
f 1350/4266/1709 1354/4265/1709 1364/4267/63
f 1364/4267/63 1365/4268/63 1350/4266/1709
f 1365/4268/63 1364/4267/63 1367/1771/1710
f 1367/1771/1710 1355/1748/1710 1365/4268/63
f 1356/1749/19 1355/1748/1710 1367/1771/1710
f 1367/1771/1710 1361/1754/19 1356/1749/19
f 1353/1746/151 1347/1740/151 1366/1761/1711
f 1366/1761/1711 1363/1757/1712 1353/1746/151
f 1363/1757/1712 1366/1761/1711 1357/1766/1713
f 1357/1766/1713 1358/1763/1713 1363/1757/1712
f 1359/4269/14 1358/1763/1713 1357/1766/1713
f 1357/1766/1713 1368/4270/14 1359/4269/14
f 1414/1831/14 1389/1830/14 1395/1807/14
f 1395/1807/14 1417/1835/14 1414/1831/14
f 1417/1835/14 1395/1807/14 1394/1806/765
f 729/4271/19 724/939/19 723/938/19
f 730/4272/19 729/4271/19 723/938/19
f 1427/1868/19 730/4272/19 723/938/19
f 1447/1888/98 1446/1887/98 2737/4273/98
f 2737/4273/98 2738/4274/98 1447/1888/98
f 2738/4274/98 2737/4273/98 2736/4275/98
f 2736/4275/98 1440/1881/98 2738/4274/98
f 1440/1881/98 2736/4275/98 1438/1879/98
f 1508/1959/98 1510/1961/98 2851/4276/98
f 2851/4276/98 2852/4277/98 1508/1959/98
f 2852/4277/98 2851/4276/98 2853/4278/98
f 2853/4278/98 2854/4279/98 2852/4277/98
f 2854/4279/98 2853/4278/98 2855/4280/98
f 2855/4280/98 2856/4281/98 2854/4279/98
f 2856/4281/98 2855/4280/98 2857/4282/98
f 2857/4282/98 2858/4283/98 2856/4281/98
f 2858/4283/98 2857/4282/98 2859/4284/98
f 2859/4284/98 2860/4285/98 2858/4283/98
f 2860/4285/98 2859/4284/98 2861/4286/98
f 2861/4286/98 2862/4287/98 2860/4285/98
f 2862/4287/98 2861/4286/98 2863/4288/98
f 2863/4288/98 2864/4289/98 2862/4287/98
f 2864/4289/98 2863/4288/98 2865/4290/98
f 2865/4290/98 2866/4291/98 2864/4289/98
f 2866/4291/98 2865/4290/98 2867/4292/98
f 2868/4293/98 2869/4294/98 2870/4295/98
f 2870/4295/98 2871/4296/98 2868/4293/98
f 2871/4296/98 2870/4295/98 2872/4297/98
f 2872/4297/98 2873/4298/98 2871/4296/98
f 2873/4298/98 2872/4297/98 2874/4299/98
f 2874/4299/98 2875/4300/98 2873/4298/98
f 2876/4301/98 2875/4300/98 2874/4299/98
f 2874/4299/98 2877/4302/98 2876/4301/98
f 2876/4301/98 2877/4302/98 2878/4303/98
f 2878/4303/98 2879/4304/98 2876/4301/98
f 2879/4304/98 2878/4303/98 2880/4305/98
f 2880/4305/98 2881/4306/98 2879/4304/98
f 2881/4306/98 2880/4305/98 2882/4307/98
f 2882/4307/98 2883/4308/98 2881/4306/98
f 2883/4308/98 2882/4307/98 2884/4309/98
f 2884/4309/98 2885/4310/98 2883/4308/98
f 2885/4310/98 2884/4309/98 2886/4311/98
f 2886/4311/98 2887/4312/98 2885/4310/98
f 2887/4312/98 2886/4311/98 2888/4313/98
f 2888/4313/98 2889/4314/98 2887/4312/98
f 2889/4314/98 2888/4313/98 2890/4315/98
f 2890/4315/98 2891/4316/98 2889/4314/98
f 2892/4317/52 2893/4318/52 2894/4319/52
f 2894/4319/52 2895/4320/52 2892/4317/52
f 2895/4320/52 2894/4319/52 2896/4321/52
f 2896/4321/52 2897/4322/52 2895/4320/52
f 2897/4322/52 2896/4321/52 2898/4323/52
f 2898/4323/52 2899/4324/52 2897/4322/52
f 2899/4324/52 2898/4323/52 2900/4325/52
f 2900/4325/52 2901/4326/52 2899/4324/52
f 2901/4326/52 2900/4325/52 2902/4327/52
f 2902/4327/52 2903/4328/52 2901/4326/52
f 2903/4328/52 2902/4327/52 2904/4329/52
f 2904/4329/52 2905/4330/52 2903/4328/52
f 2906/4331/52 2905/4330/52 2904/4329/52
f 2904/4329/52 2907/4332/52 2906/4331/52
f 2906/4331/52 2907/4332/52 2908/4333/52
f 2908/4333/52 2909/4334/52 2906/4331/52
f 2909/4334/52 2908/4333/52 2910/4335/52
f 2910/4335/52 2911/4336/52 2909/4334/52
f 2911/4336/52 2910/4335/52 2912/4337/52
f 2912/4337/52 2913/4338/52 2911/4336/52
f 2913/4338/52 2912/4337/52 2914/4339/52
f 2914/4339/52 2915/4340/52 2913/4338/52
f 2916/4341/52 2917/4342/52 2918/4343/52
f 2918/4343/52 2919/4344/52 2916/4341/52
f 2919/4344/52 2918/4343/52 2920/4345/52
f 2920/4345/52 2921/4346/52 2919/4344/52
f 2921/4346/52 2920/4345/52 2922/4347/52
f 2922/4347/52 2923/4348/52 2921/4346/52
f 2923/4348/52 2922/4347/52 2924/4349/52
f 2924/4349/52 2925/4350/52 2923/4348/52
f 2925/4350/52 2924/4349/52 2926/4351/52
f 2926/4351/52 2927/4352/52 2925/4350/52
f 2928/4353/52 2927/4352/52 2926/4351/52
f 2926/4351/52 2929/4354/52 2928/4353/52
f 2928/4353/52 2929/4354/52 2930/4355/52
f 2930/4355/52 2931/4356/52 2928/4353/52
f 2931/4356/52 2930/4355/52 2932/4357/52
f 2932/4357/52 2933/4358/52 2931/4356/52
f 2933/4358/52 2932/4357/52 2934/4359/52
f 2934/4359/52 2935/4360/52 2933/4358/52
f 2214/3105/535 2213/3104/535 2936/4361/1714
f 2936/4361/1714 2937/4362/1714 2214/3105/535
f 2937/4362/1714 2936/4361/1714 2938/4363/1452
f 2938/4363/1452 2939/4364/1452 2937/4362/1714
f 2939/4364/1452 2938/4363/1452 2940/4365/1715
f 2940/4365/1715 2941/4366/1715 2939/4364/1452
f 2941/4366/1715 2940/4365/1715 2942/4367/1716
f 2942/4367/1716 2943/4368/1717 2941/4366/1715
f 2943/4368/1717 2942/4367/1716 2944/4369/1718
f 2944/4369/1718 2945/4370/1719 2943/4368/1717
f 2945/4370/1719 2944/4369/1718 2218/3109/1076
f 2218/3109/1076 2217/3108/1076 2945/4370/1719
f 2212/3103/98 2220/4371/98 2946/4372/98
f 2946/4372/98 2213/3104/98 2212/3103/98
f 2213/3104/98 2946/4372/98 2947/4373/98
f 2947/4373/98 2936/4361/98 2213/3104/98
f 2936/4361/98 2947/4373/98 2948/4374/98
f 2948/4374/98 2938/4363/98 2936/4361/98
f 2938/4363/98 2948/4374/98 2949/4375/98
f 2949/4375/98 2940/4365/98 2938/4363/98
f 2940/4365/98 2949/4375/98 2950/4376/98
f 2950/4376/98 2942/4367/98 2940/4365/98
f 2942/4367/98 2950/4376/98 2951/4377/98
f 2951/4377/98 2944/4369/98 2942/4367/98
f 2944/4369/98 2951/4377/98 2952/4378/98
f 2952/4378/98 2218/3109/98 2944/4369/98
f 2218/3109/98 2952/4378/98 2223/4379/98
f 2223/4379/98 2219/3110/98 2218/3109/98
f 2221/4380/52 2215/3106/52 2214/3105/52
f 2214/3105/52 2953/4381/52 2221/4380/52
f 2953/4381/52 2214/3105/52 2937/4362/52
f 2937/4362/52 2954/4382/52 2953/4381/52
f 2954/4382/52 2937/4362/52 2939/4364/52
f 2939/4364/52 2955/4383/52 2954/4382/52
f 2955/4383/52 2939/4364/52 2941/4366/52
f 2941/4366/52 2956/4384/52 2955/4383/52
f 2956/4384/52 2941/4366/52 2943/4368/52
f 2943/4368/52 2957/4385/52 2956/4384/52
f 2957/4385/52 2943/4368/52 2945/4370/52
f 2945/4370/52 2958/4386/52 2957/4385/52
f 2958/4386/52 2945/4370/52 2217/3108/52
f 2217/3108/52 2959/4387/52 2958/4386/52
f 2959/4387/52 2217/3108/52 2216/3107/52
f 2216/3107/52 2222/4388/52 2959/4387/52
f 1547/1998/1720 2960/4389/1720 2961/4390/1721
f 2961/4390/1721 1545/1996/1017 1547/1998/1720
f 1545/1996/1017 2961/4390/1721 2962/4391/1722
f 2962/4391/1722 1542/1993/1723 1545/1996/1017
f 1543/1994/1724 1542/1993/1723 2962/4391/1722
f 2962/4391/1722 2963/4392/1725 1543/1994/1724
f 1547/2000/1720 1543/1994/1724 2963/4392/1725
f 2963/4392/1725 2960/4393/1720 1547/2000/1720
f 2964/4394/1726 2965/4395/1726 2966/4396/1727
f 2966/4396/1727 2967/4397/1727 2964/4394/1726
f 2967/4397/1727 2966/4396/1727 2968/4398/1728
f 2968/4398/1728 2969/4399/1728 2967/4397/1727
f 2969/4399/1728 2968/4398/1728 2970/4400/1729
f 2970/4400/1729 2971/4401/1730 2969/4399/1728
f 2972/4402/1730 2973/4403/1730 2974/4404/1728
f 2974/4404/1728 2975/4405/1731 2972/4402/1730
f 2975/4405/1731 2974/4404/1728 2976/4406/1727
f 2976/4406/1727 2977/4407/1727 2975/4405/1731
f 2977/4407/1727 2976/4406/1727 2978/4408/1726
f 2978/4408/1726 2979/4409/1726 2977/4407/1727
f 2975/4410/19 2977/4411/19 2979/4412/19
f 2979/4412/19 2972/4413/19 2975/4410/19
f 2972/4413/19 2979/4412/19 2980/4414/1732
f 2980/4414/1732 2981/4415/1733 2972/4413/19
f 2982/4416/1667 2981/4415/1733 2980/4414/1732
f 2980/4414/1732 2983/4417/1667 2982/4416/1667
f 2976/4406/14 2974/4404/14 2973/4403/14
f 2973/4403/14 2978/4408/14 2976/4406/14
f 2978/4408/14 2973/4403/14 2984/4418/1734
f 2984/4418/1734 2985/4419/1735 2978/4408/14
f 2986/4420/1681 2985/4419/1735 2984/4418/1734
f 2984/4418/1734 2987/4421/1681 2986/4420/1681
f 2988/4422/19 2989/4423/19 2990/4424/19
f 2990/4424/19 2991/4425/19 2988/4422/19
f 2991/4425/19 2990/4424/19 2992/4426/1736
f 2992/4426/1736 2993/4427/1737 2991/4425/19
f 2994/4428/1738 2993/4427/1737 2992/4426/1736
f 2992/4426/1736 2995/4429/1738 2994/4428/1738
f 2996/4430/1739 2994/4428/1738 2995/4429/1738
f 2995/4429/1738 2997/4431/1739 2996/4430/1739
f 2998/4432/1740 2996/4430/1739 2997/4431/1739
f 2997/4431/1739 2999/4433/1740 2998/4432/1740
f 3000/4434/1741 2998/4432/1740 2999/4433/1740
f 2999/4433/1740 3001/4435/1741 3000/4434/1741
f 3002/4436/1742 3000/4434/1741 3001/4435/1741
f 3001/4435/1741 3003/4437/1742 3002/4436/1742
f 3002/4436/1742 3003/4437/1742 3004/4438/14
f 3004/4438/14 3005/4439/14 3002/4436/1742
f 3006/4440/14 3005/4439/14 3004/4438/14
f 3004/4438/14 3007/4441/14 3006/4440/14
f 3008/4442/14 3009/4443/14 3010/4444/14
f 3010/4444/14 3011/4445/14 3008/4442/14
f 3011/4445/14 3010/4444/14 3012/4446/1743
f 3012/4446/1743 3013/4447/1744 3011/4445/14
f 3014/4448/1745 3013/4447/1744 3012/4446/1743
f 3012/4446/1743 3015/4449/1745 3014/4448/1745
f 3016/4450/1746 3014/4448/1745 3015/4449/1745
f 3015/4449/1745 3017/4451/1747 3016/4450/1746
f 3018/4452/1748 3016/4450/1746 3017/4451/1747
f 3017/4451/1747 3019/4453/1749 3018/4452/1748
f 3020/4454/1750 3018/4452/1748 3019/4453/1749
f 3019/4453/1749 3021/4455/1750 3020/4454/1750
f 3022/4456/1751 3020/4454/1750 3021/4455/1750
f 3021/4455/1750 3023/4457/1752 3022/4456/1751
f 3022/4456/1751 3023/4457/1752 3024/4458/19
f 3024/4458/19 3025/4459/19 3022/4456/1751
f 3026/4460/19 3025/4459/19 3024/4458/19
f 3024/4458/19 3027/4461/19 3026/4460/19
f 3028/4462/1753 3029/4463/1753 3030/4464/1754
f 3030/4464/1754 3031/4465/1755 3028/4462/1753
f 3031/4465/1755 3030/4464/1754 3032/4466/1756
f 3032/4466/1756 3033/4467/1757 3031/4465/1755
f 3033/4467/1757 3032/4466/1756 3034/4468/1095
f 3034/4468/1095 3035/4469/1095 3033/4467/1757
f 3035/4469/1095 3034/4468/1095 3036/4470/1094
f 3036/4470/1094 3037/4471/1094 3035/4469/1095
f 3037/4471/1094 3036/4470/1094 3038/4472/1092
f 3038/4472/1092 3039/4473/1758 3037/4471/1094
f 3039/4473/1758 3038/4472/1092 3029/4474/1753
f 3029/4474/1753 3028/4475/1753 3039/4473/1758
f 2243/4476/19 2242/4477/19 2245/4478/19
f 2245/4478/19 2251/4479/19 2243/4476/19
f 2251/4479/19 2245/4478/19 2247/4480/19
f 2247/4480/19 2249/4481/19 2251/4479/19
f 3040/4482/1753 3041/4483/1753 3042/4484/1754
f 3042/4484/1754 3043/4485/1755 3040/4482/1753
f 3043/4485/1755 3042/4484/1754 3044/4486/1756
f 3044/4486/1756 3045/4487/1757 3043/4485/1755
f 3045/4487/1757 3044/4486/1756 3046/4488/1095
f 3046/4488/1095 3047/4489/1095 3045/4487/1757
f 3047/4489/1095 3046/4488/1095 3048/4490/1759
f 3048/4490/1759 3049/4491/1759 3047/4489/1095
f 3049/4491/1759 3048/4490/1759 3050/4492/1758
f 3050/4492/1758 3051/4493/1092 3049/4491/1759
f 3051/4493/1092 3050/4492/1758 3041/4494/1753
f 3041/4494/1753 3040/4495/1753 3051/4493/1092
f 3052/4496/1756 3053/4497/1756 3054/4498/1095
f 3054/4498/1095 3055/4499/1095 3052/4496/1756
f 3055/4499/1095 3054/4498/1095 3056/4500/1759
f 3056/4500/1759 3057/4501/1094 3055/4499/1095
f 3057/4501/1094 3056/4500/1759 3058/4502/1758
f 3058/4502/1758 3059/4503/1758 3057/4501/1094
f 3059/4503/1758 3058/4502/1758 3060/4504/1753
f 3060/4504/1753 3061/4505/1753 3059/4503/1758
f 3061/4505/1753 3060/4504/1753 3062/4506/1754
f 3062/4506/1754 3063/4507/1754 3061/4505/1753
f 3063/4507/1754 3062/4506/1754 3053/4508/1756
f 3053/4508/1756 3052/4509/1756 3063/4507/1754
f 1814/4510/1760 3064/4511/1760 3065/4512/1575
f 3065/4512/1575 1813/4513/1575 1814/4510/1760
f 1813/4513/1575 3065/4512/1575 3066/4514/1761
f 3066/4514/1761 1811/4515/1761 1813/4513/1575
f 1811/4515/1761 3066/4514/1761 3067/4516/1762
f 3067/4516/1762 1810/4517/1762 1811/4515/1761
f 1810/4517/1762 3067/4516/1762 3068/4518/1763
f 3068/4518/1763 1809/4519/1763 1810/4517/1762
f 1809/4519/1763 3068/4518/1763 3069/4520/1764
f 3069/4520/1764 1567/4521/1764 1809/4519/1763
f 1567/4521/1764 3069/4520/1764 3070/4522/1765
f 3070/4522/1765 1818/4523/1765 1567/4521/1764
f 1818/4523/1765 3070/4522/1765 3071/4524/1667
f 3071/4524/1667 1821/4525/1667 1818/4523/1765
f 1821/4525/1667 3071/4524/1667 3072/4526/19
f 3072/4526/19 1822/4527/19 1821/4525/1667
f 1822/4527/19 3072/4526/19 3073/4528/1766
f 3073/4528/1766 1820/4529/1766 1822/4527/19
f 1820/4529/1766 3073/4528/1766 3074/4530/1228
f 3074/4530/1228 1819/4531/1228 1820/4529/1766
f 1819/4531/1228 3074/4530/1228 3075/4532/1767
f 3075/4532/1767 1817/4533/1767 1819/4531/1228
f 1817/4533/1767 3075/4532/1767 3076/4534/1768
f 3076/4534/1768 1826/4535/1769 1817/4533/1767
f 1826/4535/1769 3076/4534/1768 3077/4536/1770
f 3077/4536/1770 1830/4537/1770 1826/4535/1769
f 1830/4537/1770 3077/4536/1770 3078/4538/1771
f 3078/4538/1771 1831/4539/1771 1830/4537/1770
f 1831/4539/1771 3078/4538/1771 3079/4540/1772
f 3079/4540/1772 1829/4541/1772 1831/4539/1771
f 1829/4541/1772 3079/4540/1772 3080/4542/1773
f 3080/4542/1773 1827/4543/1773 1829/4541/1772
f 3081/4544/1774 3082/4545/1773 3083/4546/14
f 3084/4547/1760 3081/4544/1774 3083/4546/14
f 3083/4546/14 3085/4548/14 3084/4547/1760
f 3085/4548/14 3086/4549/1760 3084/4547/1760
f 1824/4550/1518 3087/4551/1518 3088/4552/1529
f 3088/4552/1529 1823/4553/1529 1824/4550/1518
f 1823/4553/1529 3088/4552/1529 3089/4554/1120
f 3089/4554/1120 1825/4555/1120 1823/4553/1529
f 1825/4555/1120 3089/4554/1120 3090/4556/1508
f 3090/4556/1508 1828/4557/1508 1825/4555/1120
f 1824/4558/1518 1828/4557/1508 3090/4556/1508
f 3090/4556/1508 3087/4559/1518 1824/4558/1518
f 1569/4560/1518 3091/4561/1518 3092/4562/1529
f 3092/4562/1529 1812/4563/1529 1569/4560/1518
f 1812/4563/1529 3092/4562/1529 3093/4564/1120
f 3093/4564/1120 1815/4565/1120 1812/4563/1529
f 1815/4565/1120 3093/4564/1120 3094/4566/1508
f 3094/4566/1508 1568/4567/1508 1815/4565/1120
f 1569/4568/1518 1568/4567/1508 3094/4566/1508
f 3094/4566/1508 3091/4569/1518 1569/4568/1518
f 3095/4570/52 3096/4571/52 3097/4572/52
f 3097/4572/52 3098/4573/52 3095/4570/52
f 3098/4573/52 3097/4572/52 3099/4574/52
f 3099/4574/52 3100/4575/52 3098/4573/52
f 3100/4575/52 3099/4574/52 3101/4576/52
f 3101/4576/52 3102/4577/52 3100/4575/52
f 3102/4577/52 3101/4576/52 3103/4578/52
f 3103/4578/52 3104/4579/52 3102/4577/52
f 3104/4579/52 3103/4578/52 3105/4580/52
f 3105/4580/52 3106/4581/52 3104/4579/52
f 3106/4581/52 3105/4580/52 3107/4582/52
f 3107/4582/52 3108/4583/52 3106/4581/52
f 3108/4583/52 3107/4582/52 3109/4584/52
f 3109/4584/52 3110/4585/52 3108/4583/52
f 3111/4586/98 3112/4587/98 3113/4588/98
f 3113/4588/98 3114/4589/98 3111/4586/98
f 3114/4589/98 3113/4588/98 3115/4590/98
f 3115/4590/98 3116/4591/98 3114/4589/98
f 3116/4591/98 3115/4590/98 3117/4592/98
f 3117/4592/98 3118/4593/98 3116/4591/98
f 3118/4593/98 3117/4592/98 3119/4594/98
f 3119/4594/98 3120/4595/98 3118/4593/98
f 3120/4595/98 3119/4594/98 3121/4596/98
f 3121/4596/98 3122/4597/98 3120/4595/98
f 3122/4597/98 3121/4596/98 3123/4598/98
f 3123/4598/98 3124/4599/98 3122/4597/98
f 3124/4599/98 3123/4598/98 3125/4600/98
f 3125/4600/98 3126/4601/98 3124/4599/98
f 3099/4602/1068 3116/4603/1068 3118/4593/1775
f 3118/4593/1775 3101/4604/1776 3099/4602/1068
f 3101/4604/1776 3118/4593/1775 3120/4595/1777
f 3120/4595/1777 3103/4605/1777 3101/4604/1776
f 3103/4605/1777 3120/4595/1777 3122/4606/1778
f 3122/4606/1778 3105/4607/1778 3103/4605/1777
f 3115/4590/1672 3100/4575/1672 3102/4577/1779
f 3102/4577/1779 3117/4592/1780 3115/4590/1672
f 3117/4592/1780 3102/4577/1779 3104/4579/1781
f 3104/4579/1781 3119/4594/1781 3117/4592/1780
f 3119/4594/1781 3104/4579/1781 3106/4581/1782
f 3106/4581/1782 3121/4596/1782 3119/4594/1781
f 3127/4608/1783 3128/4609/1783 3129/4610/1784
f 3129/4610/1784 3130/4611/1784 3127/4608/1783
f 3130/4611/1784 3129/4610/1784 3131/4612/1785
f 3131/4612/1785 3132/4613/1785 3130/4611/1784
f 3132/4613/1785 3131/4612/1785 3133/4614/965
f 3133/4614/965 3134/4615/965 3132/4613/1785
f 3134/4615/965 3133/4614/965 3135/4616/1786
f 3135/4616/1786 3136/4617/1786 3134/4615/965
f 3136/4617/1786 3135/4616/1786 3137/4618/1787
f 3137/4618/1787 3138/4619/1788 3136/4617/1786
f 3138/4619/1788 3137/4618/1787 3128/4620/1783
f 3128/4620/1783 3127/4621/1783 3138/4619/1788
f 3139/4622/1789 3140/4623/1012 3141/4624/1790
f 3141/4624/1790 3142/4625/1791 3139/4622/1789
f 3142/4625/1791 3141/4624/1790 3143/4626/285
f 3143/4626/285 3144/4627/1792 3142/4625/1791
f 3144/4627/1792 3143/4626/285 3145/4628/1793
f 3145/4628/1793 3146/4629/1794 3144/4627/1792
f 3146/4629/1794 3145/4628/1793 3147/4630/1795
f 3147/4630/1795 3148/4631/1796 3146/4629/1794
f 3148/4631/1796 3147/4630/1795 3149/4632/1797
f 3149/4632/1797 3150/4633/1798 3148/4631/1796
f 3150/4633/1798 3149/4632/1797 3140/4634/1012
f 3140/4634/1012 3139/4635/1789 3150/4633/1798
f 2300/3205/104 3151/4636/104 2301/3206/104
f 2301/3206/104 3151/4636/104 2305/3210/104
f 2305/3210/104 2304/4637/104 2301/3206/104
f 1596/4638/1799 1603/4639/1800 1602/4640/1801
f 1602/4640/1801 1597/4641/1802 1596/4638/1799
f 1597/4641/1802 1602/4640/1801 1599/4642/1803
f 1599/4642/1803 1592/4643/1804 1597/4641/1802
f 1593/4644/1805 1592/4643/1804 1599/4642/1803
f 1599/4642/1803 1598/4645/1806 1593/4644/1805
f 1593/4644/1805 1598/4645/1806 1603/4646/1800
f 1603/4646/1800 1596/4647/1799 1593/4644/1805
f 2323/3229/98 2322/3228/98 3152/4648/98
f 3152/4648/98 3153/4649/98 2323/3229/98
f 3153/4649/98 3152/4648/98 3154/4650/98
f 3154/4650/98 3155/4651/98 3153/4649/98
f 3155/4651/98 3154/4650/98 3156/4652/98
f 3156/4652/98 3157/4653/98 3155/4651/98
f 3158/4654/98 3157/4653/98 3156/4652/98
f 3156/4652/98 3159/4655/98 3158/4654/98
f 3160/4656/98 3158/4654/98 3159/4655/98
f 3159/4655/98 3161/4657/98 3160/4656/98
f 2314/3220/98 3160/4656/98 3161/4657/98
f 3161/4657/98 2315/3221/98 2314/3220/98
f 2319/3225/52 2318/3224/52 3162/4658/52
f 3162/4658/52 3163/4659/52 2319/3225/52
f 3163/4659/52 3162/4658/52 3164/4660/52
f 3164/4660/52 3165/4661/52 3163/4659/52
f 3165/4661/52 3164/4660/52 3166/4662/52
f 3166/4662/52 3167/4663/52 3165/4661/52
f 3168/4664/52 3167/4663/52 3166/4662/52
f 3166/4662/52 3169/4665/52 3168/4664/52
f 3170/4666/52 3168/4664/52 3169/4665/52
f 3169/4665/52 3171/4667/52 3170/4666/52
f 2320/3226/52 3170/4666/52 3171/4667/52
f 3171/4667/52 2321/3227/52 2320/3226/52
f 2308/3214/98 2311/4668/98 3172/4669/98
f 3172/4669/98 3173/4670/98 2308/3214/98
f 3173/4670/98 3172/4669/98 3174/4671/98
f 3174/4671/98 3175/4672/98 3173/4670/98
f 3176/4673/98 3175/4672/98 3174/4671/98
f 3174/4671/98 3177/4674/98 3176/4673/98
f 3178/4675/98 3176/4673/98 3177/4674/98
f 3177/4674/98 3179/4676/98 3178/4675/98
f 3180/4677/98 3178/4675/98 3179/4676/98
f 3179/4676/98 3181/4678/98 3180/4677/98
f 3182/4679/98 3180/4677/98 3181/4678/98
f 3181/4678/98 3183/4680/98 3182/4679/98
f 3184/4681/98 3182/4679/98 3183/4680/98
f 3183/4680/98 3185/4682/98 3184/4681/98
f 2316/3222/98 3184/4681/98 3185/4682/98
f 3185/4682/98 2317/3223/98 2316/3222/98
f 2329/4683/1541 2328/4684/1541 3186/4685/946
f 3186/4685/946 3187/4686/946 2329/4683/1541
f 3187/4686/946 3186/4685/946 3188/4687/1807
f 3188/4687/1807 3189/4688/1807 3187/4686/946
f 3189/4689/1807 3188/4690/1807 3190/4691/1808
f 3190/4691/1808 3191/4692/1808 3189/4689/1807
f 3191/4692/1808 3190/4691/1808 3192/4693/1809
f 3192/4693/1809 3193/4694/1809 3191/4692/1808
f 3193/4694/1809 3192/4693/1809 3194/4695/1531
f 3194/4695/1531 3195/4696/1531 3193/4694/1809
f 3195/4696/1531 3194/4695/1531 3196/4697/1125
f 3196/4697/1125 3197/4698/1125 3195/4696/1531
f 3197/4698/1125 3196/4697/1125 3198/4699/1810
f 3198/4699/1810 3199/4700/1811 3197/4698/1125
f 3199/4700/1811 3198/4699/1810 3200/4701/104
f 3200/4701/104 3201/4702/104 3199/4700/1811
f 3201/4702/104 3200/4701/104 3202/4703/1812
f 3202/4703/1812 3203/4704/1812 3201/4702/104
f 3203/4704/1812 3202/4703/1812 3204/4705/1302
f 3204/4705/1302 3205/4706/1302 3203/4704/1812
f 3205/4706/1302 3204/4705/1302 2325/4707/1813
f 2325/4707/1813 2324/4708/1132 3205/4706/1302
f 2365/3280/98 2364/4709/738 1629/4710/98
f 2368/3276/98 2365/3280/98 1629/4710/98
f 1629/4710/98 1631/4711/98 2368/3276/98
f 1631/4711/98 2369/3277/1814 2368/3276/98
f 3206/4712/1815 1668/4713/1816 1667/4714/1817
f 1667/4714/1817 3207/4715/1818 3206/4712/1815
f 3207/4715/1818 1667/4714/1817 1680/4716/1819
f 1680/4716/1819 3208/4717/1820 3207/4715/1818
f 3208/4717/1820 1680/4716/1819 3209/4718/1821
f 3209/4718/1821 3210/4719/1822 3208/4717/1820
f 3210/4719/1822 3209/4718/1821 1677/4720/1823
f 1677/4720/1823 3211/4721/1824 3210/4719/1822
f 3211/4721/1824 1677/4720/1823 1674/4722/1825
f 1674/4722/1825 3212/4723/1826 3211/4721/1824
f 3212/4723/1826 1674/4722/1825 1673/4724/1827
f 1673/4724/1827 3213/4725/1828 3212/4723/1826
f 3213/4725/1828 1673/4724/1827 1671/4726/1829
f 1671/4726/1829 3214/4727/1830 3213/4725/1828
f 3214/4727/1830 1671/4726/1829 1668/4728/1816
f 1668/4728/1816 3206/4729/1815 3214/4727/1830
f 1679/4730/1831 1688/4731/1832 1690/4732/1833
f 1690/4732/1833 1678/4733/1834 1679/4730/1831
f 1678/4733/1834 1690/4732/1833 1689/4734/1835
f 1689/4734/1835 1675/4735/1611 1678/4733/1834
f 1675/4735/1611 1689/4734/1835 1694/4736/1836
f 1694/4736/1836 1676/4737/1836 1675/4735/1611
f 1676/4737/1836 1694/4736/1836 1696/4738/1837
f 1696/4738/1837 1672/4739/1838 1676/4737/1836
f 1672/4739/1838 1696/4738/1837 1684/4740/1839
f 1684/4740/1839 1669/4741/1839 1672/4739/1838
f 1669/4741/1839 1684/4740/1839 1683/4742/916
f 1683/4742/916 1670/4743/1840 1669/4741/1839
f 1670/4743/1840 1683/4742/916 1685/4744/1841
f 1685/4744/1841 3215/4745/1841 1670/4743/1840
f 3215/4745/1841 1685/4744/1841 1688/4746/1832
f 1688/4746/1832 1679/4747/1831 3215/4745/1841
f 3216/4748/98 3217/4749/98 3218/4750/98
f 3219/4751/98 3216/4748/98 3218/4750/98
f 3218/4750/98 3220/4752/98 3219/4751/98
f 3219/4751/98 3220/4752/98 3221/4753/98
f 3222/4754/98 3219/4751/98 3221/4753/98
f 3221/4753/98 3223/4755/98 3222/4754/98
f 3222/4754/98 3223/4755/98 3224/4756/98
f 1710/2169/98 1709/2168/98 3225/4757/98
f 3225/4757/98 3226/4758/98 1710/2169/98
f 3226/4758/98 3225/4757/98 3227/4759/98
f 3227/4759/98 3228/4760/98 3226/4758/98
f 3228/4760/98 3227/4759/98 3229/4761/98
f 3229/4761/98 3230/4762/98 3228/4760/98
f 28/4763/19 27/27/19 1960/3479/19
f 1960/3479/19 1/1/19 28/4763/19
f 31/4764/1118 28/4763/19 1/1/19
f 1/1/19 4/4/1842 31/4764/1118
f 31/4764/1118 4/4/1842 8/8/1843
f 8/8/1843 7/7/1844 31/4764/1118
f 57/4765/1336 59/4766/153 34/34/153
f 34/34/153 33/33/1336 57/4765/1336
f 55/4767/1845 57/4765/1336 33/33/1336
f 33/33/1336 37/37/1337 55/4767/1845
f 53/4768/1846 55/4767/1845 37/37/1337
f 37/37/1337 39/39/1338 53/4768/1846
f 51/4769/1340 53/4768/1846 39/39/1338
f 39/39/1338 41/41/1340 51/4769/1340
f 48/4770/1342 51/4769/1340 41/41/1340
f 41/41/1340 43/43/1847 48/4770/1342
f 49/4771/956 48/4770/1342 43/43/1847
f 43/43/1847 45/45/956 49/4771/956
f 73/4772/1848 49/4771/956 45/45/956
f 45/45/956 61/381/596 73/4772/1848
f 3231/4773/1849 271/4774/1302 26/75/1850
f 26/75/1850 74/74/1347 3231/4773/1849
f 3232/4775/882 3231/4773/1849 74/74/1347
f 74/74/1347 3233/4776/882 3232/4775/882
f 3234/4777/1349 3232/4775/882 3233/4776/882
f 3233/4776/882 3235/4778/1851 3234/4777/1349
f 3236/4779/1350 3234/4777/1349 3235/4778/1851
f 3235/4778/1851 3237/4780/1350 3236/4779/1350
f 3238/4781/1352 3236/4779/1350 3237/4780/1350
f 3237/4780/1350 3239/4782/1352 3238/4781/1352
f 83/4783/910 3238/4781/1352 3239/4782/1352
f 3239/4782/1352 58/4784/910 83/4783/910
f 2380/3311/52 30/3310/24 6/78/23
f 6/78/23 75/77/52 2380/3311/52
f 2382/3313/52 2380/3311/52 75/77/52
f 75/77/52 1840/2321/52 2382/3313/52
f 2384/3315/52 2382/3313/52 1840/2321/52
f 1840/2321/52 1838/2319/52 2384/3315/52
f 2386/3317/52 2384/3315/52 1838/2319/52
f 1838/2319/52 1836/2317/52 2386/3317/52
f 2388/3319/52 2386/3317/52 1836/2317/52
f 1836/2317/52 1834/2314/52 2388/3319/52
f 34/3321/28 2388/3319/52 1834/2314/52
f 1834/2314/52 35/2313/29 34/3321/28
f 2389/3320/98 59/3322/48 58/4784/47
f 58/4784/47 3239/4782/98 2389/3320/98
f 2387/3318/98 2389/3320/98 3239/4782/98
f 3239/4782/98 3237/4780/98 2387/3318/98
f 2385/3316/98 2387/3318/98 3237/4780/98
f 3237/4780/98 3235/4778/98 2385/3316/98
f 2383/3314/98 2385/3316/98 3235/4778/98
f 3235/4778/98 3233/4776/98 2383/3314/98
f 2381/3312/98 2383/3314/98 3233/4776/98
f 3233/4776/98 74/74/98 2381/3312/98
f 29/76/98 2381/3312/98 74/74/98
f 3240/4785/1852 137/165/1853 135/164/1854
f 135/164/1854 3241/4786/1855 3240/4785/1852
f 2505/4787/1359 3240/4785/1852 3241/4786/1855
f 3241/4786/1855 2715/4788/1564 2505/4787/1359
f 411/4789/1358 2505/4787/1359 2715/4788/1564
f 2715/4788/1564 126/4790/1563 411/4789/1358
f 411/4789/1358 126/4790/1563 122/144/162
f 122/144/162 125/147/14 411/4789/1358
f 233/4791/1856 1931/4792/963 230/281/963
f 230/281/963 229/280/1857 233/4791/1856
f 227/4793/972 233/4791/1856 229/280/1857
f 229/280/1857 234/285/973 227/4793/972
f 2461/3440/1858 1930/3439/976 235/286/976
f 235/286/976 232/283/1859 2461/3440/1858
f 2462/3441/1860 2461/3440/1858 232/283/1859
f 232/283/1859 231/282/1861 2462/3441/1860
f 1926/3442/961 2462/3441/1860 231/282/1861
f 231/282/1861 237/289/962 1926/3442/961
f 1964/4794/1862 297/387/1552 278/355/1552
f 278/355/1552 288/4795/1554 1964/4794/1862
f 1963/4796/1863 1964/4794/1862 288/4795/1554
f 288/4795/1554 287/4797/1556 1963/4796/1863
f 1962/4798/1135 1963/4796/1863 287/4797/1556
f 287/4797/1556 286/4799/1557 1962/4798/1135
f 1961/4800/1558 1962/4798/1135 286/4799/1557
f 286/4799/1557 285/4801/1559 1961/4800/1558
f 1959/4802/1560 1961/4800/1558 285/4801/1559
f 285/4801/1559 284/4803/1864 1959/4802/1560
f 1958/4804/1562 1959/4802/1560 284/4803/1864
f 284/4803/1864 282/4805/1561 1958/4804/1562
f 1956/4806/1066 1958/4804/1562 282/4805/1561
f 282/4805/1561 281/4807/1066 1956/4806/1066
f 3238/4808/98 83/4809/98 79/82/98
f 78/81/98 3238/4808/98 79/82/98
f 78/81/98 3236/4810/98 3238/4808/98
f 78/81/98 3234/4811/98 3236/4810/98
f 78/81/98 3232/4812/98 3234/4811/98
f 3231/4813/240 3232/4812/98 78/81/98
f 78/81/98 271/4814/240 3231/4813/240
f 2476/4815/19 2478/4816/19 2477/4817/19
f 2478/4816/19 2476/4815/19 2475/4818/19
f 2475/4818/19 2479/4819/19 2478/4816/19
f 2479/4819/19 2475/4818/19 2474/4820/19
f 2474/4820/19 2480/4821/19 2479/4819/19
f 2480/4821/19 2474/4820/19 2473/4822/19
f 2473/4822/19 2481/4823/19 2480/4821/19
f 2481/4823/19 2473/4822/19 2472/4824/19
f 2472/4824/19 2482/4825/19 2481/4823/19
f 2472/4824/19 577/4826/19 446/4827/1117
f 446/4827/1117 449/582/1117 2472/4824/19
f 2482/4825/19 2472/4824/19 449/582/1117
f 449/582/1117 182/223/878 2482/4825/19
f 2482/4825/19 182/223/878 179/4828/878
f 179/4828/878 301/4829/19 2482/4825/19
f 3242/4830/1865 2471/3481/1866 2470/3480/1867
f 2470/3480/1867 2700/4831/1868 3242/4830/1865
f 3243/4832/1869 3242/4830/1865 2700/4831/1868
f 2700/4831/1868 2699/4833/1870 3243/4832/1869
f 3244/4834/1871 3243/4832/1869 2699/4833/1870
f 2699/4833/1870 3245/4835/1872 3244/4834/1871
f 2493/3524/1873 326/3523/1167 322/460/1874
f 322/460/1874 2502/3535/1875 2493/3524/1873
f 2494/3525/1876 2493/3524/1873 2502/3535/1875
f 2502/3535/1875 2501/3534/882 2494/3525/1876
f 2495/3526/1877 2494/3525/1876 2501/3534/882
f 2501/3534/882 2500/3533/1171 2495/3526/1877
f 2496/3527/1172 2495/3526/1877 2500/3533/1171
f 2500/3533/1171 2499/3532/1172 2496/3527/1172
f 2497/3528/1173 2496/3527/1172 2499/3532/1172
f 2499/3532/1172 2498/3531/1173 2497/3528/1173
f 329/3529/1174 2497/3528/1173 2498/3531/1173
f 2498/3531/1173 353/3530/1174 329/3529/1174
f 415/533/1878 423/545/1879 421/543/1879
f 421/543/1879 420/542/1880 415/533/1878
f 416/534/298 415/533/1878 420/542/1880
f 420/542/1880 418/540/1048 416/534/298
f 416/534/298 418/540/1048 140/539/925
f 140/539/925 138/536/925 416/534/298
f 384/4836/1881 383/4837/1219 2407/4838/1219
f 2407/4838/1219 2409/4839/1221 384/4836/1881
f 384/4836/1881 2409/4839/1221 3246/4840/1882
f 3246/4840/1882 2409/4839/1221 460/4841/1223
f 460/4841/1223 459/4842/1883 3246/4840/1882
f 3247/4843/1226 3246/4840/1882 459/4842/1883
f 459/4842/1883 570/4844/1226 3247/4843/1226
f 3247/4843/1226 570/4844/1226 388/4845/1227
f 388/4845/1227 387/4846/1132 3247/4843/1226
f 3248/4847/1269 3249/4848/1884 3250/4849/1885
f 3250/4849/1885 3251/4850/1268 3248/4847/1269
f 3252/4851/1271 3248/4847/1269 3251/4850/1268
f 3251/4850/1268 3253/4852/1270 3252/4851/1271
f 3254/4853/1273 3252/4851/1271 3253/4852/1270
f 3253/4852/1270 3255/4854/1886 3254/4853/1273
f 3254/4853/1273 3255/4854/1886 3256/4855/1275
f 3256/4855/1275 3257/4856/1274 3254/4853/1273
f 3257/4856/1274 3256/4855/1275 3258/4857/1887
f 3258/4857/1887 3259/4858/1888 3257/4856/1274
f 3254/4859/1273 3257/4860/1274 3259/4858/1888
f 3259/4858/1888 3260/4861/1889 3254/4859/1273
f 3252/4862/1271 3254/4859/1273 3260/4861/1889
f 3260/4861/1889 3261/4863/1890 3252/4862/1271
f 3248/4864/1269 3252/4862/1271 3261/4863/1890
f 3262/4865/1891 3260/4861/1889 3259/4858/1888
f 3261/4863/1890 3260/4861/1889 3262/4865/1891
f 3261/4863/1890 3263/4866/1892 3248/4864/1269
f 3262/4865/1891 3263/4866/1892 3261/4863/1890
f 3249/4867/1884 3248/4864/1269 3263/4866/1892
f 3263/4866/1892 3262/4865/1891 3249/4867/1884
f 3264/4868/1893 3262/4865/1891 3259/4858/1888
f 3259/4858/1888 3258/4857/1887 3264/4868/1893
f 3249/4869/1884 3262/4865/1891 3264/4868/1893
f 3264/4868/1893 3250/4870/1885 3249/4869/1884
f 3251/4871/1268 3250/4872/1885 3264/4868/1893
f 3264/4868/1893 3265/4873/1894 3251/4871/1268
f 3253/4874/1270 3251/4871/1268 3265/4873/1894
f 3264/4868/1893 3258/4857/1887 3266/4875/1895
f 3265/4873/1894 3264/4868/1893 3266/4875/1895
f 3266/4875/1895 3258/4857/1887 3256/4876/1275
f 3256/4876/1275 3255/4877/1886 3266/4875/1895
f 3265/4873/1894 3267/4878/1896 3253/4874/1270
f 3255/4877/1886 3253/4874/1270 3267/4878/1896
f 3266/4875/1895 3267/4878/1896 3265/4873/1894
f 3267/4878/1896 3266/4875/1895 3255/4877/1886
f 439/568/19 438/567/399 20/20/191
f 20/20/191 437/4879/19 439/568/19
f 439/568/19 437/4879/19 436/569/19
f 1934/2650/14 1925/3801/381 2698/3800/162
f 1934/2650/14 2698/3800/162 2697/3799/14
f 2697/3799/14 1928/2647/381 1934/2650/14
f 1928/2647/381 2697/3799/14 1929/3798/14
f 560/2677/535 558/4880/535 561/4881/535
f 558/4880/535 560/2677/535 280/2676/535
f 280/2676/535 277/4882/535 558/4880/535
f 280/2676/535 279/4883/535 277/4882/535
f 2491/4884/18 375/470/52 377/4885/52
f 372/467/52 375/470/52 2491/4884/18
f 372/467/52 2491/4884/18 2489/4886/52
f 372/467/52 2489/4886/52 2487/4887/52
f 372/467/52 2487/4887/52 2485/4888/52
f 372/467/52 2485/4888/52 2484/4889/22
f 2484/4889/22 552/4890/22 372/467/52
f 3268/4891/52 3269/4892/52 3270/4893/52
f 3270/4893/52 3271/4894/52 3268/4891/52
f 3272/4895/52 3268/4891/52 3271/4894/52
f 3271/4894/52 3273/4896/52 3272/4895/52
f 3274/4897/52 3272/4895/52 3273/4896/52
f 3273/4896/52 3275/4898/52 3274/4897/52
f 3274/4897/52 3275/4898/52 3276/4899/52
f 3276/4899/52 3277/4900/52 3274/4897/52
f 3278/4901/52 3277/4900/52 3276/4899/52
f 3276/4899/52 3279/4902/52 3278/4901/52
f 3280/4903/52 3278/4901/52 3279/4902/52
f 3279/4902/52 3281/4904/52 3280/4903/52
f 3282/4905/52 3280/4903/52 3281/4904/52
f 3281/4904/52 3283/4906/52 3282/4905/52
f 3284/4907/52 3282/4905/52 3283/4906/52
f 3283/4906/52 3285/4908/52 3284/4907/52
f 3286/4909/52 3284/4907/52 3285/4908/52
f 3285/4908/52 3287/4910/52 3286/4909/52
f 3288/4911/52 3286/4909/52 3287/4910/52
f 3287/4910/52 3289/4912/52 3288/4911/52
f 3290/4913/52 3288/4911/52 3289/4912/52
f 3289/4912/52 3291/4914/52 3290/4913/52
f 2661/4915/98 2659/4916/98 2657/4917/98
f 2657/4917/98 2655/4918/98 2661/4915/98
f 2663/4919/98 2661/4915/98 2655/4918/98
f 2655/4918/98 2653/4920/98 2663/4919/98
f 2665/4921/98 2663/4919/98 2653/4920/98
f 2653/4920/98 2651/4922/98 2665/4921/98
f 2667/4923/98 2665/4921/98 2651/4922/98
f 2651/4922/98 2650/4924/98 2667/4923/98
f 2669/4925/98 2667/4923/98 2650/4924/98
f 2650/4924/98 2695/4926/98 2669/4925/98
f 2671/4927/98 2669/4925/98 2695/4926/98
f 2695/4926/98 2693/4928/98 2671/4927/98
f 2671/4927/98 2693/4928/98 2691/4929/98
f 2691/4929/98 2673/4930/98 2671/4927/98
f 2675/4931/98 2673/4930/98 2691/4929/98
f 2691/4929/98 2689/4932/98 2675/4931/98
f 2677/4933/98 2675/4931/98 2689/4932/98
f 2689/4932/98 2687/4934/98 2677/4933/98
f 2679/4935/98 2677/4933/98 2687/4934/98
f 2687/4934/98 2685/4936/98 2679/4935/98
f 2681/4937/98 2679/4935/98 2685/4936/98
f 2685/4936/98 2683/4938/98 2681/4937/98
f 2599/4939/98 2597/4940/98 2595/4941/98
f 2595/4941/98 2593/4942/98 2599/4939/98
f 2601/4943/98 2599/4939/98 2593/4942/98
f 2593/4942/98 2591/4944/98 2601/4943/98
f 2603/4945/98 2601/4943/98 2591/4944/98
f 2591/4944/98 2589/4946/98 2603/4945/98
f 2605/4947/98 2603/4945/98 2589/4946/98
f 2589/4946/98 2587/4948/98 2605/4947/98
f 2607/4949/98 2605/4947/98 2587/4948/98
f 2587/4948/98 2585/4950/98 2607/4949/98
f 2607/4949/98 2585/4950/98 2583/4951/98
f 2583/4951/98 2609/4952/98 2607/4949/98
f 2611/4953/98 2609/4952/98 2583/4951/98
f 2583/4951/98 2581/4954/98 2611/4953/98
f 2613/4955/98 2611/4953/98 2581/4954/98
f 2581/4954/98 2580/4956/98 2613/4955/98
f 2615/4957/98 2613/4955/98 2580/4956/98
f 2580/4956/98 2617/4958/98 2615/4957/98
f 401/4959/52 403/4960/52 3244/4834/52
f 401/4959/52 3244/4834/52 3245/4835/52
f 3245/4835/52 398/4961/52 401/4959/52
f 398/4961/52 3245/4835/52 3292/4962/52
f 3292/4962/52 397/4963/1002 398/4961/52
f 397/4963/1002 3292/4962/52 3293/4964/18
f 395/4965/52 397/4963/1002 3293/4964/18
f 3293/4964/18 3294/4966/1897 395/4965/52
f 393/4967/1898 395/4965/52 3294/4966/1897
f 3294/4966/1897 3295/4968/1899 393/4967/1898
f 393/4967/1898 3295/4968/1899 3296/4969/1900
f 3296/4969/1900 306/4970/1901 393/4967/1898
f 303/4971/1902 306/4970/1901 3296/4969/1900
f 3296/4969/1900 3297/4972/1903 303/4971/1902
f 3297/4972/1903 3298/4973/1904 2714/4974/1905
f 2714/4974/1905 2713/4975/34 3297/4972/1903
f 303/4971/1902 3297/4972/1903 2713/4975/34
f 303/4971/1902 2713/4975/34 2712/4976/52
f 2712/4976/52 2483/4977/52 303/4971/1902
f 2483/4977/52 2712/4976/52 2711/4978/52
f 2483/4977/52 2711/4978/52 2710/4979/52
f 2483/4977/52 2710/4979/52 551/719/52
f 551/719/52 2710/4979/52 2709/4980/52
f 551/719/52 2709/4980/52 2708/4981/52
f 551/719/52 2708/4981/52 575/4982/52
f 551/719/52 575/4982/52 574/4983/52
f 551/719/52 574/4983/52 1966/4984/52
f 1966/4984/52 382/481/52 551/719/52
f 3299/4985/1906 609/4986/1907 608/4987/1907
f 608/4987/1907 3300/4988/1906 3299/4985/1906
f 614/4989/1908 3299/4985/1906 3300/4988/1906
f 3300/4988/1906 611/4990/1908 614/4989/1908
f 3301/4991/1909 613/4992/1910 612/4993/1910
f 612/4993/1910 3302/4994/1909 3301/4991/1909
f 615/4995/1911 3301/4991/1909 3302/4994/1909
f 3302/4994/1909 616/4996/1911 615/4995/1911
f 3303/4997/1912 618/4998/1913 617/4999/1913
f 617/4999/1913 3304/5000/1912 3303/4997/1912
f 610/5001/1914 3303/4997/1912 3304/5000/1912
f 3304/5000/1912 607/5002/1915 610/5001/1914
f 3301/5003/1916 615/5004/1916 618/5005/1916
f 3301/5003/1916 618/5005/1916 3303/5006/1916
f 3303/5006/1916 613/5007/1917 3301/5003/1916
f 614/5008/1916 613/5007/1917 3303/5006/1916
f 3303/5006/1916 610/5009/1917 614/5008/1916
f 614/5008/1916 610/5009/1917 609/4986/1918
f 609/4986/1918 3299/4985/1916 614/5008/1916
f 617/5010/1919 616/5011/1920 3302/5012/1920
f 617/5010/1919 3302/5012/1920 612/5013/1920
f 612/5013/1920 3304/5014/1920 617/5010/1919
f 607/5015/1920 3304/5014/1920 612/5013/1920
f 612/5013/1920 611/5016/1920 607/5015/1920
f 607/5015/1920 611/5016/1920 3300/4988/1920
f 3300/4988/1920 608/4987/1921 607/5015/1920
f 2718/5017/1041 2723/5018/1922 3305/5019/1923
f 3305/5019/1923 3306/5020/1924 2718/5017/1041
f 2719/5021/1925 2718/5017/1041 3306/5020/1924
f 3306/5020/1924 3307/5022/1926 2719/5021/1925
f 2720/5023/1927 2719/5021/1925 3307/5022/1926
f 3307/5022/1926 3308/5024/1927 2720/5023/1927
f 2721/5025/531 2720/5023/1927 3308/5024/1927
f 3308/5024/1927 3309/5026/1928 2721/5025/531
f 2722/5027/1929 2721/5025/531 3309/5026/1928
f 3309/5026/1928 3310/5028/1930 2722/5027/1929
f 2723/5029/1922 2722/5027/1929 3310/5028/1930
f 3310/5028/1930 3305/5030/1923 2723/5029/1922
f 3311/5031/531 3312/5032/1927 3313/5033/1927
f 3313/5033/1927 3314/5034/1931 3311/5031/531
f 3315/5035/1932 3311/5031/531 3314/5034/1931
f 3314/5034/1931 3316/5036/1933 3315/5035/1932
f 3317/5037/1922 3315/5035/1932 3316/5036/1933
f 3316/5036/1933 3318/5038/1922 3317/5037/1922
f 3319/5039/1924 3317/5037/1922 3318/5038/1922
f 3318/5038/1922 3320/5040/1042 3319/5039/1924
f 3321/5041/1934 3319/5039/1924 3320/5040/1042
f 3320/5040/1042 3322/5042/1925 3321/5041/1934
f 3312/5043/1927 3321/5041/1934 3322/5042/1925
f 3322/5042/1925 3313/5044/1927 3312/5043/1927
f 2727/5045/1042 2726/5046/1935 3323/5047/1935
f 3323/5047/1935 3324/5048/1041 2727/5045/1042
f 2728/5049/1936 2727/5045/1042 3324/5048/1041
f 3324/5048/1041 3325/5050/1925 2728/5049/1936
f 2729/5051/1927 2728/5049/1936 3325/5050/1925
f 3325/5050/1925 3326/5052/1927 2729/5051/1927
f 2724/5053/531 2729/5051/1927 3326/5052/1927
f 3326/5052/1927 3327/5054/531 2724/5053/531
f 2725/5055/1930 2724/5053/531 3327/5054/531
f 3327/5054/531 3328/5056/1930 2725/5055/1930
f 2726/5057/1935 2725/5055/1930 3328/5056/1930
f 3328/5056/1930 3323/5058/1935 2726/5057/1935
f 3329/5059/1927 3330/5060/531 3331/5061/1928
f 3331/5061/1928 3332/5062/1937 3329/5059/1927
f 3333/5063/1926 3329/5059/1927 3332/5062/1937
f 3332/5062/1937 3334/5064/1926 3333/5063/1926
f 3335/5065/1041 3333/5063/1926 3334/5064/1926
f 3334/5064/1926 3336/5066/1041 3335/5065/1041
f 3337/5067/1922 3335/5065/1041 3336/5066/1041
f 3336/5066/1041 3338/5068/1922 3337/5067/1922
f 3339/5069/1929 3337/5067/1922 3338/5068/1922
f 3338/5068/1922 3340/5070/1929 3339/5069/1929
f 3330/5071/531 3339/5069/1929 3340/5070/1929
f 3340/5070/1929 3331/5072/1928 3330/5071/531
f 3341/5073/1938 3342/5074/1939 3343/5075/1940
f 3343/5075/1940 3344/5076/1941 3341/5073/1938
f 3345/5077/104 3341/5073/1938 3344/5076/1941
f 3344/5076/1941 3346/5078/104 3345/5077/104
f 3347/5079/1942 3345/5077/104 3346/5078/104
f 3346/5078/104 3348/5080/1942 3347/5079/1942
f 3349/5081/1943 3347/5079/1942 3348/5080/1942
f 3348/5080/1942 3350/5082/1944 3349/5081/1943
f 3351/5083/535 3349/5081/1943 3350/5082/1944
f 3350/5082/1944 3352/5084/535 3351/5083/535
f 3342/5085/1939 3351/5083/535 3352/5084/535
f 3352/5084/535 3343/5086/1940 3342/5085/1939
f 3353/5087/1944 3354/5088/1945 2730/5089/1942
f 2730/5089/1942 2733/5090/1944 3353/5087/1944
f 3355/5091/535 3353/5087/1944 2733/5090/1944
f 2733/5090/1944 2735/5092/535 3355/5091/535
f 3356/5093/1935 3355/5091/535 2735/5092/535
f 2735/5092/535 2734/5094/1946 3356/5093/1935
f 3357/5095/1947 3356/5093/1935 2734/5094/1946
f 2734/5094/1946 2732/5096/1941 3357/5095/1947
f 3358/5097/104 3357/5095/1947 2732/5096/1941
f 2732/5096/1941 2731/3851/104 3358/5097/104
f 3354/5098/1945 3358/5097/104 2731/3851/104
f 2731/3851/104 2730/3850/1942 3354/5098/1945
f 644/850/98 2740/5099/98 642/848/98
f 2741/5100/98 642/848/98 2740/5099/98
f 2740/5099/98 2739/5101/98 2741/5100/98
f 2742/5102/98 2741/5100/98 2739/5101/98
f 2739/5101/98 1460/1901/98 2742/5102/98
f 1462/1903/98 2742/5102/98 1460/1901/98
f 2070/5103/14 2058/5104/14 2057/5105/14
f 2057/5105/14 2066/2732/14 2070/5103/14
f 2060/5106/14 2070/5103/14 2066/2732/14
f 2066/2732/14 2065/2731/14 2060/5106/14
f 2061/5107/14 2060/5106/14 2065/2731/14
f 2065/2731/14 2072/5108/14 2061/5107/14
f 710/5109/1948 709/2761/1949 697/909/1950
f 697/909/1950 701/913/1948 710/5109/1948
f 2743/5110/1951 710/5109/1948 701/913/1948
f 701/913/1948 700/912/1952 2743/5110/1951
f 2743/5110/1951 700/912/1952 707/919/1953
f 707/919/1953 2078/2768/1953 2743/5110/1951
f 777/1007/98 776/5111/98 771/5112/98
f 771/5112/98 770/1022/98 777/1007/98
f 758/1024/98 777/1007/98 770/1022/98
f 773/5113/52 772/5114/52 775/5115/52
f 775/5115/52 774/1004/52 773/5113/52
f 778/5116/52 773/5113/52 774/1004/52
f 774/1004/52 783/2829/52 778/5116/52
f 795/5117/14 794/1909/602 800/1908/162
f 800/1908/162 799/5118/14 795/5117/14
f 2095/5119/14 795/5117/14 799/5118/14
f 799/5118/14 793/1035/14 2095/5119/14
f 1465/1907/769 2095/5119/14 793/1035/14
f 793/1035/14 754/975/566 1465/1907/769
f 753/976/567 754/975/566 793/1035/14
f 809/1062/971 808/1061/546 837/5120/546
f 837/5120/546 825/5121/971 809/1062/971
f 821/1074/52 809/1062/971 825/5121/971
f 825/5121/971 824/5122/52 821/1074/52
f 819/1072/1598 821/1074/52 824/5122/52
f 824/5122/52 827/5123/1598 819/1072/1598
f 817/1070/543 819/1072/1598 827/5123/1598
f 827/5123/1598 829/5124/543 817/1070/543
f 815/1068/1599 817/1070/543 829/5124/543
f 829/5124/543 831/5125/969 815/1068/1599
f 812/1065/98 815/1068/1599 831/5125/969
f 831/5125/969 833/5126/98 812/1065/98
f 813/1066/1600 812/1065/98 833/5126/98
f 833/5126/98 835/5127/1600 813/1066/1600
f 808/2849/546 813/1066/1600 835/5127/1600
f 835/5127/1600 837/5128/546 808/2849/546
f 834/5129/1602 832/5130/98 857/5131/98
f 857/5131/98 858/5132/1954 834/5129/1602
f 836/5133/712 834/5129/1602 858/5132/1954
f 858/5132/1954 859/5134/712 836/5133/712
f 822/5135/1601 836/5133/712 859/5134/712
f 859/5134/712 855/5136/1601 822/5135/1601
f 823/5137/52 822/5135/1601 855/5136/1601
f 855/5136/1601 856/5138/52 823/5137/52
f 826/5139/1604 823/5137/52 856/5138/52
f 856/5138/52 860/5140/1955 826/5139/1604
f 828/5141/143 826/5139/1604 860/5140/1955
f 860/5140/1955 861/5142/711 828/5141/143
f 830/5143/1603 828/5141/143 861/5142/711
f 861/5142/711 862/5144/1603 830/5143/1603
f 832/5145/98 830/5143/1603 862/5144/1603
f 862/5144/1603 857/5146/98 832/5145/98
f 3359/5147/1593 847/1103/1592 846/1102/1592
f 846/1102/1592 870/5148/1593 3359/5147/1593
f 863/5149/497 3359/5147/1593 870/5148/1593
f 870/5148/1593 871/5150/497 863/5149/497
f 864/5151/1594 863/5149/497 871/5150/497
f 871/5150/497 854/5152/1594 864/5151/1594
f 850/1106/1606 864/5151/1594 854/5152/1594
f 854/5152/1594 851/1107/1596 850/1106/1606
f 850/1127/52 3359/5153/52 863/1125/52
f 847/1115/52 3359/5153/52 850/1127/52
f 850/1127/52 853/1113/52 847/1115/52
f 2100/5154/98 880/5155/1858 895/5156/1858
f 895/5156/1858 894/5157/98 2100/5154/98
f 881/5158/968 2100/5154/98 894/5157/98
f 894/5157/98 892/5159/968 881/5158/968
f 884/5160/535 881/5158/968 892/5159/968
f 892/5159/968 891/5161/535 884/5160/535
f 873/5162/971 884/5160/535 891/5161/535
f 891/5161/535 888/5163/971 873/5162/971
f 874/5164/52 873/5162/971 888/5163/971
f 888/5163/971 887/5165/52 874/5164/52
f 876/5166/978 874/5164/52 887/5165/52
f 887/5165/52 900/5167/978 876/5166/978
f 878/1174/1956 876/5166/978 900/5167/978
f 900/5167/978 899/1172/1956 878/1174/1956
f 976/5168/968 988/5169/535 3360/5170/535
f 3360/5170/535 3361/5171/968 976/5168/968
f 977/5172/98 976/5168/968 3361/5171/968
f 3361/5171/968 3362/5173/98 977/5172/98
f 980/5174/969 977/5172/98 3362/5173/98
f 3362/5173/98 3363/5175/969 980/5174/969
f 982/5176/104 980/5174/969 3363/5175/969
f 3363/5175/969 3364/5177/104 982/5176/104
f 2105/5178/978 982/5176/104 3364/5177/104
f 3364/5177/104 3365/5179/978 2105/5178/978
f 985/5180/52 2105/5178/978 3365/5179/978
f 3365/5179/978 3366/5181/52 985/5180/52
f 986/5182/971 985/5180/52 3366/5181/52
f 3366/5181/52 3367/5183/971 986/5182/971
f 988/5184/535 986/5182/971 3367/5183/971
f 3367/5183/971 3360/5185/535 988/5184/535
f 968/5186/1593 943/1218/1592 942/1217/1957
f 942/1217/1957 971/5187/1593 968/5186/1593
f 969/5188/497 968/5186/1593 971/5187/1593
f 971/5187/1593 972/5189/497 969/5188/497
f 1801/5190/1595 969/5188/497 972/5189/497
f 972/5189/497 970/5191/1595 1801/5190/1595
f 946/1221/1596 1801/5190/1595 970/5191/1595
f 970/5191/1595 947/1222/1606 946/1221/1596
f 2102/2863/968 912/2865/546 995/5192/546
f 995/5192/546 991/5193/1600 2102/2863/968
f 925/1200/98 2102/2863/968 991/5193/1600
f 991/5193/1600 990/5194/98 925/1200/98
f 922/1197/1599 925/1200/98 990/5194/98
f 990/5194/98 2108/5195/1599 922/1197/1599
f 921/1196/543 922/1197/1599 2108/5195/1599
f 2108/5195/1599 1001/5196/543 921/1196/543
f 918/1193/1598 921/1196/543 1001/5196/543
f 1001/5196/543 999/5197/1598 918/1193/1598
f 917/1192/52 918/1193/1598 999/5197/1598
f 999/5197/1598 997/5198/52 917/1192/52
f 915/1190/971 917/1192/52 997/5198/52
f 997/5198/52 996/5199/1597 915/1190/971
f 912/1187/546 915/1190/971 996/5199/1597
f 996/5199/1597 995/5200/546 912/1187/546
f 2792/5201/1612 1062/3016/381 1063/1381/14
f 1063/1381/14 3368/5202/1612 2792/5201/1612
f 2789/5203/1613 2792/5201/1612 3368/5202/1612
f 3368/5202/1612 3369/5204/1613 2789/5203/1613
f 2790/5205/1615 2789/5203/1613 3369/5204/1613
f 3369/5204/1613 3370/5206/1615 2790/5205/1615
f 2791/5207/1617 2790/5205/1615 3370/5206/1615
f 3370/5206/1615 3371/5208/1617 2791/5207/1617
f 2793/5209/1618 2791/5207/1617 3371/5208/1617
f 3371/5208/1617 3372/5210/1618 2793/5209/1618
f 2187/5211/1069 2793/5209/1618 3372/5210/1618
f 3372/5210/1618 2188/5212/69 2187/5211/1069
f 3373/5213/1958 2182/3005/1028 2183/3007/1027
f 2183/3007/1027 3374/5214/1506 3373/5213/1958
f 2191/3021/1619 3373/5213/1958 3374/5214/1506
f 3374/5214/1506 2190/3018/1619 2191/3021/1619
f 3375/5215/1959 1067/1385/1960 1066/1384/1961
f 1066/1384/1961 3376/5216/1623 3375/5215/1959
f 3377/5217/1708 3375/5215/1959 3376/5216/1623
f 3376/5216/1623 3378/5218/1625 3377/5217/1708
f 1060/1376/19 3377/5217/1708 3378/5218/1625
f 3378/5218/1625 1057/5219/19 1060/1376/19
f 3379/5220/1627 1059/1375/19 1058/5221/19
f 1058/5221/19 2795/5222/1627 3379/5220/1627
f 3380/5223/1962 3379/5220/1627 2795/5222/1627
f 2795/5222/1627 2798/5224/1962 3380/5223/1962
f 3381/5225/1629 3380/5223/1962 2798/5224/1962
f 2798/5224/1962 2799/5226/1629 3381/5225/1629
f 3382/5227/1632 3381/5225/1629 2799/5226/1629
f 2799/5226/1629 2797/5228/1632 3382/5227/1632
f 3383/5229/1588 3382/5227/1632 2797/5228/1632
f 2797/5228/1632 2796/5230/1588 3383/5229/1588
f 3384/5231/1634 3383/5229/956 2796/5230/956
f 2796/5230/956 2794/5232/1634 3384/5231/1634
f 2189/5233/1068 3384/5231/1634 2794/5232/1634
f 2794/5232/1634 2186/5234/1068 2189/5233/1068
f 1067/5235/52 3375/5236/52 3377/5217/52
f 3377/5217/52 1060/1376/52 1067/5235/52
f 1060/1376/52 1068/3010/52 1067/5235/52
f 2185/3011/52 1068/3010/52 1060/1376/52
f 1060/1376/52 1064/1382/52 2185/3011/52
f 1064/1382/52 2191/5237/52 2185/3011/52
f 3373/5238/52 2191/5237/52 1064/1382/52
f 1064/1382/52 2182/3005/52 3373/5238/52
f 3385/5239/1963 3386/5240/1964 1084/5241/1964
f 1084/5241/1964 1072/5242/1646 3385/5239/1963
f 3387/5243/38 3385/5239/1963 1072/5242/1646
f 1072/5242/1646 1071/5244/240 3387/5243/38
f 3388/5245/1643 3387/5243/38 1071/5244/240
f 1071/5244/240 1074/5246/1644 3388/5245/1643
f 3389/5247/1641 3388/5245/1643 1074/5246/1644
f 1074/5246/1644 1076/5248/1965 3389/5247/1641
f 3390/5249/1966 3389/5247/1641 1076/5248/1965
f 1076/5248/1965 1078/5250/1640 3390/5249/1966
f 3391/5251/294 3390/5249/1966 1078/5250/1640
f 1078/5250/1640 1080/5252/1967 3391/5251/294
f 3392/5253/1968 3391/5251/294 1080/5252/1967
f 1080/5252/1967 1082/5254/1638 3392/5253/1968
f 3386/5255/1964 3392/5253/1968 1082/5254/1638
f 1082/5254/1638 1084/5256/1964 3386/5255/1964
f 1081/5257/1651 1079/5258/52 1103/5259/619
f 1103/5259/619 1104/5260/1652 1081/5257/1651
f 1083/5261/1649 1081/5257/1651 1104/5260/1652
f 1104/5260/1652 1105/5262/1650 1083/5261/1649
f 1069/5263/1647 1083/5261/1649 1105/5262/1650
f 1105/5262/1650 1101/5264/1648 1069/5263/1647
f 1070/5265/98 1069/5263/1647 1101/5264/1648
f 1101/5264/1648 1102/5266/98 1070/5265/98
f 1073/5267/1656 1070/5265/98 1102/5266/98
f 1102/5266/98 2192/5268/1969 1073/5267/1656
f 1075/5269/1655 1073/5267/1656 2192/5268/1969
f 2192/5268/1969 2193/5270/1970 1075/5269/1655
f 1077/5271/1653 1075/5269/1655 2193/5270/1970
f 2193/5270/1970 2788/5272/1971 1077/5271/1653
f 1079/5273/52 1077/5271/1653 2788/5272/1971
f 2788/5272/1971 1103/5274/619 1079/5273/52
f 3393/5275/1972 1094/1415/1608 1093/1414/1608
f 1093/1414/1608 2786/5276/1609 3393/5275/1972
f 1106/5277/1659 3393/5275/1972 2786/5276/1609
f 2786/5276/1609 2787/5278/1659 1106/5277/1659
f 1107/5279/1973 1106/5277/1659 2787/5278/1659
f 2787/5278/1659 2785/5280/264 1107/5279/1973
f 1097/1418/1611 1107/5279/1973 2785/5280/264
f 2785/5280/264 1098/1419/1611 1097/1418/1611
f 1097/1433/98 3393/5281/98 1106/1431/98
f 1094/1424/98 3393/5281/98 1097/1433/98
f 1097/1433/98 1100/1422/98 1094/1424/98
f 2190/5282/98 3374/5283/98 2183/5284/98
f 2183/5284/98 1061/1377/98 2190/5282/98
f 2184/5285/98 2190/5282/98 1061/1377/98
f 1065/5286/98 2184/5285/98 1061/1377/98
f 1061/1377/98 1057/1380/98 1065/5286/98
f 1066/5287/98 1065/5286/98 1057/1380/98
f 3376/5288/98 1066/5287/98 1057/1380/98
f 1057/1380/98 3378/5289/98 3376/5288/98
f 3380/5290/52 3381/5291/52 3382/5292/52
f 3380/5290/52 3382/5292/52 3383/5293/52
f 3383/5293/52 3379/5220/52 3380/5290/52
f 3379/5220/52 3383/5293/52 3384/5294/52
f 3384/5294/52 1059/1375/52 3379/5220/52
f 1059/1375/52 3384/5294/52 2189/3015/52
f 1063/1381/52 1059/1375/52 2189/3015/52
f 2189/3015/52 2188/3014/52 1063/1381/52
f 3368/5202/52 1063/1381/52 2188/3014/52
f 2188/3014/52 3372/5295/52 3368/5202/52
f 3368/5202/52 3372/5295/52 3371/5296/52
f 3371/5296/52 3369/5297/52 3368/5202/52
f 3371/5296/52 3370/5298/52 3369/5297/52
f 3394/5299/1609 1142/1476/1608 1141/1475/1608
f 1141/1475/1608 1167/5300/1609 3394/5299/1609
f 1164/5301/1659 3394/5299/1609 1167/5300/1609
f 1167/5300/1609 1168/5302/1659 1164/5301/1659
f 1165/5303/264 1164/5301/1659 1168/5302/1659
f 1168/5302/1659 1166/5304/264 1165/5303/264
f 1145/1479/1835 1165/5303/264 1166/5304/264
f 1166/5304/264 1146/1480/1974 1145/1479/1835
f 1145/1511/98 1148/1506/98 1142/1508/98
f 1142/1508/98 3394/5305/98 1145/1511/98
f 1145/1511/98 3394/5305/98 1164/1509/98
f 2802/5306/52 2806/5307/52 2804/5308/52
f 2806/5307/52 2802/5306/52 2800/5309/52
f 2800/5309/52 2808/5310/52 2806/5307/52
f 2201/5311/52 2808/5310/52 2800/5309/52
f 2800/5309/52 1118/1452/52 2201/5311/52
f 2201/5311/52 1118/1452/52 1116/1451/52
f 1116/1451/52 2198/5312/52 2201/5311/52
f 2198/5312/52 1116/1451/52 2827/5313/52
f 2827/5313/52 1116/1451/52 2817/5314/52
f 2817/5314/52 2825/5315/52 2827/5313/52
f 2823/5316/52 2825/5315/52 2817/5314/52
f 2817/5314/52 2819/5317/52 2823/5316/52
f 2823/5316/52 2819/5317/52 2821/5318/52
f 2818/5319/98 2822/5320/98 2820/5321/98
f 2824/5322/98 2822/5320/98 2818/5319/98
f 2818/5319/98 2816/4134/98 2824/5322/98
f 2826/5323/98 2824/5322/98 2816/4134/98
f 2816/4134/98 1115/1447/98 2826/5323/98
f 1115/1447/98 2199/3032/98 2826/5323/98
f 2199/3032/98 1115/1447/98 1120/1454/98
f 1120/1454/98 2200/3033/98 2199/3032/98
f 2200/3033/98 1120/1454/98 2801/4115/98
f 2801/4115/98 2809/5324/98 2200/3033/98
f 2807/5325/98 2809/5324/98 2801/4115/98
f 2801/4115/98 2803/5326/98 2807/5325/98
f 2807/5325/98 2803/5326/98 2805/5327/98
f 1742/2209/1975 1740/2207/1976 3395/5328/1976
f 3395/5328/1976 3396/5329/1975 1742/2209/1975
f 1735/5330/1977 1742/2209/1975 3396/5329/1975
f 3396/5329/1975 3397/5331/1977 1735/5330/1977
f 1737/5332/1978 1735/5330/1977 3397/5331/1977
f 3397/5331/1977 3398/5333/1979 1737/5332/1978
f 1738/5334/1980 1737/5332/1978 3398/5333/1979
f 3398/5333/1979 3399/5335/1980 1738/5334/1980
f 3400/5336/1981 3401/5337/104 1739/5338/104
f 1739/5338/104 1741/5339/1981 3400/5336/1981
f 3402/5340/1683 3400/5336/1981 1741/5339/1981
f 1741/5339/1981 1743/5341/1683 3402/5340/1683
f 3403/5342/535 3402/5340/1683 1743/5341/1683
f 1743/5341/1683 1734/5343/535 3403/5342/535
f 3404/5344/1982 3403/5342/535 1734/5343/535
f 1734/5343/535 1733/5345/1982 3404/5344/1982
f 3405/5346/1983 3404/5344/1982 1733/5345/1982
f 1733/5345/1982 1736/5347/1531 3405/5346/1983
f 3401/5348/104 3405/5346/1983 1736/5347/1531
f 1736/5347/1531 1739/5349/104 3401/5348/104
f 3406/5350/1516 3407/5351/104 3408/5352/104
f 3408/5352/104 3409/5353/1984 3406/5350/1516
f 3410/5354/1683 3406/5350/1516 3409/5353/1984
f 3409/5353/1984 3411/5355/1683 3410/5354/1683
f 3412/5356/535 3410/5354/1683 3411/5355/1683
f 3411/5355/1683 3413/5357/535 3412/5356/535
f 3414/5358/1982 3412/5356/535 3413/5357/535
f 3413/5357/535 3415/5359/1982 3414/5358/1982
f 3416/5360/1985 3414/5358/1982 3415/5359/1982
f 3415/5359/1982 3417/5361/1985 3416/5360/1985
f 3407/5362/104 3416/5360/1985 3417/5361/1985
f 3417/5361/1985 3408/5363/104 3407/5362/104
f 3418/5364/1986 2845/5365/279 3419/5366/1987
f 3419/5366/1987 3420/5367/1988 3418/5364/1986
f 2842/4208/1989 3418/5364/1986 3420/5367/1988
f 3420/5367/1988 3421/5368/1990 2842/4208/1989
f 2843/4209/1991 2842/4208/1989 3421/5368/1990
f 3421/5368/1990 3422/5369/1992 2843/4209/1991
f 2845/4211/279 2843/4209/1991 3422/5369/1992
f 3422/5369/1992 3419/5370/1987 2845/4211/279
f 2845/5365/1664 3418/5364/1993 3423/5371/1994
f 2841/5372/1660 3423/5371/1994 3418/5364/1993
f 3418/5364/1993 2842/4208/1661 2841/5372/1660
f 1234/5373/1995 1210/1563/1996 1209/1562/1996
f 1209/1562/1996 1236/5374/1995 1234/5373/1995
f 1232/5375/275 1234/5373/1995 1236/5374/1995
f 1236/5374/1995 1237/5376/275 1232/5375/275
f 1233/5377/1997 1232/5375/275 1237/5376/275
f 1237/5376/275 1235/5378/1696 1233/5377/1997
f 1213/1566/1998 1233/5377/1997 1235/5378/1696
f 1235/5378/1696 1214/1567/1998 1213/1566/1998
f 1260/5379/1068 1259/5380/1678 1256/1622/1999
f 1256/1622/1999 1244/1608/1068 1260/5379/1068
f 1272/5381/1677 1260/5379/1068 1244/1608/1068
f 1244/1608/1068 1243/1607/1679 1272/5381/1677
f 1270/5382/1681 1272/5381/1677 1243/1607/1679
f 1243/1607/1679 1246/1610/1681 1270/5382/1681
f 1267/5383/1682 1270/5382/1681 1246/1610/1681
f 1246/1610/1681 1248/1612/2000 1267/5383/1682
f 1268/5384/1671 1267/5383/1682 1248/1612/2000
f 1248/1612/2000 1250/1614/1672 1268/5384/1671
f 1250/1614/1672 1321/5385/1683 1268/5384/1671
f 1321/5385/1683 1264/5386/1508 1268/5384/1671
f 1250/1614/1672 1252/1616/1684 1321/5385/1683
f 1321/5385/1683 1252/1616/1684 1254/1618/1667
f 1254/1618/1667 1314/5387/1685 1321/5385/1683
f 1314/5387/1685 1254/1618/1667 1256/1620/1999
f 1314/5387/1685 1256/1620/1999 1259/5388/1678
f 1262/5389/1518 1314/5387/1685 1259/5388/1678
f 1266/5390/2001 1265/5391/713 1293/5392/712
f 1293/5392/712 1294/5393/2001 1266/5390/2001
f 1269/5394/703 1266/5390/2001 1294/5393/2001
f 1294/5393/2001 1295/5395/703 1269/5394/703
f 1271/5396/2002 1269/5394/703 1295/5395/703
f 1295/5395/703 1291/5397/1631 1271/5396/2002
f 1257/5398/143 1271/5396/2002 1291/5397/1631
f 1291/5397/1631 1292/5399/143 1257/5398/143
f 1258/5400/1691 1257/5398/143 1292/5399/143
f 1292/5399/143 1296/5401/2003 1258/5400/1691
f 1261/5402/706 1258/5400/1691 1296/5401/2003
f 1296/5401/2003 1297/5403/706 1261/5402/706
f 1263/5404/1690 1261/5402/706 1297/5403/706
f 1297/5403/706 1298/5405/1690 1263/5404/1690
f 1265/5406/713 1263/5404/1690 1298/5405/1690
f 1298/5405/1690 1293/5407/712 1265/5406/713
f 2206/5408/1700 1282/1648/1699 1281/1647/1699
f 1281/1647/1699 1290/5409/1700 2206/5408/1700
f 2207/5410/17 2206/5408/1700 1290/5409/1700
f 1290/5409/1700 1304/5411/17 2207/5410/17
f 2208/5412/1702 2207/5410/17 1304/5411/17
f 1304/5411/17 1289/5413/1702 2208/5412/1702
f 1285/1651/1703 2208/5412/1702 1289/5413/1702
f 1289/5413/1702 1286/1652/1703 1285/1651/1703
f 1330/5414/1709 1329/3066/713 1327/3065/712
f 1327/3065/712 1326/5415/1709 1330/5414/1709
f 1344/5416/63 1330/5414/1709 1326/5415/1709
f 1326/5415/1709 1345/5417/63 1344/5416/63
f 1337/1724/1710 1344/5416/63 1345/5417/63
f 1345/5417/63 1333/1720/1710 1337/1724/1710
f 1337/1724/1710 1333/1720/1710 1335/1722/19
f 1335/1722/19 1338/1725/19 1337/1724/1710
f 1346/1735/1711 1325/1712/151 1331/1718/2004
f 1331/1718/2004 1343/1730/1711 1346/1735/1711
f 1334/1739/1713 1346/1735/1711 1343/1730/1711
f 1343/1730/1711 1336/1736/1713 1334/1739/1713
f 1334/1739/1713 1336/1736/1713 1342/5418/14
f 1342/5418/14 1341/5419/14 1334/1739/1713
f 784/1026/19 757/985/19 804/1049/19
f 805/5420/19 804/1049/19 757/985/19
f 757/985/19 735/952/19 805/5420/19
f 735/952/19 792/1034/19 805/5420/19
f 801/5421/19 805/5420/19 792/1034/19
f 792/1034/19 798/2836/19 801/5421/19
f 2931/5422/1441 2933/5423/1440 3424/5424/2005
f 3424/5424/2005 3425/5425/2006 2931/5422/1441
f 2928/5426/1443 2931/5422/1441 3425/5425/2006
f 3425/5425/2006 3426/5427/2007 2928/5426/1443
f 2927/5428/1445 2928/5426/1443 3426/5427/2007
f 3426/5427/2007 3427/5429/2008 2927/5428/1445
f 2925/5430/535 2927/5428/1445 3427/5429/2008
f 3427/5429/2008 3428/5431/2009 2925/5430/535
f 2923/5432/1448 2925/5430/535 3428/5431/2009
f 3428/5431/2009 3429/5433/2010 2923/5432/1448
f 2921/5434/2011 2923/5432/1448 3429/5433/2010
f 3429/5433/2010 3430/5435/2012 2921/5434/2011
f 2919/5436/2013 2921/5434/2011 3430/5435/2012
f 3430/5435/2012 3431/5437/2014 2919/5436/2013
f 2916/5438/1454 2919/5436/2013 3431/5437/2014
f 3431/5437/2014 3432/5439/2015 2916/5438/1454
f 2917/5440/19 2916/5438/1454 3432/5439/2015
f 3432/5439/2015 3433/5441/2016 2917/5440/19
f 2918/5442/1222 2917/5440/19 3433/5441/2016
f 3433/5441/2016 3434/5443/2017 2918/5442/1222
f 2920/5444/1458 2918/5442/1222 3434/5443/2017
f 3434/5443/2017 3435/5445/2018 2920/5444/1458
f 2922/5446/2019 2920/5444/1458 3435/5445/2018
f 3435/5445/2018 3436/5447/2020 2922/5446/2019
f 2924/5448/1462 2922/5446/2019 3436/5447/2020
f 3436/5447/2020 3437/5449/2021 2924/5448/1462
f 2926/5450/104 2924/5448/1462 3437/5449/2021
f 3437/5449/2021 3438/5451/2022 2926/5450/104
f 2929/5452/1465 2926/5450/104 3438/5451/2022
f 3438/5451/2022 3439/5453/2023 2929/5452/1465
f 2930/5454/2024 2929/5452/1465 3439/5453/2023
f 3439/5453/2023 3440/5455/2025 2930/5454/2024
f 2932/5456/2026 2930/5454/2024 3440/5455/2025
f 3440/5455/2025 3441/5457/2027 2932/5456/2026
f 2934/5458/1471 2932/5456/2026 3441/5457/2027
f 3441/5457/2027 3442/5459/2028 2934/5458/1471
f 2935/5460/14 2934/5458/1471 3442/5459/2028
f 3442/5459/2028 3443/5461/2029 2935/5460/14
f 2933/5462/1440 2935/5460/14 3443/5461/2029
f 3443/5461/2029 3424/5463/2005 2933/5462/1440
f 1497/5464/2030 1499/5465/2031 2857/5466/2031
f 2857/5466/2031 2855/5467/2030 1497/5464/2030
f 1495/5468/2032 1497/5464/2030 2855/5467/2030
f 2855/5467/2030 2853/5469/2033 1495/5468/2032
f 1493/5470/2034 1495/5468/2032 2853/5469/2033
f 2853/5469/2033 2851/5471/2034 1493/5470/2034
f 1491/5472/2035 1493/5470/2034 2851/5471/2034
f 2851/5471/2034 1510/5473/2036 1491/5472/2035
f 1489/5474/2037 1491/5472/2035 1510/5473/2036
f 1510/5473/2036 1509/5475/2037 1489/5474/2037
f 1487/5476/2038 1489/5474/2037 1509/5475/2037
f 1509/5475/2037 1508/5477/2038 1487/5476/2038
f 1485/5478/2039 1487/5476/2038 1508/5477/2038
f 1508/5477/2038 2852/5479/2040 1485/5478/2039
f 1483/5480/2041 1485/5478/2039 2852/5479/2040
f 2852/5479/2040 2854/5481/2042 1483/5480/2041
f 1481/5482/2043 1483/5480/2041 2854/5481/2042
f 2854/5481/2042 2856/5483/2043 1481/5482/2043
f 1479/5484/2044 1481/5482/2043 2856/5483/2043
f 2856/5483/2043 2858/5485/2044 1479/5484/2044
f 1477/5486/2045 1479/5484/2044 2858/5485/2044
f 2858/5485/2044 2860/5487/2045 1477/5486/2045
f 1475/5488/2046 1477/5486/2045 2860/5487/2045
f 2860/5487/2045 2862/5489/2046 1475/5488/2046
f 1473/5490/2047 1475/5488/2046 2862/5489/2046
f 2862/5489/2046 2864/5491/2048 1473/5490/2047
f 1470/5492/2049 1473/5490/2047 2864/5491/2048
f 2864/5491/2048 2866/5493/2049 1470/5492/2049
f 1471/5494/2050 1470/5492/2049 2866/5493/2049
f 2866/5493/2049 2867/5495/2050 1471/5494/2050
f 1507/5496/2051 1471/5494/2050 2867/5495/2050
f 2867/5495/2050 2865/5497/2051 1507/5496/2051
f 1505/5498/2052 1507/5496/2051 2865/5497/2051
f 2865/5497/2051 2863/5499/2052 1505/5498/2052
f 1503/5500/2053 1505/5498/2052 2863/5499/2052
f 2863/5499/2052 2861/5501/2053 1503/5500/2053
f 1501/5502/2054 1503/5500/2053 2861/5501/2053
f 2861/5501/2053 2859/5503/2054 1501/5502/2054
f 1499/5504/2031 1501/5502/2054 2859/5503/2054
f 2859/5503/2054 2857/5505/2031 1499/5504/2031
f 2899/5506/1506 2901/5507/2055 3444/5508/2056
f 3444/5508/2056 3445/5509/2057 2899/5506/1506
f 2897/5510/1508 2899/5506/1506 3445/5509/2057
f 3445/5509/2057 3446/5511/2058 2897/5510/1508
f 2895/5512/2059 2897/5510/1508 3446/5511/2058
f 3446/5511/2058 3447/5513/2060 2895/5512/2059
f 2892/5514/1511 2895/5512/2059 3447/5513/2060
f 3447/5513/2060 3448/5515/2061 2892/5514/1511
f 2893/5516/19 2892/5514/1511 3448/5515/2061
f 3448/5515/2061 3449/5517/2062 2893/5516/19
f 2894/5518/1514 2893/5516/19 3449/5517/2062
f 3449/5517/2062 3450/5519/2063 2894/5518/1514
f 2896/5520/1516 2894/5518/1514 3450/5519/2063
f 3450/5519/2063 3451/5521/2064 2896/5520/1516
f 2898/5522/1518 2896/5520/1516 3451/5521/2064
f 3451/5521/2064 3452/5523/2065 2898/5522/1518
f 2900/5524/2066 2898/5522/1518 3452/5523/2065
f 3452/5523/2065 3453/5525/2067 2900/5524/2066
f 2902/5526/1522 2900/5524/2066 3453/5525/2067
f 3453/5525/2067 3454/5527/2068 2902/5526/1522
f 2904/5528/104 2902/5526/1522 3454/5527/2068
f 3454/5527/2068 3455/5529/2069 2904/5528/104
f 2907/5530/1525 2904/5528/104 3455/5529/2069
f 3455/5529/2069 3456/5531/2070 2907/5530/1525
f 2908/5532/1527 2907/5530/1525 3456/5531/2070
f 3456/5531/2070 3457/5533/2071 2908/5532/1527
f 2910/5534/1529 2908/5532/1527 3457/5533/2071
f 3457/5533/2071 3458/5535/2072 2910/5534/1529
f 2912/5536/1531 2910/5534/1529 3458/5535/2072
f 3458/5535/2072 3459/5537/2073 2912/5536/1531
f 2914/5538/1533 2912/5536/1531 3459/5537/2073
f 3459/5537/2073 3460/5539/2074 2914/5538/1533
f 2915/5540/14 2914/5538/1533 3460/5539/2074
f 3460/5539/2074 3461/5541/2075 2915/5540/14
f 2913/5542/1536 2915/5540/14 3461/5541/2075
f 3461/5541/2075 3462/5543/2076 2913/5542/1536
f 2911/5544/1538 2913/5542/1536 3462/5543/2076
f 3462/5543/2076 3463/5545/2077 2911/5544/1538
f 2909/5546/1120 2911/5544/1538 3463/5545/2077
f 3463/5545/2077 3464/5547/2078 2909/5546/1120
f 2906/5548/1541 2909/5546/1120 3464/5547/2078
f 3464/5547/2078 3465/5549/2079 2906/5548/1541
f 2905/5550/1543 2906/5548/1541 3465/5549/2079
f 3465/5549/2079 3466/5551/2080 2905/5550/1543
f 2903/5552/535 2905/5550/1543 3466/5551/2080
f 3466/5551/2080 3467/5553/2081 2903/5552/535
f 2901/5554/2055 2903/5552/535 3467/5553/2081
f 3467/5553/2081 3444/5555/2056 2901/5554/2055
f 3468/5556/2082 2227/3118/2083 2226/3117/2083
f 2226/3117/2083 3469/5557/1570 3468/5556/2082
f 3470/5558/1452 3468/5556/2082 3469/5557/1570
f 3469/5557/1570 3471/5559/2084 3470/5558/1452
f 3472/5560/19 3470/5558/1452 3471/5559/2084
f 3471/5559/2084 3473/5561/19 3472/5560/19
f 3474/5562/1458 3472/5560/19 3473/5561/19
f 3473/5561/19 3475/5563/1458 3474/5562/1458
f 3476/5564/1718 3474/5562/1458 3475/5563/1458
f 3475/5563/1458 3477/5565/1719 3476/5564/1718
f 2230/3121/2085 3476/5564/1718 3477/5565/1719
f 3477/5565/1719 2231/3122/2085 2230/3121/2085
f 3478/5566/52 2232/5567/52 2224/3115/52
f 2224/3115/52 2227/3118/52 3478/5566/52
f 3479/5568/52 3478/5566/52 2227/3118/52
f 2227/3118/52 3468/5556/52 3479/5568/52
f 3480/5569/52 3479/5568/52 3468/5556/52
f 3468/5556/52 3470/5558/52 3480/5569/52
f 3481/5570/52 3480/5569/52 3470/5558/52
f 3470/5558/52 3472/5560/52 3481/5570/52
f 3482/5571/52 3481/5570/52 3472/5560/52
f 3472/5560/52 3474/5562/52 3482/5571/52
f 3483/5572/52 3482/5571/52 3474/5562/52
f 3474/5562/52 3476/5564/52 3483/5572/52
f 3484/5573/52 3483/5572/52 3476/5564/52
f 3476/5564/52 2230/3121/52 3484/5573/52
f 2235/5574/52 3484/5573/52 2230/3121/52
f 2230/3121/52 2229/3120/52 2235/5574/52
f 2226/3117/98 2225/3116/98 2233/5575/98
f 2233/5575/98 3485/5576/98 2226/3117/98
f 3469/5557/98 2226/3117/98 3485/5576/98
f 3485/5576/98 3486/5577/98 3469/5557/98
f 3471/5559/98 3469/5557/98 3486/5577/98
f 3486/5577/98 3487/5578/98 3471/5559/98
f 3473/5561/98 3471/5559/98 3487/5578/98
f 3487/5578/98 3488/5579/98 3473/5561/98
f 3475/5563/98 3473/5561/98 3488/5579/98
f 3488/5579/98 3489/5580/98 3475/5563/98
f 3477/5565/98 3475/5563/98 3489/5580/98
f 3489/5580/98 3490/5581/98 3477/5565/98
f 2231/3122/98 3477/5565/98 3490/5581/98
f 3490/5581/98 3491/5582/98 2231/3122/98
f 2228/3119/98 2231/3122/98 3491/5582/98
f 3491/5582/98 2234/5583/98 2228/3119/98
f 3492/5584/98 2971/4401/98 2970/4400/98
f 2970/4400/98 3493/5585/98 3492/5584/98
f 3494/5586/98 3492/5584/98 3493/5585/98
f 3493/5585/98 3495/5587/98 3494/5586/98
f 3496/5588/98 3494/5586/98 3495/5587/98
f 3495/5587/98 3497/5589/98 3496/5588/98
f 3498/5590/98 3496/5588/98 3497/5589/98
f 3497/5589/98 3499/5591/98 3498/5590/98
f 2982/5592/98 3498/5590/98 3499/5591/98
f 3499/5591/98 2987/4421/98 2982/5592/98
f 2981/5593/98 2982/5592/98 2987/4421/98
f 2987/4421/98 2984/4418/98 2981/5593/98
f 2972/4402/98 2981/5593/98 2984/4418/98
f 2984/4418/98 2973/4403/98 2972/4402/98
f 3500/5594/52 2965/4395/52 2964/4394/52
f 2964/4394/52 3501/5595/52 3500/5594/52
f 3502/5596/52 3500/5594/52 3501/5595/52
f 3501/5595/52 3503/5597/52 3502/5596/52
f 3504/5598/52 3502/5596/52 3503/5597/52
f 3503/5597/52 3505/5599/52 3504/5598/52
f 3506/5600/52 3504/5598/52 3505/5599/52
f 3505/5599/52 3507/5601/52 3506/5600/52
f 2986/4420/52 3506/5600/52 3507/5601/52
f 3507/5601/52 2983/5602/52 2986/4420/52
f 2985/4419/52 2986/4420/52 2983/5602/52
f 2983/5602/52 2980/5603/52 2985/4419/52
f 2978/4408/52 2985/4419/52 2980/5603/52
f 2980/5603/52 2979/4409/52 2978/4408/52
f 3505/5599/2086 3503/5604/1068 3494/5605/1068
f 3494/5605/1068 3496/5606/2087 3505/5599/2086
f 3507/5601/1777 3505/5599/2086 3496/5606/2087
f 3496/5606/2087 3498/5607/1777 3507/5601/1777
f 2983/4417/1778 3507/5601/1777 3498/5607/1777
f 3498/5607/1777 2982/4416/1778 2983/4417/1778
f 3497/5589/1779 3495/5587/1672 3502/5596/1672
f 3502/5596/1672 3504/5598/1780 3497/5589/1779
f 3499/5591/2088 3497/5589/1779 3504/5598/1780
f 3504/5598/1780 3506/5600/1781 3499/5591/2088
f 2987/4421/1782 3499/5591/2088 3506/5600/1781
f 3506/5600/1781 2986/4420/1782 2987/4421/1782
f 3039/5608/14 3028/5609/14 3031/5610/14
f 3031/5610/14 3033/5611/14 3039/5608/14
f 3037/5612/14 3039/5608/14 3033/5611/14
f 3033/5611/14 3035/5613/14 3037/5612/14
f 3508/5614/2089 1551/2004/2090 3509/5615/2090
f 3509/5615/2090 3510/5616/2091 3508/5614/2089
f 3511/5617/1754 3508/5614/2089 3510/5616/2091
f 3510/5616/2091 3512/5618/1754 3511/5617/1754
f 1554/5619/2092 3511/5617/1754 3512/5618/1754
f 3512/5618/1754 3513/5620/2092 1554/5619/2092
f 1553/5621/2093 1554/5619/2092 3513/5620/2092
f 3513/5620/2092 3514/5622/2093 1553/5621/2093
f 1550/5623/1094 1553/5621/2093 3514/5622/2093
f 3514/5622/2093 3515/5624/1094 1550/5623/1094
f 1551/5625/2090 1550/5623/1094 3515/5624/1094
f 3515/5624/1094 3509/5626/2090 1551/5625/2090
f 3516/5627/14 1548/2001/14 1551/2004/14
f 1551/2004/14 3508/5614/14 3516/5627/14
f 3517/5628/14 3516/5627/14 3508/5614/14
f 3508/5614/14 3511/5629/14 3517/5628/14
f 3518/5630/14 3517/5628/14 3511/5629/14
f 3511/5629/14 1554/2007/14 3518/5630/14
f 1552/2005/14 3518/5630/14 1554/2007/14
f 3519/5631/1755 3520/5632/1753 3516/5633/1753
f 3516/5633/1753 3517/5634/1755 3519/5631/1755
f 3521/5635/1756 3519/5631/1755 3517/5634/1755
f 3517/5634/1755 3518/5636/1757 3521/5635/1756
f 3522/5637/1095 3521/5635/1756 3518/5636/1757
f 3518/5636/1757 1552/5638/1095 3522/5637/1095
f 3523/5639/1759 3522/5637/1095 1552/5638/1095
f 1552/5638/1095 1549/5640/1759 3523/5639/1759
f 3524/5641/1092 3523/5639/1759 1549/5640/1759
f 1549/5640/1759 1548/5642/1758 3524/5641/1092
f 3520/5643/1753 3524/5641/1092 1548/5642/1758
f 1548/5642/1758 3516/5644/1753 3520/5643/1753
f 3525/5645/1754 3526/5646/1753 3527/5647/1753
f 3527/5647/1753 3528/5648/1755 3525/5645/1754
f 3529/5649/1757 3525/5645/1754 3528/5648/1755
f 3528/5648/1755 3530/5650/1757 3529/5649/1757
f 3531/5651/1095 3529/5649/1757 3530/5650/1757
f 3530/5650/1757 3532/5652/1095 3531/5651/1095
f 3533/5653/1094 3531/5651/1095 3532/5652/1095
f 3532/5652/1095 3534/5654/1759 3533/5653/1094
f 3535/5655/1092 3533/5653/1094 3534/5654/1759
f 3534/5654/1759 3536/5656/1758 3535/5655/1092
f 3526/5657/1753 3535/5655/1092 3536/5656/1758
f 3536/5656/1758 3527/5658/1753 3526/5657/1753
f 3080/5659/1773 1816/2289/14 1827/2300/1773
f 1816/2289/14 3080/5659/1773 3064/5660/1760
f 3064/5660/1760 1808/2281/14 1816/2289/14
f 1808/2281/14 3064/5660/1760 1814/2287/1760
f 3537/5661/2094 3084/5662/1760 3086/5663/1760
f 3086/5663/1760 3538/5664/1575 3537/5661/2094
f 3539/5665/1761 3537/5661/2094 3538/5664/1575
f 3538/5664/1575 3540/5666/1761 3539/5665/1761
f 3541/5667/2095 3539/5665/1761 3540/5666/1761
f 3540/5666/1761 3542/5668/2095 3541/5667/2095
f 3543/5669/1763 3541/5667/2095 3542/5668/2095
f 3542/5668/2095 3544/5670/1981 3543/5669/1763
f 3545/5671/1764 3543/5669/1763 3544/5670/1981
f 3544/5670/1981 3546/5672/1764 3545/5671/1764
f 3547/5673/1765 3545/5671/1764 3546/5672/1764
f 3546/5672/1764 3548/5674/1765 3547/5673/1765
f 3549/5675/1667 3547/5673/1765 3548/5674/1765
f 3548/5674/1765 3550/5676/1667 3549/5675/1667
f 3551/5677/19 3549/5675/1667 3550/5676/1667
f 3550/5676/1667 3552/5678/19 3551/5677/19
f 3553/5679/1766 3551/5677/19 3552/5678/19
f 3552/5678/19 3554/5680/1766 3553/5679/1766
f 3554/5680/1766 3555/5681/1228 3553/5679/1766
f 3553/5679/1766 3555/5681/1228 3556/5682/1228
f 3557/5683/1767 3556/5682/1228 3555/5681/1228
f 3555/5681/1228 3558/5684/1767 3557/5683/1767
f 3559/5685/1769 3557/5683/1767 3558/5684/1767
f 3558/5684/1767 3560/5686/1769 3559/5685/1769
f 3561/5687/1770 3559/5685/1769 3560/5686/1769
f 3560/5686/1769 3562/5688/1770 3561/5687/1770
f 3563/5689/1771 3561/5687/1770 3562/5688/1770
f 3562/5688/1770 3564/5690/1771 3563/5689/1771
f 3565/5691/1772 3563/5689/1771 3564/5690/1771
f 3564/5690/1771 3566/5692/1772 3565/5691/1772
f 3081/5693/1774 3565/5691/1772 3566/5692/1772
f 3566/5692/1772 3082/5694/1773 3081/5693/1774
f 3554/5695/52 3552/5696/52 3550/5697/52
f 3554/5695/52 3550/5697/52 3548/5698/52
f 3548/5698/52 3555/5699/52 3554/5695/52
f 3558/5700/52 3555/5699/52 3548/5698/52
f 3548/5698/52 3546/5701/52 3558/5700/52
f 3083/4546/52 3558/5700/52 3546/5701/52
f 3558/5700/52 3083/4546/52 3088/5702/52
f 3088/5702/52 3087/5703/52 3558/5700/52
f 3560/5704/52 3558/5700/52 3087/5703/52
f 3089/5705/52 3088/5702/52 3083/4546/52
f 3087/5703/52 3090/5706/52 3560/5704/52
f 3562/5707/52 3560/5704/52 3090/5706/52
f 3564/5708/52 3562/5707/52 3090/5706/52
f 3566/5709/52 3564/5708/52 3090/5706/52
f 3090/5706/52 3089/5705/52 3566/5709/52
f 3082/4545/52 3566/5709/52 3089/5705/52
f 3083/4546/52 3082/4545/52 3089/5705/52
f 3546/5701/52 3085/4548/52 3083/4546/52
f 3085/4548/52 3546/5701/52 3094/5710/52
f 3094/5710/52 3093/5711/52 3085/4548/52
f 3086/4549/52 3085/4548/52 3093/5711/52
f 3091/5712/52 3094/5710/52 3546/5701/52
f 3093/5711/52 3092/5713/52 3086/4549/52
f 3546/5701/52 3544/5714/52 3091/5712/52
f 3538/5715/52 3086/4549/52 3092/5713/52
f 3544/5714/52 3542/5716/52 3091/5712/52
f 3540/5717/52 3538/5715/52 3092/5713/52
f 3542/5716/52 3540/5717/52 3091/5712/52
f 3092/5713/52 3091/5712/52 3540/5717/52
f 3553/5718/98 3549/5719/98 3551/5720/98
f 3547/5721/98 3549/5719/98 3553/5718/98
f 3553/5718/98 3556/5722/98 3547/5721/98
f 3547/5721/98 3556/5722/98 3557/5723/98
f 3557/5723/98 3545/5724/98 3547/5721/98
f 3545/5724/98 3557/5723/98 3081/4544/98
f 3081/4544/98 3557/5723/98 3559/5725/98
f 3081/4544/98 3084/4547/98 3545/5724/98
f 3565/5726/98 3081/4544/98 3559/5725/98
f 3084/4547/98 3543/5727/98 3545/5724/98
f 3559/5725/98 3561/5728/98 3565/5726/98
f 3565/5726/98 3561/5728/98 3563/5729/98
f 3543/5727/98 3084/4547/98 3537/5730/98
f 3537/5730/98 3541/5731/98 3543/5727/98
f 3541/5731/98 3537/5730/98 3539/5732/98
f 3071/5733/52 3073/5734/52 3072/5735/52
f 3073/5734/52 3071/5733/52 3070/5736/52
f 3070/5736/52 3074/5737/52 3073/5734/52
f 3075/5738/52 3074/5737/52 3070/5736/52
f 3070/5736/52 3069/5739/52 3075/5738/52
f 3080/5659/52 3075/5738/52 3069/5739/52
f 3075/5738/52 3080/5659/52 3076/5740/52
f 3069/5739/52 3064/5660/52 3080/5659/52
f 3076/5740/52 3080/5659/52 3079/5741/52
f 3064/5660/52 3069/5739/52 3068/5742/52
f 3079/5741/52 3077/5743/52 3076/5740/52
f 3077/5743/52 3079/5741/52 3078/5744/52
f 3065/5745/52 3064/5660/52 3068/5742/52
f 3068/5742/52 3067/5746/52 3065/5745/52
f 3065/5745/52 3067/5746/52 3066/5747/52
f 2270/3167/98 2275/3174/98 3567/5748/98
f 3567/5748/98 3568/5749/98 2270/3167/98
f 2268/3165/98 2270/3167/98 3568/5749/98
f 3568/5749/98 3569/5750/98 2268/3165/98
f 2268/3165/98 3569/5750/98 3570/5751/98
f 3570/5751/98 3571/5752/98 2268/3165/98
f 2272/3170/52 3572/5753/52 3573/5754/52
f 3573/5754/52 3574/5755/52 2272/3170/52
f 2273/3171/52 2272/3170/52 3574/5755/52
f 3574/5755/52 3575/5756/52 2273/3171/52
f 2273/3171/52 3575/5756/52 3576/5757/52
f 3576/5757/52 2274/5758/52 2273/3171/52
f 1570/3168/98 1573/5759/98 3577/5760/98
f 3577/5760/98 3578/5761/98 1570/3168/98
f 2271/3169/98 1570/3168/98 3578/5761/98
f 3578/5761/98 3579/5762/98 2271/3169/98
f 2271/3169/98 3579/5762/98 3580/5763/98
f 3580/5763/98 3581/5764/98 2271/3169/98
f 2269/3166/52 3582/5765/52 3583/5766/52
f 3583/5766/52 3584/5767/52 2269/3166/52
f 1571/2026/52 2269/3166/52 3584/5767/52
f 3584/5767/52 3585/5768/52 1571/2026/52
f 1571/2026/52 3585/5768/52 3586/5769/52
f 3586/5769/52 1572/2027/52 1571/2026/52
f 3587/5770/1728 3112/4587/1730 3111/4586/1730
f 3111/4586/1730 3588/5771/1728 3587/5770/1728
f 3589/5772/1727 3587/5770/1728 3588/5771/1728
f 3588/5771/1728 3590/5773/1727 3589/5772/1727
f 3095/4570/1726 3589/5772/1727 3590/5773/1727
f 3590/5773/1727 3096/4571/1726 3095/4570/1726
f 3591/5774/1727 3110/4585/1726 3109/4584/1726
f 3109/4584/1726 3592/5775/1727 3591/5774/1727
f 3593/5776/1728 3591/5774/1727 3592/5775/1727
f 3592/5775/1727 3594/5777/1731 3593/5776/1728
f 3125/4600/1730 3593/5776/1728 3594/5777/1731
f 3594/5777/1731 3126/4601/1730 3125/4600/1730
f 3126/5778/19 3594/5779/19 3592/5780/19
f 3592/5780/19 3109/5781/19 3126/5778/19
f 3124/5782/1733 3126/5778/19 3109/5781/19
f 3109/5781/19 3107/5783/1732 3124/5782/1733
f 3124/5782/1733 3107/5783/1732 3105/4607/1667
f 3105/4607/1667 3122/4606/1667 3124/5782/1733
f 3110/4585/14 3591/5774/14 3593/5776/14
f 3593/5776/14 3125/4600/14 3110/4585/14
f 3108/4583/1735 3110/4585/14 3125/4600/14
f 3125/4600/14 3123/4598/1734 3108/4583/1735
f 3108/4583/1735 3123/4598/1734 3121/4596/1681
f 3121/4596/1681 3106/4581/1681 3108/4583/1735
f 3595/5784/19 3596/5785/19 3597/5786/19
f 3597/5786/19 3598/5787/19 3595/5784/19
f 3599/5788/1752 3595/5784/19 3598/5787/19
f 3598/5787/19 3600/5789/1751 3599/5788/1752
f 3599/5788/1752 3600/5789/1751 3601/5790/1750
f 3601/5790/1750 3602/5791/1750 3599/5788/1752
f 3602/5791/1750 3601/5790/1750 3603/5792/1749
f 3603/5792/1749 3604/5793/1748 3602/5791/1750
f 3604/5793/1748 3603/5792/1749 3605/5794/2096
f 3605/5794/2096 3606/5795/2096 3604/5793/1748
f 3606/5795/2096 3605/5794/2096 3607/5796/1745
f 3607/5796/1745 3608/5797/1745 3606/5795/2096
f 3608/5797/1745 3607/5796/1745 3609/5798/1744
f 3609/5798/1744 3610/5799/1743 3608/5797/1745
f 3611/5800/14 3610/5799/1743 3609/5798/1744
f 3609/5798/1744 3612/5801/14 3611/5800/14
f 3611/5800/14 3612/5801/14 3613/5802/14
f 3613/5802/14 3614/5803/14 3611/5800/14
f 3615/5804/14 3616/5805/14 3617/5806/14
f 3617/5806/14 3618/5807/14 3615/5804/14
f 3619/5808/1742 3615/5804/14 3618/5807/14
f 3618/5807/14 3620/5809/1742 3619/5808/1742
f 3619/5808/1742 3620/5809/1742 3621/5810/1741
f 3621/5810/1741 3622/5811/1741 3619/5808/1742
f 3622/5811/1741 3621/5810/1741 3623/5812/2097
f 3623/5812/2097 3624/5813/1740 3622/5811/1741
f 3624/5813/1740 3623/5812/2097 3625/5814/1739
f 3625/5814/1739 3626/5815/1739 3624/5813/1740
f 3626/5815/1739 3625/5814/1739 3627/5816/1738
f 3627/5816/1738 3628/5817/1738 3626/5815/1739
f 3628/5817/1738 3627/5816/1738 3629/5818/1737
f 3629/5818/1737 3630/5819/1736 3628/5817/1738
f 3631/5820/19 3630/5819/1736 3629/5818/1737
f 3629/5818/1737 3632/5821/19 3631/5820/19
f 3631/5820/19 3632/5821/19 3633/5822/19
f 3633/5822/19 3634/5823/19 3631/5820/19
f 2280/5824/19 2278/5825/19 2277/5826/19
f 2277/5826/19 2286/5827/19 2280/5824/19
f 2282/5828/19 2280/5824/19 2286/5827/19
f 2286/5827/19 2284/5829/19 2282/5828/19
f 3635/5830/931 3636/5831/2098 3637/5832/2099
f 3637/5832/2099 3638/5833/2100 3635/5830/931
f 3639/5834/285 3635/5830/931 3638/5833/2100
f 3638/5833/2100 3640/5835/2101 3639/5834/285
f 3641/5836/638 3639/5834/285 3640/5835/2101
f 3640/5835/2101 3642/5837/1115 3641/5836/638
f 3643/5838/2102 3641/5836/638 3642/5837/1115
f 3642/5837/1115 3644/5839/2103 3643/5838/2102
f 3645/5840/452 3643/5838/2102 3644/5839/2103
f 3644/5839/2103 3646/5841/2104 3645/5840/452
f 3636/5842/2098 3645/5840/452 3646/5841/2104
f 3646/5841/2104 3637/5843/2099 3636/5842/2098
f 3647/5844/2105 2302/3207/52 2305/3210/52
f 2305/3210/52 3151/4636/2105 3647/5844/2105
f 3648/5845/2106 3647/5844/2105 3151/4636/2105
f 3151/4636/2105 2300/3205/2106 3648/5845/2106
f 1591/2050/2107 3648/5845/2106 2300/3205/2106
f 2300/3205/2106 1594/2053/2108 1591/2050/2107
f 1591/2050/2107 1594/2053/2108 1597/2056/568
f 1597/2056/568 1592/2051/568 1591/2050/2107
f 2301/3206/2109 2304/4637/98 2303/5846/98
f 2303/5846/98 3649/5847/2110 2301/3206/2109
f 1774/2246/2111 2301/3206/2109 3649/5847/2110
f 3649/5847/2110 3650/5848/2111 1774/2246/2111
f 1775/2247/2112 1774/2246/2111 3650/5848/2111
f 3650/5848/2111 3651/5849/2113 1775/2247/2112
f 1776/2248/2114 1775/2247/2112 3651/5849/2113
f 3651/5849/2113 3652/5850/2114 1776/2248/2114
f 1769/2241/2115 1776/2248/2114 3652/5850/2114
f 3652/5850/2114 3653/5851/2115 1769/2241/2115
f 1770/2242/2116 1769/2241/2115 3653/5851/2115
f 3653/5851/2115 3654/5852/2117 1770/2242/2116
f 1772/2244/52 1770/2242/2116 3654/5852/2117
f 3654/5852/2117 2306/5853/52 1772/2244/52
f 1771/2243/2118 1773/2245/98 2307/3212/98
f 2307/3212/98 3655/5854/2119 1771/2243/2118
f 1777/2249/2120 1771/2243/2118 3655/5854/2119
f 3655/5854/2119 3656/5855/2120 1777/2249/2120
f 1595/2054/2121 1777/2249/2120 3656/5855/2120
f 3656/5855/2120 1590/2049/2122 1595/2054/2121
f 1595/2054/2121 1590/2049/2123 1593/2052/880
f 1593/2052/880 1596/2055/880 1595/2054/2121
f 1608/5856/2124 1607/5857/1800 1604/5858/969
f 1604/5858/969 1601/5859/968 1608/5856/2124
f 1609/2068/971 1608/5856/2124 1601/5859/968
f 1601/5859/968 1600/2059/2125 1609/2068/971
f 1606/2065/978 1609/2068/971 1600/2059/2125
f 1600/2059/2125 1605/2064/1802 1606/2065/978
f 1606/2065/978 1605/2064/1802 1604/5860/969
f 1604/5860/969 1607/5861/1800 1606/2065/978
f 3657/5862/52 2313/3219/52 2312/3218/52
f 2312/3218/52 3658/5863/52 3657/5862/52
f 3659/5864/52 3657/5862/52 3658/5863/52
f 3658/5863/52 3660/5865/52 3659/5864/52
f 3661/5866/52 3659/5864/52 3660/5865/52
f 3660/5865/52 3662/5867/52 3661/5866/52
f 3663/5868/52 3661/5866/52 3662/5867/52
f 3662/5867/52 3664/5869/52 3663/5868/52
f 3665/5870/52 3663/5868/52 3664/5869/52
f 3664/5869/52 3666/5871/52 3665/5870/52
f 3667/5872/52 3665/5870/52 3666/5871/52
f 3666/5871/52 3668/5873/52 3667/5872/52
f 3669/5874/52 3667/5872/52 3668/5873/52
f 3668/5873/52 3670/5875/52 3669/5874/52
f 2309/3215/52 3669/5874/52 3670/5875/52
f 3670/5875/52 2310/5876/52 2309/3215/52
f 3658/5877/425 2312/5878/2126 2315/5879/2127
f 2315/5879/2127 3161/5880/425 3658/5877/425
f 3660/5881/2128 3658/5877/425 3161/5880/425
f 3161/5880/425 3159/5882/2128 3660/5881/2128
f 3662/5883/2129 3660/5881/2128 3159/5882/2128
f 3159/5882/2128 3156/5884/2129 3662/5883/2129
f 3664/5885/2130 3662/5883/2129 3156/5884/2129
f 3156/5884/2129 3154/5886/2130 3664/5885/2130
f 3666/5887/2131 3664/5885/2130 3154/5886/2130
f 3154/5886/2130 3152/5888/2131 3666/5887/2131
f 3668/5889/2132 3666/5887/2131 3152/5888/2131
f 3152/5888/2131 2322/5890/2133 3668/5889/2132
f 3670/5891/2134 3668/5889/2132 2322/5890/2133
f 3670/5891/2134 2322/5890/2133 2321/5892/2135
f 2311/5893/2136 2310/5894/2137 3670/5891/2134
f 3670/5891/2134 3172/5895/2134 2311/5893/2136
f 2321/5892/2135 3172/5895/2134 3670/5891/2134
f 3174/5896/2132 3172/5895/2134 2321/5892/2135
f 3177/5897/2131 3174/5896/2132 2321/5892/2135
f 2321/5892/2135 3171/5898/2131 3177/5897/2131
f 3179/5899/2130 3177/5897/2131 3171/5898/2131
f 3171/5898/2131 3169/5900/2130 3179/5899/2130
f 3181/5901/2129 3179/5899/2130 3169/5900/2130
f 3169/5900/2130 3166/5902/2129 3181/5901/2129
f 3183/5903/2128 3181/5901/2129 3166/5902/2129
f 3166/5902/2129 3164/5904/2128 3183/5903/2128
f 3185/5905/1021 3183/5903/2128 3164/5904/2128
f 3164/5904/2128 3162/5906/425 3185/5905/1021
f 2317/5907/2126 3185/5905/1021 3162/5906/425
f 3162/5906/425 2318/5908/2126 2317/5907/2126
f 3184/4681/2138 2316/3222/2139 2319/3225/2140
f 2319/3225/2140 3163/4659/2138 3184/4681/2138
f 3182/4679/2141 3184/4681/2138 3163/4659/2138
f 3163/4659/2138 3165/4661/2142 3182/4679/2141
f 3180/4677/2143 3182/4679/2141 3165/4661/2142
f 3165/4661/2142 3167/4663/2143 3180/4677/2143
f 3178/4675/2144 3180/4677/2143 3167/4663/2143
f 3167/4663/2143 3168/4664/1716 3178/4675/2144
f 3176/4673/2145 3178/4675/2144 3168/4664/1716
f 3168/4664/1716 3170/4666/2146 3176/4673/2145
f 3175/4672/2147 3176/4673/2145 3170/4666/2146
f 3170/4666/2146 2320/3226/2148 3175/4672/2147
f 3173/4670/2149 3175/4672/2147 2320/3226/2148
f 2309/3215/2150 2308/3214/2151 3173/4670/2149
f 3173/4670/2149 3669/5874/2149 2309/3215/2150
f 3669/5874/2149 3173/4670/2149 2320/3226/2148
f 2320/3226/2148 2323/3229/2148 3669/5874/2149
f 3667/5872/2147 3669/5874/2149 2323/3229/2148
f 3665/5870/2145 3667/5872/2147 2323/3229/2148
f 2323/3229/2148 3153/4649/2152 3665/5870/2145
f 3663/5868/2144 3665/5870/2145 3153/4649/2152
f 3153/4649/2152 3155/4651/1716 3663/5868/2144
f 3661/5866/2143 3663/5868/2144 3155/4651/1716
f 3155/4651/1716 3157/4653/2143 3661/5866/2143
f 3659/5864/2142 3661/5866/2143 3157/4653/2143
f 3157/4653/2143 3158/4654/2142 3659/5864/2142
f 3657/5862/2153 3659/5864/2142 3158/4654/2142
f 3158/4654/2142 3160/4656/2138 3657/5862/2153
f 2313/3219/2140 3657/5862/2153 3160/4656/2138
f 3160/4656/2138 2314/3220/2140 2313/3219/2140
f 3671/5909/2154 2331/3237/2066 2330/3236/2066
f 2330/3236/2066 3672/5910/2155 3671/5909/2154
f 2334/3240/2156 3671/5909/2154 3672/5910/2155
f 3672/5910/2155 2335/3241/2156 2334/3240/2156
f 3673/5911/2157 2333/5912/222 2332/5913/222
f 2332/5913/222 3674/5914/2157 3673/5911/2157
f 3675/5915/2158 3673/5911/2157 3674/5914/2157
f 3674/5914/2157 3676/5916/2158 3675/5915/2158
f 3677/5917/324 3675/5915/2158 3676/5916/2158
f 3676/5916/2158 3678/5918/324 3677/5917/324
f 3679/5919/2159 3677/5917/324 3678/5918/324
f 3678/5918/324 3680/5920/2159 3679/5919/2159
f 3681/5921/2160 3679/5919/2159 3680/5920/2159
f 3680/5920/2159 3682/5922/2160 3681/5921/2160
f 3683/5923/535 3681/5921/2160 3682/5922/2160
f 3682/5922/2160 3684/5924/535 3683/5923/535
f 3685/5925/2161 3683/5923/535 3684/5924/535
f 3684/5924/535 3686/5926/2162 3685/5925/2161
f 3687/5927/2163 3685/5925/2161 3686/5926/2162
f 3686/5926/2162 3688/5928/2163 3687/5927/2163
f 2326/3232/2164 3687/5927/2163 3688/5928/2163
f 3688/5928/2163 2327/3233/2165 2326/3232/2164
f 3190/4691/98 3188/4690/98 2333/5912/98
f 2333/5912/98 3673/5911/98 3190/4691/98
f 3192/4693/98 3190/4691/98 3673/5911/98
f 3673/5911/98 3675/5915/98 3192/4693/98
f 3194/4695/98 3192/4693/98 3675/5915/98
f 3675/5915/98 3677/5917/98 3194/4695/98
f 3196/4697/98 3194/4695/98 3677/5917/98
f 3677/5917/98 3679/5919/98 3196/4697/98
f 3198/4699/98 3196/4697/98 3679/5919/98
f 3679/5919/98 3681/5921/98 3198/4699/98
f 3200/4701/98 3198/4699/98 3681/5921/98
f 3681/5921/98 3683/5923/98 3200/4701/98
f 3202/4703/98 3200/4701/98 3683/5923/98
f 3683/5923/98 3685/5925/98 3202/4703/98
f 3204/4705/98 3202/4703/98 3685/5925/98
f 3685/5925/98 3687/5927/98 3204/4705/98
f 2325/4707/98 3204/4705/98 3687/5927/98
f 3687/5927/98 2326/3232/98 2325/4707/98
f 3674/5914/52 2332/5913/52 3189/5929/52
f 3189/5929/52 3191/5930/52 3674/5914/52
f 3676/5916/52 3674/5914/52 3191/5930/52
f 3191/5930/52 3193/5931/52 3676/5916/52
f 3678/5918/52 3676/5916/52 3193/5931/52
f 3193/5931/52 3195/5932/52 3678/5918/52
f 3680/5920/52 3678/5918/52 3195/5932/52
f 3195/5932/52 3197/5933/52 3680/5920/52
f 3682/5922/52 3680/5920/52 3197/5933/52
f 3197/5933/52 3199/5934/52 3682/5922/52
f 3684/5924/52 3682/5922/52 3199/5934/52
f 3199/5934/52 3201/5935/52 3684/5924/52
f 3686/5926/52 3684/5924/52 3201/5935/52
f 3201/5935/52 3203/5936/52 3686/5926/52
f 3688/5928/52 3686/5926/52 3203/5936/52
f 3203/5936/52 3205/5937/52 3688/5928/52
f 2327/3233/52 3688/5928/52 3205/5937/52
f 3205/5937/52 2324/5938/52 2327/3233/52
f 3689/5939/98 1610/2069/98 1613/2072/98
f 1613/2072/98 3690/5940/98 3689/5939/98
f 3691/5941/98 3689/5939/98 3690/5940/98
f 3690/5940/98 3692/5942/98 3691/5941/98
f 2351/3259/98 3691/5941/98 3692/5942/98
f 3692/5942/98 2348/3256/98 2351/3259/98
f 3693/5943/52 1612/2071/52 1611/2070/52
f 1611/2070/52 3694/5944/52 3693/5943/52
f 3695/5945/52 3693/5943/52 3694/5944/52
f 3694/5944/52 3696/5946/52 3695/5945/52
f 3695/5945/52 3696/5946/52 2350/3258/52
f 2350/3258/52 2349/3257/52 3695/5945/52
f 3697/5947/98 1618/2077/98 1621/2080/98
f 1621/2080/98 3698/5948/98 3697/5947/98
f 3699/5949/98 3697/5947/98 3698/5948/98
f 3698/5948/98 3700/5950/98 3699/5949/98
f 2358/3266/98 3699/5949/98 3700/5950/98
f 3700/5950/98 2359/3267/98 2358/3266/98
f 1633/5951/2166 1632/5952/52 1628/5953/52
f 1628/5953/52 1627/5954/2166 1633/5951/2166
f 1637/5955/2167 1633/5951/2166 1627/5954/2166
f 1627/5954/2166 1631/2090/2167 1637/5955/2167
f 1638/5956/98 1637/5955/2167 1631/2090/2167
f 1631/2090/2167 1630/2089/98 1638/5956/98
f 1639/5957/2168 1638/5956/98 1630/2089/98
f 1630/2089/98 1629/5958/2169 1639/5957/2168
f 1643/5959/2170 1639/5957/2168 1629/5958/2169
f 1629/5958/2169 1626/2085/2170 1643/5959/2170
f 1632/5960/52 1643/5959/2170 1626/2085/2170
f 1626/2085/2170 1628/2087/52 1632/5960/52
f 2362/3270/52 1626/5961/52 2363/3271/2171
f 1626/5961/52 2362/3270/52 2367/3275/52
f 2367/3275/52 1627/5962/52 1626/5961/52
f 2367/3275/52 2366/3274/2172 1627/5962/52
f 1652/5963/2173 1798/5964/98 1706/5965/98
f 1706/5965/98 1705/5966/2174 1652/5963/2173
f 1644/5967/2175 1652/5963/2173 1705/5966/2174
f 1705/5966/2174 1708/5968/2176 1644/5967/2175
f 1645/5969/52 1644/5967/2175 1708/5968/2176
f 1708/5968/2176 1707/5970/52 1645/5969/52
f 1649/5971/2177 1645/5969/52 1707/5970/52
f 1707/5970/52 2373/5972/2170 1649/5971/2177
f 1650/5973/2178 1649/5971/2177 2373/5972/2170
f 2373/5972/2170 2372/5974/2169 1650/5973/2178
f 1798/5975/98 1650/5973/2178 2372/5974/2169
f 2372/5974/2169 1706/5976/98 1798/5975/98
f 1636/5977/2179 1635/5978/98 1659/5979/98
f 1659/5979/98 1656/5980/2179 1636/5977/2179
f 1634/5981/2180 1636/5977/2179 1656/5980/2179
f 1656/5980/2179 1654/5982/2181 1634/5981/2180
f 1641/5983/52 1634/5981/2180 1654/5982/2181
f 1654/5982/2181 1653/5984/52 1641/5983/52
f 1642/5985/2182 1641/5983/52 1653/5984/52
f 1653/5984/52 1662/5986/2183 1642/5985/2182
f 1640/5987/2168 1642/5985/2182 1662/5986/2183
f 1662/5986/2183 1660/5988/2168 1640/5987/2168
f 1635/5989/98 1640/5987/2168 1660/5988/2168
f 1660/5988/2168 1659/5990/98 1635/5989/98
f 1655/2114/891 2370/5991/888 1653/2112/885
f 1662/2121/887 1653/2112/885 2370/5991/888
f 2370/5991/888 1663/2122/887 1662/2121/887
f 3701/5992/2184 3702/5993/2185 2371/5994/2185
f 2371/5994/2185 1666/5995/2184 3701/5992/2184
f 3703/5996/2186 3701/5992/2184 1666/5995/2184
f 1666/5995/2184 1665/5997/2187 3703/5996/2186
f 3704/5998/2188 3703/5996/2186 1665/5997/2187
f 1665/5997/2187 1664/5999/884 3704/5998/2188
f 3705/6000/2189 3704/5998/2188 1664/5999/884
f 1664/5999/884 1710/6001/2189 3705/6000/2189
f 3706/6002/2190 3705/6000/2189 1710/6001/2189
f 1710/6001/2189 3226/6003/2190 3706/6002/2190
f 3707/6004/2191 3706/6002/2190 3226/6003/2190
f 3226/6003/2190 3228/6005/2191 3707/6004/2191
f 3708/6006/2192 3707/6004/2191 3228/6005/2191
f 3228/6005/2191 3230/6007/2192 3708/6006/2192
f 3709/6008/2193 3708/6006/2192 3230/6007/2192
f 3230/6007/2192 3229/6009/2194 3709/6008/2193
f 3710/6010/2195 3709/6008/2193 3229/6009/2194
f 3229/6009/2194 3227/6011/2195 3710/6010/2195
f 3711/6012/2196 3710/6010/2195 3227/6011/2195
f 3227/6011/2195 3225/6013/2196 3711/6012/2196
f 3712/6014/2197 3711/6012/2196 3225/6013/2196
f 3225/6013/2196 1709/6015/2197 3712/6014/2197
f 3702/6016/2185 3712/6014/2197 1709/6015/2197
f 1709/6015/2197 2371/6017/2185 3702/6016/2185
f 1677/2136/892 3209/6018/892 1679/2138/893
f 3215/6019/892 1679/2138/893 3209/6018/892
f 3209/6018/892 1680/2139/892 3215/6019/892
f 1670/2129/892 3215/6019/892 1680/2139/892
f 3713/6020/2198 3714/6021/2199 3213/6022/2199
f 3213/6022/2199 3214/6023/2198 3713/6020/2198
f 3715/6024/2200 3713/6020/2198 3214/6023/2198
f 3214/6023/2198 3206/4712/2200 3715/6024/2200
f 3716/6025/2201 3715/6024/2200 3206/4712/2200
f 3206/4712/2200 3207/4715/2201 3716/6025/2201
f 3717/6026/2202 3716/6025/2201 3207/4715/2201
f 3207/4715/2201 3208/4717/2203 3717/6026/2202
f 3718/6027/2204 3717/6026/2202 3208/4717/2203
f 3208/4717/2203 3210/4719/2205 3718/6027/2204
f 3719/6028/2206 3718/6027/2204 3210/4719/2205
f 3210/4719/2205 3211/4721/2206 3719/6028/2206
f 3720/6029/2207 3719/6028/2206 3211/4721/2206
f 3211/4721/2206 3212/4723/2207 3720/6029/2207
f 3714/6030/2199 3720/6029/2207 3212/4723/2207
f 3212/4723/2207 3213/4725/2199 3714/6030/2199
f 3721/6031/2208 3722/6032/2209 3723/6033/2209
f 3723/6033/2209 3724/6034/2208 3721/6031/2208
f 3725/6035/1734 3721/6031/2208 3724/6034/2208
f 3724/6034/2208 3726/6036/1734 3725/6035/1734
f 3727/6037/2210 3725/6035/1734 3726/6036/1734
f 3726/6036/1734 3728/6038/2211 3727/6037/2210
f 3729/6039/2212 3727/6037/2210 3728/6038/2211
f 3728/6038/2211 3730/6040/1623 3729/6039/2212
f 3731/6041/2213 3729/6039/2212 3730/6040/1623
f 3730/6040/1623 3732/6042/2213 3731/6041/2213
f 3733/6043/2214 3731/6041/2213 3732/6042/2213
f 3732/6042/2213 3734/6044/2214 3733/6043/2214
f 3735/6045/2215 3733/6043/2214 3734/6044/2214
f 3734/6044/2214 3736/6046/2215 3735/6045/2215
f 3737/6047/2216 3735/6045/2215 3736/6046/2215
f 3736/6046/2215 3738/6048/2217 3737/6047/2216
f 3739/6049/2218 3737/6047/2216 3738/6048/2217
f 3738/6048/2217 3740/6050/2219 3739/6049/2218
f 3741/6051/1733 3739/6049/2218 3740/6050/2219
f 3740/6050/2219 3742/6052/1733 3741/6051/1733
f 3743/6053/2220 3741/6051/1733 3742/6052/1733
f 3742/6052/1733 3744/6054/2220 3743/6053/2220
f 3745/6055/2221 3743/6053/2220 3744/6054/2220
f 3744/6054/2220 3746/6056/2222 3745/6055/2221
f 3747/6057/1350 3745/6055/2221 3746/6056/2222
f 3746/6056/2222 3748/6058/2223 3747/6057/1350
f 3749/6059/2224 3747/6057/1350 3748/6058/2223
f 3748/6058/2223 3750/6060/2224 3749/6059/2224
f 3751/6061/2225 3749/6059/2224 3750/6060/2224
f 3750/6060/2224 3752/6062/2226 3751/6061/2225
f 3722/6063/2209 3751/6061/2225 3752/6062/2226
f 3752/6062/2226 3723/6064/2209 3722/6063/2209
f 3753/6065/1518 3754/6066/19 3755/6067/19
f 3755/6067/19 3756/6068/1518 3753/6065/1518
f 3757/6069/104 3753/6065/1518 3756/6068/1518
f 3756/6068/1518 3758/6070/104 3757/6069/104
f 3759/6071/1529 3757/6069/104 3758/6070/104
f 3758/6070/104 3760/6072/1529 3759/6071/1529
f 3761/6073/14 3759/6071/1529 3760/6072/1529
f 3760/6072/1529 3762/6074/14 3761/6073/14
f 3763/6075/1120 3761/6073/14 3762/6074/14
f 3762/6074/14 3764/6076/1120 3763/6075/1120
f 3765/6077/535 3763/6075/1120 3764/6076/1120
f 3764/6076/1120 3766/6078/535 3765/6077/535
f 3767/6079/1508 3765/6077/535 3766/6078/535
f 3766/6078/535 3768/6080/1508 3767/6079/1508
f 3754/6081/19 3767/6079/1508 3768/6080/1508
f 3768/6080/1508 3755/6082/19 3754/6081/19
f 3769/6083/2227 1703/2162/2228 1700/2159/2229
f 1700/2159/2229 3770/6084/2227 3769/6083/2227
f 3771/6085/2230 3769/6083/2227 3770/6084/2227
f 3770/6084/2227 3772/6086/2231 3771/6085/2230
f 3773/6087/2232 3771/6085/2230 3772/6086/2231
f 3772/6086/2231 3774/6088/2233 3773/6087/2232
f 3775/6089/2234 3773/6087/2232 3774/6088/2233
f 3774/6088/2233 3776/6090/2235 3775/6089/2234
f 3777/6091/2236 3775/6089/2234 3776/6090/2235
f 3776/6090/2235 3778/6092/2237 3777/6091/2236
f 3779/6093/2238 3777/6091/2236 3778/6092/2237
f 3778/6092/2239 3780/6094/2239 3779/6093/2239
f 3781/6095/2240 1704/2163/2241 1703/2162/2242
f 1703/2162/2242 3769/6083/2243 3781/6095/2240
f 3782/6096/2244 3781/6095/2240 3769/6083/2243
f 3769/6083/2243 3771/6085/2245 3782/6096/2244
f 3783/6097/2246 3782/6096/2244 3771/6085/2245
f 3771/6085/2245 3773/6087/2247 3783/6097/2246
f 3784/6098/2248 3783/6097/2246 3773/6087/2247
f 3773/6087/2247 3775/6089/2248 3784/6098/2248
f 3785/6099/2249 3784/6098/2248 3775/6089/2248
f 3775/6089/2248 3777/6091/2250 3785/6099/2249
f 3786/6100/2251 3785/6099/2249 3777/6091/2250
f 3777/6091/2252 3779/6093/2253 3786/6100/2253
f 3787/6101/2254 1699/3301/2255 1704/2163/2256
f 1704/2163/2256 3781/6095/2257 3787/6101/2254
f 3788/6102/2258 3787/6101/2254 3781/6095/2257
f 3781/6095/2257 3782/6096/2259 3788/6102/2258
f 3789/6103/2260 3788/6102/2258 3782/6096/2259
f 3782/6096/2259 3783/6097/2261 3789/6103/2260
f 3790/6104/2262 3789/6103/2260 3783/6097/2261
f 3783/6097/2261 3784/6098/2262 3790/6104/2262
f 3791/6105/2263 3790/6104/2262 3784/6098/2262
f 3784/6098/2262 3785/6099/2264 3791/6105/2263
f 3792/6106/2265 3791/6105/2263 3785/6099/2264
f 3785/6099/2266 3786/6100/2266 3792/6106/2266
f 3770/6084/2267 1700/2159/2268 1699/2158/2269
f 1699/2158/2269 3787/6107/2270 3770/6084/2267
f 3772/6086/2271 3770/6084/2267 3787/6107/2270
f 3787/6107/2270 3788/6108/2272 3772/6086/2271
f 3774/6088/2273 3772/6086/2271 3788/6108/2272
f 3788/6108/2272 3789/6109/2273 3774/6088/2273
f 3776/6090/2274 3774/6088/2273 3789/6109/2273
f 3789/6109/2273 3790/6110/2275 3776/6090/2274
f 3778/6092/2276 3776/6090/2274 3790/6110/2275
f 3790/6110/2275 3791/6111/2276 3778/6092/2276
f 3780/6094/2277 3778/6092/2276 3791/6111/2276
f 3791/6111/2276 3792/6112/2278 3780/6094/2278
f 3219/6113/888 3222/6114/2279 3793/6115/2279
f 3793/6115/2279 3794/6116/888 3219/6113/888
f 3216/6117/2280 3219/6113/888 3794/6116/888
f 3794/6116/888 3795/6118/2280 3216/6117/2280
f 3796/6119/914 3216/6117/2280 3795/6118/2280
f 3795/6118/2280 3797/6120/914 3796/6119/914
f 3798/6121/889 3796/6119/914 3797/6120/914
f 3797/6120/914 3799/6122/903 3798/6121/889
f 3800/6123/2281 3798/6121/889 3799/6122/903
f 3799/6122/903 3801/6124/2282 3800/6123/2281
f 3222/6125/2279 3800/6123/2281 3801/6124/2282
f 3801/6124/2282 3793/6126/2279 3222/6125/2279
f 3802/6127/98 3217/4749/98 3216/4748/98
f 3216/4748/98 3796/6128/98 3802/6127/98
f 3796/6128/98 3803/6129/98 3802/6127/98
f 3804/6130/98 3803/6129/98 3796/6128/98
f 3796/6128/98 3798/6131/98 3804/6130/98
f 3798/6131/98 3805/6132/98 3804/6130/98
f 3806/6133/98 3805/6132/98 3798/6131/98
f 3798/6131/98 3800/6134/98 3806/6133/98
f 3800/6134/98 3807/6135/98 3806/6133/98
f 3224/4756/98 3807/6135/98 3800/6134/98
f 3800/6134/98 3222/4754/98 3224/4756/98
f 71/155/2283 129/154/2284 143/173/738
f 143/173/738 68/6136/1294 71/155/2283
f 3808/6137/2285 68/6136/1294 143/173/738
f 143/173/738 142/172/2286 3808/6137/2285
f 91/6138/2287 93/6139/98 96/6140/38
f 96/6140/38 2416/3378/38 91/6138/2287
f 91/6138/2287 2416/3378/38 2415/3375/2288
f 2415/3375/2288 92/6141/2289 91/6138/2287
f 128/6142/2290 127/6143/2291 3809/6144/2292
f 3809/6144/2292 3810/6145/2293 128/6142/2290
f 3810/6145/2293 3809/6144/2292 3811/6146/2294
f 3811/6146/2294 3809/6144/2292 127/6147/2291
f 127/6147/2291 149/6148/2295 3811/6146/2294
f 3811/6146/2294 3812/6149/2296 3810/6145/2293
f 3812/6149/2296 3811/6146/2294 149/6150/2295
f 149/6150/2295 424/6151/2297 3812/6149/2296
f 128/6152/2290 3810/6145/2293 3812/6149/2296
f 3812/6149/2296 424/6153/2297 128/6152/2290
f 2563/3614/2298 1912/3612/2299 1911/6154/2300
f 1911/6154/2300 2571/3622/2301 2563/3614/2298
f 1911/6154/2300 2575/3626/2302 2571/3622/2301
f 1911/6154/2300 267/341/2303 2575/3626/2302
f 2418/6155/2304 186/230/2305 2537/3585/2306
f 2537/3585/2306 2419/6156/2307 2418/6155/2304
f 2421/6157/2308 2419/6156/2307 2537/3585/2306
f 2537/3585/2306 2536/3584/2309 2421/6157/2308
f 2423/6158/2310 2421/6157/2308 2536/3584/2309
f 2536/3584/2309 2535/3583/2311 2423/6158/2310
f 2425/6159/2312 2423/6158/2310 2535/3583/2311
f 2535/3583/2311 2534/3582/2313 2425/6159/2312
f 2427/6160/2314 2425/6159/2312 2534/3582/2313
f 2534/3582/2313 2533/3581/2315 2427/6160/2314
f 2427/6160/2314 2533/3581/2315 2532/3580/2316
f 2532/3580/2316 2428/6161/2317 2427/6160/2314
f 2428/6161/2317 2532/3580/2316 2531/3579/2318
f 2531/3579/2318 2431/6162/2319 2428/6161/2317
f 2431/6162/2319 2531/3579/2318 2530/3578/2320
f 2530/3578/2320 2433/6163/2321 2431/6162/2319
f 2434/6164/2322 2433/6163/2321 2530/3578/2320
f 2530/3578/2320 2529/3577/2323 2434/6164/2322
f 2436/6165/2324 2434/6164/2322 2529/3577/2323
f 2529/3577/2323 2528/3576/2325 2436/6165/2324
f 2439/6166/2326 2436/6165/2324 2528/3576/2325
f 2528/3576/2325 2527/3575/2327 2439/6166/2326
f 2439/6166/2326 2527/3575/2327 2526/3574/2328
f 2526/3574/2328 2440/6167/2329 2439/6166/2326
f 2440/6167/2329 2526/3574/2328 2525/3573/2330
f 2525/3573/2330 2442/6168/2331 2440/6167/2329
f 2442/6168/2331 2525/3573/2330 2524/3572/2332
f 2524/3572/2332 2444/6169/2333 2442/6168/2331
f 2444/6169/2333 2524/3572/2332 2523/3571/2334
f 2523/3571/2334 2446/6170/2335 2444/6169/2333
f 2448/6171/2336 2446/6170/2335 2523/3571/2334
f 2523/3571/2334 452/587/2337 2448/6171/2336
f 1942/2499/104 1941/2498/2338 1946/2503/2338
f 1946/2503/2338 1945/2502/104 1942/2499/104
f 1942/2499/104 1945/2502/104 2037/2665/2339
f 2037/2665/2339 2034/2662/2339 1942/2499/104
f 2463/3446/2340 2379/3448/2341 3813/6172/2342
f 2379/3448/2341 1951/6173/2340 3813/6172/2342
f 1951/6173/2340 1949/6174/2140 3813/6172/2342
f 3814/6175/420 3813/6172/2342 1949/6174/2140
f 1949/6174/2140 1950/6176/2343 3814/6175/420
f 3815/6177/2344 3814/6175/420 1950/6176/2343
f 1950/6176/2343 1952/6178/2345 3815/6177/2344
f 3815/6177/2344 1952/6178/2345 1953/6179/2346
f 1953/6179/2346 3816/6180/2347 3815/6177/2344
f 3816/6180/2347 1953/6179/2346 1954/6181/2142
f 1954/6181/2142 3817/6182/1068 3816/6180/2347
f 1917/6183/2348 3817/6182/1068 1954/6181/2142
f 1954/6181/2142 1955/6184/2349 1917/6183/2348
f 1917/6183/2348 1955/6184/2349 1957/6185/2350
f 1917/6183/2348 1957/6185/2350 3298/6186/2351
f 3298/6186/2351 1918/6187/2348 1917/6183/2348
f 1918/6187/2348 3298/6186/2351 3297/6188/2352
f 1918/6187/2348 3297/6188/2352 3296/6189/2142
f 3296/6189/2142 3818/6190/1068 1918/6187/2348
f 3819/6191/2347 3818/6190/1068 3296/6189/2142
f 3296/6189/2142 3295/6192/2346 3819/6191/2347
f 3820/6193/2344 3819/6191/2347 3295/6192/2346
f 3295/6192/2346 3294/6194/2353 3820/6193/2344
f 3820/6193/2344 3294/6194/2353 3293/6195/422
f 3293/6195/422 3821/6196/1020 3820/6193/2344
f 3821/6196/1020 3293/6195/422 3292/6197/2140
f 3292/6197/2140 3822/6198/2354 3821/6196/1020
f 3245/6199/2355 3822/6198/2354 3292/6197/2140
f 3822/6198/2354 3245/6199/2355 2699/3802/2356
f 2701/3804/2355 3822/6198/2354 2699/3802/2356
f 419/541/2171 412/528/2357 365/531/2358
f 365/531/2358 364/6200/1288 419/541/2171
f 419/541/2171 364/6200/1288 3823/6201/2359
f 3823/6201/2359 141/538/2360 419/541/2171
f 387/6202/292 386/6203/52 385/6204/294
f 385/6204/294 3247/4843/294 387/6202/292
f 385/6204/294 3246/4840/294 3247/4843/294
f 3246/4840/294 385/6204/294 384/6205/1288
f 2013/6206/2361 2014/3601/2362 2548/3597/2363
f 2548/3597/2363 2552/3602/2364 2013/6206/2361
f 2013/6206/2361 2552/3602/2364 2555/3605/2365
f 2013/6206/2361 2555/3605/2365 548/714/2366
f 3316/6207/14 3314/5034/14 3313/5033/14
f 3313/5033/14 3322/6208/14 3316/6207/14
f 3316/6207/14 3322/6208/14 3320/6209/14
f 3320/6209/14 3318/6210/14 3316/6207/14
f 3329/6211/14 3333/6212/14 3335/6213/14
f 3335/6213/14 3337/6214/14 3329/6211/14
f 3329/6211/14 3337/6214/14 3339/6215/14
f 3339/6215/14 3330/6216/14 3329/6211/14
f 3348/5080/19 3346/5078/19 3344/6217/19
f 3344/6217/19 3343/6218/19 3348/5080/19
f 3348/5080/19 3343/6218/19 3352/6219/19
f 3352/6219/19 3350/6220/19 3348/5080/19
f 2062/6221/19 2071/6222/19 2064/2730/19
f 2064/2730/19 2063/6223/19 2062/6221/19
f 2069/6224/19 2063/6223/19 2064/2730/19
f 2064/2730/19 2067/2733/19 2069/6224/19
f 2069/6224/19 2067/2733/19 2056/6225/19
f 2056/6225/19 2059/6226/19 2069/6224/19
f 654/860/19 656/6227/19 648/6228/19
f 648/6228/19 651/6229/19 654/860/19
f 654/860/19 651/6229/19 659/6230/19
f 659/6230/19 655/861/19 654/860/19
f 2068/6231/19 655/861/19 659/6230/19
f 659/6230/19 658/6232/19 2068/6231/19
f 675/884/2367 692/904/2368 689/901/32
f 689/901/32 679/888/1002 675/884/2367
f 679/888/1002 2074/6233/52 675/884/2367
f 676/885/52 675/884/2367 2074/6233/52
f 2074/6233/52 1428/1869/52 676/885/52
f 2074/6233/52 2075/6234/52 1428/1869/52
f 2073/6235/98 665/873/98 664/872/98
f 677/886/98 665/873/98 2073/6235/98
f 2073/6235/98 684/894/240 677/886/98
f 684/894/240 2073/6235/98 682/891/98
f 682/891/98 686/896/240 684/894/240
f 684/894/240 686/896/240 687/898/2369
f 687/898/2369 688/899/2369 684/894/240
f 1746/6236/2370 1747/2772/2371 717/2771/2372
f 717/2771/2372 724/6237/2373 1746/6236/2370
f 1746/6236/2370 724/6237/2373 729/6238/535
f 729/6238/535 1749/6239/535 1746/6236/2370
f 2089/2839/52 2088/2838/52 2091/6240/52
f 2091/6240/52 2094/6241/52 2089/2839/52
f 2089/2839/52 2094/6241/52 2745/6242/52
f 2745/6242/52 2747/6243/52 2089/2839/52
f 2093/6244/98 2092/6245/98 2087/2837/98
f 2087/2837/98 2090/2840/98 2093/6244/98
f 2093/6244/98 2090/2840/98 2746/6246/98
f 2746/6246/98 2744/6247/98 2093/6244/98
f 796/6248/98 795/6249/98 2095/2845/98
f 2095/2845/98 2096/2846/98 796/6248/98
f 796/6248/98 2096/2846/98 2749/6250/98
f 2749/6250/98 2748/6251/98 796/6248/98
f 2782/4081/2374 2112/4083/98 2111/6252/98
f 2111/6252/98 3824/6253/2374 2782/4081/2374
f 2782/4081/2374 3824/6253/2374 3825/6254/2375
f 3825/6254/2375 2780/4079/2375 2782/4081/2374
f 2780/4079/2375 3825/6254/2375 3826/6255/2376
f 3826/6255/2376 2778/4077/2377 2780/4079/2375
f 2778/4077/2377 3826/6255/2376 3827/6256/2029
f 3827/6256/2029 2776/4075/2029 2778/4077/2377
f 2776/4075/2029 3827/6256/2029 3828/6257/2378
f 3828/6257/2378 2774/4073/2378 2776/4075/2029
f 2772/4071/2379 2774/4073/2378 3828/6257/2378
f 3828/6257/2378 3829/6258/2380 2772/4071/2379
f 2771/4070/2381 2772/4071/2379 3829/6258/2380
f 3829/6258/2380 3830/6259/2382 2771/4070/2381
f 2771/4070/2381 3830/6259/2382 3831/6260/2383
f 3831/6260/2383 2769/4068/2383 2771/4070/2381
f 2767/4066/2384 2769/4068/2383 3831/6260/2383
f 3831/6260/2383 3832/6261/2384 2767/4066/2384
f 2765/4064/2385 2767/4066/2384 3832/6261/2384
f 3832/6261/2384 3833/6262/2385 2765/4064/2385
f 2763/4062/2386 2765/4064/2385 3833/6262/2385
f 3833/6262/2385 3834/6263/2386 2763/4062/2386
f 2761/4060/2387 2763/4062/2386 3834/6263/2386
f 3834/6263/2386 3835/6264/2387 2761/4060/2387
f 2761/4060/2387 3835/6264/2387 2115/6265/52
f 2115/6265/52 2114/4058/52 2761/4060/2387
f 2110/2879/52 2109/2878/52 2783/4082/2388
f 2783/4082/2388 3836/6266/2388 2110/2879/52
f 3837/6267/2389 3836/6266/2388 2783/4082/2388
f 2783/4082/2388 2781/4080/2390 3837/6267/2389
f 3837/6267/2389 2781/4080/2390 2779/4078/2391
f 2779/4078/2391 3838/6268/2391 3837/6267/2389
f 3838/6268/2391 2779/4078/2391 2777/4076/2392
f 2777/4076/2392 3839/6269/2393 3838/6268/2391
f 3839/6269/2393 2777/4076/2392 2775/4074/2394
f 2775/4074/2394 3840/6270/2395 3839/6269/2393
f 3840/6270/2395 2775/4074/2394 2773/4072/2396
f 2773/4072/2396 3841/6271/2396 3840/6270/2395
f 3841/6271/2396 2773/4072/2396 2770/4069/2397
f 2770/4069/2397 3842/6272/2397 3841/6271/2396
f 3843/6273/2398 3842/6272/2397 2770/4069/2397
f 2770/4069/2397 2768/4067/2398 3843/6273/2398
f 3844/6274/2399 3843/6273/2398 2768/4067/2398
f 2768/4067/2398 2766/4065/2400 3844/6274/2399
f 3845/6275/2401 3844/6274/2399 2766/4065/2400
f 2766/4065/2400 2764/4063/2402 3845/6275/2401
f 3846/6276/2403 3845/6275/2401 2764/4063/2402
f 2764/4063/2402 2762/4061/2404 3846/6276/2403
f 3846/6276/2403 2762/4061/2404 2760/4059/2405
f 2760/4059/2405 3847/6277/2405 3846/6276/2403
f 2116/2885/98 3847/6277/2405 2760/4059/2405
f 2760/4059/2405 2113/2882/98 2116/2885/98
f 3824/6278/104 2111/6279/104 2110/2879/104
f 2110/2879/104 3836/6266/104 3824/6278/104
f 3824/6278/104 3836/6266/104 3837/6267/104
f 3837/6267/104 3825/6280/104 3824/6278/104
f 3825/6280/104 3837/6267/104 3838/6268/104
f 3838/6268/104 3826/6281/104 3825/6280/104
f 3826/6281/104 3838/6268/104 3839/6269/104
f 3839/6269/104 3827/6282/104 3826/6281/104
f 3827/6282/104 3839/6269/104 3840/6270/104
f 3840/6270/104 3828/6283/104 3827/6282/104
f 3829/6284/104 3828/6283/104 3840/6270/104
f 3840/6270/104 3841/6271/104 3829/6284/104
f 3829/6284/104 3841/6271/104 3842/6272/104
f 3842/6272/104 3830/6285/104 3829/6284/104
f 3830/6285/104 3842/6272/104 3843/6273/104
f 3843/6273/104 3831/6286/104 3830/6285/104
f 3832/6287/104 3831/6286/104 3843/6273/104
f 3843/6273/104 3844/6274/104 3832/6287/104
f 3833/6288/104 3832/6287/104 3844/6274/104
f 3844/6274/104 3845/6275/104 3833/6288/104
f 3834/6289/104 3833/6288/104 3845/6275/104
f 3845/6275/104 3846/6276/104 3834/6289/104
f 3835/6290/104 3834/6289/104 3846/6276/104
f 3846/6276/104 3847/6277/104 3835/6290/104
f 3835/6290/104 3847/6277/104 2116/2885/104
f 2116/2885/104 2115/6291/104 3835/6290/104
f 3408/6292/52 3417/6293/52 3415/6294/52
f 3415/6294/52 3413/6295/52 3408/6292/52
f 3408/6292/52 3413/6295/52 3411/6296/52
f 3411/6296/52 3409/6297/52 3408/6292/52
f 3403/6298/98 3404/6299/98 3405/6300/98
f 3405/6300/98 3401/6301/98 3403/6298/98
f 3403/6298/98 3401/6301/98 3400/6302/98
f 3400/6302/98 3402/6303/98 3403/6298/98
f 3848/6304/2406 3849/6305/2407 3850/6306/2408
f 3849/6305/2407 3848/6304/2406 3851/6307/2409
f 3851/6307/2409 3852/6308/2410 3849/6305/2407
f 3853/6309/2411 3849/6305/2407 3852/6308/2410
f 3852/6308/2410 3854/6310/2412 3853/6309/2411
f 3855/6311/2413 3853/6309/2411 3854/6310/2412
f 3854/6310/2412 3856/6312/2414 3855/6311/2413
f 3856/6312/2414 3851/6313/2409 3848/6314/2406
f 3848/6314/2406 3855/6311/2413 3856/6312/2414
f 3855/6311/2413 3848/6314/2406 3857/6315/2415
f 3855/6311/2413 3857/6315/2415 3858/6316/2416
f 3858/6316/2416 3853/6309/2411 3855/6311/2413
f 3849/6317/2407 3853/6309/2411 3858/6316/2416
f 3858/6316/2416 3850/6318/2408 3849/6317/2407
f 1217/6319/712 1238/1602/713 1240/1604/712
f 1240/1604/712 1224/6320/712 1217/6319/712
f 1217/6319/712 1224/6320/712 1223/1590/713
f 1223/1590/713 1218/1571/713 1217/6319/712
f 1221/6321/143 2849/6322/143 2848/6323/711
f 2848/6323/711 2847/6324/143 1221/6321/143
f 1220/1579/143 1222/1578/143 1221/6321/143
f 1221/6321/143 2847/6324/143 1220/1579/143
f 2220/4371/104 2221/6325/104 2953/6326/104
f 2953/6326/104 2946/4372/104 2220/4371/104
f 2947/4373/1465 2946/4372/104 2953/6326/104
f 2953/6326/104 2954/6327/1465 2947/4373/1465
f 2948/4374/1469 2947/4373/1465 2954/6327/1465
f 2954/6327/1465 2955/6328/1469 2948/4374/1469
f 2949/4375/14 2948/4374/1469 2955/6328/1469
f 2955/6328/1469 2956/6329/14 2949/4375/14
f 2950/4376/2417 2949/4375/14 2956/6329/14
f 2956/6329/14 2957/6330/1441 2950/4376/2417
f 2951/4377/1445 2950/4376/2417 2957/6330/1441
f 2957/6330/1441 2958/6331/1445 2951/4377/1445
f 2952/4378/535 2951/4377/1445 2958/6331/1445
f 2958/6331/1445 2959/6332/535 2952/4378/535
f 2952/4378/535 2959/6332/535 2222/6333/535
f 2222/6333/535 2223/4379/535 2952/4378/535
f 3485/6334/104 2233/6335/104 2232/5567/104
f 2232/5567/104 3478/5566/104 3485/6334/104
f 3485/6334/104 3478/5566/104 3479/5568/2418
f 3479/5568/2418 3486/6336/1465 3485/6334/104
f 3486/6336/1465 3479/5568/2418 3480/5569/2026
f 3480/5569/2026 3487/6337/2419 3486/6336/1465
f 3487/6337/2419 3480/5569/2026 3481/5570/14
f 3481/5570/14 3488/6338/14 3487/6337/2419
f 3488/6338/14 3481/5570/14 3482/5571/1441
f 3482/5571/1441 3489/6339/1441 3488/6338/14
f 3489/6339/1441 3482/5571/1441 3483/5572/1445
f 3483/5572/1445 3490/6340/1445 3489/6339/1441
f 3490/6340/1445 3483/5572/1445 3484/5573/535
f 3484/5573/535 3491/6341/535 3490/6340/1445
f 2234/6342/535 3491/6341/535 3484/5573/535
f 3484/5573/535 2235/5574/535 2234/6342/535
f 2964/6343/14 2967/6344/14 2969/6345/14
f 2969/6345/14 2971/6346/14 2964/6343/14
f 2964/6343/14 2971/6346/14 3492/6347/2208
f 3492/6347/2208 3501/6348/2208 2964/6343/14
f 3503/5604/2420 3501/6348/2208 3492/6347/2208
f 3492/6347/2208 3494/5605/2420 3503/5604/2420
f 2970/4400/19 2968/4398/19 2966/4396/19
f 2966/4396/19 2965/4395/19 2970/4400/19
f 2970/4400/19 2965/4395/19 3500/5594/2421
f 3500/5594/2421 3493/5585/2219 2970/4400/19
f 3495/5587/2422 3493/5585/2219 3500/5594/2421
f 3500/5594/2421 3502/5596/2422 3495/5587/2422
f 2257/6349/1095 2256/3150/1095 2265/3162/1089
f 2265/3162/1089 1561/6350/1088 2257/6349/1095
f 1558/6351/2423 1561/6350/1088 2265/3162/1089
f 2265/3162/1089 2264/3161/2424 1558/6351/2423
f 1558/6351/2423 2264/3161/2424 2267/3164/2425
f 2267/3164/2425 2264/3161/2424 1560/2013/1754
f 1560/2013/1754 1559/2012/1754 2267/3164/2425
f 2267/3164/2425 1555/6352/1089 1558/6351/2423
f 1566/6353/1089 1555/6352/1089 2267/3164/2425
f 2267/3164/2425 2266/3163/1088 1566/6353/1089
f 1566/6353/1089 2266/3163/1088 2263/3159/1095
f 2263/3159/1095 2262/6354/1095 1566/6353/1089
f 3581/6355/535 3582/5765/535 2269/3166/535
f 2269/3166/535 2271/6356/535 3581/6355/535
f 2272/6357/535 2271/6356/535 2269/3166/535
f 2269/3166/535 2268/3165/535 2272/6357/535
f 2272/6357/535 2268/3165/535 3571/5752/535
f 3571/5752/535 3572/6358/535 2272/6357/535
f 3582/5765/19 3581/6355/19 3580/6359/2426
f 3580/6359/2426 3583/5766/2427 3582/5765/19
f 3584/5767/2426 3583/5766/2427 3580/6359/2426
f 3580/6359/2426 3579/6360/2426 3584/5767/2426
f 3584/5767/2426 3579/6360/2426 3578/6361/2127
f 3578/6361/2127 3585/5768/2127 3584/5767/2426
f 3586/5769/2127 3585/5768/2127 3578/6361/2127
f 3578/6361/2127 3577/6362/2127 3586/5769/2127
f 3586/5769/2127 3577/6362/2127 1573/2028/19
f 1573/2028/19 1572/2027/19 3586/5769/2127
f 2275/3174/19 2274/3173/19 3576/6363/2127
f 3576/6363/2127 3567/5748/2126 2275/3174/19
f 3568/5749/2127 3567/5748/2126 3576/6363/2127
f 3576/6363/2127 3575/6364/2126 3568/5749/2127
f 3568/5749/2127 3575/6364/2126 3574/6365/2426
f 3574/6365/2426 3569/5750/2426 3568/5749/2127
f 3570/5751/2427 3569/5750/2426 3574/6365/2426
f 3574/6365/2426 3573/6366/2426 3570/5751/2427
f 3570/5751/2427 3573/6366/2426 3572/6358/19
f 3572/6358/19 3571/5752/19 3570/5751/2427
f 3590/6367/14 3588/6368/14 3111/6369/14
f 3111/6369/14 3096/6370/14 3590/6367/14
f 3097/6371/2428 3096/6370/14 3111/6369/14
f 3111/6369/14 3114/6372/2428 3097/6371/2428
f 3097/6371/2428 3114/6372/2428 3116/4603/2429
f 3116/4603/2429 3099/4602/2420 3097/6371/2428
f 3587/5770/19 3589/5772/19 3095/4570/19
f 3095/4570/19 3112/4587/19 3587/5770/19
f 3113/4588/2218 3112/4587/19 3095/4570/19
f 3095/4570/19 3098/4573/2218 3113/4588/2218
f 3113/4588/2218 3098/4573/2218 3100/4575/2422
f 3100/4575/2422 3115/4590/2422 3113/4588/2218
f 1587/2046/2430 2292/3194/1112 2293/6373/1112
f 2293/6373/1112 1580/6374/2430 1587/2046/2430
f 1587/2046/2430 1580/6374/2430 1575/2030/2431
f 1575/2030/2431 1586/2045/2432 1587/2046/2430
f 1588/2047/2433 1586/2045/2432 1575/2030/2431
f 1579/2036/2098 1586/2045/2432 1588/2047/2433
f 1588/2047/2433 1578/2033/2434 1579/2036/2098
f 1575/2030/2431 1574/2029/2435 1588/2047/2433
f 1588/2047/2433 1574/2029/2435 1585/6375/2436
f 1585/6375/2436 1589/2048/1939 1588/2047/2433
f 2299/3204/1116 1589/2048/1939 1585/6375/2436
f 1585/6375/2436 2298/6376/1116 2299/3204/1116
f 3150/6377/14 3139/6378/14 3142/6379/14
f 3142/6379/14 3148/6380/14 3150/6377/14
f 3146/6381/14 3148/6380/14 3142/6379/14
f 3142/6379/14 3144/6382/14 3146/6381/14
f 3859/6383/98 1616/2075/98 1615/2074/98
f 1615/2074/98 3860/6384/98 3859/6383/98
f 3859/6383/98 3860/6384/98 3861/6385/98
f 3861/6385/98 3862/6386/98 3859/6383/98
f 1623/2082/98 3862/6386/98 3861/6385/98
f 3861/6385/98 1624/2083/98 1623/2082/98
f 3863/6387/2194 3220/6388/2437 3218/6389/1251
f 3218/6389/1251 3864/6390/1251 3863/6387/2194
f 3865/6391/2438 3864/6390/1251 3218/6389/1251
f 3218/6389/1251 3217/6392/2438 3865/6391/2438
f 3865/6391/2438 3217/6392/2438 3802/6393/2197
f 3802/6393/2197 3866/6394/2197 3865/6391/2438
f 3867/6395/1761 3866/6394/2197 3802/6393/2197
f 3802/6393/2197 3803/6396/1761 3867/6395/1761
f 3867/6395/1761 3803/6396/1761 3804/6397/2439
f 3804/6397/2439 3868/6398/2184 3867/6395/1761
f 3869/6399/2186 3868/6398/2184 3804/6397/2439
f 3804/6397/2439 3805/6400/2186 3869/6399/2186
f 3869/6399/2186 3805/6400/2186 3806/6401/884
f 3806/6401/884 3870/6402/884 3869/6399/2186
f 3871/6403/2189 3870/6402/884 3806/6401/884
f 3806/6401/884 3807/6404/2189 3871/6403/2189
f 3871/6403/2189 3807/6404/2189 3224/6405/2190
f 3224/6405/2190 3872/6406/2190 3871/6403/2189
f 3873/6407/2191 3872/6406/2190 3224/6405/2190
f 3224/6405/2190 3223/6408/2191 3873/6407/2191
f 3873/6407/2191 3223/6408/2191 3221/6409/2192
f 3221/6409/2192 3874/6410/2192 3873/6407/2191
f 3863/6411/2194 3874/6410/2192 3221/6409/2192
f 3221/6409/2192 3220/6412/2437 3863/6411/2194
f 1693/6413/2440 1701/6414/2441 1695/6415/2442
f 1695/6415/2442 1701/6414/2441 1698/6416/2443
f 1698/6416/2443 3875/6417/1838 1695/6415/2442
f 1681/6418/1839 1695/6415/2442 3875/6417/1838
f 3875/6417/1838 3876/6419/1839 1681/6418/1839
f 1682/6420/1840 1681/6418/1839 3876/6419/1839
f 3876/6419/1839 3877/6421/2444 1682/6420/1840
f 1682/6420/1840 3877/6421/2444 3878/6422/2445
f 3878/6422/2445 1686/6423/2446 1682/6420/1840
f 1687/6424/2447 1686/6423/2446 3878/6422/2445
f 3878/6422/2445 3879/6425/2447 1687/6424/2447
f 1691/6426/2448 1687/6424/2447 3879/6425/2447
f 3879/6425/2447 3880/6427/2449 1691/6426/2448
f 1702/6428/2450 1691/6426/2448 3880/6427/2449
f 3880/6427/2449 1697/6429/2451 1702/6428/2450
f 1691/6426/2448 1702/6428/2450 1692/6430/2452
f 1693/6431/2440 1692/6430/2452 1702/6428/2450
f 1702/6428/2450 1701/6432/2441 1693/6431/2440
f 3876/6433/892 3875/6434/893 1698/6435/897
f 1698/6435/897 3877/6436/892 3876/6433/892
f 3878/6437/892 3877/6436/892 1698/6435/897
f 1698/6435/897 1697/6438/892 3878/6437/892
f 3878/6437/892 1697/6438/892 3880/6439/2453
f 3880/6439/2453 3879/6440/2453 3878/6437/892
f 3881/6441/2454 3882/6442/2455 3883/6443/2456
f 3883/6443/2456 3884/6444/2457 3881/6441/2454
f 3884/6444/2457 3883/6443/2456 3885/6445/2458
f 3886/6446/2459 3881/6441/2454 3884/6444/2457
f 3885/6445/2458 3887/6447/2460 3884/6444/2457
f 3887/6447/2460 3885/6445/2458 9/6448/906
f 9/6448/906 12/6449/2461 3887/6447/2460
f 3884/6444/2457 3888/6450/2462 3886/6446/2459
f 3888/6450/2462 3884/6444/2457 3887/6447/2460
f 2418/6451/2463 3886/6446/2459 3888/6450/2462
f 3889/6452/2464 3887/6447/2460 12/6449/2461
f 3887/6447/2460 3889/6452/2464 3888/6450/2462
f 12/6449/2461 14/6453/2465 3889/6452/2464
f 14/6453/2465 13/6454/2466 3889/6452/2464
f 3888/6450/2462 3890/6455/2467 2418/6451/2463
f 3890/6455/2467 3888/6450/2462 3889/6452/2464
f 3889/6452/2464 13/6454/2466 3890/6455/2467
f 186/6456/2468 2418/6451/2463 3890/6455/2467
f 187/6457/2469 186/6456/2468 3890/6455/2467
f 3891/6458/2470 3890/6455/2467 13/6454/2466
f 3890/6455/2467 3891/6458/2470 187/6457/2469
f 13/6454/2466 2390/6459/2471 3891/6458/2470
f 187/6457/2469 3891/6458/2470 299/6460/2472
f 299/6460/2472 3891/6458/2470 2390/6459/2471
f 2390/6459/2471 178/6461/2473 299/6460/2472
f 299/6460/2472 2375/6462/2474 187/6457/2469
f 2375/6462/2474 299/6460/2472 2376/6463/2475
f 32/32/2476 35/35/2477 85/6464/2478
f 85/6464/2478 3892/6465/2479 32/32/2476
f 3892/6465/2479 85/6464/2478 86/6466/2480
f 36/36/2481 32/32/2476 3892/6465/2479
f 86/6466/2480 3893/6467/2482 3892/6465/2479
f 3893/6467/2482 86/6466/2480 84/6468/2483
f 3892/6465/2479 3894/6469/2484 36/36/2481
f 3894/6469/2484 3892/6465/2479 3893/6467/2482
f 38/38/2485 36/36/2481 3894/6469/2484
f 84/6468/2483 3895/6470/2486 3893/6467/2482
f 3895/6470/2486 84/6468/2483 82/6471/2487
f 3893/6467/2482 3896/6472/2488 3894/6469/2484
f 3896/6472/2488 3893/6467/2482 3895/6470/2486
f 3894/6469/2484 3897/6473/2489 38/38/2485
f 3897/6473/2489 3894/6469/2484 3896/6472/2488
f 40/40/2490 38/38/2485 3897/6473/2489
f 82/6471/2487 3898/6474/2491 3895/6470/2486
f 3898/6474/2491 82/6471/2487 58/58/2492
f 58/58/2492 56/56/2493 3898/6474/2491
f 3897/6473/2489 3899/6475/2489 40/40/2490
f 42/42/2494 40/40/2490 3899/6475/2489
f 3900/6476/2495 3898/6474/2491 56/56/2493
f 56/56/2493 54/54/2496 3900/6476/2495
f 3901/6477/2497 3895/6470/2486 3898/6474/2491
f 3898/6474/2491 3900/6476/2495 3901/6477/2497
f 3895/6470/2486 3901/6477/2497 3896/6472/2488
f 3902/6478/2498 3900/6476/2495 54/54/2496
f 54/54/2496 52/52/2499 3902/6478/2498
f 3903/6479/2500 3901/6477/2497 3900/6476/2495
f 3900/6476/2495 3902/6478/2498 3903/6479/2500
f 3904/6480/2501 3896/6472/2488 3901/6477/2497
f 3896/6472/2488 3904/6480/2501 3897/6473/2489
f 3901/6477/2497 3903/6479/2500 3904/6480/2501
f 3899/6475/2489 3897/6473/2489 3904/6480/2501
f 3905/6481/2502 3904/6480/2501 3903/6479/2500
f 3904/6480/2501 3905/6481/2502 3899/6475/2489
f 3906/6482/2503 3903/6479/2500 3902/6478/2498
f 3903/6479/2500 3906/6482/2503 3905/6481/2502
f 3907/6483/2498 3902/6478/2498 52/52/2499
f 3902/6478/2498 3907/6483/2498 3906/6482/2503
f 52/52/2499 50/50/2504 3907/6483/2498
f 3908/6484/2505 3899/6475/2489 3905/6481/2502
f 3899/6475/2489 3908/6484/2505 42/42/2494
f 44/44/2506 42/42/2494 3908/6484/2505
f 3905/6481/2502 3909/6485/2507 3908/6484/2505
f 3909/6485/2507 3905/6481/2502 3906/6482/2503
f 3908/6484/2505 3910/6486/2508 44/44/2506
f 3910/6486/2508 3908/6484/2505 3909/6485/2507
f 121/6487/2509 44/44/2506 3910/6486/2508
f 3910/6486/2508 581/6488/2510 121/6487/2509
f 581/6488/2510 3910/6486/2508 3911/6489/2511
f 3909/6485/2507 3911/6489/2511 3910/6486/2508
f 3911/6489/2511 3912/6490/2512 581/6488/2510
f 3906/6482/2503 3913/6491/2513 3909/6485/2507
f 3911/6489/2511 3909/6485/2507 3913/6491/2513
f 3913/6491/2513 3906/6482/2503 3907/6483/2498
f 3912/6490/2512 3911/6489/2511 3914/6492/2514
f 3913/6491/2513 3914/6492/2514 3911/6489/2511
f 3914/6492/2514 3808/6493/2285 3912/6490/2512
f 3907/6483/2498 3915/6494/2515 3913/6491/2513
f 3914/6492/2514 3913/6491/2513 3915/6494/2515
f 3915/6494/2515 3907/6483/2498 50/50/2504
f 50/50/2504 47/47/2516 3915/6494/2515
f 3915/6494/2515 3916/6495/2517 3914/6492/2514
f 3916/6495/2517 3915/6494/2515 47/47/2516
f 3808/6493/2285 3914/6492/2514 3916/6495/2517
f 47/47/2516 46/46/2518 3916/6495/2517
f 3916/6495/2517 66/6496/908 3808/6493/2285
f 66/6496/908 3916/6495/2517 46/46/2518
f 66/6496/908 68/6497/907 3808/6493/2285
f 46/46/2518 67/6498/2519 66/6496/908
f 3241/6499/1855 135/162/1854 132/159/2520
f 132/159/2520 3917/6500/2521 3241/6499/1855
f 2715/6501/1564 3241/6499/1855 3917/6500/2521
f 3917/6500/2521 132/159/2520 131/158/2522
f 3917/6500/2521 2716/6502/1565 2715/6501/1564
f 131/158/2522 3918/6503/2523 3917/6500/2521
f 2716/6502/1565 3917/6500/2521 3918/6503/2523
f 3918/6503/2523 131/158/2522 147/178/2524
f 3918/6503/2523 2717/6504/1567 2716/6502/1565
f 147/178/2524 296/6505/2525 3918/6503/2523
f 2717/6504/1567 3918/6503/2523 296/6505/2525
f 296/6505/2525 150/6506/1569 2717/6504/1567
f 1921/2454/1277 2456/6507/1275 2453/6508/1272
f 2453/6508/1272 3919/6509/2526 1921/2454/1277
f 3919/6509/2526 2453/6508/1272 2451/6510/1270
f 1922/2455/955 1921/2454/1277 3919/6509/2526
f 2451/6510/1270 3920/6511/2527 3919/6509/2526
f 1922/2455/955 3919/6509/2526 3920/6511/2527
f 3920/6511/2527 2451/6510/1270 2449/6512/1268
f 3920/6511/2527 3921/6513/2528 1922/2455/955
f 2449/6512/1268 3921/6513/2528 3920/6511/2527
f 1923/6514/952 1922/2455/955 3921/6513/2528
f 3921/6513/2528 2449/6512/1268 1923/6514/952
f 233/6515/2529 226/6516/2530 243/6517/2531
f 233/6515/2529 243/6517/2531 3922/6518/2532
f 3922/6518/2532 1931/6519/2533 233/6515/2529
f 3922/6518/2532 243/6517/2531 241/6520/2534
f 3922/6518/2532 3923/6521/2535 1931/6519/2533
f 241/6520/2534 3924/6522/2536 3922/6518/2532
f 3924/6522/2536 241/6520/2534 3925/6523/2537
f 3926/6524/2538 3923/6521/2535 3922/6518/2532
f 3922/6518/2532 3924/6522/2536 3926/6524/2538
f 3927/6525/2539 3928/6526/2540 3923/6521/2535
f 3923/6521/2535 3926/6524/2538 3927/6525/2539
f 3925/6523/2537 3929/6527/2541 3924/6522/2536
f 3926/6524/2538 3924/6522/2536 3929/6527/2541
f 3927/6525/2539 3926/6524/2538 3930/6528/2542
f 3929/6527/2541 3930/6528/2542 3926/6524/2538
f 3930/6528/2542 3931/6529/2543 3927/6525/2539
f 3930/6528/2542 3929/6527/2541 3932/6530/2544
f 3931/6529/2543 3930/6528/2542 3932/6530/2544
f 3933/6531/2545 3929/6527/2541 3925/6523/2537
f 3925/6523/2537 3934/6532/2546 3933/6531/2545
f 3935/6533/2547 3932/6530/2544 3929/6527/2541
f 3929/6527/2541 3933/6531/2545 3935/6533/2547
f 3932/6530/2544 3936/6534/2548 3931/6529/2543
f 3936/6534/2548 3932/6530/2544 3935/6533/2547
f 3927/6525/2539 3931/6529/2543 3937/6535/2549
f 3937/6535/2549 3931/6529/2543 3936/6534/2548
f 3937/6535/2549 3928/6536/2540 3927/6525/2539
f 1931/6537/2533 3923/6538/2535 3928/6536/2540
f 3928/6536/2540 1932/6539/2550 1931/6537/2533
f 2457/6540/2551 1932/6539/2550 3928/6536/2540
f 3928/6536/2540 3937/6535/2549 2457/6540/2551
f 2457/6540/2551 3937/6535/2549 3938/6541/2552
f 3936/6534/2548 3938/6541/2552 3937/6535/2549
f 3938/6541/2552 2458/6542/2553 2457/6540/2551
f 3938/6541/2552 3936/6534/2548 3939/6543/2554
f 3935/6533/2547 3939/6543/2554 3936/6534/2548
f 2458/6542/2553 3938/6541/2552 3940/6544/2555
f 3939/6543/2554 3940/6544/2555 3938/6541/2552
f 3940/6544/2555 2459/6545/2556 2458/6542/2553
f 2460/6546/2557 2459/6545/2556 3940/6544/2555
f 3941/6547/2558 3940/6544/2555 3939/6543/2554
f 3940/6544/2555 3941/6547/2558 2460/6546/2557
f 3942/6548/2559 3939/6543/2554 3935/6533/2547
f 3939/6543/2554 3942/6548/2559 3941/6547/2558
f 3935/6533/2547 3943/6549/2560 3942/6548/2559
f 3943/6549/2560 3935/6533/2547 3933/6531/2545
f 3941/6547/2558 3942/6548/2559 3944/6550/2561
f 3944/6550/2561 3942/6548/2559 3943/6549/2560
f 2460/6546/2557 3941/6547/2558 3945/6551/2562
f 3944/6550/2561 3945/6551/2562 3941/6547/2558
f 3945/6551/2562 2028/6552/2563 2460/6546/2557
f 2027/6553/2564 2028/6552/2563 3945/6551/2562
f 3945/6551/2562 3946/6554/2565 2027/6553/2564
f 3946/6555/2565 3945/6556/2562 3944/6550/2561
f 3943/6549/2560 3947/6557/2566 3944/6550/2561
f 3944/6550/2561 3947/6557/2566 3946/6555/2565
f 3947/6557/2566 3943/6549/2560 3933/6531/2545
f 3948/6558/2567 3946/6555/2565 3947/6557/2566
f 3948/6558/2567 2027/6559/2564 3946/6555/2565
f 3933/6531/2545 3949/6560/2568 3947/6557/2566
f 3947/6557/2566 3949/6560/2568 3948/6558/2567
f 3949/6560/2568 3933/6531/2545 3934/6532/2546
f 3934/6532/2546 515/6561/2569 3949/6560/2568
f 3948/6558/2567 3949/6560/2568 515/6561/2569
f 506/6562/2570 2027/6559/2564 3948/6558/2567
f 515/6561/2569 516/6563/2571 3948/6558/2567
f 3948/6558/2567 516/6563/2571 506/6562/2570
f 506/6562/2570 516/6563/2571 499/6564/2572
f 2376/6565/19 299/6566/19 177/6567/19
f 177/6567/19 184/2327/19 2376/6565/19
f 184/2327/19 177/6567/19 181/6568/19
f 181/6568/19 180/6569/19 184/2327/19
f 184/2327/19 2378/6570/19 2376/6565/19
f 184/2327/19 289/6571/19 2378/6570/19
f 184/2327/19 109/2326/19 289/6571/19
f 3883/6572/2456 3882/6573/2455 3950/6574/2573
f 3950/6574/2573 3951/6575/2574 3883/6572/2456
f 3951/6575/2574 3950/6574/2573 3952/6576/2575
f 3885/6577/2458 3883/6572/2456 3951/6575/2574
f 3952/6576/2575 3953/6578/2576 3951/6575/2574
f 3953/6578/2576 3952/6576/2575 2448/6579/2577
f 3951/6575/2574 3954/6580/2578 3885/6577/2458
f 3954/6580/2578 3951/6575/2574 3953/6578/2576
f 9/6581/906 3885/6577/2458 3954/6580/2578
f 3954/6580/2578 311/6582/2579 9/6581/906
f 311/6582/2579 3954/6580/2578 3955/6583/2580
f 3953/6578/2576 3955/6583/2580 3954/6580/2578
f 3955/6583/2580 316/6584/2581 311/6582/2579
f 316/6584/2581 3955/6583/2580 313/6585/2582
f 3955/6583/2580 3953/6578/2576 3956/6586/2583
f 3956/6586/2583 313/6585/2582 3955/6583/2580
f 2448/6579/2577 3956/6586/2583 3953/6578/2576
f 452/6587/2584 3956/6586/2583 2448/6579/2577
f 3956/6586/2583 452/6587/2584 455/6588/2585
f 313/6585/2582 3956/6586/2583 3957/6589/2586
f 455/6588/2585 3957/6589/2586 3956/6586/2583
f 3957/6589/2586 2402/6590/2587 313/6585/2582
f 576/6591/2588 3957/6589/2586 455/6588/2585
f 2402/6590/2587 3957/6589/2586 576/6591/2588
f 576/6591/2588 447/6592/2589 2402/6590/2587
f 455/6588/2585 2471/6593/2590 576/6591/2588
f 2471/6593/2590 3242/6594/2591 576/6591/2588
f 379/6595/2487 328/419/2592 327/418/2593
f 327/418/2593 3958/6596/2594 379/6595/2487
f 3958/6596/2594 327/418/2593 332/423/2496
f 1975/6597/2595 379/6595/2487 3958/6596/2594
f 332/423/2496 3959/6598/2596 3958/6596/2594
f 3959/6598/2596 332/423/2496 334/425/2597
f 3958/6596/2594 3960/6599/2486 1975/6597/2595
f 3960/6599/2486 3958/6596/2594 3959/6598/2596
f 378/6600/2598 1975/6597/2595 3960/6599/2486
f 334/425/2597 3961/6601/2498 3959/6598/2596
f 3961/6601/2498 334/425/2597 336/427/2504
f 3959/6598/2596 3962/6602/2497 3960/6599/2486
f 3962/6602/2497 3959/6598/2596 3961/6601/2498
f 3960/6599/2486 3963/6603/2482 378/6600/2598
f 3963/6603/2482 3960/6599/2486 3962/6602/2497
f 376/6604/2599 378/6600/2598 3963/6603/2482
f 336/427/2504 3964/6605/2498 3961/6601/2498
f 3964/6605/2498 336/427/2504 338/429/2516
f 3963/6603/2482 3965/6606/2600 376/6604/2599
f 354/445/2601 376/6604/2599 3965/6606/2600
f 3965/6606/2600 352/443/2476 354/445/2601
f 3965/6606/2600 3963/6603/2482 3966/6607/2488
f 3962/6602/2497 3966/6607/2488 3963/6603/2482
f 352/443/2476 3965/6606/2600 3967/6608/2602
f 3966/6607/2488 3967/6608/2602 3965/6606/2600
f 3967/6608/2602 350/441/2603 352/443/2476
f 3966/6607/2488 3962/6602/2497 3968/6609/2604
f 3961/6601/2498 3968/6609/2604 3962/6602/2497
f 3968/6609/2604 3961/6601/2498 3964/6605/2498
f 3967/6608/2602 3966/6607/2488 3969/6610/2501
f 3968/6609/2604 3969/6610/2501 3966/6607/2488
f 350/441/2603 3967/6608/2602 3970/6611/2489
f 3969/6610/2501 3970/6611/2489 3967/6608/2602
f 3970/6611/2489 348/439/2605 350/441/2603
f 3969/6610/2501 3968/6609/2604 3971/6612/2503
f 3964/6605/2498 3971/6612/2503 3968/6609/2604
f 3970/6611/2489 3969/6610/2501 3972/6613/2502
f 3971/6612/2503 3972/6613/2502 3969/6610/2501
f 348/439/2605 3970/6611/2489 3973/6614/2489
f 3972/6613/2502 3973/6614/2489 3970/6611/2489
f 3973/6614/2489 346/437/2490 348/439/2605
f 3971/6612/2503 3964/6605/2498 3974/6615/2515
f 338/429/2516 3974/6615/2515 3964/6605/2498
f 3974/6615/2515 338/429/2516 340/431/2606
f 346/437/2490 3973/6614/2489 3975/6616/2505
f 3975/6616/2505 344/435/2494 346/437/2490
f 340/431/2606 3976/6617/2607 3974/6615/2515
f 3976/6617/2607 340/431/2606 119/6618/2608
f 119/6618/2608 582/6619/2609 3976/6617/2607
f 3974/6615/2515 3977/6620/2513 3971/6612/2503
f 3977/6620/2513 3974/6615/2515 3976/6617/2607
f 3972/6613/2502 3971/6612/2503 3977/6620/2513
f 3978/6621/2610 3976/6617/2607 582/6619/2609
f 3976/6617/2607 3978/6621/2610 3977/6620/2513
f 582/6619/2609 3979/6622/2611 3978/6621/2610
f 3977/6620/2513 3980/6623/2507 3972/6613/2502
f 3980/6623/2507 3977/6620/2513 3978/6621/2610
f 3973/6614/2489 3972/6613/2502 3980/6623/2507
f 3980/6623/2507 3975/6616/2505 3973/6614/2489
f 3981/6624/2612 3978/6621/2610 3979/6622/2611
f 3978/6621/2610 3981/6624/2612 3980/6623/2507
f 3975/6616/2505 3980/6623/2507 3981/6624/2612
f 3979/6622/2611 3823/6625/2359 3981/6624/2612
f 3981/6624/2612 3982/6626/2613 3975/6616/2505
f 3982/6626/2613 3981/6624/2612 3823/6625/2359
f 344/435/2494 3975/6616/2505 3982/6626/2613
f 3982/6626/2613 341/432/2614 344/435/2494
f 3823/6625/2359 362/6627/1003 3982/6626/2613
f 341/432/2614 3982/6626/2613 362/6627/1003
f 362/6627/1003 3823/6625/2359 364/6628/1004
f 362/6627/1003 360/6629/2615 341/432/2614
f 417/535/2616 137/537/1853 3240/6630/1852
f 3240/6630/1852 3983/6631/2617 417/535/2616
f 3983/6631/2617 3240/6630/1852 2505/6632/1359
f 414/532/2618 417/535/2616 3983/6631/2617
f 2505/6632/1359 2504/6633/1357 3983/6631/2617
f 3983/6631/2617 3984/6634/2619 414/532/2618
f 3984/6634/2619 3983/6631/2617 2504/6633/1357
f 422/544/2620 414/532/2618 3984/6634/2619
f 2504/6633/1357 2503/6635/1355 3984/6634/2619
f 3984/6634/2619 573/6636/2621 422/544/2620
f 573/6636/2621 3984/6634/2619 2503/6635/1355
f 2503/6635/1355 425/6637/1354 573/6636/2621
f 3985/6638/2505 3986/6639/2622 3987/6640/2623
f 3987/6640/2623 3988/6641/2624 3985/6638/2505
f 3988/6641/2624 3987/6640/2623 3989/6642/2625
f 3990/6643/2626 3985/6638/2505 3988/6641/2624
f 3989/6642/2625 3991/6644/2627 3988/6641/2624
f 3991/6644/2627 3989/6642/2625 3992/6645/2628
f 3988/6641/2624 3993/6646/2629 3990/6643/2626
f 3993/6646/2629 3988/6641/2624 3991/6644/2627
f 3994/6647/2515 3990/6643/2626 3993/6646/2629
f 3992/6645/2628 3995/6648/2630 3991/6644/2627
f 3995/6648/2630 3992/6645/2628 3996/6649/2142
f 3991/6644/2627 3997/6650/2631 3993/6646/2629
f 3997/6650/2631 3991/6644/2627 3995/6648/2630
f 3993/6646/2629 3998/6651/2632 3994/6647/2515
f 3998/6651/2632 3993/6646/2629 3997/6650/2631
f 3986/6652/2622 3994/6647/2515 3998/6651/2632
f 3998/6651/2632 3987/6653/2623 3986/6652/2622
f 3987/6653/2623 3998/6651/2632 3999/6654/2633
f 3997/6650/2631 3999/6654/2633 3998/6651/2632
f 3999/6654/2633 3989/6655/2625 3987/6653/2623
f 3999/6654/2633 3997/6650/2631 4000/6656/2634
f 3995/6648/2630 4000/6656/2634 3997/6650/2631
f 3989/6655/2625 3999/6654/2633 4001/6657/2635
f 4000/6656/2634 4001/6657/2635 3999/6654/2633
f 4001/6657/2635 3992/6658/2628 3989/6655/2625
f 4000/6656/2634 3995/6648/2630 4002/6659/2636
f 3996/6649/2142 4002/6659/2636 3995/6648/2630
f 4001/6657/2635 4000/6656/2634 4003/6660/2637
f 4002/6659/2636 4003/6660/2637 4000/6656/2634
f 3992/6658/2628 4001/6657/2635 4004/6661/2638
f 4003/6660/2637 4004/6661/2638 4001/6657/2635
f 4004/6661/2638 3996/6662/2142 3992/6658/2628
f 4005/6663/2639 4003/6660/2637 4002/6659/2636
f 4004/6661/2638 4003/6660/2637 4005/6663/2639
f 4006/6664/2640 4002/6659/2636 3996/6649/2142
f 4002/6659/2636 4006/6664/2640 4005/6663/2639
f 3996/6649/2142 4007/6665/2641 4006/6664/2640
f 3996/6662/2142 4004/6661/2638 4008/6666/2642
f 4005/6663/2639 4008/6666/2642 4004/6661/2638
f 4008/6666/2642 4007/6667/2641 3996/6662/2142
f 535/6668/2643 4007/6667/2641 4008/6666/2642
f 4008/6666/2642 545/6669/2644 535/6668/2643
f 545/6669/2644 4008/6666/2642 4005/6663/2639
f 4005/6663/2639 544/6670/2645 545/6669/2644
f 544/6670/2645 4005/6663/2639 4006/6664/2640
f 4006/6664/2640 542/6671/2646 544/6670/2645
f 542/6671/2646 4006/6664/2640 4007/6665/2641
f 4007/6665/2641 535/6672/2643 542/6671/2646
f 4009/6673/2647 3986/6674/2648 3985/6675/2649
f 3985/6675/2649 4010/6676/2650 4009/6673/2647
f 4010/6676/2650 3985/6675/2649 3990/6677/2651
f 4011/6678/2652 4009/6673/2647 4010/6676/2650
f 3990/6677/2651 4012/6679/2653 4010/6676/2650
f 4012/6679/2653 3990/6677/2651 3994/6680/2654
f 4010/6676/2650 4013/6681/2655 4011/6678/2652
f 4013/6681/2655 4010/6676/2650 4012/6679/2653
f 4014/6682/2656 4011/6678/2652 4013/6681/2655
f 3994/6680/2654 4015/6683/2657 4012/6679/2653
f 4015/6683/2657 3994/6680/2654 3986/6684/2648
f 3986/6684/2648 4009/6685/2647 4015/6683/2657
f 4015/6683/2657 4009/6685/2647 4011/6686/2652
f 4011/6686/2652 4016/6687/2658 4015/6683/2657
f 4012/6679/2653 4015/6683/2657 4016/6687/2658
f 4016/6687/2658 4011/6686/2652 4014/6688/2656
f 4016/6687/2658 4017/6689/2659 4012/6679/2653
f 4012/6679/2653 4017/6689/2659 4013/6681/2655
f 4014/6688/2656 4018/6690/2660 4016/6687/2658
f 4017/6689/2659 4016/6687/2658 4018/6690/2660
f 4019/6691/2661 4018/6690/2660 4014/6688/2656
f 4014/6688/2656 4020/6692/2662 4019/6691/2661
f 4018/6690/2660 4019/6691/2661 4021/6693/2663
f 4021/6693/2663 4019/6691/2661 4020/6692/2662
f 4018/6690/2660 4022/6694/2664 4017/6689/2659
f 4021/6693/2663 4022/6694/2664 4018/6690/2660
f 4023/6695/2665 4013/6681/2655 4017/6689/2659
f 4017/6689/2659 4022/6694/2664 4023/6695/2665
f 4013/6681/2655 4023/6695/2665 4014/6682/2656
f 4020/6692/2662 4014/6682/2656 4023/6695/2665
f 4022/6694/2664 4021/6693/2663 4024/6696/2666
f 4020/6692/2662 4024/6696/2666 4021/6693/2663
f 4024/6696/2666 4023/6695/2665 4022/6694/2664
f 4023/6695/2665 4024/6696/2666 4020/6692/2662
f 4025/6697/2505 4026/6698/2667 4027/6699/2623
f 4027/6699/2623 4028/6700/2624 4025/6697/2505
f 4028/6700/2624 4027/6699/2623 4029/6701/2668
f 4030/6702/2669 4025/6697/2505 4028/6700/2624
f 4029/6701/2668 4031/6703/2670 4028/6700/2624
f 4031/6703/2670 4029/6701/2668 4032/6704/2628
f 4028/6700/2624 4033/6705/2629 4030/6702/2669
f 4033/6705/2629 4028/6700/2624 4031/6703/2670
f 4034/6706/2515 4030/6702/2669 4033/6705/2629
f 4032/6704/2628 4035/6707/2630 4031/6703/2670
f 4035/6707/2630 4032/6704/2628 4036/6708/2142
f 4031/6703/2670 4037/6709/2631 4033/6705/2629
f 4037/6709/2631 4031/6703/2670 4035/6707/2630
f 4033/6705/2629 4038/6710/2632 4034/6706/2515
f 4038/6710/2632 4033/6705/2629 4037/6709/2631
f 4026/6711/2667 4034/6706/2515 4038/6710/2632
f 4038/6710/2632 4027/6712/2623 4026/6711/2667
f 4027/6712/2623 4038/6710/2632 4039/6713/2633
f 4037/6709/2631 4039/6713/2633 4038/6710/2632
f 4039/6713/2633 4029/6714/2668 4027/6712/2623
f 4039/6713/2633 4037/6709/2631 4040/6715/2671
f 4035/6707/2630 4040/6715/2671 4037/6709/2631
f 4029/6714/2668 4039/6713/2633 4041/6716/2635
f 4040/6715/2671 4041/6716/2635 4039/6713/2633
f 4041/6716/2635 4032/6717/2628 4029/6714/2668
f 4040/6715/2671 4035/6707/2630 4042/6718/2636
f 4036/6708/2142 4042/6718/2636 4035/6707/2630
f 4041/6716/2635 4040/6715/2671 4043/6719/2672
f 4042/6718/2636 4043/6719/2672 4040/6715/2671
f 4032/6717/2628 4041/6716/2635 4044/6720/2638
f 4043/6719/2672 4044/6720/2638 4041/6716/2635
f 4044/6720/2638 4036/6721/2142 4032/6717/2628
f 4045/6722/2639 4043/6719/2672 4042/6718/2636
f 4044/6720/2638 4043/6719/2672 4045/6722/2639
f 4046/6723/2673 4042/6718/2636 4036/6708/2142
f 4042/6718/2636 4046/6723/2673 4045/6722/2639
f 4036/6708/2142 4047/6724/2641 4046/6723/2673
f 4036/6721/2142 4044/6720/2638 4048/6725/2642
f 4045/6722/2639 4048/6725/2642 4044/6720/2638
f 4048/6725/2642 4047/6726/2641 4036/6721/2142
f 536/6727/2643 4047/6726/2641 4048/6725/2642
f 4048/6725/2642 539/6728/2674 536/6727/2643
f 539/6728/2674 4048/6725/2642 4045/6722/2639
f 4045/6722/2639 541/6729/2645 539/6728/2674
f 541/6729/2645 4045/6722/2639 4046/6723/2673
f 4046/6723/2673 546/6730/2646 541/6729/2645
f 546/6730/2646 4046/6723/2673 4047/6724/2641
f 4047/6724/2641 536/6731/2643 546/6730/2646
f 4049/6732/2647 4026/6733/2648 4025/6734/2675
f 4025/6734/2675 4050/6735/2676 4049/6732/2647
f 4050/6735/2676 4025/6734/2675 4030/6736/2651
f 4051/6737/2652 4049/6732/2647 4050/6735/2676
f 4030/6736/2651 4052/6738/2653 4050/6735/2676
f 4052/6738/2653 4030/6736/2651 4034/6739/2677
f 4050/6735/2676 4053/6740/2655 4051/6737/2652
f 4053/6740/2655 4050/6735/2676 4052/6738/2653
f 4054/6741/2656 4051/6737/2652 4053/6740/2655
f 4034/6739/2677 4055/6742/2657 4052/6738/2653
f 4055/6742/2657 4034/6739/2677 4026/6743/2648
f 4026/6743/2648 4049/6744/2647 4055/6742/2657
f 4055/6742/2657 4049/6744/2647 4051/6745/2652
f 4051/6745/2652 4056/6746/2658 4055/6742/2657
f 4052/6738/2653 4055/6742/2657 4056/6746/2658
f 4056/6746/2658 4051/6745/2652 4054/6747/2656
f 4056/6746/2658 4057/6748/2659 4052/6738/2653
f 4052/6738/2653 4057/6748/2659 4053/6740/2655
f 4054/6747/2656 4058/6749/2660 4056/6746/2658
f 4057/6748/2659 4056/6746/2658 4058/6749/2660
f 4059/6750/2661 4058/6749/2660 4054/6747/2656
f 4054/6747/2656 4060/6751/2662 4059/6750/2661
f 4058/6749/2660 4059/6750/2661 4061/6752/2663
f 4061/6752/2663 4059/6750/2661 4060/6751/2662
f 4058/6749/2660 4062/6753/2678 4057/6748/2659
f 4061/6752/2663 4062/6753/2678 4058/6749/2660
f 4063/6754/2665 4053/6740/2655 4057/6748/2659
f 4057/6748/2659 4062/6753/2678 4063/6754/2665
f 4053/6740/2655 4063/6754/2665 4054/6741/2656
f 4060/6751/2662 4054/6741/2656 4063/6754/2665
f 4062/6753/2678 4061/6752/2663 4064/6755/2666
f 4060/6751/2662 4064/6755/2666 4061/6752/2663
f 4064/6755/2666 4063/6754/2665 4062/6753/2678
f 4063/6754/2665 4064/6755/2666 4060/6751/2662
f 3979/6756/2611 141/170/2360 3823/6757/2359
f 141/170/2360 3979/6756/2611 3912/6758/2512
f 3912/6758/2512 142/171/2286 141/170/2360
f 3912/6758/2512 3808/6759/2285 142/171/2286
f 3912/6758/2512 3979/6756/2611 582/766/2609
f 582/766/2609 581/765/2510 3912/6758/2512
f 445/6760/19 576/6761/19 3242/6762/19
f 3242/6762/19 451/2559/19 445/6760/19
f 451/2559/19 3242/6762/19 3243/6763/19
f 450/6764/19 445/6760/19 451/2559/19
f 451/2559/19 448/6765/19 450/6764/19
f 451/2559/19 3243/6763/19 3244/6766/19
f 451/2559/19 3244/6766/19 403/2560/19
f 562/6767/600 2714/6768/14 3298/6769/14
f 281/6770/381 562/6767/600 3298/6769/14
f 563/6771/381 562/6767/600 281/6770/381
f 281/6770/381 283/6772/14 563/6771/381
f 3298/6769/14 1957/6773/14 281/6770/381
f 1957/6773/14 1956/6774/14 281/6770/381
f 456/6775/2679 388/6776/1227 463/6777/2680
f 456/6775/2679 463/6777/2680 195/6778/1918
f 195/6778/1918 191/6779/2679 456/6775/2679
f 195/6778/1918 95/6780/2681 191/6779/2679
f 195/6778/1918 463/6777/2680 200/248/1226
f 200/248/1226 198/247/1226 195/6778/1918
f 4065/6781/2682 584/6782/2683 4066/6783/2684
f 4066/6783/2684 4067/6784/2685 4065/6781/2682
f 4067/6784/2685 4066/6783/2684 4068/6785/2686
f 4069/6786/2687 4065/6781/2682 4067/6784/2685
f 4068/6785/2686 4070/6787/2688 4067/6784/2685
f 4070/6787/2688 4068/6785/2686 587/6788/2689
f 4067/6784/2685 4071/6789/2690 4069/6786/2687
f 4071/6789/2690 4067/6784/2685 4070/6787/2688
f 4072/6790/2691 4069/6786/2687 4071/6789/2690
f 587/6788/2689 4073/6791/2692 4070/6787/2688
f 4073/6791/2692 587/6788/2689 584/6792/2683
f 584/6792/2683 4065/6793/2682 4073/6791/2692
f 4070/6787/2688 4074/6794/2693 4071/6789/2690
f 4074/6794/2693 4070/6787/2688 4073/6791/2692
f 4071/6789/2690 4075/6795/2694 4072/6790/2691
f 4075/6795/2694 4071/6789/2690 4074/6794/2693
f 4076/6796/2695 4072/6790/2691 4075/6795/2694
f 4077/6797/2696 4073/6791/2692 4065/6793/2682
f 4073/6791/2692 4077/6797/2696 4074/6794/2693
f 4065/6793/2682 4069/6798/2687 4077/6797/2696
f 4074/6794/2693 4078/6799/2697 4075/6795/2694
f 4078/6799/2697 4074/6794/2693 4077/6797/2696
f 4075/6795/2694 4079/6800/2698 4076/6796/2695
f 4079/6800/2698 4075/6795/2694 4078/6799/2697
f 599/6801/2699 4076/6796/2695 4079/6800/2698
f 4080/6802/2700 4077/6797/2696 4069/6798/2687
f 4077/6797/2696 4080/6802/2700 4078/6799/2697
f 4069/6798/2687 4072/6803/2691 4080/6802/2700
f 4078/6799/2697 4081/6804/2701 4079/6800/2698
f 4081/6804/2701 4078/6799/2697 4080/6802/2700
f 4079/6800/2698 4082/6805/2702 599/6801/2699
f 4082/6805/2702 4079/6800/2698 4081/6804/2701
f 600/6806/2703 599/6801/2699 4082/6805/2702
f 4083/6807/2704 4080/6802/2700 4072/6803/2691
f 4080/6802/2700 4083/6807/2704 4081/6804/2701
f 4072/6803/2691 4076/6808/2695 4083/6807/2704
f 4081/6804/2701 4084/6809/2705 4082/6805/2702
f 4084/6809/2705 4081/6804/2701 4083/6807/2704
f 4082/6805/2702 4085/6810/2706 600/6806/2703
f 4085/6810/2706 4082/6805/2702 4084/6809/2705
f 4086/6811/2707 600/6806/2703 4085/6810/2706
f 604/790/2708 4083/6807/2704 4076/6808/2695
f 4076/6808/2695 599/785/2699 604/790/2708
f 4083/6807/2704 604/790/2708 4084/6809/2705
f 4087/6812/2709 4084/6809/2705 604/790/2708
f 4084/6809/2705 4087/6812/2709 4085/6810/2706
f 604/790/2708 603/789/2710 4087/6812/2709
f 4085/6810/2706 4088/6813/2711 4086/6811/2707
f 4088/6813/2711 4085/6810/2706 4087/6812/2709
f 4089/6814/2712 4086/6811/2707 4088/6813/2711
f 4090/6815/2713 4087/6812/2709 603/789/2710
f 4087/6812/2709 4090/6815/2713 4088/6813/2711
f 4088/6813/2711 4091/6816/2714 4089/6814/2712
f 4091/6816/2714 4088/6813/2711 4090/6815/2713
f 4092/6817/2715 4089/6814/2712 4091/6816/2714
f 603/789/2710 4093/6818/2716 4090/6815/2713
f 4093/6818/2716 603/789/2710 600/786/2703
f 600/786/2703 4086/6819/2707 4093/6818/2716
f 4090/6815/2713 4094/6820/2717 4091/6816/2714
f 4094/6820/2717 4090/6815/2713 4093/6818/2716
f 4091/6816/2714 4095/6821/2718 4092/6817/2715
f 4095/6821/2718 4091/6816/2714 4094/6820/2717
f 4096/6822/2719 4092/6817/2715 4095/6821/2718
f 4097/6823/2720 4093/6818/2716 4086/6819/2707
f 4093/6818/2716 4097/6823/2720 4094/6820/2717
f 4086/6819/2707 4089/6824/2712 4097/6823/2720
f 4094/6820/2717 4098/6825/2721 4095/6821/2718
f 4098/6825/2721 4094/6820/2717 4097/6823/2720
f 4095/6821/2718 4099/6826/2722 4096/6822/2719
f 4099/6826/2722 4095/6821/2718 4098/6825/2721
f 591/6827/2723 4096/6822/2719 4099/6826/2722
f 4100/6828/2724 4097/6823/2720 4089/6824/2712
f 4097/6823/2720 4100/6828/2724 4098/6825/2721
f 4089/6824/2712 4092/6829/2715 4100/6828/2724
f 4098/6825/2721 4101/6830/2725 4099/6826/2722
f 4101/6830/2725 4098/6825/2721 4100/6828/2724
f 4099/6826/2722 4102/6831/2726 591/6827/2723
f 4102/6831/2726 4099/6826/2722 4101/6830/2725
f 592/6832/2727 591/6827/2723 4102/6831/2726
f 4103/6833/2728 4100/6828/2724 4092/6829/2715
f 4100/6828/2724 4103/6833/2728 4101/6830/2725
f 4092/6829/2715 4096/6834/2719 4103/6833/2728
f 4101/6830/2725 4104/6835/2729 4102/6831/2726
f 4104/6835/2729 4101/6830/2725 4103/6833/2728
f 4102/6831/2726 4105/6836/2730 592/6832/2727
f 4105/6836/2730 4102/6831/2726 4104/6835/2729
f 4106/6837/2731 592/6832/2727 4105/6836/2730
f 596/782/2732 4103/6833/2728 4096/6834/2719
f 4096/6834/2719 591/777/2723 596/782/2732
f 4103/6833/2728 596/782/2732 4104/6835/2729
f 4107/6838/2733 4104/6835/2729 596/782/2732
f 4104/6835/2729 4107/6838/2733 4105/6836/2730
f 596/782/2732 595/781/2734 4107/6838/2733
f 4105/6836/2730 4108/6839/2735 4106/6837/2731
f 4108/6839/2735 4105/6836/2730 4107/6838/2733
f 4109/6840/2736 4106/6837/2731 4108/6839/2735
f 4110/6841/2737 4107/6838/2733 595/781/2734
f 4107/6838/2733 4110/6841/2737 4108/6839/2735
f 4108/6839/2735 4111/6842/2738 4109/6840/2736
f 4111/6842/2738 4108/6839/2735 4110/6841/2737
f 4112/6843/2739 4109/6840/2736 4111/6842/2738
f 595/781/2734 4113/6844/2740 4110/6841/2737
f 4113/6844/2740 595/781/2734 592/778/2727
f 592/778/2727 4106/6845/2731 4113/6844/2740
f 4110/6841/2737 4114/6846/2741 4111/6842/2738
f 4114/6846/2741 4110/6841/2737 4113/6844/2740
f 4111/6842/2738 4115/6847/2742 4112/6843/2739
f 4115/6847/2742 4111/6842/2738 4114/6846/2741
f 4116/6848/2743 4112/6843/2739 4115/6847/2742
f 4117/6849/2744 4113/6844/2740 4106/6845/2731
f 4113/6844/2740 4117/6849/2744 4114/6846/2741
f 4106/6845/2731 4109/6850/2736 4117/6849/2744
f 4114/6846/2741 4118/6851/2745 4115/6847/2742
f 4118/6851/2745 4114/6846/2741 4117/6849/2744
f 4115/6847/2742 4119/6852/2746 4116/6848/2743
f 4119/6852/2746 4115/6847/2742 4118/6851/2745
f 583/6853/2747 4116/6848/2743 4119/6852/2746
f 4120/6854/2748 4117/6849/2744 4109/6850/2736
f 4117/6849/2744 4120/6854/2748 4118/6851/2745
f 4109/6850/2736 4112/6855/2739 4120/6854/2748
f 4118/6851/2745 4121/6856/2749 4119/6852/2746
f 4121/6856/2749 4118/6851/2745 4120/6854/2748
f 4119/6852/2746 4122/6857/2750 583/6853/2747
f 4122/6857/2750 4119/6852/2746 4121/6856/2749
f 584/6858/2683 583/6853/2747 4122/6857/2750
f 4122/6857/2750 4066/6859/2684 584/6858/2683
f 4123/6860/2751 4120/6854/2748 4112/6855/2739
f 4120/6854/2748 4123/6860/2751 4121/6856/2749
f 4112/6855/2739 4116/6861/2743 4123/6860/2751
f 4121/6856/2749 4124/6862/2752 4122/6857/2750
f 4066/6859/2684 4122/6857/2750 4124/6862/2752
f 4124/6862/2752 4121/6856/2749 4123/6860/2751
f 4124/6862/2752 4068/6863/2686 4066/6859/2684
f 589/775/2753 4123/6860/2751 4116/6861/2743
f 4123/6860/2751 589/775/2753 4124/6862/2752
f 4068/6863/2686 4124/6862/2752 589/775/2753
f 4116/6861/2743 583/769/2747 589/775/2753
f 589/775/2753 587/773/2689 4068/6863/2686
f 3410/6864/52 3412/6865/52 3397/6866/52
f 3398/6867/52 3397/6866/52 3412/6865/52
f 3412/6865/52 3414/6868/52 3398/6867/52
f 3399/6869/52 3398/6867/52 3414/6868/52
f 3397/6866/52 3396/5329/52 3410/6864/52
f 3406/6870/52 3410/6864/52 3396/5329/52
f 3406/6870/52 3396/5329/52 3395/5328/52
f 3407/6871/52 3406/6870/52 3395/5328/52
f 3416/6872/52 3407/6871/52 3395/5328/52
f 3395/5328/52 3399/6869/52 3416/6872/52
f 3414/6868/52 3416/6872/52 3399/6869/52
f 4125/6873/2754 4126/6874/2755 4127/6875/2756
f 4127/6875/2756 4128/6876/2757 4125/6873/2754
f 4128/6876/2757 4127/6875/2756 4129/6877/2758
f 4130/6878/2759 4125/6873/2754 4128/6876/2757
f 4129/6877/2758 4131/6879/2760 4128/6876/2757
f 4131/6879/2760 4129/6877/2758 4132/6880/2761
f 4128/6876/2757 4133/6881/2762 4130/6878/2759
f 4133/6881/2762 4128/6876/2757 4131/6879/2760
f 4134/6882/2763 4130/6878/2759 4133/6881/2762
f 4132/6880/2761 4135/6883/2764 4131/6879/2760
f 4135/6883/2764 4132/6880/2761 4136/6884/2765
f 4131/6879/2760 4137/6885/2766 4133/6881/2762
f 4137/6885/2766 4131/6879/2760 4135/6883/2764
f 4133/6881/2762 4138/6886/2767 4134/6882/2763
f 4138/6886/2767 4133/6881/2762 4137/6885/2766
f 4126/6887/2755 4134/6882/2763 4138/6886/2767
f 4138/6886/2767 4127/6888/2756 4126/6887/2755
f 4127/6888/2756 4138/6886/2767 4139/6889/2768
f 4137/6885/2766 4139/6889/2768 4138/6886/2767
f 4139/6889/2768 4129/6890/2758 4127/6888/2756
f 4139/6889/2768 4137/6885/2766 4140/6891/2769
f 4135/6883/2764 4140/6891/2769 4137/6885/2766
f 4129/6890/2758 4139/6889/2768 4141/6892/2770
f 4140/6891/2769 4141/6892/2770 4139/6889/2768
f 4141/6892/2770 4132/6893/2761 4129/6890/2758
f 4140/6891/2769 4135/6883/2764 4142/6894/2771
f 4136/6884/2765 4142/6894/2771 4135/6883/2764
f 4142/6894/2771 4136/6884/2765 4143/6895/2772
f 4141/6892/2770 4140/6891/2769 4144/6896/2773
f 4142/6894/2771 4144/6896/2773 4140/6891/2769
f 4132/6893/2761 4141/6892/2770 4145/6897/2774
f 4144/6896/2773 4145/6897/2774 4141/6892/2770
f 4145/6897/2774 4136/6898/2765 4132/6893/2761
f 4143/6895/2772 4146/6899/2775 4142/6894/2771
f 4144/6896/2773 4142/6894/2771 4146/6899/2775
f 4146/6899/2775 4143/6895/2772 4147/6900/2776
f 4145/6897/2774 4144/6896/2773 4148/6901/2777
f 4146/6899/2775 4148/6901/2777 4144/6896/2773
f 4136/6898/2765 4145/6897/2774 4149/6902/2778
f 4148/6901/2777 4149/6902/2778 4145/6897/2774
f 4149/6902/2778 4143/6903/2772 4136/6898/2765
f 4147/6900/2776 4150/6904/2779 4146/6899/2775
f 4148/6901/2777 4146/6899/2775 4150/6904/2779
f 4150/6904/2779 4147/6900/2776 4151/6905/2780
f 4149/6902/2778 4148/6901/2777 4152/6906/2781
f 4150/6904/2779 4152/6906/2781 4148/6901/2777
f 4143/6903/2772 4149/6902/2778 4153/6907/2782
f 4152/6906/2781 4153/6907/2782 4149/6902/2778
f 4153/6907/2782 4147/6908/2776 4143/6903/2772
f 4151/6905/2780 4154/6909/2783 4150/6904/2779
f 4152/6906/2781 4150/6904/2779 4154/6909/2783
f 4154/6909/2783 4151/6905/2780 4155/6910/2784
f 4153/6907/2782 4152/6906/2781 4156/6911/2785
f 4154/6909/2783 4156/6911/2785 4152/6906/2781
f 4147/6908/2776 4153/6907/2782 4157/6912/2786
f 4156/6911/2785 4157/6912/2786 4153/6907/2782
f 4157/6912/2786 4151/6913/2780 4147/6908/2776
f 4155/6910/2784 4158/6914/2787 4154/6909/2783
f 4156/6911/2785 4154/6909/2783 4158/6914/2787
f 4158/6914/2787 4155/6910/2784 4159/6915/2788
f 4157/6912/2786 4156/6911/2785 4160/6916/2789
f 4158/6914/2787 4160/6916/2789 4156/6911/2785
f 4151/6913/2780 4157/6912/2786 4161/6917/2790
f 4160/6916/2789 4161/6917/2790 4157/6912/2786
f 4161/6917/2790 4155/6918/2784 4151/6913/2780
f 4159/6915/2788 4162/6919/2791 4158/6914/2787
f 4160/6916/2789 4158/6914/2787 4162/6919/2791
f 4162/6919/2791 4159/6915/2788 4163/6920/2792
f 4161/6917/2790 4160/6916/2789 4164/6921/2793
f 4162/6919/2791 4164/6921/2793 4160/6916/2789
f 4155/6918/2784 4161/6917/2790 4165/6922/2794
f 4164/6921/2793 4165/6922/2794 4161/6917/2790
f 4165/6922/2794 4159/6923/2788 4155/6918/2784
f 4164/6921/2793 4162/6919/2791 4166/6924/2795
f 4163/6920/2792 4166/6924/2795 4162/6919/2791
f 4165/6922/2794 4164/6921/2793 4167/6925/2796
f 4166/6924/2795 4167/6925/2796 4164/6921/2793
f 4168/6926/2797 4166/6924/2795 4163/6920/2792
f 4167/6925/2796 4166/6924/2795 4168/6926/2797
f 4163/6920/2792 4169/6927/2798 4168/6926/2797
f 4168/6926/2797 4170/6928/2799 4167/6925/2796
f 4167/6925/2796 4171/6929/2800 4165/6922/2794
f 4171/6929/2800 4167/6925/2796 4170/6928/2799
f 4159/6923/2788 4165/6922/2794 4171/6929/2800
f 4170/6928/2799 4172/6930/2801 4171/6929/2800
f 4171/6929/2800 4163/6931/2792 4159/6923/2788
f 4171/6929/2800 4172/6930/2801 4169/6932/2798
f 4169/6932/2798 4163/6931/2792 4171/6929/2800
f 4173/6933/2802 4174/6934/2803 4175/6935/2804
f 4175/6935/2804 4176/6936/2805 4173/6933/2802
f 4176/6936/2805 4175/6935/2804 4177/6937/2806
f 4178/6938/2807 4173/6933/2802 4176/6936/2805
f 4177/6937/2806 4179/6939/2808 4176/6936/2805
f 4179/6939/2808 4177/6937/2806 4180/6940/2809
f 4176/6936/2805 4181/6941/2810 4178/6938/2807
f 4181/6941/2810 4176/6936/2805 4179/6939/2808
f 4182/6942/2811 4178/6938/2807 4181/6941/2810
f 4180/6940/2809 4183/6943/2812 4179/6939/2808
f 4183/6943/2812 4180/6940/2809 4184/6944/2813
f 4179/6939/2808 4185/6945/2814 4181/6941/2810
f 4185/6945/2814 4179/6939/2808 4183/6943/2812
f 4181/6941/2810 4186/6946/2815 4182/6942/2811
f 4186/6946/2815 4181/6941/2810 4185/6945/2814
f 4174/6947/2803 4182/6942/2811 4186/6946/2815
f 4186/6946/2815 4175/6948/2804 4174/6947/2803
f 4175/6948/2804 4186/6946/2815 4187/6949/2816
f 4185/6945/2814 4187/6949/2816 4186/6946/2815
f 4187/6949/2816 4177/6950/2806 4175/6948/2804
f 4187/6949/2816 4185/6945/2814 4188/6951/2817
f 4183/6943/2812 4188/6951/2817 4185/6945/2814
f 4177/6950/2806 4187/6949/2816 4189/6952/2818
f 4188/6951/2817 4189/6952/2818 4187/6949/2816
f 4189/6952/2818 4180/6953/2809 4177/6950/2806
f 4188/6951/2817 4183/6943/2812 4190/6954/2819
f 4184/6944/2813 4190/6954/2819 4183/6943/2812
f 4190/6954/2819 4184/6944/2813 4191/6955/2820
f 4189/6952/2818 4188/6951/2817 4192/6956/2821
f 4190/6954/2819 4192/6956/2821 4188/6951/2817
f 4180/6953/2809 4189/6952/2818 4193/6957/2822
f 4192/6956/2821 4193/6957/2822 4189/6952/2818
f 4193/6957/2822 4184/6958/2813 4180/6953/2809
f 4191/6955/2820 4194/6959/2823 4190/6954/2819
f 4192/6956/2821 4190/6954/2819 4194/6959/2823
f 4194/6959/2823 4191/6955/2820 4195/6960/2824
f 4193/6957/2822 4192/6956/2821 4196/6961/2825
f 4194/6959/2823 4196/6961/2825 4192/6956/2821
f 4184/6958/2813 4193/6957/2822 4197/6962/2826
f 4196/6961/2825 4197/6962/2826 4193/6957/2822
f 4197/6962/2826 4191/6963/2820 4184/6958/2813
f 4195/6960/2824 4198/6964/2827 4194/6959/2823
f 4196/6961/2825 4194/6959/2823 4198/6964/2827
f 4198/6964/2827 4195/6960/2824 4199/6965/2828
f 4197/6962/2826 4196/6961/2825 4200/6966/2829
f 4198/6964/2827 4200/6966/2829 4196/6961/2825
f 4191/6963/2820 4197/6962/2826 4201/6967/2830
f 4200/6966/2829 4201/6967/2830 4197/6962/2826
f 4201/6967/2830 4195/6968/2824 4191/6963/2820
f 4199/6965/2828 4202/6969/2831 4198/6964/2827
f 4200/6966/2829 4198/6964/2827 4202/6969/2831
f 4202/6969/2831 4199/6965/2828 4203/6970/2832
f 4201/6967/2830 4200/6966/2829 4204/6971/2833
f 4202/6969/2831 4204/6971/2833 4200/6966/2829
f 4195/6968/2824 4201/6967/2830 4205/6972/2834
f 4204/6971/2833 4205/6972/2834 4201/6967/2830
f 4205/6972/2834 4199/6973/2828 4195/6968/2824
f 4203/6970/2832 4206/6974/2835 4202/6969/2831
f 4204/6971/2833 4202/6969/2831 4206/6974/2835
f 4206/6974/2835 4203/6970/2832 4207/6975/2836
f 4205/6972/2834 4204/6971/2833 4208/6976/2837
f 4206/6974/2835 4208/6976/2837 4204/6971/2833
f 4199/6973/2828 4205/6972/2834 4209/6977/2838
f 4208/6976/2837 4209/6977/2838 4205/6972/2834
f 4209/6977/2838 4203/6978/2832 4199/6973/2828
f 4207/6975/2836 4210/6979/2839 4206/6974/2835
f 4208/6976/2837 4206/6974/2835 4210/6979/2839
f 4210/6979/2839 4207/6975/2836 4211/6980/2840
f 4209/6977/2838 4208/6976/2837 4212/6981/2841
f 4210/6979/2839 4212/6981/2841 4208/6976/2837
f 4203/6978/2832 4209/6977/2838 4213/6982/2842
f 4212/6981/2841 4213/6982/2842 4209/6977/2838
f 4213/6982/2842 4207/6983/2836 4203/6978/2832
f 4211/6980/2840 4214/6984/2843 4210/6979/2839
f 4212/6981/2841 4210/6979/2839 4214/6984/2843
f 4214/6984/2843 4211/6980/2840 4215/6985/2844
f 4213/6982/2842 4212/6981/2841 4216/6986/2845
f 4214/6984/2843 4216/6986/2845 4212/6981/2841
f 4207/6983/2836 4213/6982/2842 4217/6987/2846
f 4216/6986/2845 4217/6987/2846 4213/6982/2842
f 4217/6987/2846 4211/6988/2840 4207/6983/2836
f 4215/6985/2844 4218/6989/2847 4214/6984/2843
f 4216/6986/2845 4214/6984/2843 4218/6989/2847
f 4218/6989/2847 4215/6985/2844 4219/6990/2848
f 4217/6987/2846 4216/6986/2845 4220/6991/2849
f 4218/6989/2847 4220/6991/2849 4216/6986/2845
f 4211/6988/2840 4217/6987/2846 4221/6992/2850
f 4220/6991/2849 4221/6992/2850 4217/6987/2846
f 4221/6992/2850 4215/6993/2844 4211/6988/2840
f 4219/6990/2848 4222/6994/2851 4218/6989/2847
f 4220/6991/2849 4218/6989/2847 4222/6994/2851
f 4222/6994/2851 4219/6990/2848 4223/6995/2852
f 4221/6992/2850 4220/6991/2849 4224/6996/2853
f 4222/6994/2851 4224/6996/2853 4220/6991/2849
f 4215/6993/2844 4221/6992/2850 4225/6997/2854
f 4224/6996/2853 4225/6997/2854 4221/6992/2850
f 4225/6997/2854 4219/6998/2848 4215/6993/2844
f 4223/6995/2852 4226/6999/2855 4222/6994/2851
f 4224/6996/2853 4222/6994/2851 4226/6999/2855
f 4226/6999/2855 4223/6995/2852 4227/7000/2856
f 4225/6997/2854 4224/6996/2853 4228/7001/2857
f 4226/6999/2855 4228/7001/2857 4224/6996/2853
f 4219/6998/2848 4225/6997/2854 4229/7002/2858
f 4228/7001/2857 4229/7002/2858 4225/6997/2854
f 4229/7002/2858 4223/7003/2852 4219/6998/2848
f 4227/7000/2856 4230/7004/2859 4226/6999/2855
f 4228/7001/2857 4226/6999/2855 4230/7004/2859
f 4230/7004/2859 4227/7000/2856 4231/7005/2860
f 4229/7002/2858 4228/7001/2857 4232/7006/2861
f 4230/7004/2859 4232/7006/2861 4228/7001/2857
f 4223/7003/2852 4229/7002/2858 4233/7007/2862
f 4232/7006/2861 4233/7007/2862 4229/7002/2858
f 4233/7007/2862 4227/7008/2856 4223/7003/2852
f 4231/7005/2860 4234/7009/2863 4230/7004/2859
f 4232/7006/2861 4230/7004/2859 4234/7009/2863
f 4234/7009/2863 4231/7005/2860 4235/7010/2864
f 4233/7007/2862 4232/7006/2861 4236/7011/2865
f 4234/7009/2863 4236/7011/2865 4232/7006/2861
f 4227/7008/2856 4233/7007/2862 4237/7012/2866
f 4236/7011/2865 4237/7012/2866 4233/7007/2862
f 4237/7012/2866 4231/7013/2860 4227/7008/2856
f 4235/7010/2864 4238/7014/2867 4234/7009/2863
f 4236/7011/2865 4234/7009/2863 4238/7014/2867
f 4238/7014/2867 4235/7010/2864 4239/7015/2868
f 4237/7012/2866 4236/7011/2865 4240/7016/2869
f 4238/7014/2867 4240/7016/2869 4236/7011/2865
f 4231/7013/2860 4237/7012/2866 4241/7017/2870
f 4240/7016/2869 4241/7017/2870 4237/7012/2866
f 4241/7017/2870 4235/7018/2864 4231/7013/2860
f 4240/7016/2869 4238/7014/2867 4242/7019/2871
f 4239/7015/2868 4242/7019/2871 4238/7014/2867
f 4241/7017/2870 4240/7016/2869 4243/7020/2872
f 4242/7019/2871 4243/7020/2872 4240/7016/2869
f 4235/7018/2864 4241/7017/2870 4244/7021/2873
f 4243/7020/2872 4244/7021/2873 4241/7017/2870
f 4244/7021/2873 4239/7022/2868 4235/7018/2864
f 4245/7023/2874 4243/7020/2872 4242/7019/2871
f 4244/7021/2873 4243/7020/2872 4245/7023/2874
f 4246/7024/2875 4242/7019/2871 4239/7015/2868
f 4242/7019/2871 4246/7024/2875 4245/7023/2874
f 4239/7015/2868 4247/7025/2876 4246/7024/2875
f 4239/7022/2868 4244/7021/2873 4248/7026/2877
f 4245/7023/2874 4248/7026/2877 4244/7021/2873
f 4248/7026/2877 4247/7027/2876 4239/7022/2868
f 4247/7025/2876 4249/7028/2878 4250/7029/2879
f 4250/7029/2879 4246/7024/2875 4247/7025/2876
f 4246/7024/2875 4250/7029/2879 4251/7030/2880
f 4251/7030/2880 4245/7023/2874 4246/7024/2875
f 4248/7026/2877 4245/7023/2874 4251/7030/2880
f 4251/7030/2880 4252/7031/2881 4248/7026/2877
f 4247/7027/2876 4248/7026/2877 4252/7031/2881
f 4252/7031/2881 4249/7032/2878 4247/7027/2876
f 1328/7033/104 1369/7034/104 1372/7035/104
f 1372/7035/104 1325/7036/104 1328/7033/104
f 1325/7036/104 1372/7035/104 1375/7037/104
f 1375/7037/104 1331/7038/104 1325/7036/104
f 1369/7034/104 1328/7033/104 1332/7039/104
f 1332/7039/104 1418/7040/104 1369/7034/104
f 1418/7040/104 1332/7039/104 1331/7038/104
f 1331/7038/104 1375/7037/104 1418/7040/104
f 4253/7041/2882 2236/7042/1077 2239/7043/1080
f 2239/7043/1080 4254/7044/2883 4253/7041/2882
f 4254/7044/2883 2239/7043/1080 2238/7045/1079
f 4255/7046/2884 4253/7041/2882 4254/7044/2883
f 2238/7045/1079 4256/7047/2885 4254/7044/2883
f 4256/7047/2885 2238/7045/1079 2237/7048/1078
f 4254/7044/2883 4257/7049/2886 4255/7046/2884
f 4257/7049/2886 4254/7044/2883 4256/7047/2885
f 4258/7050/2887 4255/7046/2884 4257/7049/2886
f 2237/7048/1078 4259/7051/2888 4256/7047/2885
f 4259/7051/2888 2237/7048/1078 2236/7052/1077
f 2236/7052/1077 4253/7053/2882 4259/7051/2888
f 4256/7047/2885 4260/7054/2889 4257/7049/2886
f 4260/7054/2889 4256/7047/2885 4259/7051/2888
f 4257/7049/2886 4261/7055/2890 4258/7050/2887
f 4261/7055/2890 4257/7049/2886 4260/7054/2889
f 4262/7056/2891 4258/7050/2887 4261/7055/2890
f 4263/7057/2892 4259/7051/2888 4253/7053/2882
f 4259/7051/2888 4263/7057/2892 4260/7054/2889
f 4253/7053/2882 4255/7058/2884 4263/7057/2892
f 4260/7054/2889 4264/7059/2893 4261/7055/2890
f 4264/7059/2893 4260/7054/2889 4263/7057/2892
f 4261/7055/2890 4265/7060/2894 4262/7056/2891
f 4265/7060/2894 4261/7055/2890 4264/7059/2893
f 4266/7061/2895 4262/7056/2891 4265/7060/2894
f 4267/7062/2896 4263/7057/2892 4255/7058/2884
f 4263/7057/2892 4267/7062/2896 4264/7059/2893
f 4255/7058/2884 4258/7063/2887 4267/7062/2896
f 4264/7059/2893 4268/7064/2897 4265/7060/2894
f 4268/7064/2897 4264/7059/2893 4267/7062/2896
f 4265/7060/2894 4269/7065/2898 4266/7061/2895
f 4269/7065/2898 4265/7060/2894 4268/7064/2897
f 4270/7066/2899 4266/7061/2895 4269/7065/2898
f 4271/7067/2900 4267/7062/2896 4258/7063/2887
f 4267/7062/2896 4271/7067/2900 4268/7064/2897
f 4258/7063/2887 4262/7068/2891 4271/7067/2900
f 4268/7064/2897 4272/7069/2901 4269/7065/2898
f 4272/7069/2901 4268/7064/2897 4271/7067/2900
f 4269/7065/2898 4273/7070/2902 4270/7066/2899
f 4273/7070/2902 4269/7065/2898 4272/7069/2901
f 4274/7071/2903 4270/7066/2899 4273/7070/2902
f 4275/7072/2904 4271/7067/2900 4262/7068/2891
f 4271/7067/2900 4275/7072/2904 4272/7069/2901
f 4262/7068/2891 4266/7073/2895 4275/7072/2904
f 4272/7069/2901 4276/7074/2905 4273/7070/2902
f 4276/7074/2905 4272/7069/2901 4275/7072/2904
f 4273/7070/2902 4277/7075/2906 4274/7071/2903
f 4277/7075/2906 4273/7070/2902 4276/7074/2905
f 4278/7076/2907 4274/7071/2903 4277/7075/2906
f 4279/7077/2908 4275/7072/2904 4266/7073/2895
f 4275/7072/2904 4279/7077/2908 4276/7074/2905
f 4266/7073/2895 4270/7078/2899 4279/7077/2908
f 4276/7074/2905 4280/7079/2909 4277/7075/2906
f 4280/7079/2909 4276/7074/2905 4279/7077/2908
f 4277/7075/2906 4281/7080/2910 4278/7076/2907
f 4281/7080/2910 4277/7075/2906 4280/7079/2909
f 4282/7081/2911 4278/7076/2907 4281/7080/2910
f 4283/7082/2912 4279/7077/2908 4270/7078/2899
f 4279/7077/2908 4283/7082/2912 4280/7079/2909
f 4270/7078/2899 4274/7083/2903 4283/7082/2912
f 4280/7079/2909 4284/7084/2913 4281/7080/2910
f 4284/7084/2913 4280/7079/2909 4283/7082/2912
f 4281/7080/2910 4285/7085/2914 4282/7081/2911
f 4285/7085/2914 4281/7080/2910 4284/7084/2913
f 4286/7086/2915 4282/7081/2911 4285/7085/2914
f 4287/7087/2916 4283/7082/2912 4274/7083/2903
f 4283/7082/2912 4287/7087/2916 4284/7084/2913
f 4274/7083/2903 4278/7088/2907 4287/7087/2916
f 4284/7084/2913 4288/7089/2917 4285/7085/2914
f 4288/7089/2917 4284/7084/2913 4287/7087/2916
f 4285/7085/2914 4289/7090/2918 4286/7086/2915
f 4289/7090/2918 4285/7085/2914 4288/7089/2917
f 4290/7091/2919 4286/7086/2915 4289/7090/2918
f 4291/7092/2920 4287/7087/2916 4278/7088/2907
f 4287/7087/2916 4291/7092/2920 4288/7089/2917
f 4278/7088/2907 4282/7093/2911 4291/7092/2920
f 4288/7089/2917 4292/7094/2921 4289/7090/2918
f 4292/7094/2921 4288/7089/2917 4291/7092/2920
f 4289/7090/2918 4293/7095/2922 4290/7091/2919
f 4293/7095/2922 4289/7090/2918 4292/7094/2921
f 4294/7096/2923 4290/7091/2919 4293/7095/2922
f 4295/7097/2924 4291/7092/2920 4282/7093/2911
f 4291/7092/2920 4295/7097/2924 4292/7094/2921
f 4282/7093/2911 4286/7098/2915 4295/7097/2924
f 4292/7094/2921 4296/7099/2925 4293/7095/2922
f 4296/7099/2925 4292/7094/2921 4295/7097/2924
f 4293/7095/2922 4297/7100/2926 4294/7096/2923
f 4297/7100/2926 4293/7095/2922 4296/7099/2925
f 4298/7101/2927 4294/7096/2923 4297/7100/2926
f 4299/7102/2928 4295/7097/2924 4286/7098/2915
f 4295/7097/2924 4299/7102/2928 4296/7099/2925
f 4286/7098/2915 4290/7103/2919 4299/7102/2928
f 4296/7099/2925 4300/7104/2929 4297/7100/2926
f 4300/7104/2929 4296/7099/2925 4299/7102/2928
f 4297/7100/2926 4301/7105/2930 4298/7101/2927
f 4301/7105/2930 4297/7100/2926 4300/7104/2929
f 4302/7106/2931 4298/7101/2927 4301/7105/2930
f 4303/7107/2932 4299/7102/2928 4290/7103/2919
f 4299/7102/2928 4303/7107/2932 4300/7104/2929
f 4290/7103/2919 4294/7108/2923 4303/7107/2932
f 4300/7104/2929 4304/7109/2933 4301/7105/2930
f 4304/7109/2933 4300/7104/2929 4303/7107/2932
f 4301/7105/2930 4305/7110/2934 4302/7106/2931
f 4305/7110/2934 4301/7105/2930 4304/7109/2933
f 4306/7111/2935 4302/7106/2931 4305/7110/2934
f 4307/7112/2936 4303/7107/2932 4294/7108/2923
f 4303/7107/2932 4307/7112/2936 4304/7109/2933
f 4294/7108/2923 4298/7113/2927 4307/7112/2936
f 4304/7109/2933 4308/7114/2937 4305/7110/2934
f 4308/7114/2937 4304/7109/2933 4307/7112/2936
f 4305/7110/2934 4309/7115/2938 4306/7111/2935
f 4309/7115/2938 4305/7110/2934 4308/7114/2937
f 4310/7116/2939 4306/7111/2935 4309/7115/2938
f 4311/7117/2940 4307/7112/2936 4298/7113/2927
f 4307/7112/2936 4311/7117/2940 4308/7114/2937
f 4298/7113/2927 4302/7118/2931 4311/7117/2940
f 4308/7114/2937 4312/7119/2941 4309/7115/2938
f 4312/7119/2941 4308/7114/2937 4311/7117/2940
f 4309/7115/2938 4313/7120/2942 4310/7116/2939
f 4313/7120/2942 4309/7115/2938 4312/7119/2941
f 4314/7121/2943 4310/7116/2939 4313/7120/2942
f 4315/7122/2944 4311/7117/2940 4302/7118/2931
f 4311/7117/2940 4315/7122/2944 4312/7119/2941
f 4302/7118/2931 4306/7123/2935 4315/7122/2944
f 4312/7119/2941 4316/7124/2945 4313/7120/2942
f 4316/7124/2945 4312/7119/2941 4315/7122/2944
f 4313/7120/2942 4317/7125/2946 4314/7121/2943
f 4317/7125/2946 4313/7120/2942 4316/7124/2945
f 4318/7126/2947 4314/7121/2943 4317/7125/2946
f 4319/7127/2948 4315/7122/2944 4306/7123/2935
f 4315/7122/2944 4319/7127/2948 4316/7124/2945
f 4306/7123/2935 4310/7128/2939 4319/7127/2948
f 4316/7124/2945 4320/7129/2949 4317/7125/2946
f 4320/7129/2949 4316/7124/2945 4319/7127/2948
f 4317/7125/2946 4321/7130/2950 4318/7126/2947
f 4321/7130/2950 4317/7125/2946 4320/7129/2949
f 4322/7131/2951 4318/7126/2947 4321/7130/2950
f 4323/7132/2952 4319/7127/2948 4310/7128/2939
f 4319/7127/2948 4323/7132/2952 4320/7129/2949
f 4310/7128/2939 4314/7133/2943 4323/7132/2952
f 4320/7129/2949 4324/7134/2953 4321/7130/2950
f 4324/7134/2953 4320/7129/2949 4323/7132/2952
f 4321/7130/2950 4325/7135/2954 4322/7131/2951
f 4325/7135/2954 4321/7130/2950 4324/7134/2953
f 4326/7136/2955 4322/7131/2951 4325/7135/2954
f 4327/7137/2956 4323/7132/2952 4314/7133/2943
f 4323/7132/2952 4327/7137/2956 4324/7134/2953
f 4314/7133/2943 4318/7138/2947 4327/7137/2956
f 4324/7134/2953 4328/7139/2957 4325/7135/2954
f 4328/7139/2957 4324/7134/2953 4327/7137/2956
f 4325/7135/2954 4329/7140/2958 4326/7136/2955
f 4329/7140/2958 4325/7135/2954 4328/7139/2957
f 4330/7141/2959 4326/7136/2955 4329/7140/2958
f 4331/7142/2960 4327/7137/2956 4318/7138/2947
f 4327/7137/2956 4331/7142/2960 4328/7139/2957
f 4318/7138/2947 4322/7143/2951 4331/7142/2960
f 4328/7139/2957 4332/7144/2961 4329/7140/2958
f 4332/7144/2961 4328/7139/2957 4331/7142/2960
f 4329/7140/2958 4333/7145/2962 4330/7141/2959
f 4333/7145/2962 4329/7140/2958 4332/7144/2961
f 4334/7146/2963 4330/7141/2959 4333/7145/2962
f 4335/7147/2964 4331/7142/2960 4322/7143/2951
f 4331/7142/2960 4335/7147/2964 4332/7144/2961
f 4322/7143/2951 4326/7148/2955 4335/7147/2964
f 1540/1991/2965 1546/1999/2966 4334/7146/2963
f 4336/7149/2967 4335/7147/2964 4326/7148/2955
f 4326/7148/2955 4330/7150/2959 4336/7149/2967
f 4334/7146/2963 4337/7151/2968 1540/1991/2965
f 4333/7145/2962 4337/7151/2968 4334/7146/2963
f 1541/1992/2969 1540/1991/2965 4337/7151/2968
f 4332/7144/2961 4338/7152/2970 4333/7145/2962
f 4338/7152/2970 4332/7144/2961 4335/7147/2964
f 4337/7151/2968 4333/7145/2962 4338/7152/2970
f 4335/7147/2964 4336/7149/2967 4338/7152/2970
f 4338/7152/2970 4339/7153/2971 4337/7151/2968
f 4339/7153/2971 4338/7152/2970 4336/7149/2967
f 4337/7151/2968 4339/7153/2971 1541/1992/2969
f 4336/7149/2967 4340/7154/2972 4339/7153/2971
f 1541/1992/2969 4339/7153/2971 4340/7154/2972
f 4340/7154/2972 4336/7149/2967 4330/7150/2959
f 4340/7154/2972 1544/1995/2973 1541/1992/2969
f 4330/7150/2959 4334/7155/2963 4340/7154/2972
f 1544/1995/2973 4340/7154/2972 4334/7155/2963
f 4334/7155/2963 1546/1997/2966 1544/1995/2973
f 4341/7156/1809 4342/7157/1809 4343/7158/1531
f 4343/7158/1531 1615/2074/2974 4341/7156/1809
f 1615/2074/2974 4343/7158/1531 4344/7159/1125
f 4345/7160/1809 4341/7156/1809 1615/2074/2974
f 4344/7159/1125 3860/6384/1125 1615/2074/2974
f 3860/6384/1125 4344/7159/1125 4346/7161/1810
f 1615/2074/2974 1614/2073/2975 4345/7160/1809
f 4346/7161/1810 3861/6385/1810 3860/6384/1125
f 3861/6385/1810 4346/7161/1810 4347/7162/104
f 4347/7162/104 1624/2083/2976 3861/6385/1810
f 1624/2083/2976 4347/7162/104 4348/7163/1812
f 4348/7163/1812 4349/7164/1812 1624/2083/2976
f 4349/7164/1812 4348/7163/1812 4350/7165/1302
f 1625/2084/2976 1624/2083/2976 4349/7164/1812
f 4350/7165/1302 4351/7166/1302 4349/7164/1812
f 4351/7166/1302 4350/7165/1302 4352/7167/1516
f 4349/7164/1812 4353/7168/1812 1625/2084/2976
f 4353/7168/1812 4349/7164/1812 4351/7166/1302
f 4352/7167/1516 2351/3259/1618 4351/7166/1302
f 2351/3259/1618 4352/7167/1516 4354/7169/2157
f 4354/7169/2157 3691/5941/2157 2351/3259/1618
f 3691/5941/2157 4354/7169/2157 4355/7170/2158
f 4355/7170/2158 3689/5939/2158 3691/5941/2157
f 3689/5939/2158 4355/7170/2158 4356/7171/2059
f 4356/7171/2059 1610/2069/1579 3689/5939/2158
f 1610/2069/1579 4356/7171/2059 4357/7172/2159
f 4358/7173/1302 4351/7166/1302 2351/3259/1618
f 4351/7166/1302 4358/7173/1302 4353/7168/1812
f 2351/3259/1618 2350/3258/2977 4358/7173/1302
f 4357/7172/2159 4359/7174/2159 1610/2069/1579
f 4359/7174/2159 4357/7172/2159 4360/7175/2978
f 1611/2070/1579 1610/2069/1579 4359/7174/2159
f 4360/7175/2978 4361/7176/2978 4359/7174/2159
f 4361/7176/2978 4360/7175/2978 4362/7177/535
f 4359/7174/2159 4363/7178/2159 1611/2070/1579
f 4363/7178/2159 4359/7174/2159 4361/7176/2978
f 4362/7177/535 1621/2080/2979 4361/7176/2978
f 1621/2080/2979 4362/7177/535 4364/7179/2162
f 4364/7179/2162 3698/5948/2162 1621/2080/2979
f 3698/5948/2162 4364/7179/2162 4365/7180/946
f 4365/7180/946 3700/5950/946 3698/5948/2162
f 3700/5950/946 4365/7180/946 4366/7181/1807
f 4366/7181/1807 2359/3267/2980 3700/5950/946
f 2359/3267/2980 4366/7181/1807 4367/7182/1808
f 4368/7183/2160 4361/7176/2978 1621/2080/2979
f 4361/7176/2978 4368/7183/2160 4363/7178/2159
f 1621/2080/2979 1620/2079/2981 4368/7183/2160
f 4367/7182/1808 4369/7184/1808 2359/3267/2980
f 4369/7184/1808 4367/7182/1808 4342/7185/1809
f 4342/7185/1809 4341/7186/1809 4369/7184/1808
f 2357/3265/2982 2359/3267/2980 4369/7184/1808
f 4370/7187/1808 4369/7184/1808 4341/7186/1809
f 4369/7184/1808 4370/7187/1808 2357/3265/2982
f 4341/7186/1809 4345/7188/1809 4370/7187/1808
f 4370/7187/1808 4345/7188/1809 4371/7189/2983
f 2357/3265/2982 4370/7187/1808 4372/7190/2984
f 4371/7189/2983 4372/7190/2984 4370/7187/1808
f 4372/7190/2984 4373/7191/2985 2357/3265/2982
f 2355/3263/946 2357/3265/2982 4373/7191/2985
f 4374/7192/2986 4372/7190/2984 4371/7189/2983
f 4371/7189/2983 4375/7193/2987 4374/7192/2986
f 4376/7194/2988 4373/7191/2985 4372/7190/2984
f 4372/7190/2984 4374/7192/2986 4376/7194/2988
f 4373/7191/2985 4377/7195/2989 2355/3263/946
f 2353/3261/2161 2355/3263/946 4377/7195/2989
f 4373/7191/2985 4376/7194/2988 4378/7196/2990
f 4378/7196/2990 4377/7195/2989 4373/7191/2985
f 4377/7195/2989 4379/7197/2991 2353/3261/2161
f 1620/2079/2981 2353/3261/2161 4379/7197/2991
f 4377/7195/2989 4378/7196/2990 4380/7198/2992
f 4380/7198/2992 4379/7197/2991 4377/7195/2989
f 2354/7199/1302 4378/7196/2990 4376/7194/2988
f 4378/7196/2990 2354/7199/1302 2352/7200/2993
f 2352/7200/2993 4380/7198/2992 4378/7196/2990
f 4376/7194/2988 2356/7201/2994 2354/7199/1302
f 2356/7201/2994 4376/7194/2988 4374/7192/2986
f 4380/7198/2992 2352/7200/2993 1619/7202/1352
f 4374/7192/2986 4381/7203/2157 2356/7201/2994
f 4381/7203/2157 4374/7192/2986 4375/7193/2987
f 4375/7193/2987 4382/7204/2158 4381/7203/2157
f 4381/7203/2157 4382/7204/2158 4383/7205/2158
f 2356/7201/2994 4381/7203/2157 4384/7206/2157
f 4383/7205/2158 4384/7206/2157 4381/7203/2157
f 4384/7206/2157 4383/7205/2158 1791/7207/2158
f 4384/7206/2157 2358/7208/2995 2356/7201/2994
f 1791/7207/2158 1793/7209/2157 4384/7206/2157
f 2358/7208/2995 4384/7206/2157 1793/7209/2157
f 1793/7209/2157 1795/7210/1763 2358/7208/2995
f 3699/7211/1302 2358/7208/2995 1795/7210/1763
f 1795/7210/1763 1797/7212/1302 3699/7211/1302
f 3697/7213/2993 3699/7211/1302 1797/7212/1302
f 1797/7212/1302 1796/7214/2993 3697/7213/2993
f 1618/7215/2996 3697/7213/2993 1796/7214/2993
f 1796/7214/2993 1794/7216/104 1618/7215/2996
f 4385/7217/1811 1618/7215/2996 1794/7216/104
f 1794/7216/104 1792/7218/1811 4385/7217/1811
f 1618/7215/2996 4385/7217/1811 4386/7219/1811
f 4386/7219/1811 1619/7202/1352 1618/7215/2996
f 4387/7220/1124 4385/7217/1811 1792/7218/1811
f 1792/7218/1811 1790/7221/1125 4387/7220/1124
f 4388/7222/1125 4386/7219/1811 4385/7217/1811
f 4385/7217/1811 4387/7220/1124 4388/7222/1125
f 4389/7223/2997 1619/7202/1352 4386/7219/1811
f 1619/7202/1352 4389/7223/2997 4380/7198/2992
f 4379/7197/2991 4380/7198/2992 4389/7223/2997
f 1613/7224/2625 4387/7220/1124 1790/7221/1125
f 1790/7221/1125 1784/7225/1983 1613/7224/2625
f 3690/7226/1809 1613/7224/2625 1784/7225/1983
f 1784/7225/1983 1783/7227/1809 3690/7226/1809
f 4387/7220/1124 1613/7224/2625 1612/7228/2625
f 3692/7229/1808 3690/7226/1809 1783/7227/1809
f 1612/7228/2625 4388/7222/1125 4387/7220/1124
f 1783/7227/1809 1786/7230/1808 3692/7229/1808
f 2348/7231/1577 3692/7229/1808 1786/7230/1808
f 1786/7230/1808 1788/7232/1538 2348/7231/1577
f 4390/7233/945 2348/7231/1577 1788/7232/1538
f 1788/7232/1538 2360/7234/946 4390/7233/945
f 2348/7231/1577 4390/7233/945 4391/7235/946
f 4391/7235/946 2349/7236/1577 2348/7231/1577
f 4392/7237/2161 4390/7233/945 2360/7234/946
f 2360/7234/946 2361/7238/2162 4392/7237/2161
f 4393/7239/2161 4391/7235/946 4390/7233/945
f 4390/7233/945 4392/7237/2161 4393/7239/2161
f 1623/7240/2998 4392/7237/2161 2361/7238/2162
f 2361/7238/2162 1787/7241/535 1623/7240/2998
f 3862/7242/2978 1623/7240/2998 1787/7241/535
f 1787/7241/535 1785/7243/2160 3862/7242/2978
f 4392/7237/2161 1623/7240/2998 1622/7244/103
f 3859/7245/2159 3862/7242/2978 1785/7243/2160
f 1622/7244/103 4393/7239/2161 4392/7237/2161
f 1785/7243/2160 1782/7246/2159 3859/7245/2159
f 1616/7247/2999 3859/7245/2159 1782/7246/2159
f 1782/7246/2159 1789/7248/1683 1616/7247/2999
f 1789/7248/1683 1791/7249/2158 4383/7250/2158
f 4383/7250/2158 1616/7247/2999 1789/7248/1683
f 1616/7247/2999 4383/7250/2158 4382/7251/2158
f 4382/7251/2158 1617/7252/2999 1616/7247/2999
f 4394/7253/3000 1617/7252/2999 4382/7251/2158
f 4382/7251/2158 4375/7254/2987 4394/7253/3000
f 1617/7252/2999 4394/7253/3000 4395/7255/3001
f 4395/7255/3001 1778/7256/2159 1617/7252/2999
f 4396/7257/3002 4394/7253/3000 4375/7254/2987
f 4375/7254/2987 4371/7258/2983 4396/7257/3002
f 4396/7257/3002 4371/7258/2983 4345/7160/1809
f 4345/7160/1809 1614/2073/2975 4396/7257/3002
f 4394/7253/3000 4396/7257/3002 4397/7259/3003
f 4397/7259/3003 4396/7257/3002 1614/2073/2975
f 4397/7259/3003 4395/7255/3001 4394/7253/3000
f 1614/2073/2975 1781/2253/1125 4397/7259/3003
f 4398/7260/3004 4397/7259/3003 1781/2253/1125
f 4395/7255/3001 4397/7259/3003 4398/7260/3004
f 1781/2253/1125 1780/2252/1810 4398/7260/3004
f 1778/7256/2159 4395/7255/3001 4399/7261/3005
f 4398/7260/3004 4399/7261/3005 4395/7255/3001
f 4399/7261/3005 1779/7262/2160 1778/7256/2159
f 4400/7263/3006 4398/7260/3004 1780/2252/1810
f 4399/7261/3005 4398/7260/3004 4400/7263/3006
f 1780/2252/1810 1625/2084/2976 4400/7263/3006
f 1779/7262/2160 4399/7261/3005 4401/7264/3007
f 4400/7263/3006 4401/7264/3007 4399/7261/3005
f 4401/7264/3007 1622/7244/103 1779/7262/2160
f 4402/7265/3008 4400/7263/3006 1625/2084/2976
f 4401/7264/3007 4400/7263/3006 4402/7265/3008
f 1625/2084/2976 4353/7168/1812 4402/7265/3008
f 1622/7244/103 4401/7264/3007 4403/7266/3009
f 4402/7265/3008 4403/7266/3009 4401/7264/3007
f 4403/7266/3009 4393/7239/2161 1622/7244/103
f 4404/7267/3010 4402/7265/3008 4353/7168/1812
f 4403/7266/3009 4402/7265/3008 4404/7267/3010
f 4353/7168/1812 4358/7173/1302 4404/7267/3010
f 4393/7239/2161 4403/7266/3009 4405/7268/3011
f 4404/7267/3010 4405/7268/3011 4403/7266/3009
f 4405/7268/3011 4391/7235/946 4393/7239/2161
f 4406/7269/3012 4404/7267/3010 4358/7173/1302
f 4405/7268/3011 4404/7267/3010 4406/7269/3012
f 4358/7173/1302 2350/3258/2977 4406/7269/3012
f 4391/7235/946 4405/7268/3011 4407/7270/3013
f 4406/7269/3012 4407/7270/3013 4405/7268/3011
f 4407/7270/3013 2349/7236/1577 4391/7235/946
f 4408/7271/3014 4406/7269/3012 2350/3258/2977
f 4407/7270/3013 4406/7269/3012 4408/7271/3014
f 2350/3258/2977 3696/5946/2157 4408/7271/3014
f 2349/7236/1577 4407/7270/3013 4409/7272/3015
f 4408/7271/3014 4409/7272/3015 4407/7270/3013
f 4409/7272/3015 3695/7273/1808 2349/7236/1577
f 4410/7274/3016 4408/7271/3014 3696/5946/2157
f 4409/7272/3015 4408/7271/3014 4410/7274/3016
f 3696/5946/2157 3694/5944/2158 4410/7274/3016
f 3695/7273/1808 4409/7272/3015 4411/7275/3017
f 4410/7274/3016 4411/7275/3017 4409/7272/3015
f 4411/7275/3017 3693/7276/1809 3695/7273/1808
f 4412/7277/3018 4410/7274/3016 3694/5944/2158
f 4411/7275/3017 4410/7274/3016 4412/7277/3018
f 3694/5944/2158 1611/2070/1579 4412/7277/3018
f 3693/7276/1809 4411/7275/3017 4413/7278/3019
f 4412/7277/3018 4413/7278/3019 4411/7275/3017
f 4413/7278/3019 1612/7228/2625 3693/7276/1809
f 4414/7279/3020 4412/7277/3018 1611/2070/1579
f 4413/7278/3019 4412/7277/3018 4414/7279/3020
f 1611/2070/1579 4363/7178/2159 4414/7279/3020
f 1612/7228/2625 4413/7278/3019 4415/7280/3021
f 4414/7279/3020 4415/7280/3021 4413/7278/3019
f 4415/7280/3021 4388/7222/1125 1612/7228/2625
f 4416/7281/3022 4414/7279/3020 4363/7178/2159
f 4415/7280/3021 4414/7279/3020 4416/7281/3022
f 4363/7178/2159 4368/7183/2160 4416/7281/3022
f 4388/7222/1125 4415/7280/3021 4417/7282/3023
f 4416/7281/3022 4417/7282/3023 4415/7280/3021
f 4417/7282/3023 4386/7219/1811 4388/7222/1125
f 4386/7219/1811 4417/7282/3023 4389/7223/2997
f 4418/7283/3024 4416/7281/3022 4368/7183/2160
f 4417/7282/3023 4416/7281/3022 4418/7283/3024
f 4418/7283/3024 4389/7223/2997 4417/7282/3023
f 4368/7183/2160 1620/2079/2981 4418/7283/3024
f 4389/7223/2997 4418/7283/3024 4379/7197/2991
f 4379/7197/2991 4418/7283/3024 1620/2079/2981
f 4343/7158/3025 4342/7157/3026 4419/7284/3027
f 4419/7284/3027 4420/7285/3028 4343/7158/3025
f 4344/7159/3029 4343/7158/3025 4420/7285/3028
f 4420/7285/3028 4419/7284/3027 4421/7286/3030
f 4420/7285/3028 4422/7287/3031 4344/7159/3029
f 4346/7161/3032 4344/7159/3029 4422/7287/3031
f 4421/7286/3030 4423/7288/3033 4420/7285/3028
f 4422/7287/3031 4420/7285/3028 4423/7288/3033
f 4421/7286/3030 4424/7289/3034 4425/7290/3035
f 4425/7290/3035 4423/7288/3033 4421/7286/3030
f 4423/7288/3033 4425/7290/3035 4426/7291/3036
f 4426/7291/3036 4427/7292/3037 4423/7288/3033
f 4423/7288/3033 4427/7292/3037 4422/7287/3031
f 4427/7292/3037 4426/7291/3036 4428/7293/3038
f 4422/7287/3031 4429/7294/3039 4346/7161/3032
f 4429/7294/3039 4422/7287/3031 4427/7292/3037
f 4347/7162/3040 4346/7161/3032 4429/7294/3039
f 4428/7293/3038 4430/7295/3041 4427/7292/3037
f 4427/7292/3037 4430/7295/3041 4429/7294/3039
f 4430/7295/3041 4428/7293/3038 4431/7296/1011
f 4429/7294/3039 4432/7297/3042 4347/7162/3040
f 4432/7297/3042 4429/7294/3039 4430/7295/3041
f 4348/7163/3043 4347/7162/3040 4432/7297/3042
f 4431/7296/1011 4433/7298/3044 4430/7295/3041
f 4430/7295/3041 4433/7298/3044 4432/7297/3042
f 4433/7298/3044 4431/7296/1011 4434/7299/3045
f 4432/7297/3042 4435/7300/3046 4348/7163/3043
f 4435/7300/3046 4432/7297/3042 4433/7298/3044
f 4350/7165/3047 4348/7163/3043 4435/7300/3046
f 4434/7299/3045 4436/7301/3048 4433/7298/3044
f 4433/7298/3044 4436/7301/3048 4435/7300/3046
f 4436/7301/3048 4434/7299/3045 4437/7302/3049
f 4435/7300/3046 4438/7303/3050 4350/7165/3047
f 4438/7303/3050 4435/7300/3046 4436/7301/3048
f 4352/7167/3051 4350/7165/3047 4438/7303/3050
f 4437/7302/3049 4439/7304/3052 4436/7301/3048
f 4436/7301/3048 4439/7304/3052 4438/7303/3050
f 4439/7304/3052 4437/7302/3049 4440/7305/3053
f 4438/7303/3050 4441/7306/3054 4352/7167/3051
f 4441/7306/3054 4438/7303/3050 4439/7304/3052
f 4354/7169/3055 4352/7167/3051 4441/7306/3054
f 4440/7305/3053 4442/7307/3056 4439/7304/3052
f 4439/7304/3052 4442/7307/3056 4441/7306/3054
f 4442/7307/3056 4440/7305/3053 4443/7308/3057
f 4441/7306/3054 4444/7309/1211 4354/7169/3055
f 4444/7309/1211 4441/7306/3054 4442/7307/3056
f 4355/7170/3058 4354/7169/3055 4444/7309/1211
f 4443/7308/3057 4445/7310/3059 4442/7307/3056
f 4442/7307/3056 4445/7310/3059 4444/7309/1211
f 4445/7310/3059 4443/7308/3057 4446/7311/3060
f 4444/7309/1211 4447/7312/3061 4355/7170/3058
f 4447/7312/3061 4444/7309/1211 4445/7310/3059
f 4356/7171/3062 4355/7170/3058 4447/7312/3061
f 4446/7311/3060 4448/7313/3063 4445/7310/3059
f 4445/7310/3059 4448/7313/3063 4447/7312/3061
f 4448/7313/3063 4446/7311/3060 4449/7314/3064
f 4447/7312/3061 4450/7315/3065 4356/7171/3062
f 4450/7315/3065 4447/7312/3061 4448/7313/3063
f 4357/7172/3066 4356/7171/3062 4450/7315/3065
f 4449/7314/3064 4451/7316/3067 4448/7313/3063
f 4448/7313/3063 4451/7316/3067 4450/7315/3065
f 4451/7316/3067 4449/7314/3064 4452/7317/3068
f 4450/7315/3065 4453/7318/3069 4357/7172/3066
f 4453/7318/3069 4450/7315/3065 4451/7316/3067
f 4360/7175/3070 4357/7172/3066 4453/7318/3069
f 4452/7317/3068 4454/7319/3071 4451/7316/3067
f 4451/7316/3067 4454/7319/3071 4453/7318/3069
f 4454/7319/3071 4452/7317/3068 4455/7320/3072
f 4453/7318/3069 4456/7321/3073 4360/7175/3070
f 4456/7321/3073 4453/7318/3069 4454/7319/3071
f 4362/7177/3074 4360/7175/3070 4456/7321/3073
f 4455/7320/3072 4457/7322/3075 4454/7319/3071
f 4454/7319/3071 4457/7322/3075 4456/7321/3073
f 4457/7322/3075 4455/7320/3072 4458/7323/2102
f 4456/7321/3073 4459/7324/3076 4362/7177/3074
f 4459/7324/3076 4456/7321/3073 4457/7322/3075
f 4364/7179/3077 4362/7177/3074 4459/7324/3076
f 4458/7323/2102 4460/7325/3078 4457/7322/3075
f 4457/7322/3075 4460/7325/3078 4459/7324/3076
f 4460/7325/3078 4458/7323/2102 4461/7326/3079
f 4459/7324/3076 4462/7327/3080 4364/7179/3077
f 4462/7327/3080 4459/7324/3076 4460/7325/3078
f 4365/7180/3081 4364/7179/3077 4462/7327/3080
f 4461/7326/3079 4463/7328/3082 4460/7325/3078
f 4460/7325/3078 4463/7328/3082 4462/7327/3080
f 4463/7328/3082 4461/7326/3079 4464/7329/3083
f 4462/7327/3080 4465/7330/3084 4365/7180/3081
f 4465/7330/3084 4462/7327/3080 4463/7328/3082
f 4366/7181/3085 4365/7180/3081 4465/7330/3084
f 4464/7329/3083 4466/7331/3086 4463/7328/3082
f 4463/7328/3082 4466/7331/3086 4465/7330/3084
f 4466/7331/3086 4464/7329/3083 4467/7332/3087
f 4465/7330/3084 4468/7333/3088 4366/7181/3085
f 4468/7333/3088 4465/7330/3084 4466/7331/3086
f 4367/7182/3089 4366/7181/3085 4468/7333/3088
f 4467/7332/3087 4469/7334/3090 4466/7331/3086
f 4466/7331/3086 4469/7334/3090 4468/7333/3088
f 4469/7334/3090 4467/7332/3087 4470/7335/3091
f 4468/7333/3088 4471/7336/3092 4367/7182/3089
f 4471/7336/3092 4468/7333/3088 4469/7334/3090
f 4342/7185/3026 4367/7182/3089 4471/7336/3092
f 4471/7336/3092 4419/7337/3027 4342/7185/3026
f 4470/7335/3091 4472/7338/3093 4469/7334/3090
f 4469/7334/3090 4472/7338/3093 4471/7336/3092
f 4419/7337/3027 4471/7336/3092 4472/7338/3093
f 4472/7338/3093 4470/7335/3091 4424/7339/3034
f 4472/7338/3093 4421/7340/3030 4419/7337/3027
f 4424/7339/3034 4421/7340/3030 4472/7338/3093
f 1947/7341/98 2463/7342/98 1916/2435/98
f 2463/7342/98 3813/7343/98 1916/2435/98
f 3813/7343/98 3814/7344/98 1916/2435/98
f 3814/7344/98 3815/7345/98 1916/2435/98
f 3815/7345/98 3816/7346/98 1916/2435/98
f 3816/7346/98 3817/7347/98 1916/2435/98
f 3817/7347/98 1917/2436/98 1916/2435/98
f 2561/3611/3094 2562/3613/3095 2564/3615/3096
f 2561/3611/3094 2564/3615/3096 2566/3617/3097
f 2561/3611/3094 2566/3617/3097 2570/3621/3098
f 2561/3611/3094 2570/3621/3098 2574/3625/3099
f 2561/3611/3094 2574/3625/3099 2577/3628/3100
f 2561/3611/3094 2577/3628/3100 273/350/3101
f 2560/3610/3102 2561/3611/3094 273/350/3101
f 273/350/3101 272/349/3103 2560/3610/3102
f 2559/3609/3104 2560/3610/3102 272/349/3103
f 272/349/3103 2707/3813/3105 2559/3609/3104
f 2559/3609/3104 2707/3813/3105 1943/7348/3106
f 1943/7348/3106 1940/7349/3107 2559/3609/3104
f 1944/7350/3108 1943/7348/3106 2707/3813/3105
f 2558/3608/726 2559/3609/3104 1940/7349/3107
f 2707/3813/3105 2704/3810/104 1944/7350/3108
f 1940/7349/3107 1939/7351/104 2558/3608/726
f 1944/7350/3108 2704/3810/104 2702/3808/3109
f 2558/3608/726 1939/7351/104 2035/7352/3110
f 2702/3808/3109 2036/7353/3111 1944/7350/3108
f 2035/7352/3110 2557/3607/3112 2558/3608/726
f 2557/3607/3112 2035/7352/3110 2036/7353/3111
f 2036/7353/3111 2702/3808/3109 2557/3607/3112
f 2557/3607/3112 2702/3808/3109 553/721/3113
f 553/721/3113 2556/3606/3114 2557/3607/3112
f 2556/3606/3114 553/721/3113 556/724/3115
f 556/724/3115 2553/3603/3116 2556/3606/3114
f 2553/3603/3116 556/724/3115 2539/3588/3117
f 2553/3603/3116 2539/3588/3117 2541/3590/3118
f 2553/3603/3116 2541/3590/3118 2543/3592/3119
f 2553/3603/3116 2543/3592/3119 2545/3594/3120
f 2553/3603/3116 2545/3594/3120 2547/3596/3121
f 2553/3603/3116 2547/3596/3121 2550/3599/3122
f 3886/7354/3123 2418/7355/3124 2417/7356/3125
f 3886/7354/3123 2417/7356/3125 2420/7357/3126
f 3886/7354/3123 2420/7357/3126 2422/7358/3127
f 3886/7354/3123 2422/7358/3127 2424/7359/3128
f 3886/7354/3123 2424/7359/3128 2426/7360/3129
f 3886/7354/3123 2426/7360/3129 2429/7361/3130
f 3881/7362/3131 3886/7354/3123 2429/7361/3130
f 2429/7361/3130 2430/7363/3131 3881/7362/3131
f 3882/7364/1777 3881/7362/3131 2430/7363/3131
f 2430/7363/3131 2432/7365/3132 3882/7364/1777
f 3882/7364/1777 2432/7365/3132 2435/7366/3133
f 2435/7366/3133 3950/7367/3133 3882/7364/1777
f 3950/7367/3133 2435/7366/3133 2437/7368/3134
f 2437/7368/3134 3952/7369/3135 3950/7367/3133
f 3952/7369/3135 2437/7368/3134 2438/7370/3136
f 3952/7369/3135 2438/7370/3136 2441/7371/3137
f 3952/7369/3135 2441/7371/3137 2443/7372/3138
f 3952/7369/3135 2443/7372/3138 2445/7373/3139
f 3952/7369/3135 2445/7373/3139 2447/7374/3140
f 3952/7369/3135 2447/7374/3140 2448/7375/3141
f 81/84/3142 80/83/3143 87/7376/635
f 87/7376/635 1835/7377/52 81/84/3142
f 81/84/3142 1835/7377/52 1837/7378/52
f 81/84/3142 1837/7378/52 1839/7379/52
f 81/84/3142 1839/7379/52 1841/7380/52
f 81/84/3142 1841/7380/52 77/7381/52
f 81/84/3142 77/7381/52 76/7382/52
f 373/468/3144 371/7383/98 370/7384/98
f 373/468/3144 370/7384/98 1973/7385/98
f 373/468/3144 1973/7385/98 1971/7386/98
f 373/468/3144 1971/7386/98 1969/7387/98
f 373/468/3144 1969/7387/98 1967/7388/98
f 373/468/3144 1967/7388/98 380/7389/236
f 380/7389/236 374/469/634 373/468/3144
f 1948/7390/52 1915/2434/52 2701/7391/52
f 2701/7391/52 1915/2434/52 3822/7392/52
f 3822/7392/52 1915/2434/52 3821/7393/52
f 3821/7393/52 1915/2434/52 3820/7394/52
f 3820/7394/52 1915/2434/52 3819/7395/52
f 3819/7395/52 1915/2434/52 3818/7396/52
f 3818/7396/52 1915/2434/52 1918/2437/52
f 1919/2452/954 1924/7397/953 2450/7398/1269
f 2450/7398/1269 4473/7399/3145 1919/2452/954
f 4473/7399/3145 2450/7398/1269 2452/7400/1271
f 4474/7401/3146 1919/2452/954 4473/7399/3145
f 1919/2452/954 4474/7401/3146 1920/2453/1276
f 2455/7402/1274 1920/2453/1276 4474/7401/3146
f 4474/7401/3146 2454/7403/1273 2455/7402/1274
f 2452/7400/1271 4475/7404/3147 4473/7399/3145
f 4473/7399/3145 4475/7404/3147 4474/7401/3146
f 4475/7404/3147 2452/7400/1271 2454/7403/1273
f 2454/7403/1273 4474/7401/3146 4475/7404/3147
f 3925/7405/2537 241/7406/2534 4476/7407/3148
f 4476/7407/3148 4477/7408/3149 3925/7405/2537
f 3934/7409/2546 3925/7405/2537 4477/7408/3149
f 4478/7410/3150 4477/7408/3149 4476/7407/3148
f 4476/7407/3148 4479/7411/3151 4478/7410/3150
f 4478/7410/3150 4479/7411/3151 4480/7412/3152
f 4477/7408/3149 4481/7413/3153 3934/7409/2546
f 4482/7414/3154 515/7415/2569 3934/7409/2546
f 3934/7409/2546 4481/7413/3153 4482/7414/3154
f 4483/7416/3155 4481/7413/3153 4477/7408/3149
f 4482/7414/3154 4481/7413/3153 4483/7416/3155
f 4477/7408/3149 4478/7410/3150 4483/7416/3155
f 4483/7416/3155 4484/7417/3156 4482/7414/3154
f 4485/7418/3157 4484/7417/3156 4483/7416/3155
f 4483/7416/3155 4478/7410/3150 4486/7419/3158
f 4480/7412/3152 4486/7419/3158 4478/7410/3150
f 4483/7416/3155 4487/7420/3159 4485/7418/3157
f 4486/7419/3158 4487/7420/3159 4483/7416/3155
f 4488/7421/3160 4486/7419/3158 4480/7412/3152
f 4487/7420/3159 4486/7419/3158 4488/7421/3160
f 4480/7412/3152 4489/7422/3161 4488/7421/3160
f 4485/7418/3157 4487/7420/3159 4490/7423/3162
f 4488/7421/3160 4490/7423/3162 4487/7420/3159
f 4490/7423/3162 4491/7424/3163 4485/7418/3157
f 4492/7425/3164 4488/7421/3160 4489/7422/3161
f 4490/7423/3162 4488/7421/3160 4492/7425/3164
f 4489/7422/3161 4493/7426/3165 4492/7425/3164
f 4491/7424/3163 4490/7423/3162 4494/7427/3166
f 4492/7425/3164 4494/7427/3166 4490/7423/3162
f 4494/7427/3166 4495/7428/3167 4491/7424/3163
f 4496/7429/3168 4492/7425/3164 4493/7426/3165
f 4494/7427/3166 4492/7425/3164 4496/7429/3168
f 4493/7426/3165 4497/7430/3169 4496/7429/3168
f 4495/7428/3167 4494/7427/3166 4498/7431/3170
f 4496/7429/3168 4498/7431/3170 4494/7427/3166
f 4498/7431/3170 4499/7432/3171 4495/7428/3167
f 4500/7433/3172 4496/7429/3168 4497/7430/3169
f 4498/7431/3170 4496/7429/3168 4500/7433/3172
f 4497/7430/3169 4501/7434/3173 4500/7433/3172
f 4499/7432/3171 4498/7431/3170 4502/7435/3174
f 4500/7433/3172 4502/7435/3174 4498/7431/3170
f 4502/7435/3174 4503/7436/3175 4499/7432/3171
f 4504/7437/3176 4500/7433/3172 4501/7434/3173
f 4502/7435/3174 4500/7433/3172 4504/7437/3176
f 4501/7434/3173 4505/7438/3177 4504/7437/3176
f 4503/7436/3175 4502/7435/3174 4506/7439/3178
f 4504/7437/3176 4506/7439/3178 4502/7435/3174
f 4506/7439/3178 4507/7440/3179 4503/7436/3175
f 4504/7437/3176 4505/7438/3177 4508/7441/3180
f 4509/7442/3181 4507/7440/3179 4506/7439/3178
f 4506/7439/3178 4504/7437/3176 4510/7443/3182
f 4508/7441/3180 4510/7443/3182 4504/7437/3176
f 4506/7439/3178 4511/7444/3183 4509/7442/3181
f 4510/7443/3182 4511/7444/3183 4506/7439/3178
f 4509/7442/3181 4511/7444/3183 4512/7445/3184
f 4512/7445/3184 4511/7444/3183 4510/7443/3182
f 4513/7446/3185 4510/7443/3182 4508/7441/3180
f 4510/7443/3182 4513/7446/3185 4512/7445/3184
f 4512/7445/3184 4514/7447/3186 4509/7442/3181
f 4507/7448/3179 4509/7442/3181 4514/7447/3186
f 4514/7447/3186 4503/7449/3175 4507/7448/3179
f 4514/7447/3186 4512/7445/3184 4515/7450/3187
f 4515/7450/3187 4512/7445/3184 4513/7446/3185
f 4503/7449/3175 4514/7447/3186 4516/7451/3188
f 4515/7450/3187 4516/7451/3188 4514/7447/3186
f 4516/7451/3188 4499/7452/3171 4503/7449/3175
f 4495/7453/3167 4499/7452/3171 4516/7451/3188
f 4516/7451/3188 4517/7454/3189 4495/7453/3167
f 4491/7455/3163 4495/7453/3167 4517/7454/3189
f 4516/7451/3188 4515/7450/3187 4518/7456/3190
f 4518/7456/3190 4517/7454/3189 4516/7451/3188
f 4513/7446/3185 4519/7457/3191 4515/7450/3187
f 4518/7456/3190 4515/7450/3187 4519/7457/3191
f 4508/7441/3180 4520/7458/3192 4513/7446/3185
f 4519/7457/3191 4513/7446/3185 4520/7458/3192
f 4520/7458/3192 4508/7441/3180 4505/7459/3177
f 4505/7459/3177 4501/7460/3173 4520/7458/3192
f 4521/7461/3193 4520/7458/3192 4501/7460/3173
f 4520/7458/3192 4521/7461/3193 4519/7457/3191
f 4501/7460/3173 4497/7462/3169 4521/7461/3193
f 4521/7461/3193 4497/7462/3169 4493/7463/3165
f 4522/7464/3194 4519/7457/3191 4521/7461/3193
f 4519/7457/3191 4522/7464/3194 4518/7456/3190
f 4493/7463/3165 4523/7465/3195 4521/7461/3193
f 4521/7461/3193 4523/7465/3195 4522/7464/3194
f 4523/7465/3195 4493/7463/3165 4489/7466/3161
f 4518/7456/3190 4522/7464/3194 4524/7467/3196
f 4524/7467/3196 4522/7464/3194 4523/7465/3195
f 4489/7466/3161 4525/7468/3197 4523/7465/3195
f 4523/7465/3195 4525/7468/3197 4524/7467/3196
f 4526/7469/3198 4525/7468/3197 4489/7466/3161
f 4489/7466/3161 4480/7470/3152 4526/7469/3198
f 4527/7471/3199 4524/7467/3196 4525/7468/3197
f 4525/7468/3197 4526/7469/3198 4527/7471/3199
f 4524/7467/3196 4528/7472/3200 4518/7456/3190
f 4528/7472/3200 4524/7467/3196 4527/7471/3199
f 4517/7454/3189 4518/7456/3190 4528/7472/3200
f 4528/7472/3200 4529/7473/3201 4517/7454/3189
f 4517/7454/3189 4529/7473/3201 4491/7455/3163
f 4529/7473/3201 4528/7472/3200 4530/7474/3202
f 4527/7471/3199 4530/7474/3202 4528/7472/3200
f 4491/7455/3163 4529/7473/3201 4531/7475/3203
f 4530/7474/3202 4531/7475/3203 4529/7473/3201
f 4531/7475/3203 4485/7476/3157 4491/7455/3163
f 4532/7477/3204 4530/7474/3202 4527/7471/3199
f 4531/7475/3203 4530/7474/3202 4532/7477/3204
f 4485/7476/3157 4531/7475/3203 4533/7478/3205
f 4532/7477/3204 4533/7478/3205 4531/7475/3203
f 4533/7478/3205 4484/7479/3156 4485/7476/3157
f 4533/7478/3205 4482/7480/3154 4484/7479/3156
f 511/7481/3206 515/7482/2569 4482/7480/3154
f 4482/7480/3154 4533/7478/3205 511/7481/3206
f 4534/7483/3207 511/7481/3206 4533/7478/3205
f 4533/7478/3205 4532/7477/3204 4534/7483/3207
f 499/641/2572 511/7481/3206 4534/7483/3207
f 4534/7483/3207 500/642/3208 499/641/2572
f 500/642/3208 4534/7483/3207 4535/7484/3209
f 4535/7484/3209 4534/7483/3207 4532/7477/3204
f 4535/7484/3209 228/279/3210 500/642/3208
f 226/277/2530 228/279/3210 4535/7484/3209
f 4535/7484/3209 238/7485/3211 226/277/2530
f 4532/7477/3204 4536/7486/3212 4535/7484/3209
f 4527/7471/3199 4536/7486/3212 4532/7477/3204
f 4536/7486/3212 4527/7471/3199 4526/7469/3198
f 4535/7484/3209 4536/7486/3212 4537/7487/3213
f 4526/7469/3198 4537/7487/3213 4536/7486/3212
f 4537/7487/3213 238/7485/3211 4535/7484/3209
f 4537/7487/3213 4526/7469/3198 4480/7470/3152
f 4480/7470/3152 4479/7488/3151 4537/7487/3213
f 4537/7487/3213 4479/7488/3151 4476/7489/3148
f 238/7485/3211 4537/7487/3213 4476/7489/3148
f 4476/7489/3148 241/7490/2534 238/7485/3211
f 781/1013/768 778/1864/14 1426/1867/14
f 781/1013/768 1426/1867/14 2088/7491/14
f 2088/7491/14 2087/7492/14 781/1013/768
f 2091/7493/14 2088/7491/14 1426/1867/14
f 781/1013/768 2087/7492/14 2092/7494/14
f 1426/1867/14 786/7495/14 2091/7493/14
f 2092/7494/14 2091/7493/14 786/7495/14
f 2092/7494/14 789/1906/14 781/1013/768
f 786/7495/14 789/1906/14 2092/7494/14
f 3004/7496/3214 3025/4459/3215 3026/4460/3216
f 3022/4456/3217 3025/4459/3215 3004/7496/3214
f 3026/4460/3216 3007/7497/3218 3004/7496/3214
f 3004/7496/3214 3003/7498/3217 3022/4456/3217
f 3007/7497/3218 3026/4460/3216 3027/4461/3219
f 3020/4454/104 3022/4456/3217 3003/7498/3217
f 3027/4461/3219 3006/7499/3220 3007/7497/3218
f 3003/7498/3217 3001/7500/104 3020/4454/104
f 3006/7499/3220 3027/4461/3219 3024/4458/3221
f 3018/4452/104 3020/4454/104 3001/7500/104
f 3024/4458/3221 3005/7501/3221 3006/7499/3220
f 3001/7500/104 2999/7502/104 3018/4452/104
f 3002/7503/3222 3005/7501/3221 3024/4458/3221
f 3016/4450/104 3018/4452/104 2999/7502/104
f 3024/4458/3221 3023/4457/3222 3002/7503/3222
f 2999/7502/104 2997/7504/104 3016/4450/104
f 3000/7505/535 3002/7503/3222 3023/4457/3222
f 3014/4448/104 3016/4450/104 2997/7504/104
f 3023/4457/3222 3021/4455/535 3000/7505/535
f 2997/7504/104 2995/7506/104 3014/4448/104
f 2998/4432/535 3000/7505/535 3021/4455/535
f 3013/4447/3223 3014/4448/104 2995/7506/104
f 3021/4455/535 3019/4453/535 2998/4432/535
f 2995/7506/104 2992/7507/3224 3013/4447/3223
f 2996/4430/535 2998/4432/535 3019/4453/535
f 3011/4445/3225 3013/4447/3223 2992/7507/3224
f 3019/4453/535 3017/4451/535 2996/4430/535
f 2992/7507/3224 2990/7508/3214 3011/4445/3225
f 2994/7509/535 2996/4430/535 3017/4451/535
f 3011/4445/3225 2990/7508/3214 2989/7510/3226
f 3017/4451/535 3015/4449/535 2994/7509/535
f 2989/7510/3226 3008/4442/3218 3011/4445/3225
f 2993/7511/3227 2994/7509/535 3015/4449/535
f 3008/4442/3218 2989/7510/3226 2988/7512/3220
f 3015/4449/535 3012/4446/3227 2993/7511/3227
f 2988/7512/3220 3009/4443/3228 3008/4442/3218
f 2991/7513/3221 2993/7511/3227 3012/4446/3227
f 3009/4443/3228 2988/7512/3220 2991/7513/3221
f 3012/4446/3227 3010/4444/3229 2991/7513/3221
f 2991/7513/3221 3010/4444/3229 3009/4443/3228
f 2265/3162/14 3530/7514/459 3528/7515/14
f 3532/7516/14 3530/7514/459 2265/3162/14
f 2265/3162/14 3528/7515/14 1563/2016/14
f 2265/3162/14 2256/3150/14 3532/7516/14
f 3528/7515/14 3527/7517/14 1563/2016/14
f 3534/7518/14 3532/7516/14 2256/3150/14
f 2252/3145/14 1563/2016/14 3527/7517/14
f 2256/3150/14 2254/3147/14 3534/7518/14
f 3527/7517/14 3536/7519/14 2252/3145/14
f 3536/7519/14 3534/7518/14 2254/3147/14
f 2254/3147/14 2252/3145/14 3536/7519/14
f 3631/5820/3230 3612/7520/3230 3609/7521/3231
f 3613/7522/3232 3612/7520/3230 3631/5820/3230
f 3609/7521/3231 3630/5819/3231 3631/5820/3230
f 3631/5820/3230 3634/5823/3233 3613/7522/3232
f 3630/5819/3231 3609/7521/3231 3607/7523/535
f 3614/7524/3234 3613/7522/3232 3634/5823/3233
f 3607/7523/535 3628/5817/535 3630/5819/3231
f 3634/5823/3233 3633/5822/3234 3614/7524/3234
f 3628/5817/535 3607/7523/535 3605/5794/535
f 3611/7525/3235 3614/7524/3234 3633/5822/3234
f 3605/5794/535 3626/5815/535 3628/5817/535
f 3633/5822/3234 3632/5821/3236 3611/7525/3235
f 3626/5815/535 3605/5794/535 3603/5792/535
f 3611/7525/3235 3632/5821/3236 3629/5818/3237
f 3603/5792/535 3624/5813/535 3626/5815/535
f 3629/5818/3237 3610/7526/3237 3611/7525/3235
f 3624/5813/535 3603/5792/535 3601/7527/535
f 3610/7526/3237 3629/5818/3237 3627/5816/104
f 3601/7527/535 3622/5811/535 3624/5813/535
f 3627/5816/104 3608/7528/104 3610/7526/3237
f 3622/5811/535 3601/7527/535 3600/7529/3238
f 3608/7528/104 3627/5816/104 3625/5814/104
f 3600/7529/3238 3619/5808/3238 3622/5811/535
f 3625/5814/104 3606/7530/104 3608/7528/104
f 3619/5808/3238 3600/7529/3238 3598/7531/3230
f 3606/7530/104 3625/5814/104 3623/5812/104
f 3598/7531/3230 3615/5804/3239 3619/5808/3238
f 3623/5812/104 3604/7532/104 3606/7530/104
f 3616/5805/3240 3615/5804/3239 3598/7531/3230
f 3604/7532/104 3623/5812/104 3621/5810/104
f 3598/7531/3230 3597/7533/3240 3616/5805/3240
f 3621/5810/104 3602/7534/104 3604/7532/104
f 3617/5806/3234 3616/5805/3240 3597/7533/3240
f 3602/7534/104 3621/5810/104 3620/5809/3241
f 3597/7533/3240 3596/7535/3242 3617/5806/3234
f 3620/5809/3241 3599/7536/3243 3602/7534/104
f 3618/5807/3244 3617/5806/3234 3596/7535/3242
f 3599/7536/3243 3620/5809/3241 3618/5807/3244
f 3596/7535/3242 3595/7537/3235 3618/5807/3244
f 3618/5807/3244 3595/7537/3235 3599/7536/3243
f 1587/2046/14 3149/7538/14 3147/7539/14
f 1587/2046/14 3140/7540/14 3149/7538/14
f 3147/7539/14 2292/3194/14 1587/2046/14
f 1587/2046/14 1582/2040/14 3140/7540/14
f 2292/3194/14 3147/7539/14 3145/7541/14
f 3140/7540/14 1582/2040/14 3141/7542/14
f 3145/7541/14 2290/3191/14 2292/3194/14
f 3141/7542/14 1582/2040/14 2288/3189/14
f 2290/3191/14 3145/7541/14 3143/7543/14
f 2288/3189/14 3143/7543/14 3141/7542/14
f 3143/7543/14 2288/3189/14 2290/3191/14
f 3635/7544/74 1581/2038/19 3636/7545/19
f 1581/2038/19 3635/7544/74 3639/7546/19
f 3636/7545/19 1581/2038/19 1580/2037/19
f 3639/7546/19 2289/7547/19 1581/2038/19
f 3636/7545/19 1580/2037/19 3645/7548/19
f 2289/7547/19 3639/7546/19 3641/7549/19
f 3645/7548/19 1580/2037/19 2293/7550/19
f 3641/7549/19 2291/7551/19 2289/7547/19
f 3645/7548/19 2293/7550/19 3643/7552/19
f 2291/7551/19 3641/7549/19 3643/7552/19
f 3643/7552/19 2293/7550/19 2291/7551/19
f 2298/7553/14 3644/7554/14 3642/7555/14
f 3644/7554/14 2298/7553/14 3646/7556/14
f 3642/7555/14 2296/7557/14 2298/7553/14
f 3646/7556/14 2298/7553/14 1585/2044/14
f 2296/7557/14 3642/7555/14 3640/7558/14
f 3646/7556/14 1585/2044/14 3637/7559/14
f 3640/7558/14 2294/7560/14 2296/7557/14
f 3637/7559/14 1585/2044/14 1584/2043/14
f 3638/7561/14 2294/7560/14 3640/7558/14
f 3637/7559/14 1584/2043/14 3638/7561/14
f 3638/7561/14 1584/2043/14 2294/7560/14
f 2295/3198/19 3132/7562/19 3134/7563/19
f 3132/7562/19 2295/3198/19 3130/7564/19
f 3134/7563/19 2297/3201/19 2295/3198/19
f 3130/7564/19 2295/3198/19 1583/2041/19
f 2297/3201/19 3134/7563/19 3136/7565/19
f 3130/7564/19 1583/2041/19 3127/7566/19
f 3136/7565/19 2299/3204/19 2297/3201/19
f 1583/2041/19 1589/2048/19 3127/7566/19
f 3138/7567/19 2299/3204/19 3136/7565/19
f 3127/7566/19 1589/2048/19 3138/7567/19
f 3138/7567/19 1589/2048/19 2299/3204/19
f 3799/7568/52 3701/7569/52 3703/7570/52
f 3702/7571/52 3701/7569/52 3799/7568/52
f 3801/7572/52 3799/7568/52 3703/7570/52
f 3799/7568/52 3797/7573/52 3702/7571/52
f 3703/7570/52 3704/7574/52 3801/7572/52
f 3797/7573/52 3712/7575/52 3702/7571/52
f 3801/7572/52 3704/7574/52 3705/7576/52
f 3711/7577/52 3712/7575/52 3797/7573/52
f 3793/7578/52 3801/7572/52 3705/7576/52
f 3797/7573/52 3795/7579/52 3711/7577/52
f 3705/7576/52 3706/7580/52 3793/7578/52
f 3795/7579/52 3710/7581/52 3711/7577/52
f 3793/7578/52 3706/7580/52 3707/7582/52
f 3709/7583/52 3710/7581/52 3795/7579/52
f 3794/7584/52 3793/7578/52 3707/7582/52
f 3795/7579/52 3794/7584/52 3709/7583/52
f 3707/7582/52 3708/7585/52 3794/7584/52
f 3794/7584/52 3708/7585/52 3709/7583/52
f 3040/7586/19 3043/7587/19 1562/2015/19
f 3051/7588/19 3040/7586/19 1562/2015/19
f 3043/7587/19 1561/2014/19 1562/2015/19
f 1562/2015/19 2253/7589/19 3051/7588/19
f 3043/7587/19 3045/7590/19 1561/2014/19
f 3049/7591/19 3051/7588/19 2253/7589/19
f 3045/7590/19 2257/7592/19 1561/2014/19
f 2253/7589/19 2255/7593/19 3049/7591/19
f 3045/7590/19 3047/7594/19 2257/7592/19
f 3047/7594/19 3049/7591/19 2255/7593/19
f 2255/7593/19 2257/7592/19 3047/7594/19
f 3048/7595/14 3046/7596/14 2262/7597/14
f 3046/7596/14 3044/7598/14 2262/7597/14
f 2262/7597/14 2260/7599/14 3048/7595/14
f 3044/7598/14 1566/2020/14 2262/7597/14
f 3050/7600/14 3048/7595/14 2260/7599/14
f 3044/7598/14 3042/7601/14 1566/2020/14
f 2260/7599/14 2258/7602/14 3050/7600/14
f 3042/7601/14 1564/2021/14 1566/2020/14
f 3041/7603/14 3050/7600/14 2258/7602/14
f 3042/7601/14 3041/7603/14 1564/2021/14
f 3041/7603/14 2258/7602/14 1564/2021/14
f 3523/7604/19 3524/7605/19 2259/3154/19
f 3524/7605/19 3520/7606/74 2259/3154/19
f 2259/3154/19 2261/3156/19 3523/7604/19
f 3520/7606/74 1565/2019/19 2259/3154/19
f 3522/7607/19 3523/7604/19 2261/3156/19
f 3520/7606/74 3519/7608/19 1565/2019/19
f 2261/3156/19 2263/3159/19 3522/7607/19
f 1565/2019/19 3519/7608/19 2266/3163/19
f 3521/7609/19 3522/7607/19 2263/3159/19
f 3519/7608/19 3521/7609/19 2266/3163/19
f 3521/7609/19 2263/3159/19 2266/3163/19
f 3189/4688/52 2332/7610/52 2342/7611/52
f 2332/7610/52 2335/3241/52 2342/7611/52
f 2342/7611/52 2340/7612/52 3189/4688/52
f 2344/7613/52 2342/7611/52 2335/3241/52
f 3187/4686/52 3189/4688/52 2340/7612/52
f 2335/3241/52 3672/5910/52 2344/7613/52
f 2340/7612/52 2337/7614/52 3187/4686/52
f 2346/7615/52 2344/7613/52 3672/5910/52
f 2329/4683/52 3187/4686/52 2337/7614/52
f 3672/5910/52 2330/3236/52 2346/7615/52
f 2337/7614/52 2336/7616/52 2329/4683/52
f 2336/7616/52 2346/7615/52 2330/3236/52
f 2330/3236/52 2329/4683/52 2336/7616/52
f 2334/3240/98 2333/7617/98 2341/7618/98
f 2333/7617/98 3188/7619/98 2341/7618/98
f 2341/7618/98 2343/7620/98 2334/3240/98
f 2338/7621/98 2341/7618/98 3188/7619/98
f 3671/5909/98 2334/3240/98 2343/7620/98
f 3188/7619/98 3186/7622/98 2338/7621/98
f 2343/7620/98 2345/7623/98 3671/5909/98
f 2339/7624/98 2338/7621/98 3186/7622/98
f 2331/3237/98 3671/5909/98 2345/7623/98
f 3186/7622/98 2328/7625/98 2339/7624/98
f 2345/7623/98 2347/7626/98 2331/3237/98
f 2347/7626/98 2339/7624/98 2328/7625/98
f 2328/7625/98 2331/3237/98 2347/7626/98
f 3745/7627/52 3747/7628/52 3758/7629/52
f 3749/7630/52 3758/7629/52 3747/7628/52
f 3758/7629/52 3756/7631/52 3745/7627/52
f 3760/7632/52 3758/7629/52 3749/7630/52
f 3745/7627/52 3756/7631/52 3743/7633/52
f 3749/7630/52 3751/7634/52 3760/7632/52
f 3741/7635/52 3743/7633/52 3756/7631/52
f 3722/7636/52 3760/7632/52 3751/7634/52
f 3756/7631/52 3755/7637/52 3741/7635/52
f 3762/7638/52 3760/7632/52 3722/7636/52
f 3741/7635/52 3755/7637/52 3739/7639/52
f 3722/7636/52 3721/7640/52 3762/7638/52
f 3737/7641/52 3739/7639/52 3755/7637/52
f 3725/7642/52 3762/7638/52 3721/7640/52
f 3755/7637/52 3768/7643/52 3737/7641/52
f 3764/7644/52 3762/7638/52 3725/7642/52
f 3737/7641/52 3768/7643/52 3735/7645/52
f 3725/7642/52 3727/7646/52 3764/7644/52
f 3733/7647/52 3735/7645/52 3768/7643/52
f 3729/7648/52 3764/7644/52 3727/7646/52
f 3768/7643/52 3766/7649/52 3733/7647/52
f 3766/7649/52 3764/7644/52 3729/7648/52
f 3733/7647/52 3766/7649/52 3731/7650/52
f 3729/7648/52 3731/7650/52 3766/7649/52
f 2608/7651/1464 4538/7652/52 4539/7653/52
f 4538/7652/52 2608/7651/1464 2610/7654/1466
f 4539/7653/52 2606/7655/1463 2608/7651/1464
f 2610/7654/1466 4540/7656/52 4538/7652/52
f 2606/7655/1463 4539/7653/52 4541/7657/52
f 4540/7656/52 2610/7654/1466 2612/7658/1468
f 4541/7657/52 2604/7659/1461 2606/7655/1463
f 2612/7658/1468 4542/7660/52 4540/7656/52
f 2604/7659/1461 4541/7657/52 4543/7661/52
f 4542/7660/52 2612/7658/1468 2614/7662/1470
f 4543/7661/52 2602/7663/1459 2604/7659/1461
f 2614/7662/1470 4544/7664/52 4542/7660/52
f 2602/7663/1459 4543/7661/52 4545/7665/52
f 4544/7664/52 2614/7662/1470 2616/7666/1472
f 4545/7665/52 2600/7667/1457 2602/7663/1459
f 2616/7666/1472 4546/7668/52 4544/7664/52
f 2600/7667/1457 4545/7665/52 4547/7669/52
f 4546/7668/52 2616/7666/1472 2618/7670/1473
f 4547/7669/52 2598/7671/1456 2600/7667/1457
f 2618/7670/1473 4548/7672/52 4546/7668/52
f 2598/7671/1456 4547/7669/52 4549/7673/52
f 4548/7672/52 2618/7670/1473 2579/7674/1439
f 4549/7673/52 2596/7675/1455 2598/7671/1456
f 2579/7674/1439 4550/7676/52 4548/7672/52
f 2596/7675/1455 4549/7673/52 4551/7677/52
f 4550/7676/52 2579/7674/1439 2582/7678/1442
f 4551/7677/52 2594/7679/1453 2596/7675/1455
f 2582/7678/1442 4552/7680/52 4550/7676/52
f 2594/7679/1453 4551/7677/52 4553/7681/52
f 4552/7680/52 2582/7678/1442 2584/7682/1444
f 4553/7681/52 2592/7683/1451 2594/7679/1453
f 2584/7682/1444 4554/7684/52 4552/7680/52
f 2592/7683/1451 4553/7681/52 4555/7685/52
f 4554/7684/52 2584/7682/1444 2586/7686/1446
f 4555/7685/52 2590/7687/1449 2592/7683/1451
f 2586/7686/1446 4556/7688/52 4554/7684/52
f 2590/7687/1449 4555/7685/52 4557/7689/52
f 4556/7688/52 2586/7686/1446 2588/7690/1447
f 4557/7689/52 2588/7690/1447 2590/7687/1449
f 2588/7690/1447 4557/7689/52 4556/7688/52
f 4538/7652/535 2625/3679/535 2623/3677/1445
f 2625/3679/535 4538/7652/535 4540/7656/1448
f 2623/3677/1445 4539/7653/1445 4538/7652/535
f 4540/7656/1448 2627/3681/1448 2625/3679/535
f 4539/7653/1445 2623/3677/1445 2621/3675/1443
f 2627/3681/1448 4540/7656/1448 4542/7660/3245
f 2621/3675/1443 4541/7657/3246 4539/7653/1445
f 4542/7660/3245 481/623/3245 2627/3681/1448
f 4541/7657/3246 2621/3675/1443 2619/3673/1441
f 481/623/3245 4542/7660/3245 4544/7664/1452
f 2619/3673/1441 4543/7661/2417 4541/7657/3246
f 4544/7664/1452 482/624/2013 481/623/3245
f 4543/7661/2417 2619/3673/1441 471/613/1440
f 482/624/2013 4544/7664/1452 4546/7668/1454
f 471/613/1440 4545/7665/1440 4543/7661/2417
f 4546/7668/1454 1717/2176/1454 482/624/2013
f 4545/7665/1440 471/613/1440 474/616/14
f 1717/2176/1454 4546/7668/1454 4548/7672/19
f 474/616/14 4547/7669/14 4545/7665/1440
f 4548/7672/19 1715/2174/19 1717/2176/1454
f 4547/7669/14 474/616/14 476/618/1471
f 1715/2174/19 4548/7672/19 4550/7676/1222
f 476/618/1471 4549/7673/1471 4547/7669/14
f 4550/7676/1222 1713/2172/1222 1715/2174/19
f 4549/7673/1471 476/618/1471 2018/2622/3247
f 1713/2172/1222 4550/7676/1222 4552/7680/3248
f 2018/2622/3247 4551/7677/1469 4549/7673/1471
f 4552/7680/3248 478/620/1458 1713/2172/1222
f 4551/7677/1469 2018/2622/3247 2020/2624/1467
f 478/620/1458 4552/7680/3248 4554/7684/1460
f 2020/2624/1467 4553/7681/1467 4551/7677/1469
f 4554/7684/1460 479/621/3249 478/620/1458
f 4553/7681/1467 2020/2624/1467 2022/2626/1465
f 479/621/3249 4554/7684/1460 4556/7688/1462
f 2022/2626/1465 4555/7685/1465 4553/7681/1467
f 4556/7688/1462 2026/2630/1462 479/621/3249
f 4555/7685/1465 2022/2626/1465 2024/2628/104
f 2026/2630/1462 4556/7688/1462 4557/7689/104
f 2024/2628/104 4557/7689/104 4555/7685/1465
f 4557/7689/104 2024/2628/104 2026/2630/1462
f 2672/7691/1524 4558/7692/52 4559/7693/52
f 4558/7692/52 2672/7691/1524 2674/7694/1526
f 4559/7693/52 2670/7695/1523 2672/7691/1524
f 2674/7694/1526 4560/7696/52 4558/7692/52
f 2670/7695/1523 4559/7693/52 4561/7697/52
f 4560/7696/52 2674/7694/1526 2676/7698/1528
f 4561/7697/52 2668/7699/1521 2670/7695/1523
f 2676/7698/1528 4562/7700/52 4560/7696/52
f 2668/7699/1521 4561/7697/52 4563/7701/52
f 4562/7700/52 2676/7698/1528 2678/7702/1530
f 4563/7701/52 2666/7703/1519 2668/7699/1521
f 2678/7702/1530 4564/7704/52 4562/7700/52
f 2666/7703/1519 4563/7701/52 4565/7705/52
f 4564/7704/52 2678/7702/1530 2680/7706/1532
f 4565/7705/52 2664/7707/1517 2666/7703/1519
f 2680/7706/1532 4566/7708/52 4564/7704/52
f 2664/7707/1517 4565/7705/52 4567/7709/52
f 4566/7708/52 2680/7706/1532 2682/7710/1534
f 4567/7709/52 2662/7711/1515 2664/7707/1517
f 2682/7710/1534 4568/7712/52 4566/7708/52
f 2662/7711/1515 4567/7709/52 4569/7713/52
f 4568/7712/52 2682/7710/1534 2684/7714/1535
f 4569/7713/52 2660/7715/1513 2662/7711/1515
f 2684/7714/1535 4570/7716/52 4568/7712/52
f 2660/7715/1513 4569/7713/52 4571/7717/52
f 4570/7716/52 2684/7714/1535 2686/7718/1537
f 4571/7717/52 2658/7719/1512 2660/7715/1513
f 2686/7718/1537 4572/7720/52 4570/7716/52
f 2658/7719/1512 4571/7717/52 4573/7721/52
f 4572/7720/52 2686/7718/1537 2688/7722/1539
f 4573/7721/52 2656/7723/1510 2658/7719/1512
f 2688/7722/1539 4574/7724/52 4572/7720/52
f 2656/7723/1510 4573/7721/52 4575/7725/52
f 4574/7724/52 2688/7722/1539 2690/7726/1540
f 4575/7725/52 2654/7727/1509 2656/7723/1510
f 2690/7726/1540 4576/7728/52 4574/7724/52
f 2654/7727/1509 4575/7725/52 4577/7729/52
f 4576/7728/52 2690/7726/1540 2692/7730/1542
f 4577/7729/52 2652/7731/1507 2654/7727/1509
f 2692/7730/1542 4578/7732/52 4576/7728/52
f 2652/7731/1507 4577/7729/52 4579/7733/52
f 4578/7732/52 2692/7730/1542 2694/7734/1544
f 4579/7733/52 2649/7735/1504 2652/7731/1507
f 2694/7734/1544 4580/7736/52 4578/7732/52
f 2649/7735/1504 4579/7733/52 4581/7737/52
f 4580/7736/52 2694/7734/1544 2696/7738/1545
f 4581/7737/52 2696/7738/1545 2649/7735/1504
f 2696/7738/1545 4581/7737/52 4580/7736/52
f 4558/7692/535 3276/4899/535 3275/4898/3250
f 3276/4899/535 4558/7692/535 4560/7696/2055
f 3275/4898/3250 4559/7693/1543 4558/7692/535
f 4560/7696/2055 3279/4902/1505 3276/4899/535
f 4559/7693/1543 3275/4898/3250 3273/4896/1541
f 3279/4902/1505 4560/7696/2055 4562/7700/1070
f 3273/4896/1541 4561/7697/1541 4559/7693/1543
f 4562/7700/1070 3281/4904/1070 3279/4902/1505
f 4561/7697/1541 3273/4896/1541 3271/4894/1120
f 3281/4904/1070 4562/7700/1070 4564/7704/1508
f 3271/4894/1120 4563/7701/1120 4561/7697/1541
f 4564/7704/1508 3283/4906/1508 3281/4904/1070
f 4563/7701/1120 3271/4894/1120 3270/4893/1538
f 3283/4906/1508 4564/7704/1508 4566/7708/2059
f 3270/4893/1538 4565/7705/1538 4563/7701/1120
f 4566/7708/2059 3285/4908/2059 3283/4906/1508
f 4565/7705/1538 3270/4893/1538 3269/4892/1536
f 3285/4908/2059 4566/7708/2059 4568/7712/1511
f 3269/4892/1536 4567/7709/1536 4565/7705/1538
f 4568/7712/1511 3287/4910/3251 3285/4908/2059
f 4567/7709/1536 3269/4892/1536 3268/4891/14
f 3287/4910/3251 4568/7712/1511 4570/7716/19
f 3268/4891/14 4569/7713/14 4567/7709/1536
f 4570/7716/19 3289/4912/19 3287/4910/3251
f 4569/7713/14 3268/4891/14 3272/4895/1533
f 3289/4912/19 4570/7716/19 4572/7720/1514
f 3272/4895/1533 4571/7717/1533 4569/7713/14
f 4572/7720/1514 3291/4914/1514 3289/4912/19
f 4571/7717/1533 3272/4895/1533 3274/4897/1531
f 3291/4914/1514 4572/7720/1514 4574/7724/1516
f 3274/4897/1531 4573/7721/3252 4571/7717/1533
f 4574/7724/1516 3290/4913/1516 3291/4914/1514
f 4573/7721/3252 3274/4897/1531 3277/4900/1529
f 3290/4913/1516 4574/7724/1516 4576/7728/1518
f 3277/4900/1529 4575/7725/1529 4573/7721/3252
f 4576/7728/1518 3288/4911/1518 3290/4913/1516
f 4575/7725/1529 3277/4900/1529 3278/4901/1527
f 3288/4911/1518 4576/7728/1518 4578/7732/1520
f 3278/4901/1527 4577/7729/1527 4575/7725/1529
f 4578/7732/1520 3286/4909/1520 3288/4911/1518
f 4577/7729/1527 3278/4901/1527 3280/4903/1525
f 3286/4909/1520 4578/7732/1520 4580/7736/1522
f 3280/4903/1525 4579/7733/1525 4577/7729/1527
f 4580/7736/1522 3284/4907/1522 3286/4909/1520
f 4579/7733/1525 3280/4903/1525 3282/4905/104
f 3284/4907/1522 4580/7736/1522 4581/7737/104
f 3282/4905/104 4581/7737/104 4579/7733/1525
f 4581/7737/104 3282/4905/104 3284/4907/1522
f 3312/7739/19 3311/7740/19 3309/7741/19
f 3309/7741/19 3308/7742/19 3312/7739/19
f 3310/7743/19 3309/7741/19 3311/7740/19
f 3321/7744/19 3312/7739/19 3308/7742/19
f 3311/7740/19 3315/7745/19 3310/7743/19
f 3308/7742/19 3307/7746/19 3321/7744/19
f 3305/7747/19 3310/7743/19 3315/7745/19
f 3319/7748/19 3321/7744/19 3307/7746/19
f 3315/7745/19 3317/7749/19 3305/7747/19
f 3307/7746/19 3306/7750/19 3319/7748/19
f 3306/7750/19 3305/7747/19 3317/7749/19
f 3317/7749/19 3319/7748/19 3306/7750/19
f 3332/5062/19 3331/5061/19 3327/7751/19
f 3327/7751/19 3326/7752/19 3332/5062/19
f 3328/7753/19 3327/7751/19 3331/5061/19
f 3334/7754/19 3332/5062/19 3326/7752/19
f 3331/5061/19 3340/7755/19 3328/7753/19
f 3326/7752/19 3325/7756/19 3334/7754/19
f 3323/7757/19 3328/7753/19 3340/7755/19
f 3336/7758/19 3334/7754/19 3325/7756/19
f 3340/7755/19 3338/7759/19 3323/7757/19
f 3325/7756/19 3324/7760/19 3336/7758/19
f 3324/7760/19 3323/7757/19 3338/7759/19
f 3338/7759/19 3336/7758/19 3324/7760/19
f 4250/7761/52 3858/7762/52 3857/7763/52
f 3858/7762/52 4250/7761/52 4249/7764/52
f 3857/7763/52 4251/7765/52 4250/7761/52
f 4249/7764/52 3850/7766/52 3858/7762/52
f 4251/7765/52 3857/7763/52 3848/7767/52
f 3850/7766/52 4249/7764/52 4252/7768/52
f 3848/7767/52 4252/7768/52 4251/7765/52
f 4252/7768/52 3848/7767/52 3850/7766/52
f 4582/7769/19 3420/7770/1988 3419/7771/1987
f 3420/7770/1988 4582/7769/19 4583/7772/19
f 3419/7771/1987 4584/7773/878 4582/7769/19
f 4583/7772/19 3421/7774/1990 3420/7770/1988
f 4584/7773/878 3419/7771/1987 3422/7775/1992
f 3421/7774/1990 4583/7772/19 4585/7776/19
f 3422/7775/1992 4585/7776/19 4584/7773/878
f 4585/7776/19 3422/7775/1992 3421/7774/1990
f 4168/7777/252 2845/7778/1664 3423/7779/1994
f 2845/7778/1664 4168/7777/252 4169/7780/3253
f 3423/7779/1994 4170/7781/3254 4168/7777/252
f 4169/7780/3253 2844/7782/1663 2845/7778/1664
f 4170/7781/3254 3423/7779/1994 2841/7783/1660
f 2844/7782/1663 4169/7780/3253 4172/7784/3255
f 2841/7783/1660 4172/7784/3255 4170/7781/3254
f 4172/7784/3255 2841/7783/1660 2844/7782/1663
f 1348/7785/104 1423/7786/104 1376/7787/104
f 1423/7786/104 1348/7785/104 1347/7788/104
f 1376/7787/104 1352/7789/104 1348/7785/104
f 1347/7788/104 1421/7790/104 1423/7786/104
f 1352/7789/104 1376/7787/104 1425/7791/104
f 1421/7790/104 1347/7788/104 1353/7792/104
f 1425/7791/104 1353/7792/104 1352/7789/104
f 1353/7792/104 1425/7791/104 1421/7790/104
f 3438/7793/2022 3437/7794/2021 4586/7795/285
f 4586/7795/285 4587/7796/285 3438/7793/2022
f 4588/7797/285 4586/7795/285 3437/7794/2021
f 3439/7798/2023 3438/7793/2022 4587/7796/285
f 3437/7794/2021 3436/7799/2020 4588/7797/285
f 4587/7796/285 4589/7800/285 3439/7798/2023
f 4590/7801/38 4588/7797/285 3436/7799/2020
f 3440/7802/2025 3439/7798/2023 4589/7800/285
f 3436/7799/2020 3435/7803/2018 4590/7801/38
f 4589/7800/285 4591/7804/285 3440/7802/2025
f 4592/7805/38 4590/7801/38 3435/7803/2018
f 3441/7806/2027 3440/7802/2025 4591/7804/285
f 3435/7803/2018 3434/7807/2017 4592/7805/38
f 4591/7804/285 4593/7808/240 3441/7806/2027
f 4594/7809/38 4592/7805/38 3434/7807/2017
f 3442/7810/2028 3441/7806/2027 4593/7808/240
f 3434/7807/2017 3433/7811/2016 4594/7809/38
f 4593/7808/240 4595/7812/240 3442/7810/2028
f 4596/7813/38 4594/7809/38 3433/7811/2016
f 3443/7814/2029 3442/7810/2028 4595/7812/240
f 3433/7811/2016 3432/7815/2015 4596/7813/38
f 4595/7812/240 4597/7816/240 3443/7814/2029
f 4598/7817/38 4596/7813/38 3432/7815/2015
f 3424/7818/2005 3443/7814/2029 4597/7816/240
f 3432/7815/2015 3431/7819/2014 4598/7817/38
f 4597/7816/240 4599/7820/240 3424/7818/2005
f 4600/7821/225 4598/7817/38 3431/7819/2014
f 3425/7822/2006 3424/7818/2005 4599/7820/240
f 3431/7819/2014 3430/7823/2012 4600/7821/225
f 4599/7820/240 4601/7824/240 3425/7822/2006
f 4602/7825/225 4600/7821/225 3430/7823/2012
f 3426/7826/2007 3425/7822/2006 4601/7824/240
f 3430/7823/2012 3429/7827/2010 4602/7825/225
f 4601/7824/240 4603/7828/225 3426/7826/2007
f 4604/7829/225 4602/7825/225 3429/7827/2010
f 3427/7830/2008 3426/7826/2007 4603/7828/225
f 3429/7827/2010 3428/7831/2009 4604/7829/225
f 4603/7828/225 4605/7832/225 3427/7830/2008
f 4605/7832/225 4604/7829/225 3428/7831/2009
f 3428/7831/2009 3427/7830/2008 4605/7832/225
f 4587/7796/535 4586/7795/1445 1469/1920/1445
f 1469/1920/1445 1468/1919/535 4587/7796/535
f 1472/1923/3256 1469/1920/1445 4586/7795/1445
f 4589/7800/1448 4587/7796/535 1468/1919/535
f 4586/7795/1445 4588/7797/1443 1472/1923/3256
f 1468/1919/535 1506/1957/1448 4589/7800/1448
f 1474/1925/3257 1472/1923/3256 4588/7797/1443
f 4591/7804/2011 4589/7800/1448 1506/1957/1448
f 4588/7797/1443 4590/7801/1441 1474/1925/3257
f 1506/1957/1448 1504/1955/3245 4591/7804/2011
f 1476/1927/1440 1474/1925/3257 4590/7801/1441
f 4593/7808/2084 4591/7804/2011 1504/1955/3245
f 4590/7801/1441 4592/7805/1440 1476/1927/1440
f 1504/1955/3245 1502/1953/2084 4593/7808/2084
f 1478/1929/14 1476/1927/1440 4592/7805/1440
f 4595/7812/1454 4593/7808/2084 1502/1953/2084
f 4592/7805/1440 4594/7809/14 1478/1929/14
f 1502/1953/2084 1500/1951/1454 4595/7812/1454
f 1480/1931/1471 1478/1929/14 4594/7809/14
f 4597/7816/19 4595/7812/1454 1500/1951/1454
f 4594/7809/14 4596/7813/1471 1480/1931/1471
f 1500/1951/1454 1498/1949/19 4597/7816/19
f 1482/1933/1469 1480/1931/1471 4596/7813/1471
f 4599/7820/1222 4597/7816/19 1498/1949/19
f 4596/7813/1471 4598/7817/1469 1482/1933/1469
f 1498/1949/19 1496/1947/1222 4599/7820/1222
f 1484/1935/1467 1482/1933/1469 4598/7817/1469
f 4601/7824/1458 4599/7820/1222 1496/1947/1222
f 4598/7817/1469 4600/7821/3258 1484/1935/1467
f 1496/1947/1222 1494/1945/3259 4601/7824/1458
f 1486/1937/1465 1484/1935/1467 4600/7821/3258
f 4603/7828/3249 4601/7824/1458 1494/1945/3259
f 4600/7821/3258 4602/7825/1465 1486/1937/1465
f 1494/1945/3259 1492/1943/3249 4603/7828/3249
f 1488/1939/104 1486/1937/1465 4602/7825/1465
f 4605/7832/1462 4603/7828/3249 1492/1943/3249
f 4602/7825/1465 4604/7829/104 1488/1939/104
f 1492/1943/3249 1490/1941/1462 4605/7832/1462
f 1490/1941/1462 1488/1939/104 4604/7829/104
f 4604/7829/104 4605/7832/1462 1490/1941/1462
f 3455/7833/2069 3454/7834/2068 4606/7835/98
f 4606/7835/98 4607/7836/98 3455/7833/2069
f 4608/7837/98 4606/7835/98 3454/7834/2068
f 3456/7838/2070 3455/7833/2069 4607/7836/98
f 3454/7834/2068 3453/7839/2067 4608/7837/98
f 4607/7836/98 4609/7840/98 3456/7838/2070
f 4610/7841/98 4608/7837/98 3453/7839/2067
f 3457/7842/2071 3456/7838/2070 4609/7840/98
f 3453/7839/2067 3452/7843/2065 4610/7841/98
f 4609/7840/98 4611/7844/98 3457/7842/2071
f 4612/7845/98 4610/7841/98 3452/7843/2065
f 3458/7846/2072 3457/7842/2071 4611/7844/98
f 3452/7843/2065 3451/7847/2064 4612/7845/98
f 4611/7844/98 4613/7848/98 3458/7846/2072
f 4614/7849/98 4612/7845/98 3451/7847/2064
f 3459/7850/2073 3458/7846/2072 4613/7848/98
f 3451/7847/2064 3450/7851/2063 4614/7849/98
f 4613/7848/98 4615/7852/98 3459/7850/2073
f 4616/7853/98 4614/7849/98 3450/7851/2063
f 3460/7854/2074 3459/7850/2073 4615/7852/98
f 3450/7851/2063 3449/7855/2062 4616/7853/98
f 4615/7852/98 4617/7856/98 3460/7854/2074
f 4618/7857/98 4616/7853/98 3449/7855/2062
f 3461/7858/2075 3460/7854/2074 4617/7856/98
f 3449/7855/2062 3448/7859/2061 4618/7857/98
f 4617/7856/98 4619/7860/98 3461/7858/2075
f 4620/7861/98 4618/7857/98 3448/7859/2061
f 3462/7862/2076 3461/7858/2075 4619/7860/98
f 3448/7859/2061 3447/7863/2060 4620/7861/98
f 4619/7860/98 4621/7864/98 3462/7862/2076
f 4622/7865/98 4620/7861/98 3447/7863/2060
f 3463/7866/2077 3462/7862/2076 4621/7864/98
f 3447/7863/2060 3446/7867/2058 4622/7865/98
f 4621/7864/98 4623/7868/98 3463/7866/2077
f 4624/7869/98 4622/7865/98 3446/7867/2058
f 3464/7870/2078 3463/7866/2077 4623/7868/98
f 3446/7867/2058 3445/7871/2057 4624/7869/98
f 4623/7868/98 4625/7872/98 3464/7870/2078
f 4626/7873/98 4624/7869/98 3445/7871/2057
f 3465/7874/2079 3464/7870/2078 4625/7872/98
f 3445/7871/2057 3444/7875/2056 4626/7873/98
f 4625/7872/98 4627/7876/98 3465/7874/2079
f 4628/7877/98 4626/7873/98 3444/7875/2056
f 3466/7878/2080 3465/7874/2079 4627/7876/98
f 3444/7875/2056 3467/7879/2081 4628/7877/98
f 4627/7876/98 4629/7880/98 3466/7878/2080
f 4629/7880/98 4628/7877/98 3467/7879/2081
f 3467/7879/2081 3466/7878/2080 4629/7880/98
f 4607/7836/535 4606/7835/1543 2875/4300/1543
f 2875/4300/1543 2876/4301/535 4607/7836/535
f 2873/4298/1541 2875/4300/1543 4606/7835/1543
f 4609/7840/2055 4607/7836/535 2876/4301/535
f 4606/7835/1543 4608/7837/3260 2873/4298/1541
f 2876/4301/535 2879/4304/1505 4609/7840/2055
f 2871/4296/1120 2873/4298/1541 4608/7837/3260
f 4611/7844/1070 4609/7840/2055 2879/4304/1505
f 4608/7837/3260 4610/7841/1120 2871/4296/1120
f 2879/4304/1505 2881/4306/1071 4611/7844/1070
f 2868/4293/1538 2871/4296/1120 4610/7841/1120
f 4613/7848/1508 4611/7844/1070 2881/4306/1071
f 4610/7841/1120 4612/7845/1538 2868/4293/1538
f 2881/4306/1071 2883/4308/1508 4613/7848/1508
f 2869/4294/3261 2868/4293/1538 4612/7845/1538
f 4615/7852/2059 4613/7848/1508 2883/4308/1508
f 4612/7845/1538 4614/7849/1536 2869/4294/3261
f 2883/4308/1508 2885/4310/2059 4615/7852/2059
f 2870/4295/14 2869/4294/3261 4614/7849/1536
f 4617/7856/1511 4615/7852/2059 2885/4310/2059
f 4614/7849/1536 4616/7853/14 2870/4295/14
f 2885/4310/2059 2887/4312/3251 4617/7856/1511
f 2872/4297/1533 2870/4295/14 4616/7853/14
f 4619/7860/19 4617/7856/1511 2887/4312/3251
f 4616/7853/14 4618/7857/1533 2872/4297/1533
f 2887/4312/3251 2889/4314/19 4619/7860/19
f 2874/4299/1531 2872/4297/1533 4618/7857/1533
f 4621/7864/1514 4619/7860/19 2889/4314/19
f 4618/7857/1533 4620/7861/3252 2874/4299/1531
f 2889/4314/19 2891/4316/3262 4621/7864/1514
f 2877/4302/1529 2874/4299/1531 4620/7861/3252
f 4623/7868/1763 4621/7864/1514 2891/4316/3262
f 4620/7861/3252 4622/7865/1529 2877/4302/1529
f 2891/4316/3262 2890/4315/1516 4623/7868/1763
f 2878/4303/1527 2877/4302/1529 4622/7865/1529
f 4625/7872/1518 4623/7868/1763 2890/4315/1516
f 4622/7865/1529 4624/7869/1527 2878/4303/1527
f 2890/4315/1516 2888/4313/1518 4625/7872/1518
f 2880/4305/1525 2878/4303/1527 4624/7869/1527
f 4627/7876/1520 4625/7872/1518 2888/4313/1518
f 4624/7869/1527 4626/7873/1525 2880/4305/1525
f 2888/4313/1518 2886/4311/3263 4627/7876/1520
f 2882/4307/104 2880/4305/1525 4626/7873/1525
f 4629/7880/1522 4627/7876/1520 2886/4311/3263
f 4626/7873/1525 4628/7877/104 2882/4307/104
f 2886/4311/3263 2884/4309/1522 4629/7880/1522
f 2884/4309/1522 2882/4307/104 4628/7877/104
f 4628/7877/104 4629/7880/1522 2884/4309/1522
f 3512/7881/3264 3510/7882/3265 2241/7883/3265
f 2241/7883/3265 2240/7884/3264 3512/7881/3264
f 2244/7885/3266 2241/7883/3265 3510/7882/3265
f 3513/7886/3267 3512/7881/3264 2240/7884/3264
f 3510/7882/3265 3509/7887/3268 2244/7885/3266
f 2240/7884/3264 2250/7888/3267 3513/7886/3267
f 2246/7889/3269 2244/7885/3266 3509/7887/3268
f 3514/7890/3270 3513/7886/3267 2250/7888/3267
f 3509/7887/3268 3515/7891/3269 2246/7889/3269
f 2250/7888/3267 2248/7892/3270 3514/7890/3270
f 2248/7892/3270 2246/7889/3269 3515/7891/3269
f 3515/7891/3269 3514/7890/3270 2248/7892/3270
f 3030/7893/14 3029/7894/14 3061/7895/14
f 3061/7895/14 3063/7896/14 3030/7893/14
f 3059/4503/14 3061/7895/14 3029/7894/14
f 3032/7897/14 3030/7893/14 3063/7896/14
f 3029/7894/14 3038/7898/14 3059/4503/14
f 3063/7896/14 3052/7899/14 3032/7897/14
f 3057/4501/14 3059/4503/14 3038/7898/14
f 3034/7900/14 3032/7897/14 3052/7899/14
f 3038/7898/14 3036/7901/14 3057/4501/14
f 3052/7899/14 3055/7902/14 3034/7900/14
f 3055/7902/14 3057/4501/14 3036/7901/14
f 3036/7901/14 3034/7900/14 3055/7902/14
f 3526/7903/19 3525/7904/19 3062/7905/19
f 3062/7905/19 3060/7906/19 3526/7903/19
f 3053/4497/19 3062/7905/19 3525/7904/19
f 3535/7907/19 3526/7903/19 3060/7906/19
f 3525/7904/19 3529/7908/19 3053/4497/19
f 3060/7906/19 3058/7909/19 3535/7907/19
f 3054/4498/19 3053/4497/19 3529/7908/19
f 3533/7910/19 3535/7907/19 3058/7909/19
f 3529/7908/19 3531/7911/19 3054/4498/19
f 3058/7909/19 3056/7912/19 3533/7910/19
f 3056/7912/19 3054/4498/19 3531/7911/19
f 3531/7911/19 3533/7910/19 3056/7912/19
f 3128/7913/3271 2276/7914/3271 2279/7915/3272
f 2276/7914/3271 3128/7913/3271 3137/7916/3273
f 2279/7915/3272 3129/7917/3272 3128/7913/3271
f 3137/7916/3273 2287/7918/3274 2276/7914/3271
f 3129/7917/3272 2279/7915/3272 2281/7919/3275
f 2287/7918/3274 3137/7916/3273 3135/7920/3276
f 2281/7919/3275 3131/7921/3275 3129/7917/3272
f 3135/7920/3276 2285/7922/3277 2287/7918/3274
f 3131/7921/3275 2281/7919/3275 2283/7923/3278
f 2285/7922/3277 3135/7920/3276 3133/7924/3279
f 2283/7923/3278 3133/7924/3279 3131/7921/3275
f 3133/7924/3279 2283/7923/3278 2285/7922/3277
f 4630/7925/3280 4631/7926/3281 4632/7927/3282
f 4632/7927/3282 4633/7928/3280 4630/7925/3280
f 4634/7929/3283 4632/7927/3282 4631/7926/3281
f 4635/7930/3284 4630/7925/3280 4633/7928/3280
f 4631/7926/3281 4636/7931/3283 4634/7929/3283
f 4633/7928/3280 4637/7932/3284 4635/7930/3284
f 4638/7933/3285 4634/7929/3283 4636/7931/3283
f 4639/7934/3286 4635/7930/3284 4637/7932/3284
f 4636/7931/3283 4640/7935/3285 4638/7933/3285
f 4637/7932/3284 4641/7936/3286 4639/7934/3286
f 4642/7937/3287 4638/7933/3285 4640/7935/3285
f 4643/7938/3288 4639/7934/3286 4641/7936/3286
f 4640/7935/3285 4644/7939/3287 4642/7937/3287
f 4641/7936/3286 4645/7940/3289 4643/7938/3288
f 4645/7940/3289 4642/7937/3287 4644/7939/3287
f 4644/7939/3287 4643/7938/3288 4645/7940/3289
f 4633/7928/98 4632/7927/98 3753/7941/98
f 3753/7941/98 3757/7942/98 4633/7928/98
f 3754/7943/98 3753/7941/98 4632/7927/98
f 4637/7932/98 4633/7928/98 3757/7942/98
f 4632/7927/98 4634/7929/98 3754/7943/98
f 3757/7942/98 3759/7944/98 4637/7932/98
f 3767/7945/98 3754/7943/98 4634/7929/98
f 4641/7936/98 4637/7932/98 3759/7944/98
f 4634/7929/98 4638/7933/98 3767/7945/98
f 3759/7944/98 3761/7946/98 4641/7936/98
f 3765/7947/98 3767/7945/98 4638/7933/98
f 4645/7940/98 4641/7936/98 3761/7946/98
f 4638/7933/98 4642/7937/98 3765/7947/98
f 3761/7946/98 3763/7948/98 4645/7940/98
f 3763/7948/98 3765/7947/98 4642/7937/98
f 4642/7937/98 4645/7940/98 3763/7948/98
f 3748/7949/3290 3746/7950/3291 4646/7951/98
f 3750/7952/3292 3748/7949/3290 4646/7951/98
f 3746/7950/3291 3744/7953/3293 4646/7951/98
f 3752/7954/3294 3750/7952/3292 4646/7951/98
f 3744/7953/3293 3742/7955/3295 4646/7951/98
f 3723/7956/3296 3752/7954/3294 4646/7951/98
f 3742/7955/3295 3740/7957/3297 4646/7951/98
f 3724/7958/3298 3723/7956/3296 4646/7951/98
f 3740/7957/3297 3738/7959/3299 4646/7951/98
f 3726/7960/3300 3724/7958/3298 4646/7951/98
f 3738/7959/3299 3736/7961/3301 4646/7951/98
f 3728/7962/3302 3726/7960/3300 4646/7951/98
f 3736/7961/3301 3734/7963/3303 4646/7951/98
f 3730/7964/3304 3728/7962/3302 4646/7951/98
f 3734/7963/3303 3732/7965/3305 4646/7951/98
f 3732/7965/3305 3730/7964/3304 4646/7951/98
f 4434/7966/3045 4431/7967/1011 4647/7968/3306
f 4647/7968/3306 4648/7969/3307 4434/7966/3045
f 4437/7970/3049 4434/7966/3045 4648/7969/3307
f 4649/7971/3308 4647/7968/3306 4431/7967/1011
f 4431/7967/1011 4428/7972/3038 4649/7971/3308
f 4648/7969/3307 4650/7973/3309 4437/7970/3049
f 4440/7974/3053 4437/7970/3049 4650/7973/3309
f 4648/7969/3307 4647/7968/3306 4651/7975/3310
f 4650/7973/3309 4652/7976/3311 4440/7974/3053
f 4443/7977/3057 4440/7974/3053 4652/7976/3311
f 4650/7973/3309 4648/7969/3307 4653/7978/3312
f 4651/7975/3310 4653/7978/3312 4648/7969/3307
f 4654/7979/3313 4651/7975/3310 4647/7968/3306
f 4651/7975/3310 4654/7979/3313 4653/7978/3312
f 4647/7968/3306 4649/7971/3308 4654/7979/3313
f 4653/7978/3312 4655/7980/3314 4650/7973/3309
f 4652/7976/3311 4650/7973/3309 4655/7980/3314
f 4653/7978/3312 4654/7979/3313 4656/7981/3315
f 4656/7981/3315 4654/7979/3313 4649/7971/3308
f 4656/7981/3315 4655/7980/3314 4653/7978/3312
f 4649/7971/3308 4657/7982/3316 4656/7981/3315
f 4657/7982/3316 4649/7971/3308 4428/7972/3038
f 4428/7972/3038 4426/7983/3036 4657/7982/3316
f 4655/7980/3314 4656/7981/3315 4658/7984/3317
f 4658/7984/3317 4656/7981/3315 4657/7982/3316
f 4659/7985/3318 4657/7982/3316 4426/7983/3036
f 4657/7982/3316 4659/7985/3318 4658/7984/3317
f 4426/7983/3036 4425/7986/3035 4659/7985/3318
f 4658/7984/3317 4660/7987/3319 4655/7980/3314
f 4655/7980/3314 4660/7987/3319 4652/7976/3311
f 4661/7988/3320 4658/7984/3317 4659/7985/3318
f 4660/7987/3319 4658/7984/3317 4661/7988/3320
f 4662/7989/3321 4659/7985/3318 4425/7986/3035
f 4659/7985/3318 4662/7989/3321 4661/7988/3320
f 4425/7986/3035 4424/7990/3034 4662/7989/3321
f 4663/7991/3322 4652/7976/3311 4660/7987/3319
f 4652/7976/3311 4663/7991/3322 4443/7977/3057
f 4446/7992/3060 4443/7977/3057 4663/7991/3322
f 4660/7987/3319 4664/7993/3323 4663/7991/3322
f 4661/7988/3320 4664/7993/3323 4660/7987/3319
f 4663/7991/3322 4665/7994/3324 4446/7992/3060
f 4665/7994/3324 4663/7991/3322 4664/7993/3323
f 4449/7995/3064 4446/7992/3060 4665/7994/3324
f 4664/7993/3323 4661/7988/3320 4666/7996/3325
f 4666/7996/3325 4661/7988/3320 4662/7989/3321
f 4664/7993/3323 4667/7997/3326 4665/7994/3324
f 4666/7996/3325 4667/7997/3326 4664/7993/3323
f 4665/7994/3324 4668/7998/3327 4449/7995/3064
f 4668/7998/3327 4665/7994/3324 4667/7997/3326
f 4452/7999/3068 4449/7995/3064 4668/7998/3327
f 4662/7989/3321 4669/8000/3328 4666/7996/3325
f 4669/8000/3328 4662/7989/3321 4424/7990/3034
f 4424/7990/3034 4470/8001/3091 4669/8000/3328
f 4668/7998/3327 4670/8002/3329 4452/7999/3068
f 4455/8003/3072 4452/7999/3068 4670/8002/3329
f 4671/8004/3330 4669/8000/3328 4470/8001/3091
f 4470/8001/3091 4467/8005/3087 4671/8004/3330
f 4672/8006/3331 4666/7996/3325 4669/8000/3328
f 4669/8000/3328 4671/8004/3330 4672/8006/3331
f 4667/7997/3326 4666/7996/3325 4672/8006/3331
f 4673/8007/3332 4671/8004/3330 4467/8005/3087
f 4467/8005/3087 4464/8008/3083 4673/8007/3332
f 4674/8009/3333 4672/8006/3331 4671/8004/3330
f 4671/8004/3330 4673/8007/3332 4674/8009/3333
f 4672/8006/3331 4675/8010/3334 4667/7997/3326
f 4667/7997/3326 4675/8010/3334 4668/7998/3327
f 4675/8010/3334 4672/8006/3331 4674/8009/3333
f 4670/8002/3329 4668/7998/3327 4675/8010/3334
f 4674/8009/3333 4676/8011/3335 4675/8010/3334
f 4675/8010/3334 4676/8011/3335 4670/8002/3329
f 4677/8012/3336 4674/8009/3333 4673/8007/3332
f 4676/8011/3335 4674/8009/3333 4677/8012/3336
f 4678/8013/3337 4673/8007/3332 4464/8008/3083
f 4673/8007/3332 4678/8013/3337 4677/8012/3336
f 4464/8008/3083 4461/8014/3079 4678/8013/3337
f 4677/8012/3336 4679/8015/3338 4676/8011/3335
f 4680/8016/3339 4678/8013/3337 4461/8014/3079
f 4681/8017/3340 4677/8012/3336 4678/8013/3337
f 4677/8012/3336 4681/8017/3340 4679/8015/3338
f 4678/8013/3337 4680/8016/3339 4681/8017/3340
f 4679/8015/3338 4681/8017/3340 4680/8016/3339
f 4461/8014/3079 4458/8018/2102 4680/8016/3339
f 4676/8011/3335 4679/8015/3338 4682/8019/3341
f 4680/8016/3339 4682/8019/3341 4679/8015/3338
f 4682/8019/3341 4680/8016/3339 4458/8018/2102
f 4682/8019/3341 4670/8002/3329 4676/8011/3335
f 4458/8018/2102 4455/8003/3072 4682/8019/3341
f 4670/8002/3329 4682/8019/3341 4455/8003/3072
